Alignment ID,Ontology,metric,value,se,sample_id,genotype
25-hydroxycholecalciferol(M+H)_24.36,Vitamin_D,BA_Asyn,0.3436908100495355,0.52488029471073,A2,APOE2
AHexCer 46:1;O3|AHexCer (O-15:0)31:1;O3(M+H-[H2O])_39.35,AHexCer,BA_Asyn,0.2920351618662787,0.060651498030188,A2,APOE2
AHexCer 55:6;O3|AHexCer (O-18:1)37:5;O3(M+H-[H2O])_39.74,AHexCer,BA_Asyn,0.6856878813876462,0.0974406178282923,A2,APOE2
AHexCer 56:1;O3|AHexCer (O-16:0)40:1;O3(M+H-[H2O])_39.48,AHexCer,BA_Asyn,0.2752830888963787,0.0588190961862102,A2,APOE2
AHexCer 57:1;O3|AHexCer (O-16:0)18:1;O2/23:0;O(M+H)_39.64,AHexCer,BA_Asyn,0.0696644639763187,0.0087145742791069,A2,APOE2
AHexCer 58:1;O3|AHexCer (O-16:0)42:1;O3(M+H)_39.86,AHexCer,BA_Asyn,0.0831901234305746,0.014897297942818,A2,APOE2
AHexCer 58:1;O3|AHexCer (O-17:0)41:1;O3(M+H-[H2O])_39.62,AHexCer,BA_Asyn,0.9928981079405652,1.7257715615108942,A2,APOE2
AHexCer 58:2;O3|AHexCer (O-18:1)40:1;O3(M+H)_39.48,AHexCer,BA_Asyn,0.357054979609505,0.4235430407059816,A2,APOE2
AHexCer 59:1;O3|AHexCer (O-18:0)41:1;O3(M+H)_39.99,AHexCer,BA_Asyn,0.0680463986257543,0.012392448631119,A2,APOE2
AHexCer 59:8;O2|AHexCer (O-15:0)44:8;O2(M+H-[H2O])_39.23,AHexCer,BA_Asyn,0.5404696046399876,0.1214801690000422,A2,APOE2
AHexCer 60:1;O3|AHexCer (O-18:0)42:1;O3(M+H)_40.12,AHexCer,BA_Asyn,0.0671233950152669,0.0114243939063034,A2,APOE2
AHexCer 60:2;O3|AHexCer (O-18:1)18:1;O2/24:0;O(M+H)_39.86,AHexCer,BA_Asyn,0.0931849929708524,0.0172196752102311,A2,APOE2
C18-Sphingosine(M+H)_18,C18-Sphingosine(M+H)_18,BA_Asyn,0.3348133509439642,0.0426005992792456,A2,APOE2
CAR 16:0(M+H)_16.86,CAR,BA_Asyn,0.8910023968467957,0.0642802430913753,A2,APOE2
CAR 18:0(M+H)_19.78,CAR,BA_Asyn,0.6741852330457893,0.0729012386373269,A2,APOE2
CE 18:1(d7)(M+NH4)_41.64,CE,BA_Asyn,0.3782295189569908,254.98887837963264,A2,APOE2
CE 18:2(M+NH4)_41,CE,BA_Asyn,0.7014758405877403,0.0291642394356269,A2,APOE2
CE 18:3(M+NH4)_40.5,CE,BA_Asyn,0.6653264915778694,0.0505780054341184,A2,APOE2
CE 20:4(M+NH4)_40.75,CE,BA_Asyn,0.7404640803417027,0.0321551154919312,A2,APOE2
CE 22:6(M+NH4)_40.4,CE,BA_Asyn,0.3533820523637201,0.0930066715951963,A2,APOE2
CL 70:4|CL 34:2_36:2(M+NH4)_39.1,CL,BA_Asyn,0.4803252644350384,0.0398121073521749,A2,APOE2
CL 72:5|CL 36:2_36:3(M+NH4)_39.22,CL,BA_Asyn,0.336291453454953,0.0337670325895002,A2,APOE2
CL 74:7|CL 36:2_38:5(M+NH4)_39.1,CL,BA_Asyn,0.388915888478082,0.0924365931827116,A2,APOE2
CL 76:5|CL 39:1_37:4(M-H)_35.04,CL,BA_Asyn,0.8411033868643873,0.0383505044343401,A2,APOE2
CL 76:9|CL 36:2_40:7(M+NH4)_38.98,CL,BA_Asyn,0.9933824313797802,1.881169461689025,A2,APOE2
CL 78:7|CL 41:2_37:5(M-H)_35.04,CL,BA_Asyn,1.0,0.0344959485850189,A2,APOE2
CL 79:5(M+NH4)_34.52,CL,BA_Asyn,1.0,0.1817725722385965,A2,APOE2
CL 79:6|CL 36:1_43:5(M-H)_34.4,CL,BA_Asyn,0.917346229933685,0.0534125172077719,A2,APOE2
CL 79:9|CL 38:4_41:5(M-H)_32.37,CL,BA_Asyn,0.9917537737126036,0.0464250830091824,A2,APOE2
CL 80:6|CL 36:1_44:5(M-H)_34.4,CL,BA_Asyn,1.0,0.0570905811049637,A2,APOE2
CL 90:18|CL 46:6_44:12(M-H)_30.21,CL,BA_Asyn,0.0001635857710057,0.016470415803317,A2,APOE2
Cer 36:1;O2|Cer 18:1;O2/18:0(M+H-[H2O])_36.56,Cer_NS,BA_Asyn,1.0,0.202766631982668,A2,APOE2
Cer 36:1;O2|Cer 18:1;O2/18:0(M+H-[H2O])_38.34,Cer_NS,BA_Asyn,1.0,0.1123636983257921,A2,APOE2
Cer 36:1;O2|Cer 18:1;O2/18:0(M-H)_36.56,Cer_NS,BA_Asyn,0.9835585098147772,0.1325811595186794,A2,APOE2
Cer 36:2;O2|Cer 18:2;O2/18:0(M+H-[H2O])_34.9,Cer_NS,BA_Asyn,1.0,0.0730845630778223,A2,APOE2
Cer 37:1;O4|Cer 18:0;O3/19:1(2OH)(M-H)_36.56,Cer_AP,BA_Asyn,1.0,0.0830828880930212,A2,APOE2
Cer 38:1;O2|Cer 20:1;O2/18:0(M+H-[H2O])_37.58,Cer_NS,BA_Asyn,0.8660318890226292,0.131281620840521,A2,APOE2
Cer 38:1;O2|Cer 20:1;O2/18:0(M+H-[H2O])_38.85,Cer_NS,BA_Asyn,0.8514621352678371,0.0488796158409727,A2,APOE2
Cer 41:1;O2|Cer 18:1;O2/23:0(M+H)_38.47,Cer_NS,BA_Asyn,0.5624259098540138,0.0569971893479196,A2,APOE2
Cer 41:1;O4|Cer 26:0;O3(FA 15:0)(M-H)_38.22,Cer_EODS,BA_Asyn,0.5396840393323242,0.0293145405447884,A2,APOE2
Cer 42:1;O2|Cer 26:1;O2/16:0(M+Na)_38.98,Cer_NS,BA_Asyn,0.0952872429040676,0.019025678919614,A2,APOE2
Cer 42:2;O2|Cer 18:1;O2/24:1(M+H)_38.09,Cer_NS,BA_Asyn,0.3047773733406553,0.0682069047365469,A2,APOE2
Cer 42:2;O2|Cer 18:1;O2/24:1(M+H-[H2O])_38.2,Cer_NS,BA_Asyn,0.3496239673957411,0.0806323233052797,A2,APOE2
Cer 42:2;O2|Cer 18:1;O2/24:1(M+H-[H2O])_39.23,Cer_NS,BA_Asyn,0.2262362365695522,0.0152092245380696,A2,APOE2
Cer 56:11;O4|Cer 38:9;O3(FA 18:1)(+C2H3O2-)_38.48,Cer_EOS,BA_Asyn,1.0,0.385915961954958,A2,APOE2
CoQ10(M+H)_39.35,CoQ,BA_Asyn,0.5117543611397649,0.1668742810748503,A2,APOE2
CoQ9(M+H)_38.85,CoQ,BA_Asyn,0.4997728370657471,0.1038995453674507,A2,APOE2
DG 18:2(M+Na)_10.61,DG,BA_Asyn,0.1962089204709728,0.0320069489626306,A2,APOE2
DG 18:2(M+Na)_6.94,DG,BA_Asyn,0.4170728156877179,0.3899578254072743,A2,APOE2
DG 19:2(M+Na)_14.69,DG,BA_Asyn,0.1429996078155793,0.0308402638358852,A2,APOE2
DG 19:2(M+Na)_16.1,DG,BA_Asyn,0.2549849760464381,0.0687314418290788,A2,APOE2
DG 20:4(M+Na)_10.88,DG,BA_Asyn,0.1675099922755851,0.1251810378309563,A2,APOE2
DG 21:4(M+Na)_15.33,DG,BA_Asyn,0.188903739866594,0.0338496321110532,A2,APOE2
DG 23:2(M+Na)_25.88,DG,BA_Asyn,0.0596782115986621,0.0215266100848851,A2,APOE2
DG 28:2(M+Na)_30.08,DG,BA_Asyn,0.0505482550107535,0.0074580685818286,A2,APOE2
DG 33:1(d7)|DG 15:0_18:1(d7)(M+NH4)_36.81,DG,BA_Asyn,0.0227050244214631,0.1619149157050558,A2,APOE2
DG 34:0|DG 16:0_18:0(M+NH4)_37.96,DG,BA_Asyn,0.344970599000166,0.0569481815110912,A2,APOE2
DG 34:1|DG 16:0_18:1(M+NH4)_37.32,DG,BA_Asyn,0.8591271790614352,0.0421209755784115,A2,APOE2
DG 36:0|DG 18:0_18:0(M+NH4)_38.47,DG,BA_Asyn,0.5443890597023551,1.1520335329069875,A2,APOE2
DG 36:1|DG 18:0_18:1(M+NH4)_37.97,DG,BA_Asyn,1.0,0.0851732123152721,A2,APOE2
DG 36:2|DG 18:1_18:1(M+NH4)_37.33,DG,BA_Asyn,0.5541769125725382,0.0147353376326691,A2,APOE2
DG 36:4|DG 16:0_20:4(M+NH4)_36.06,DG,BA_Asyn,0.469105809022454,0.0454257873335767,A2,APOE2
DG 38:4|DG 18:0_20:4(M+NH4)_37.32,DG,BA_Asyn,0.9001545811965351,0.0519980180452175,A2,APOE2
DG 38:5|DG 18:1_20:4(M+NH4)_36.29,DG,BA_Asyn,0.3405649937746356,0.1387341762526389,A2,APOE2
DG 38:6(M+Na)_35.54,DG,BA_Asyn,0.855453631953316,0.0607470001646533,A2,APOE2
DG 38:6|DG 16:0_22:6(M+NH4)_35.54,DG,BA_Asyn,0.9044965417367457,0.0546171181367298,A2,APOE2
DG 40:2(M+Na)_38.6,DG,BA_Asyn,0.036994161083016,0.007793866958911,A2,APOE2
DG 40:4|DG 18:0_22:4(M+NH4)_37.83,DG,BA_Asyn,0.3251458434630279,0.0988652459279578,A2,APOE2
DG 40:6(M+Na)_37.07,DG,BA_Asyn,0.8555655865501735,0.0599100143846129,A2,APOE2
DG 40:6|DG 18:0_22:6(M+NH4)_37.07,DG,BA_Asyn,0.853787632911071,0.0585851292328585,A2,APOE2
DG 40:7|DG 18:1_22:6(M+NH4)_35.67,DG,BA_Asyn,1.0,0.3627418794528323,A2,APOE2
DG 45:10(M+Na)_35.54,DG,BA_Asyn,0.5256184963302282,0.2608201943592454,A2,APOE2
DG 47:11(M+Na)_35.67,DG,BA_Asyn,0.7390680244754091,0.0839954761723778,A2,APOE2
DG 47:12(M+Na)_30.46,DG,BA_Asyn,0.0391360451111167,0.0118034144449934,A2,APOE2
DG 51:9(M+Na)_38.85,DG,BA_Asyn,0.4802017079924157,0.0649135580648293,A2,APOE2
DG 52:1(M+Na)_42.16,DG,BA_Asyn,0.8824175303679571,0.0536515723943841,A2,APOE2
DLCL 36:3(M-H)_29.32,DLCL,BA_Asyn,0.9118065293333784,0.1084377646951106,A2,APOE2
DLCL 42:11(M-H)_29.32,DLCL,BA_Asyn,0.9025335069205646,0.075944729207985,A2,APOE2
DLCL 44:12(M-H)_29.57,DLCL,BA_Asyn,0.5414525827540673,0.0512400738287767,A2,APOE2
Diisodecyl phthalate (also known as the production of plastic)(M+H)_29.19,Others,BA_Asyn,0.0404839693323942,0.0100692775453832,A2,APOE2
Dioctyl phthalate (also known as the production of plastic)(M+H)_24.1,Others,BA_Asyn,0.0294064775845034,0.0049188326420119,A2,APOE2
FA 18:1(M-H)_22.7,FA,BA_Asyn,0.3388908447845196,0.0531461027924428,A2,APOE2
GM3 36:1;O2(M-H)_30.85,GM3,BA_Asyn,0.8441123689278439,0.1203597461886329,A2,APOE2
HexCer 36:1;O2|HexCer 18:1;O2/18:0(M+H)_34.91,HexCer_NS,BA_Asyn,0.2784973347262555,0.0387082027532579,A2,APOE2
HexCer 38:1;O2(M+H)_36.69,HexCer_NDS,BA_Asyn,0.4315259332950005,0.0777064143687742,A2,APOE2
HexCer 38:1;O3|HexCer 18:1;O2/20:0;O(M+H)_36.31,HexCer_HS,BA_Asyn,0.4460589758070458,0.2265511463363431,A2,APOE2
HexCer 40:1;O2(M+H)_37.58,HexCer_NDS,BA_Asyn,0.5028250019801691,0.5130552738875839,A2,APOE2
HexCer 40:1;O3(M+H)_37.33,HexCer_HS,BA_Asyn,0.2278452165454843,0.060379782645047,A2,APOE2
HexCer 40:1;O3|HexCer 18:1;O2/22:0;O(M-H)_37.44,HexCer_HS,BA_Asyn,0.5322632107441237,0.742485634393298,A2,APOE2
HexCer 40:2;O2|HexCer 18:2;O2/22:0(M+H)_37.44,HexCer_NS,BA_Asyn,0.5201731287303106,1.4231331685400548,A2,APOE2
HexCer 41:1;O3(M+H)_37.7,HexCer_HS,BA_Asyn,0.3526948271969594,0.1901694455847498,A2,APOE2
HexCer 41:1;O3|HexCer 21:1;O2/20:0;O(M-H)_37.71,HexCer_HS,BA_Asyn,0.4968937756439352,0.582779638262186,A2,APOE2
HexCer 42:1;O2(M+H)_38.09,HexCer_NDS,BA_Asyn,0.2246380879632335,0.1373420279001531,A2,APOE2
HexCer 42:1;O3(M+H)_37.97,HexCer_HS,BA_Asyn,0.2915924042826249,0.2123333665310663,A2,APOE2
HexCer 42:1;O3|HexCer 18:1;O2/24:0;O(M-H)_38.08,HexCer_HS,BA_Asyn,0.3577863462424788,0.5084932697744468,A2,APOE2
HexCer 42:2;O2|HexCer 18:1;O2/24:1(M+H)_37.58,HexCer_NS,BA_Asyn,0.6757276070473822,0.2326733413197863,A2,APOE2
HexCer 42:2;O2|HexCer 18:1;O2/24:1(M+H-[H2O])_37.58,HexCer_NS,BA_Asyn,0.7312462906526901,0.6036952982009389,A2,APOE2
HexCer 42:2;O3|HexCer 18:1;O2/24:1;O(M+H)_37.32,HexCer_HS,BA_Asyn,0.3459027874752042,0.1359634321987482,A2,APOE2
HexCer 42:3;O2|HexCer 18:2;O2/24:1(M+H)_37.32,HexCer_NS,BA_Asyn,0.6919031997750059,1.2400427687005626,A2,APOE2
HexCer 43:1;O3|HexCer 18:1;O2/25:0;O(M+H)_38.24,HexCer_HS,BA_Asyn,0.4476536735684618,1.267571747364238,A2,APOE2
HexCer 43:2;O3|HexCer 18:1;O2/25:1;O(M+H)_37.7,HexCer_HS,BA_Asyn,0.3490568423386512,0.765889762008471,A2,APOE2
LPA 19:5(M-H)_17.24,LPA,BA_Asyn,0.1939138604626119,0.282898426717054,A2,APOE2
LPC 14:0(M+H)_8.21,LPC,BA_Asyn,0.9170434745761432,0.0286605175409264,A2,APOE2
LPC 14:0/0:0(M+H)_9.86,LPC,BA_Asyn,0.8986566793797048,0.0791817191780532,A2,APOE2
LPC 16:0(M+H)_16.35,LPC,BA_Asyn,0.9348260160945018,0.0650412676581482,A2,APOE2
LPC 16:0/0:0(M+H)_17.11,LPC,BA_Asyn,0.9545239035802888,0.03835217660085,A2,APOE2
LPC 16:1(M+H)_10.88,LPC,BA_Asyn,0.9119658011923494,0.0338024802268044,A2,APOE2
LPC 16:1(M+H)_12.53,LPC,BA_Asyn,0.9033838965753864,0.0208543285377167,A2,APOE2
LPC 16:1(M+Na)_10.87,LPC,BA_Asyn,0.7114679734163083,0.0715837764182205,A2,APOE2
LPC 17:0/0:0(M+H)_18.76,LPC,BA_Asyn,0.7612775649861881,0.0260425427728641,A2,APOE2
LPC 17:3(M+H)_20.67,LPC,BA_Asyn,1.0,0.0948130849842182,A2,APOE2
LPC 18:0(M+H)_20.29,LPC,BA_Asyn,1.0,0.0494825479232209,A2,APOE2
LPC 18:2(M+H)_13.93,LPC,BA_Asyn,0.664566896238535,0.0808480662125282,A2,APOE2
LPC 18:2(M+H)_15.2,LPC,BA_Asyn,0.640060617059841,0.1218946619659109,A2,APOE2
LPC 18:3(M+H)_16.35,LPC,BA_Asyn,1.0,0.0370534226724666,A2,APOE2
LPC 18:3/0:0(M+H)_17.11,LPC,BA_Asyn,0.8782660131071051,0.0508628827656831,A2,APOE2
LPC 20:0/0:0(M+H)_23.34,LPC,BA_Asyn,0.3657618072663409,0.0260805241286254,A2,APOE2
LPC 20:1(M+Na)_20.66,LPC,BA_Asyn,0.83625502888461,0.0766029374395529,A2,APOE2
LPC 20:3(M+H)_15.97,LPC,BA_Asyn,0.9966006805017348,0.1044733437491605,A2,APOE2
LPC 20:4(M+H)_14.06,LPC,BA_Asyn,0.9866738597252174,0.0635228083501043,A2,APOE2
LPC 20:5(M+H)_9.86,LPC,BA_Asyn,1.0,0.2029258994590641,A2,APOE2
LPC 22:0/0:0(M+H)_26.39,LPC,BA_Asyn,0.4298722760088622,0.0221743156551577,A2,APOE2
LPC 22:1(M+H)_23.46,LPC,BA_Asyn,0.7618070022966383,0.1030373429418409,A2,APOE2
LPC 22:4(M+H)_17.49,LPC,BA_Asyn,1.0,0.0748217233889248,A2,APOE2
LPC 22:6(M+H)_13.81,LPC,BA_Asyn,0.8967188962518783,0.146835334919217,A2,APOE2
LPC 22:6(M+Na)_13.8,LPC,BA_Asyn,0.9643179322120764,0.080134247609494,A2,APOE2
LPC 22:6(M+Na)_14.81,LPC,BA_Asyn,0.7003440748690616,0.0986257599050093,A2,APOE2
LPC 24:1(M+H)_25.76,LPC,BA_Asyn,0.4952921358329752,0.0749769993220791,A2,APOE2
LPC 24:4(M+H)_19.65,LPC,BA_Asyn,1.0,0.0893720473503641,A2,APOE2
LPC O-16:0(M+H)_18.25,EtherLPC,BA_Asyn,0.9348862953726458,0.038056354385632,A2,APOE2
LPE 15:0(M-H)_14.57,LPE,BA_Asyn,0.0433849429256234,0.0588979033812401,A2,APOE2
LPE 16:0(M+H)_16.48,LPE,BA_Asyn,0.951327898539044,0.0961903176560072,A2,APOE2
LPE 16:0(M-H)_16.48,LPE,BA_Asyn,1.0,0.1471494331766357,A2,APOE2
LPE 16:1(M+H)_10.62,LPE,BA_Asyn,0.9186542876693972,0.0920181281655757,A2,APOE2
LPE 16:1(M+H)_12.41,LPE,BA_Asyn,0.7549313672227199,0.0228632130319227,A2,APOE2
LPE 16:1(M-H)_10.63,LPE,BA_Asyn,1.0,0.1409582075420211,A2,APOE2
LPE 18:0(M+H)_20.67,LPE,BA_Asyn,1.0,0.0662144723056871,A2,APOE2
LPE 18:0(M-H)_20.68,LPE,BA_Asyn,1.0,0.0589035920183387,A2,APOE2
LPE 18:1(M+H)_17.49,LPE,BA_Asyn,1.0,0.3158295930791242,A2,APOE2
LPE 18:1(d7)(M-H)_17.37,LPE,BA_Asyn,0.012911729591154,0.0085553495955544,A2,APOE2
LPE 18:2(M+H)_13.95,LPE,BA_Asyn,0.490212434508787,0.0989813426392088,A2,APOE2
LPE 18:2(M-H)_14.06,LPE,BA_Asyn,1.0,0.425461668488765,A2,APOE2
LPE 18:2(M-H)_15.34,LPE,BA_Asyn,1.0,0.4871180445922038,A2,APOE2
LPE 19:1(M-H)_19.02,LPE,BA_Asyn,0.3399303526516669,0.1205600769875983,A2,APOE2
LPE 20:0(M+H)_23.21,LPE,BA_Asyn,0.9965156974489002,0.4515822937857242,A2,APOE2
LPE 20:0(M-H)_23.22,LPE,BA_Asyn,0.689098769748584,0.2482919210922509,A2,APOE2
LPE 20:1(M+H)_20.41,LPE,BA_Asyn,1.0,0.8578835237792839,A2,APOE2
LPE 20:2(M-H)_18.51,LPE,BA_Asyn,1.0,0.7124500601123406,A2,APOE2
LPE 20:3(M+H)_16.35,LPE,BA_Asyn,0.8071631356449724,0.2860388146587411,A2,APOE2
LPE 20:3(M+H)_17.36,LPE,BA_Asyn,0.7043915838319325,0.0924261936383283,A2,APOE2
LPE 20:3(M-H)_16.35,LPE,BA_Asyn,0.0422675170211871,0.0459849430685105,A2,APOE2
LPE 20:4(M+H)_14.19,LPE,BA_Asyn,1.0,0.2917524827900718,A2,APOE2
LPE 20:4(M-H)_14.19,LPE,BA_Asyn,0.9908192982599072,0.1425455485419055,A2,APOE2
LPE 20:5(M+H)_9.61,LPE,BA_Asyn,0.5366080047739642,0.1945420270923392,A2,APOE2
LPE 20:5(M-H)_9.74,LPE,BA_Asyn,0.6946023076446693,0.11274567278808,A2,APOE2
LPE 22:1(M+H)_23.34,LPE,BA_Asyn,0.3640952932159932,0.0822511697829735,A2,APOE2
LPE 22:1(M-H)_23.35,LPE,BA_Asyn,0.5292355156238567,0.0766108385765592,A2,APOE2
LPE 22:2(M-H)_21.19,LPE,BA_Asyn,1.0,0.5637329456832317,A2,APOE2
LPE 22:3(M-H)_19.64,LPE,BA_Asyn,1.0,0.3435005928623851,A2,APOE2
LPE 22:4(M+H)_17.74,LPE,BA_Asyn,1.0,0.4118704849558281,A2,APOE2
LPE 22:5(M+H)_15.59,LPE,BA_Asyn,0.0048974000867201,0.0048127885829566,A2,APOE2
LPE 22:6(M-H)_13.94,LPE,BA_Asyn,1.0,0.3400745873171645,A2,APOE2
LPE 24:4(M+H)_20.03,LPE,BA_Asyn,0.9883869524326104,0.2068605570814864,A2,APOE2
LPE 24:4(M-H)_20.04,LPE,BA_Asyn,1.0,0.2571148104194203,A2,APOE2
LPE 24:5(M+H)_18.76,LPE,BA_Asyn,0.9848177263729516,0.4455780167533635,A2,APOE2
LPE 24:5(M-H)_18.77,LPE,BA_Asyn,1.0,0.2037531717385253,A2,APOE2
LPE 24:6(M+H)_17.24,LPE,BA_Asyn,1.0,0.875596914219367,A2,APOE2
LPE 24:6(M-H)_17.24,LPE,BA_Asyn,1.0,3.1133894497943326,A2,APOE2
LPE O-16:0(M-H)_18.64,EtherLPE,BA_Asyn,0.9508176220490736,0.0453447586222407,A2,APOE2
LPE O-18:0(M+H)_22.07,EtherLPE,BA_Asyn,0.819537110876422,0.0509001394195114,A2,APOE2
LPE O-18:0(M-H)_22.08,EtherLPE,BA_Asyn,0.9692484794763074,0.0865395826999811,A2,APOE2
LPE P-18:1(M+H)_20.67,EtherLPE,BA_Asyn,1.0,0.1057983403192425,A2,APOE2
LPG 15:0(M-H)_9.35,LPG,BA_Asyn,0.0266883749574747,0.0311392506817554,A2,APOE2
LPG 16:0(M-H)_14.06,LPG,BA_Asyn,1.0,0.0379177460889307,A2,APOE2
LPG 18:1(M-H)_14.19,LPG,BA_Asyn,0.8032532815788105,0.0681892019342924,A2,APOE2
LPG 20:4(M-H)_9.36,LPG,BA_Asyn,0.9970593141395312,0.1404365434218533,A2,APOE2
LPG 22:6(M-H)_9.36,LPG,BA_Asyn,0.8644293661020719,0.1757521544274168,A2,APOE2
LPG O-20:1(M-H)_20.17,EtherLPG,BA_Asyn,0.6113849933765589,0.1725968198917248,A2,APOE2
LPI 15:0(M-H)_6.82,LPI,BA_Asyn,0.0273065221760634,0.0215606357031352,A2,APOE2
LPI 16:0(M-H)_10.25,LPI,BA_Asyn,0.9846403857277014,0.0780812718728695,A2,APOE2
LPI 18:0(M-H)_17.62,LPI,BA_Asyn,1.0,0.2138963514080849,A2,APOE2
LPI 20:4(M-H)_6.83,LPI,BA_Asyn,1.0,0.1576054433380248,A2,APOE2
LPI 22:6(M-H)_6.95,LPI,BA_Asyn,0.8982759250991357,0.3634888626972191,A2,APOE2
LPS 15:0(M-H)_6.95,LPS,BA_Asyn,0.0363579578463313,0.0378484098393446,A2,APOE2
LPS 18:0(M-H)_17.75,LPS,BA_Asyn,1.0,0.061477137964736,A2,APOE2
LPS 18:1(M-H)_11.26,LPS,BA_Asyn,0.6117111613914364,0.0435078771952389,A2,APOE2
LPS 18:1(M-H)_13.43,LPS,BA_Asyn,0.6652850093219863,0.0409864030116909,A2,APOE2
LPS 20:4(M-H)_7.08,LPS,BA_Asyn,1.0,0.2681152560212212,A2,APOE2
LPS 22:4(M-H)_13.18,LPS,BA_Asyn,1.0,0.1895651182134319,A2,APOE2
LPS 22:4(M-H)_14.57,LPS,BA_Asyn,1.0,0.2192549069320552,A2,APOE2
LPS 22:6(M-H)_7.08,LPS,BA_Asyn,1.0,0.0890100545182393,A2,APOE2
MG 38:1(M+NH4)_38.98,MG,BA_Asyn,0.8140538832761526,0.0302343553895491,A2,APOE2
MGDG 36:1|MGDG 16:0_20:1(M+NH4)_36.82,MGDG,BA_Asyn,0.5611609282540102,0.0897251347996985,A2,APOE2
MMPE 42:2|MMPE 20:1_22:1(M-H)_37.19,MMPE,BA_Asyn,0.2751514420712045,0.04778974573133,A2,APOE2
NAE 16:0(M+H)_19.66,NAE,BA_Asyn,0.5170296624120793,0.020547816348713,A2,APOE2
NAE 18:0(M+H)_22.83,NAE,BA_Asyn,0.3215861842103271,0.027403930536994,A2,APOE2
NAE 18:1(M+H)_20.16,NAE,BA_Asyn,1.0,0.3019119220145383,A2,APOE2
PA 33:1(d7)|PA 15:0_18:1(d7)(M-H)_33.5,PA,BA_Asyn,0.0259069008221337,0.0062327803483782,A2,APOE2
PA 33:1(d7)|PA 15:0_18:1(d7)(M-H)_35.55,PA,BA_Asyn,0.0126960408613255,0.0018152657400989,A2,APOE2
PA 33:1(d7)|PA 15:0_18:1(d7)(M-H)_41.65,PA,BA_Asyn,0.0223632621701598,0.0168555361582662,A2,APOE2
PC 22:0(M+H)_22.96,PC,BA_Asyn,0.9240891507806788,0.0569810413578209,A2,APOE2
PC 23:0(M+H)_23.47,PC,BA_Asyn,0.8801382448191561,0.0390256871981857,A2,APOE2
PC 30:0|PC 14:0_16:0(M+H)_31.98,PC,BA_Asyn,0.9349280702051388,0.0485498757812349,A2,APOE2
PC 31:0|PC 15:0_16:0(M+H)_33.12,PC,BA_Asyn,0.7643381131591719,0.0439252507018867,A2,APOE2
PC 31:2(M+H)_33.12,PC,BA_Asyn,0.9389171250106308,0.0649693316948814,A2,APOE2
PC 32:0|PC 16:0_16:0(M+H)_34.14,PC,BA_Asyn,0.978903936244744,0.0518135951622495,A2,APOE2
PC 32:1|PC 16:0_16:1(M+H)_32.24,PC,BA_Asyn,0.9729434889203988,0.0349693305907307,A2,APOE2
PC 32:2(M+H)_30.34,PC,BA_Asyn,0.8829599628995904,0.0498567234783381,A2,APOE2
PC 33:0|PC 16:0_17:0(M+H)_35.16,PC,BA_Asyn,0.4014846479205895,0.0143757287712835,A2,APOE2
PC 33:1(d7)|PC 15:0_18:1(d7)(M+H)_33.25,PC,BA_Asyn,0.0048594558135461,0.020350071835275,A2,APOE2
PC 33:1|PC 16:0_17:1(M+H)_33.38,PC,BA_Asyn,0.8707415649989464,0.0485420790177776,A2,APOE2
PC 34:0|PC 16:0_18:0(M+H)_36.17,PC,BA_Asyn,0.3534938513384525,0.0745115917006336,A2,APOE2
PC 34:1(M+H)_34.4,PC,BA_Asyn,0.9117876781347116,0.0569563355163316,A2,APOE2
PC 34:2|PC 16:1_18:1(M+H)_32.74,PC,BA_Asyn,0.9467515409578487,0.0401342671230863,A2,APOE2
PC 34:3(M+H)_30.59,PC,BA_Asyn,0.0,4.2007032481429225e-12,A2,APOE2
PC 34:4(M+H)_30.48,PC,BA_Asyn,1.0,0.4569340532202962,A2,APOE2
PC 35:0|PC 16:0_19:0(M+H)_36.69,PC,BA_Asyn,0.7703299629762619,0.1629514724118366,A2,APOE2
PC 35:1|PC 17:0_18:1(M+H)_35.29,PC,BA_Asyn,0.8955958641375209,0.0564450656015894,A2,APOE2
PC 35:2(M+H)_33.63,PC,BA_Asyn,0.261303014006949,0.1035715496414053,A2,APOE2
PC 36:1|PC 9:0_27:1(M+H)_36.3,PC,BA_Asyn,0.9771015617020627,0.0979732975994265,A2,APOE2
PC 36:2|PC 18:1_18:1(M+H)_34.65,PC,BA_Asyn,0.6273830142142889,0.0277645189284798,A2,APOE2
PC 36:3(M+H)_32.49,PC,BA_Asyn,0.7087208711341195,1.5471953512779977,A2,APOE2
PC 36:4|PC 18:2_18:2(M+H)_32.36,PC,BA_Asyn,0.962969450709281,0.0479439624147209,A2,APOE2
PC 36:6(M+H)_29.44,PC,BA_Asyn,0.7536508365029871,0.0732138293312285,A2,APOE2
PC 37:4|PC 17:0_20:4(M+H)_33.51,PC,BA_Asyn,0.2401148012348831,0.0819096017210984,A2,APOE2
PC 38:1(M+H)_37.2,PC,BA_Asyn,0.7460858709614956,0.0369568914930808,A2,APOE2
PC 38:2|PC 18:1_20:1(M+H)_36.31,PC,BA_Asyn,0.1491714834872002,0.0434780490794763,A2,APOE2
PC 38:3|PC 18:0_20:3(M+H)_35.28,PC,BA_Asyn,0.674513113886785,2.494065401151969,A2,APOE2
PC 38:4|PC 16:0_22:4(M+H)_34.64,PC,BA_Asyn,1.0,0.0687253493948277,A2,APOE2
PC 38:5|PC 18:0_20:5(M+H)_32.61,PC,BA_Asyn,0.6315585008562321,0.9222416734037776,A2,APOE2
PC 38:6(M+H)_31.74,PC,BA_Asyn,0.9432455374951628,0.0594047755202634,A2,APOE2
PC 38:7|PC 16:1_22:6(M+H)_29.81,PC,BA_Asyn,0.7952897510601288,0.0755419027327764,A2,APOE2
PC 39:6|PC 17:0_22:6(M+H)_32.87,PC,BA_Asyn,0.8045211401429505,0.0528375772651063,A2,APOE2
PC 40:1(M+H)_37.96,PC,BA_Asyn,0.5745062969586725,0.1115837534014758,A2,APOE2
PC 40:2|PC 20:1_20:1(M+H)_37.2,PC,BA_Asyn,0.1746890064158418,0.0749863318745633,A2,APOE2
PC 40:4(M+H)_35.91,PC,BA_Asyn,0.5826615451309974,0.1288101714075694,A2,APOE2
PC 40:6(M+Na)_33.99,PC,BA_Asyn,1.0,0.0965428787639024,A2,APOE2
PC 40:6|PC 18:0_22:6(M+H)_33.89,PC,BA_Asyn,0.99626965906537,0.0443286455673848,A2,APOE2
PC 40:7(M+Na)_31.98,PC,BA_Asyn,0.7089058352800038,0.0574232481184374,A2,APOE2
PC 40:7|PC 18:1_22:6(M+H)_31.98,PC,BA_Asyn,0.86256795151864,0.0661452884917138,A2,APOE2
PC 40:8|PC 18:2_22:6(M+H)_30.21,PC,BA_Asyn,0.2147597943403349,0.0921204822094974,A2,APOE2
PC 40:9|PC 18:3_22:6(M+H)_31.86,PC,BA_Asyn,0.8882199746810069,0.0404598575471759,A2,APOE2
PC 41:1(M+H)_38.24,PC,BA_Asyn,1.0,1.060696847979022,A2,APOE2
PC 42:10(M+H)_29.7,PC,BA_Asyn,0.8316468305824335,0.12074284393258,A2,APOE2
PC 42:1|PC 24:0_18:1(M+H)_38.47,PC,BA_Asyn,0.7365810897415821,0.0687088014262417,A2,APOE2
PC 42:2|PC 18:1_24:1(M+H)_37.96,PC,BA_Asyn,0.6120875883321505,0.1264616165576828,A2,APOE2
PC 42:4(M+H)_36.94,PC,BA_Asyn,0.9432153799120272,0.0436856393778731,A2,APOE2
PC 42:7(M+H)_33.89,PC,BA_Asyn,0.585320840141191,0.0379809819848405,A2,APOE2
PC 42:9(M+H)_30.84,PC,BA_Asyn,1.0,0.6838511400699555,A2,APOE2
PC 43:1(M+H)_38.72,PC,BA_Asyn,0.3020156601685059,0.0717468817666256,A2,APOE2
PC 44:10(M+H)_31.47,PC,BA_Asyn,1.0,0.3072202672302645,A2,APOE2
PC 44:12|PC 22:6_22:6(M+H)_29.19,PC,BA_Asyn,0.7283699494825301,0.0687770587790056,A2,APOE2
PC 52:4(M+H)_39.35,PC,BA_Asyn,0.5109180318780674,0.0259529112962929,A2,APOE2
PC 52:5(M+H)_38.98,PC,BA_Asyn,0.7368968005213462,0.1312358508893967,A2,APOE2
PC 54:6(M+H)_39.1,PC,BA_Asyn,0.5490336484892585,0.0288037774717429,A2,APOE2
PC O-32:0|PC O-16:0_16:0(M+H)_35.54,EtherPC,BA_Asyn,1.0,0.0524734140650594,A2,APOE2
PC O-34:0|PC O-18:0_16:0(M+H)_36.94,EtherPC,BA_Asyn,0.5051845205487473,0.1536721062650672,A2,APOE2
PC O-34:1|PC O-18:1_16:0(M+H)_35.54,EtherPC,BA_Asyn,0.950727209024058,0.0283808594393856,A2,APOE2
PC O-34:2|PC O-15:2_19:0(M+H)_34.52,EtherPC,BA_Asyn,0.6115174700125764,0.9485223405916452,A2,APOE2
PC O-35:4|PC O-13:0_22:4(M+H)_35.8,EtherPC,BA_Asyn,0.9978708798394116,0.0663764288235831,A2,APOE2
PC O-36:4|PC O-16:0_20:4(M+H)_33.76,EtherPC,BA_Asyn,0.9385602205051086,0.0464642665081844,A2,APOE2
PC O-37:5(M+H)_35.8,EtherPC,BA_Asyn,1.0,1.375920744038288,A2,APOE2
PC O-38:1(M+H)_37.58,EtherPC,BA_Asyn,0.200180551936551,0.4923441268896903,A2,APOE2
PC O-38:6|PC O-16:0_22:6(M+H)_33.12,EtherPC,BA_Asyn,0.8863739609229909,0.0412827836816318,A2,APOE2
PC O-40:1|PC O-15:1_25:0(M+H)_38.09,EtherPC,BA_Asyn,0.1781003986590439,1.9020765376932265,A2,APOE2
PC O-41:5(M+H)_37.82,EtherPC,BA_Asyn,0.3784189311593129,0.6903719624744952,A2,APOE2
PE 32:0|PE 16:0_16:0(M+H)_34.78,PE,BA_Asyn,0.9752292848336324,0.0492674622008859,A2,APOE2
PE 33:1(d7)|PE 15:0_18:1(d7)(M+H)_33.76,PE,BA_Asyn,0.0026879461286249,0.00419973501248,A2,APOE2
PE 33:1(d7)|PE 15:0_18:1(d7)(M-H)_33.77,PE,BA_Asyn,0.0007929377324237,0.066940576209372,A2,APOE2
PE 34:0|PE 16:0_18:0(M-H)_36.57,PE,BA_Asyn,0.5533806985372183,0.0519763430806235,A2,APOE2
PE 34:1|PE 16:0_18:1(M+H)_34.9,PE,BA_Asyn,0.9178547833856116,0.0546302126225349,A2,APOE2
PE 34:1|PE 16:0_18:1(M-H)_34.91,PE,BA_Asyn,0.921944376403954,0.0488553739462514,A2,APOE2
PE 34:2|PE 16:0_18:2(M-H)_33,PE,BA_Asyn,0.9299432782346696,0.0548685924834552,A2,APOE2
PE 36:1|PE 18:0_18:1(M+H)_36.56,PE,BA_Asyn,1.0,0.1071585200267892,A2,APOE2
PE 36:1|PE 18:0_18:1(M-H)_36.57,PE,BA_Asyn,1.0,0.1018010705997404,A2,APOE2
PE 36:2|PE 18:1_18:1(M+H)_35.03,PE,BA_Asyn,0.9540369428706328,0.0504979444960427,A2,APOE2
PE 36:2|PE 18:1_18:1(M-H)_35.04,PE,BA_Asyn,0.9287452576102492,0.0612264123836649,A2,APOE2
PE 36:3|PE 18:1_18:2(M-H)_33.14,PE,BA_Asyn,1.0,0.7207852483809123,A2,APOE2
PE 36:4|PE 16:0_20:4(M+H)_32.99,PE,BA_Asyn,0.9633644323159464,0.0435471402845068,A2,APOE2
PE 36:4|PE 16:0_20:4(M-H)_32.88,PE,BA_Asyn,0.9272825293208964,0.0490217800270566,A2,APOE2
PE 36:5(M+H)_30.97,PE,BA_Asyn,0.8497774325564147,0.1024808447227979,A2,APOE2
PE 38:1|PE 18:0_20:1(M-H)_37.46,PE,BA_Asyn,0.3793894567557302,0.0325593124927508,A2,APOE2
PE 38:2|PE 18:1_20:1(M-H)_36.57,PE,BA_Asyn,0.1926988874753609,0.0283871182057917,A2,APOE2
PE 38:4|PE 18:0_20:4(M+H)_35.03,PE,BA_Asyn,1.0,0.0794480474301252,A2,APOE2
PE 38:4|PE 18:0_20:4(M-H)_35.04,PE,BA_Asyn,1.0,0.0679310203856175,A2,APOE2
PE 38:5|PE 18:1_20:4(M+H)_33.12,PE,BA_Asyn,0.8945436189047533,2.0719515462815865,A2,APOE2
PE 38:5|PE 18:1_20:4(M-H)_33.13,PE,BA_Asyn,0.5018843328825999,0.219431777060166,A2,APOE2
PE 38:6|PE 16:0_22:6(M+H)_32.36,PE,BA_Asyn,0.9227983549548816,0.0293038131757333,A2,APOE2
PE 38:6|PE 16:0_22:6(M-H)_32.37,PE,BA_Asyn,0.9957672940491784,0.0396334401861118,A2,APOE2
PE 38:7|PE 16:1_22:6(M+H)_30.35,PE,BA_Asyn,1.0,0.1683000762072173,A2,APOE2
PE 39:6(M+H)_33.51,PE,BA_Asyn,0.8240830450952902,0.0884601752383586,A2,APOE2
PE 40:1|PE 18:0_22:1(M-H)_36.69,PE,BA_Asyn,0.3620830335919479,0.0426778612309761,A2,APOE2
PE 40:4|PE 18:0_22:4(M+H)_36.3,PE,BA_Asyn,0.2724996592978042,0.1368835101184264,A2,APOE2
PE 40:4|PE 18:0_22:4(M-H)_36.31,PE,BA_Asyn,0.2635881079339375,0.1273955426565198,A2,APOE2
PE 40:6|PE 18:0_22:6(M+H)_34.63,PE,BA_Asyn,1.0,0.0549499071328258,A2,APOE2
PE 40:6|PE 18:0_22:6(M-H)_34.53,PE,BA_Asyn,1.0,0.0499914788007307,A2,APOE2
PE 40:7(M+H)_32.5,PE,BA_Asyn,0.807867082104489,0.0480974966350888,A2,APOE2
PE 40:7|PE 18:1_22:6(M-H)_32.62,PE,BA_Asyn,0.7894269488201843,0.0341659405521728,A2,APOE2
PE 44:10(M+H)_32.09,PE,BA_Asyn,0.0306383235680436,0.007040988791917,A2,APOE2
PE 44:12|PE 22:6_22:6(M+H)_29.7,PE,BA_Asyn,0.6506210404479118,0.0991370225591977,A2,APOE2
PE 44:12|PE 22:6_22:6(M-H)_29.7,PE,BA_Asyn,0.7694996886544571,0.483324050244876,A2,APOE2
PE O-34:1(M+H)_36.05,EtherPE,BA_Asyn,0.9587872084588608,0.058922604881176,A2,APOE2
PE O-34:1|PE O-18:1_16:0(M-H)_36.06,EtherPE,BA_Asyn,0.8928112038997433,0.0449032969326541,A2,APOE2
PE O-36:2|PE O-18:1_18:1(M-H)_37.2,EtherPE,BA_Asyn,0.9134750233888664,0.0766078908817635,A2,APOE2
PE O-37:3|PE O-22:3_15:0(M-H)_30.59,EtherPE,BA_Asyn,0.0,3.974832546611117e-12,A2,APOE2
PE O-38:4|PE O-16:0_22:4(M-H)_35.8,EtherPE,BA_Asyn,0.9863828356121692,0.1083079796893787,A2,APOE2
PE O-38:6|PE O-16:0_22:6(M-H)_33.77,EtherPE,BA_Asyn,0.9346150797032586,0.0472025811697727,A2,APOE2
PE O-40:4|PE O-18:0_22:4(M-H)_37.08,EtherPE,BA_Asyn,0.5984095969620263,0.0311432171131834,A2,APOE2
PE O-40:6|PE O-18:0_22:6(M-H)_35.8,EtherPE,BA_Asyn,0.683514375685783,0.1002024067674359,A2,APOE2
PE O-40:7|PE O-18:1_22:6(M-H)_35.53,EtherPE,BA_Asyn,0.6284921129527662,0.1308584785772726,A2,APOE2
PE P-38:5|PE P-18:1_20:4(M+H)_33.76,EtherPE,BA_Asyn,0.9389614316044655,0.0606638867075227,A2,APOE2
PE P-40:5(M+H)_35.8,EtherPE,BA_Asyn,0.8505309637505294,0.1321502065953248,A2,APOE2
PG 32:0|PG 16:0_16:0(M-H)_31.61,PG,BA_Asyn,1.0,0.0456537995154938,A2,APOE2
PG 33:1(d7)|PG 15:0_18:1(d7)(M+NH4)_30.59,PG,BA_Asyn,5.277867493963202e-06,0.0330969527997471,A2,APOE2
PG 34:1|PG 16:0_18:1(M-H)_31.73,PG,BA_Asyn,0.9941582765685878,0.0646783943754945,A2,APOE2
PG 38:2|PG 18:1_20:1(M-H)_35.67,PG,BA_Asyn,0.6408782246548949,0.146747784204908,A2,APOE2
PG 44:12|PG 22:6_22:6(M-H)_25.5,PG,BA_Asyn,1.0,0.2233979062325259,A2,APOE2
PI 32:0|PI 16:0_16:0(M-H)_31.24,PI,BA_Asyn,0.5003719954907014,0.1666691498697385,A2,APOE2
PI 33:1(d7)|PI 15:0_18:1(d7)(M+NH4)_30.2,PI,BA_Asyn,0.0002370214182722,0.0709761612731334,A2,APOE2
PI 33:1(d7)|PI 15:0_18:1(d7)(M-H)_30.21,PI,BA_Asyn,0.0069918594567607,0.0204915682188283,A2,APOE2
PI 33:1(d7)|PI 15:0_18:1(d7)(M-H)_33.26,PI,BA_Asyn,0.914278967416349,1.03531258699342,A2,APOE2
PI 36:4|PI 16:0_20:4(M-H)_29.32,PI,BA_Asyn,0.9913517263058912,0.068275427679941,A2,APOE2
PI 38:4(M+NH4)_31.6,PI,BA_Asyn,0.9550834799937148,0.0653132870642302,A2,APOE2
PI 38:4|PI 18:0_20:4(M-H)_31.61,PI,BA_Asyn,0.9395098830783654,0.0612449060065657,A2,APOE2
PI 38:5(M+NH4)_29.57,PI,BA_Asyn,0.8612990752786572,0.0998203668031099,A2,APOE2
PI 38:5|PI 18:1_20:4(M-H)_29.57,PI,BA_Asyn,0.730401083202384,0.0601832804887213,A2,APOE2
PI 38:6(M+NH4)_28.82,PI,BA_Asyn,0.7484211326129767,0.083301814553699,A2,APOE2
PI 40:6(M+NH4)_31.09,PI,BA_Asyn,0.524385211560751,0.0643838358976669,A2,APOE2
PI 40:6|PI 18:0_22:6(M-H)_31.1,PI,BA_Asyn,0.5599002563376866,0.0507695674012368,A2,APOE2
PS 33:1(d7)|PS 15:0_18:1(d7)(M-H)_30.57,PS,BA_Asyn,0.0007993127995282,0.0005385721137764,A2,APOE2
PS 34:1(M+H)_31.73,PS,BA_Asyn,0.8368968382618589,0.0625841021735675,A2,APOE2
PS 36:0;O3|PS 18:0_18:0;O3(M-H)_32.12,OxPS,BA_Asyn,0.1443419932832526,0.0189329942290956,A2,APOE2
PS 36:1|PS 18:0_18:1(M+H)_33.76,PS,BA_Asyn,0.6546735489117309,0.0980888162908325,A2,APOE2
PS 36:1|PS 18:0_18:1(M-H)_33.77,PS,BA_Asyn,0.6065205869007712,0.0416792049123249,A2,APOE2
PS 36:2|PS 18:1_18:1(M+H)_31.98,PS,BA_Asyn,0.896161748629577,0.0486606521756906,A2,APOE2
PS 36:2|PS 18:1_18:1(M-H)_32.12,PS,BA_Asyn,0.8378407778489397,0.0811248632971906,A2,APOE2
PS 38:4(M+H)_31.99,PS,BA_Asyn,0.8059003766346813,0.0860181163729146,A2,APOE2
PS 38:4|PS 18:0_20:4(M-H)_32.24,PS,BA_Asyn,0.8285448632921779,0.1079203247476284,A2,APOE2
PS 38:5(M+H)_29.95,PS,BA_Asyn,0.7225396398208689,0.0629303740816819,A2,APOE2
PS 38:5;O3|PS 18:0_20:5;O3(M-H)_31.35,OxPS,BA_Asyn,0.991421315377526,0.1411969392957894,A2,APOE2
PS 38:6(M+H)_29.06,PS,BA_Asyn,0.8077114904262677,0.0807779329335844,A2,APOE2
PS 38:6|PS 16:0_22:6(M-H)_29.19,PS,BA_Asyn,0.9182584131138184,0.0913119082308257,A2,APOE2
PS 40:4|PS 18:0_22:4(M+H)_33.5,PS,BA_Asyn,0.3751329289980505,0.11796783404717,A2,APOE2
PS 40:4|PS 18:0_22:4(M-H)_33.38,PS,BA_Asyn,0.3577681966322,0.0537734201446824,A2,APOE2
PS 40:6(M+Na)_31.34,PS,BA_Asyn,0.8395658680034495,0.0658772892768352,A2,APOE2
PS 40:6|PS 18:0_22:6(M+H)_31.35,PS,BA_Asyn,1.0,0.0570767739053086,A2,APOE2
PS 40:6|PS 18:0_22:6(M-H)_31.35,PS,BA_Asyn,1.0,0.0985302458170354,A2,APOE2
PS 40:6|PS 18:0_22:6(M-H)_35.17,PS,BA_Asyn,1.0,0.0795438003488577,A2,APOE2
PS 40:7(M+H)_29.32,PS,BA_Asyn,0.6566910124063997,0.0744418253892498,A2,APOE2
PS 40:7|PS 18:1_22:6(M-H)_29.32,PS,BA_Asyn,0.7164500934004542,0.0797233005486319,A2,APOE2
PS 42:10|PS 20:4_22:6(M-H)_27.15,PS,BA_Asyn,0.6753506566560615,0.0991145643968888,A2,APOE2
PS 42:11;O3|PS 22:6_20:5;O3(M-H)_26.52,OxPS,BA_Asyn,0.2799854906143215,0.0705401124334966,A2,APOE2
PS 44:10|PS 22:4_22:6(M+H)_28.81,PS,BA_Asyn,0.7671294009457773,0.0742354319925371,A2,APOE2
PS 44:12|PS 22:6_22:6(M+H)_26.51,PS,BA_Asyn,0.5876773439742797,0.1319740705745299,A2,APOE2
PS 44:12|PS 22:6_22:6(M-H)_26.52,PS,BA_Asyn,0.6350627502412227,0.0693587797319593,A2,APOE2
SM 30:5;O3(M+H)_21.68,SM,BA_Asyn,1.0,0.3384607695798762,A2,APOE2
SM 34:1;O2|SM 18:1;O2/16:0(M+H)_32.11,SM,BA_Asyn,0.8549420339789753,0.0463844853654652,A2,APOE2
SM 34:1;O3(M+H)_31.22,SM,BA_Asyn,0.6929719384709078,0.0405577073268428,A2,APOE2
SM 34:2;O2(M+H)_30.08,SM,BA_Asyn,0.8285588301007162,0.0396867901015012,A2,APOE2
SM 35:1;O2(M+H)_33.25,SM,BA_Asyn,1.0,0.164356015675331,A2,APOE2
SM 36:0;O3(M+H)_36.94,SM,BA_Asyn,0.8405203002566038,2.054890567395604,A2,APOE2
SM 36:1;O2|SM 18:1;O2/18:0(M+H)_34.4,SM,BA_Asyn,1.0,0.1449360658875993,A2,APOE2
SM 36:2;O2(M+H)_32.49,SM,BA_Asyn,1.0,0.1440156658942347,A2,APOE2
SM 37:4;O3(M+H)_30.58,SM,BA_Asyn,0.0173173991226887,0.4660259178178588,A2,APOE2
SM 38:1;O2|SM 20:1;O2/18:0(M+H)_36.3,SM,BA_Asyn,1.0,0.1007351497013482,A2,APOE2
SM 40:1;O2|SM 18:1;O2/22:0(M+H)_37.45,SM,BA_Asyn,0.4553041199815732,0.0134643581635335,A2,APOE2
SM 40:2;O2(M+H)_36.43,SM,BA_Asyn,0.688411249127082,0.0376192148512348,A2,APOE2
SM 40:7;O2(M+H)_27.67,SM,BA_Asyn,1.0,0.2951313645445491,A2,APOE2
SM 42:2;O2|SM 18:1;O2/24:1(M+H)_37.32,SM,BA_Asyn,0.7538583266847335,0.5560199576463201,A2,APOE2
SM 42:3;O2|SM 18:1;O2/24:2(M+H)_36.43,SM,BA_Asyn,0.6004533743311563,0.0547754195803866,A2,APOE2
SM 43:4;O2(M+H)_24.36,SM,BA_Asyn,0.4832630182865508,0.4534173240782681,A2,APOE2
ST 27:1;O(M+H-[H2O])_32.24,ST,BA_Asyn,0.6973504579381323,2.381461338423081,A2,APOE2
ST 27:1;O(M+H-[H2O])_41,ST,BA_Asyn,0.9411501082735152,0.1474832704399932,A2,APOE2
ST 27:2;O(M+H)_31.1,ST,BA_Asyn,0.3178336830630136,0.3585076588159345,A2,APOE2
ST 27:2;O(M+H-[H2O])_28.3,ST,BA_Asyn,0.1220434858079717,0.0296025210164893,A2,APOE2
TG 48:0|TG 16:0_16:0_16:0(M+NH4)_40.75,TG,BA_Asyn,0.5538500005670098,0.0267006895928774,A2,APOE2
TG 48:1(d7)|TG 15:0_18:1(d7)_15:0(M+NH4)_40.24,TG,BA_Asyn,1.7475215016785528e-06,0.0179273665642582,A2,APOE2
TG 48:2|TG 16:0_16:1_16:1(M+NH4)_39.76,TG,BA_Asyn,0.6461877109913106,0.0543519763086256,A2,APOE2
TG 50:0|TG 16:0_16:0_18:0(M+NH4)_41.26,TG,BA_Asyn,0.4822438352549174,0.0469728948447786,A2,APOE2
TG 50:1|TG 16:0_16:0_18:1(M+NH4)_40.63,TG,BA_Asyn,0.4680636673372076,0.0448432462477183,A2,APOE2
TG 50:2|TG 16:0_16:1_18:1(M+NH4)_40.24,TG,BA_Asyn,0.6631151999697439,0.0550799522285087,A2,APOE2
TG 50:3|TG 16:0_16:1_18:2(M+NH4)_39.86,TG,BA_Asyn,0.7363170352337519,0.1026170116763812,A2,APOE2
TG 50:4|TG 16:1_16:1_18:2(M+NH4)_39.48,TG,BA_Asyn,0.7402584913224879,0.0777476819376373,A2,APOE2
TG 52:0|TG 16:0_18:0_18:0(M+NH4)_41.89,TG,BA_Asyn,0.107463812793763,0.0122094188579584,A2,APOE2
TG 52:1|TG 16:0_18:0_18:1(M+NH4)_41.26,TG,BA_Asyn,0.9724212359458008,2.6073762607670754,A2,APOE2
TG 52:2|TG 16:0_18:1_18:1(M+NH4)_40.63,TG,BA_Asyn,0.520387677775369,0.0778671484053958,A2,APOE2
TG 52:3|TG 16:0_18:1_18:2(M+NH4)_40.24,TG,BA_Asyn,0.6320460236732247,0.0966797213809104,A2,APOE2
TG 52:4|TG 16:1_18:1_18:2(M+NH4)_39.86,TG,BA_Asyn,0.6615314007940936,0.1182236197487766,A2,APOE2
TG 52:5|TG 16:1_18:2_18:2(M+NH4)_39.5,TG,BA_Asyn,0.5264445403642245,0.0479525461979735,A2,APOE2
TG 54:0|TG 18:0_18:0_18:0(M+NH4)_42.53,TG,BA_Asyn,0.2191402034862306,0.0876913862805351,A2,APOE2
TG 54:1|TG 16:0_18:0_20:1(M+NH4)_41.78,TG,BA_Asyn,0.1898431386931409,0.0406248465415141,A2,APOE2
TG 54:2|TG 18:0_18:1_18:1(M+NH4)_40.74,TG,BA_Asyn,0.4443658152693926,1.0077330779880638,A2,APOE2
TG 54:3|TG 18:1_18:1_18:1(M+NH4)_40.62,TG,BA_Asyn,0.4632772391125022,0.0820063963391362,A2,APOE2
TG 54:4|TG 18:1_18:1_18:2(M+NH4)_40.24,TG,BA_Asyn,0.3364164737143761,0.0612004806877454,A2,APOE2
TG 54:6|TG 18:1_18:2_18:3(M+NH4)_39.86,TG,BA_Asyn,0.2006332942527619,0.0279206582319237,A2,APOE2
TG 60:12|TG 16:0_22:6_22:6(M+NH4)_39.35,TG,BA_Asyn,0.5565010168314417,0.0505663551891846,A2,APOE2
TG O-50:0|TG O-18:0_16:0_16:0(M+NH4)_42.28,EtherTG,BA_Asyn,0.2222102914672004,0.0350303275031241,A2,APOE2
TG O-50:2|TG O-16:0_16:0_18:2(M+NH4)_41.12,EtherTG,BA_Asyn,0.8961443955712052,0.021064621202164,A2,APOE2
TG O-52:1|TG O-18:0_16:0_18:1(M+NH4)_42.16,EtherTG,BA_Asyn,0.1662222535860111,0.0235525310144116,A2,APOE2
TG O-52:2|TG O-18:0_16:0_18:2(M+NH4)_41.64,EtherTG,BA_Asyn,0.2220711900436834,0.0242825132668004,A2,APOE2
TG O-52:3|TG O-16:0_18:1_18:2(M+NH4)_41.01,EtherTG,BA_Asyn,0.8596921575256125,0.0387166502295523,A2,APOE2
TG O-54:2|TG O-20:0_16:0_18:2(M+NH4)_42.28,EtherTG,BA_Asyn,0.7225067390875517,0.0683387738927853,A2,APOE2
TG O-54:3|TG O-18:0_18:1_18:2(M+NH4)_41.64,EtherTG,BA_Asyn,0.28539719453062,0.1524869977796346,A2,APOE2
TG O-54:4|TG O-18:0_18:2_18:2(M+NH4)_41.13,EtherTG,BA_Asyn,0.7987456028487212,0.0509557262762392,A2,APOE2
TG O-56:3|TG O-20:0_18:1_18:2(M+NH4)_42.16,EtherTG,BA_Asyn,0.9539513770135422,0.0577512028778916,A2,APOE2
25-hydroxycholecalciferol(M+H)_24.36,Vitamin_D,BA_Asyn,0.2401293078929334,0.1188224571827167,A3,APOE3
AHexCer 46:1;O3|AHexCer (O-15:0)31:1;O3(M+H-[H2O])_39.35,AHexCer,BA_Asyn,0.2501521239733168,0.0629246555120353,A3,APOE3
AHexCer 55:6;O3|AHexCer (O-18:1)37:5;O3(M+H-[H2O])_39.74,AHexCer,BA_Asyn,0.5923985560159336,0.1302612393292037,A3,APOE3
AHexCer 56:1;O3|AHexCer (O-16:0)40:1;O3(M+H-[H2O])_39.48,AHexCer,BA_Asyn,0.1158443976975251,0.0128781799038723,A3,APOE3
AHexCer 57:1;O3|AHexCer (O-16:0)18:1;O2/23:0;O(M+H)_39.64,AHexCer,BA_Asyn,0.1355047631573485,0.0228130942891687,A3,APOE3
AHexCer 58:1;O3|AHexCer (O-16:0)42:1;O3(M+H)_39.86,AHexCer,BA_Asyn,0.0844361522964735,0.0134426913539462,A3,APOE3
AHexCer 58:1;O3|AHexCer (O-17:0)41:1;O3(M+H-[H2O])_39.62,AHexCer,BA_Asyn,0.3186132765577381,0.4077838837529402,A3,APOE3
AHexCer 58:2;O3|AHexCer (O-18:1)40:1;O3(M+H)_39.48,AHexCer,BA_Asyn,0.2409467227942428,0.3203259225827889,A3,APOE3
AHexCer 59:1;O3|AHexCer (O-18:0)41:1;O3(M+H)_39.99,AHexCer,BA_Asyn,0.0646427624592427,0.0085200635131782,A3,APOE3
AHexCer 59:8;O2|AHexCer (O-15:0)44:8;O2(M+H-[H2O])_39.23,AHexCer,BA_Asyn,0.7145773103527916,0.2240496174352931,A3,APOE3
AHexCer 60:1;O3|AHexCer (O-18:0)42:1;O3(M+H)_40.12,AHexCer,BA_Asyn,0.0705288944120812,0.0101343526802339,A3,APOE3
AHexCer 60:2;O3|AHexCer (O-18:1)18:1;O2/24:0;O(M+H)_39.86,AHexCer,BA_Asyn,0.9437703333365918,5.087344587255448,A3,APOE3
C18-Sphingosine(M+H)_18,C18-Sphingosine(M+H)_18,BA_Asyn,0.2864531468151205,0.0455084550497167,A3,APOE3
CAR 16:0(M+H)_16.86,CAR,BA_Asyn,0.8724778134237478,0.0603147926951075,A3,APOE3
CAR 18:0(M+H)_19.78,CAR,BA_Asyn,0.7093810877309172,0.0576047628315906,A3,APOE3
CE 18:1(d7)(M+NH4)_41.64,CE,BA_Asyn,0.0140059066611218,0.1826211005782921,A3,APOE3
CE 18:2(M+NH4)_41,CE,BA_Asyn,0.6186228620240084,0.0130230724105071,A3,APOE3
CE 18:3(M+NH4)_40.5,CE,BA_Asyn,0.5474600769603715,0.0380651202198302,A3,APOE3
CE 20:4(M+NH4)_40.75,CE,BA_Asyn,0.588792119373635,0.0454652735550767,A3,APOE3
CE 22:6(M+NH4)_40.4,CE,BA_Asyn,0.9999999860538152,0.6094209498397349,A3,APOE3
CL 70:4|CL 34:2_36:2(M+NH4)_39.1,CL,BA_Asyn,0.5552607293077082,0.0277177594703465,A3,APOE3
CL 72:4|CL 18:1_18:1_18:1_18:1(M-H)_39.36,CL,BA_Asyn,0.4757484048782903,0.0802685285685202,A3,APOE3
CL 72:5|CL 18:1_18:1_18:1_18:2(M-H)_39.11,CL,BA_Asyn,0.3548244491828656,0.0330964457911665,A3,APOE3
CL 72:5|CL 36:2_36:3(M+NH4)_39.22,CL,BA_Asyn,0.3730121760025009,0.0257555628174525,A3,APOE3
CL 72:7|CL 16:1_18:1_18:1_20:4(M-H)_38.85,CL,BA_Asyn,0.6110609271154634,0.0514940660149079,A3,APOE3
CL 74:7|CL 18:1_18:1_18:1_20:4(M-H)_39.11,CL,BA_Asyn,0.3444296211975921,0.0455446591497265,A3,APOE3
CL 74:7|CL 36:2_38:5(M+NH4)_39.1,CL,BA_Asyn,0.3703283054380092,0.0511078717542263,A3,APOE3
CL 74:8|CL 18:1_18:2_18:1_20:4(M-H)_38.97,CL,BA_Asyn,0.4987390955053517,0.0781112604749551,A3,APOE3
CL 76:10|CL 18:1_20:4_18:1_20:4(M-H)_38.85,CL,BA_Asyn,0.4971894994745185,0.0507574916654426,A3,APOE3
CL 76:5|CL 39:1_37:4(M-H)_35.04,CL,BA_Asyn,0.8699092995426966,0.0610192931993006,A3,APOE3
CL 76:9|CL 18:1_18:1_18:1_22:6(M-H)_38.98,CL,BA_Asyn,0.3800661132655541,0.1541209330591894,A3,APOE3
CL 76:9|CL 36:2_40:7(M+NH4)_38.98,CL,BA_Asyn,0.3733327549499424,0.103053272008917,A3,APOE3
CL 78:7|CL 41:2_37:5(M-H)_35.04,CL,BA_Asyn,1.0,0.0796212158411744,A3,APOE3
CL 79:5(M+NH4)_34.52,CL,BA_Asyn,1.0,0.196083008710534,A3,APOE3
CL 79:6|CL 36:1_43:5(M-H)_34.4,CL,BA_Asyn,0.966501793670594,0.0456327483780034,A3,APOE3
CL 79:9|CL 38:4_41:5(M-H)_32.37,CL,BA_Asyn,1.0,0.0594418093387024,A3,APOE3
CL 80:6|CL 36:1_44:5(M-H)_34.4,CL,BA_Asyn,0.994888071010685,0.0562770471233254,A3,APOE3
CL 90:18|CL 46:6_44:12(M-H)_30.21,CL,BA_Asyn,0.0759268312855485,0.3555879695544408,A3,APOE3
Cer 36:1;O2|Cer 18:1;O2/18:0(M+H-[H2O])_36.56,Cer_NS,BA_Asyn,1.0,0.0750108446881588,A3,APOE3
Cer 36:1;O2|Cer 18:1;O2/18:0(M+H-[H2O])_38.34,Cer_NS,BA_Asyn,0.6287016010498826,0.0764787755682239,A3,APOE3
Cer 36:1;O2|Cer 18:1;O2/18:0(M-H)_36.56,Cer_NS,BA_Asyn,0.7563162179575624,0.1362670219198809,A3,APOE3
Cer 36:2;O2|Cer 18:2;O2/18:0(M+H-[H2O])_34.9,Cer_NS,BA_Asyn,0.8607889867674783,0.0919209385572273,A3,APOE3
Cer 37:1;O4|Cer 18:0;O3/19:1(2OH)(M-H)_36.56,Cer_AP,BA_Asyn,1.0,0.0681155011886545,A3,APOE3
Cer 38:1;O2|Cer 20:1;O2/18:0(M+H-[H2O])_37.58,Cer_NS,BA_Asyn,0.6975483770455282,0.0361319990094803,A3,APOE3
Cer 41:1;O2|Cer 18:1;O2/23:0(M+H)_38.47,Cer_NS,BA_Asyn,0.5496861052014361,0.0410298644642778,A3,APOE3
Cer 41:1;O4|Cer 26:0;O3(FA 15:0)(M-H)_38.22,Cer_EODS,BA_Asyn,0.537647074349547,0.029609695250706,A3,APOE3
Cer 42:1;O2|Cer 26:1;O2/16:0(M+Na)_38.98,Cer_NS,BA_Asyn,0.0591223146061344,0.0102980397869249,A3,APOE3
Cer 42:2;O2|Cer 18:1;O2/24:1(M+H)_38.09,Cer_NS,BA_Asyn,0.3368518074131657,0.0258498356957857,A3,APOE3
Cer 42:2;O2|Cer 18:1;O2/24:1(M+H-[H2O])_38.2,Cer_NS,BA_Asyn,0.3882780457614379,0.0386312256146573,A3,APOE3
Cer 42:2;O2|Cer 18:1;O2/24:1(M+H-[H2O])_39.23,Cer_NS,BA_Asyn,0.2990446304480385,0.0230988089962163,A3,APOE3
Cer 56:11;O4|Cer 38:9;O3(FA 18:1)(+C2H3O2-)_38.48,Cer_EOS,BA_Asyn,1.0,1.4209952844922045,A3,APOE3
CoQ10(M+H)_39.35,CoQ,BA_Asyn,0.6729906885389584,0.1638844409591491,A3,APOE3
CoQ9(M+H)_38.85,CoQ,BA_Asyn,0.4488004377853615,0.081423353446495,A3,APOE3
DG 18:2(M+Na)_10.61,DG,BA_Asyn,0.1756571857702306,0.0332333935053907,A3,APOE3
DG 18:2(M+Na)_6.94,DG,BA_Asyn,0.4209222767964795,0.1987479332807273,A3,APOE3
DG 19:2(M+Na)_14.69,DG,BA_Asyn,0.1892394331694145,0.0385659937802457,A3,APOE3
DG 20:4(M+Na)_10.88,DG,BA_Asyn,0.0962669572586554,0.0165581990651359,A3,APOE3
DG 20:4(M+Na)_7.45,DG,BA_Asyn,0.1046427113142998,0.017104011268486,A3,APOE3
DG 23:2(M+Na)_25.88,DG,BA_Asyn,0.0853191247671912,0.0176519821101111,A3,APOE3
DG 28:2(M+Na)_30.08,DG,BA_Asyn,0.0362951677776963,0.0100646880305973,A3,APOE3
DG 30:5(M+Na)_29.95,DG,BA_Asyn,0.0440587445717313,0.0119201897842003,A3,APOE3
DG 33:1(d7)|DG 15:0_18:1(d7)(M+NH4)_36.81,DG,BA_Asyn,0.0033548416030881,0.0522065596673151,A3,APOE3
DG 34:0|DG 16:0_18:0(M+NH4)_37.96,DG,BA_Asyn,0.5063381282034493,0.1695117121860745,A3,APOE3
DG 34:1|DG 16:0_18:1(M+NH4)_37.32,DG,BA_Asyn,0.8831092354206134,0.047151925457295,A3,APOE3
DG 36:0|DG 18:0_18:0(M+NH4)_38.47,DG,BA_Asyn,0.0387625499344543,0.0060696814943979,A3,APOE3
DG 36:1|DG 18:0_18:1(M+NH4)_37.97,DG,BA_Asyn,0.93839101159133,0.0546201409547174,A3,APOE3
DG 36:2|DG 18:1_18:1(M+NH4)_37.33,DG,BA_Asyn,1.0,0.1485485168011105,A3,APOE3
DG 36:4|DG 16:0_20:4(M+NH4)_36.06,DG,BA_Asyn,1.0,1.281448051288692,A3,APOE3
DG 38:4|DG 18:0_20:4(M+NH4)_37.32,DG,BA_Asyn,0.891757862624961,0.0505087320844721,A3,APOE3
DG 38:5|DG 18:1_20:4(M+NH4)_36.29,DG,BA_Asyn,0.2787231105911393,0.1048296046381089,A3,APOE3
DG 38:6(M+Na)_35.54,DG,BA_Asyn,0.7717259372639381,0.0461414920251073,A3,APOE3
DG 38:6|DG 16:0_22:6(M+NH4)_35.54,DG,BA_Asyn,0.9365866066361044,0.0504112218823898,A3,APOE3
DG 40:2(M+Na)_38.6,DG,BA_Asyn,0.0336622471534993,0.0058251098183241,A3,APOE3
DG 40:4|DG 18:0_22:4(M+NH4)_37.83,DG,BA_Asyn,0.2942392362982636,0.1015182989940605,A3,APOE3
DG 40:6(M+Na)_37.07,DG,BA_Asyn,0.7940809805764532,0.0492049561767375,A3,APOE3
DG 40:6|DG 18:0_22:6(M+NH4)_37.07,DG,BA_Asyn,0.8002053658333147,0.0261773822523681,A3,APOE3
DG 40:7|DG 18:1_22:6(M+NH4)_35.67,DG,BA_Asyn,1.0,0.3167922183005641,A3,APOE3
DG 45:10(M+Na)_35.54,DG,BA_Asyn,0.5280478637287355,0.3025584287226884,A3,APOE3
DG 47:11(M+Na)_35.67,DG,BA_Asyn,0.89993786129743,0.2214464641206284,A3,APOE3
DG 47:12(M+Na)_30.46,DG,BA_Asyn,0.0920007222055818,0.4751701117919308,A3,APOE3
DG 51:9(M+Na)_38.85,DG,BA_Asyn,1.0,0.2943224813008103,A3,APOE3
DG 52:1(M+Na)_42.16,DG,BA_Asyn,0.9068994755117544,0.0283833201327899,A3,APOE3
DG O-37:1|DG O-19:1_18:0(M+NH4)_37.7,EtherDG,BA_Asyn,0.0987583178438648,0.0124926060347416,A3,APOE3
DLCL 36:3(M-H)_29.32,DLCL,BA_Asyn,0.8829309903391945,0.0668764312441595,A3,APOE3
DLCL 42:1(M-H)_20.42,DLCL,BA_Asyn,1.0,0.4381425257365108,A3,APOE3
DLCL 42:11(M-H)_29.32,DLCL,BA_Asyn,0.9069429812708134,0.0503146442744323,A3,APOE3
DLCL 44:12(M-H)_29.57,DLCL,BA_Asyn,0.589483776464589,0.1332081935742148,A3,APOE3
Diisodecyl phthalate (also known as the production of plastic)(M+H)_29.19,Others,BA_Asyn,0.0497013190699647,0.0078595582362264,A3,APOE3
Dioctyl phthalate (also known as the production of plastic)(M+H)_24.1,Others,BA_Asyn,0.022626604852644,0.0049628112235893,A3,APOE3
HexCer 36:1;O2|HexCer 18:1;O2/18:0(M+H)_34.91,HexCer_NS,BA_Asyn,0.3751662162628085,0.074333618290462,A3,APOE3
HexCer 38:1;O2(M+H)_36.69,HexCer_NDS,BA_Asyn,0.3613477776946595,0.0730825885765044,A3,APOE3
HexCer 38:1;O3|HexCer 18:1;O2/20:0;O(M+H)_36.31,HexCer_HS,BA_Asyn,0.665394250240119,0.7908562432552246,A3,APOE3
HexCer 40:1;O2(M+H)_37.58,HexCer_NDS,BA_Asyn,0.6433322998348008,1.066695778314701,A3,APOE3
HexCer 40:1;O3(M+H)_37.33,HexCer_HS,BA_Asyn,0.5115110198177011,0.5295687303554312,A3,APOE3
HexCer 40:1;O3|HexCer 18:1;O2/22:0;O(M-H)_37.44,HexCer_HS,BA_Asyn,0.4143596057747225,0.3214834594034694,A3,APOE3
HexCer 40:2;O2|HexCer 18:2;O2/22:0(M+H)_37.44,HexCer_NS,BA_Asyn,0.788227499832082,1.210115534809517,A3,APOE3
HexCer 41:1;O3(M+H)_37.7,HexCer_HS,BA_Asyn,0.3786645475317161,0.4604697999770681,A3,APOE3
HexCer 41:1;O3|HexCer 21:1;O2/20:0;O(M-H)_37.71,HexCer_HS,BA_Asyn,0.2469210772520594,0.0803404856322066,A3,APOE3
HexCer 42:1;O2(M+H)_38.09,HexCer_NDS,BA_Asyn,0.332599801337813,0.4294544716284805,A3,APOE3
HexCer 42:1;O2(M+H-[H2O])_38.21,HexCer_NDS,BA_Asyn,0.0449210165666552,0.0082492617663466,A3,APOE3
HexCer 42:1;O3(M+H)_37.97,HexCer_HS,BA_Asyn,0.3640445667588002,0.3476699912495465,A3,APOE3
HexCer 42:1;O3|HexCer 18:1;O2/24:0;O(M-H)_38.08,HexCer_HS,BA_Asyn,0.5439684697459445,1.952920814117948,A3,APOE3
HexCer 42:2;O2|HexCer 18:1;O2/24:1(M+H)_37.58,HexCer_NS,BA_Asyn,0.7095979681830695,0.4142678120841434,A3,APOE3
HexCer 42:2;O2|HexCer 18:1;O2/24:1(M+H-[H2O])_37.58,HexCer_NS,BA_Asyn,0.5559024991737653,0.9668890174055188,A3,APOE3
HexCer 42:2;O3|HexCer 18:1;O2/24:1;O(M+H)_37.32,HexCer_HS,BA_Asyn,0.7825418596523527,0.9509512215027484,A3,APOE3
HexCer 42:3;O2|HexCer 18:2;O2/24:1(M+H)_37.32,HexCer_NS,BA_Asyn,0.5984517499267847,0.7129417793966158,A3,APOE3
HexCer 43:1;O3|HexCer 18:1;O2/25:0;O(M+H)_38.24,HexCer_HS,BA_Asyn,0.4480591973844304,1.267051401969493,A3,APOE3
HexCer 43:1;O3|HexCer 18:1;O2/25:0;O(M+H-[H2O])_37.83,HexCer_HS,BA_Asyn,0.5441723291370976,0.6807065545926928,A3,APOE3
HexCer 43:2;O3|HexCer 18:1;O2/25:1;O(M+H)_37.7,HexCer_HS,BA_Asyn,0.1245913298431361,0.0162522253370113,A3,APOE3
LPA 19:5(M-H)_17.24,LPA,BA_Asyn,0.1063019842071776,0.0988342578871809,A3,APOE3
LPC 14:0(M+H)_8.21,LPC,BA_Asyn,0.9023871326639956,0.0330790083535827,A3,APOE3
LPC 16:0(M+H)_16.35,LPC,BA_Asyn,0.9056979048137656,0.0528281803158201,A3,APOE3
LPC 16:0/0:0(M+H)_17.11,LPC,BA_Asyn,0.915073258668864,0.0561736947580194,A3,APOE3
LPC 16:1(M+H)_10.88,LPC,BA_Asyn,0.8605283208420506,0.0236061307771253,A3,APOE3
LPC 16:1(M+H)_12.53,LPC,BA_Asyn,0.9857411838585316,0.0597788322508813,A3,APOE3
LPC 17:3(M+H)_20.67,LPC,BA_Asyn,1.0,0.1209046944908798,A3,APOE3
LPC 18:0(M+H)_20.29,LPC,BA_Asyn,0.9864108521721572,0.0818305601504234,A3,APOE3
LPC 18:2(M+H)_13.93,LPC,BA_Asyn,0.7579845460641729,0.1434006133743892,A3,APOE3
LPC 18:2(M+H)_15.2,LPC,BA_Asyn,0.5066186181761414,0.0820999840072386,A3,APOE3
LPC 18:3(M+H)_16.35,LPC,BA_Asyn,1.0,0.0526139591079734,A3,APOE3
LPC 18:3/0:0(M+H)_17.11,LPC,BA_Asyn,0.9087339970247628,0.0483806798348465,A3,APOE3
LPC 19:0/0:0(M+H)_21.81,LPC,BA_Asyn,0.4119148259687696,0.0425472567016177,A3,APOE3
LPC 20:0/0:0(M+H)_23.34,LPC,BA_Asyn,0.331701647764294,0.0362003283382438,A3,APOE3
LPC 20:1(M+Na)_20.66,LPC,BA_Asyn,0.7800794902377218,0.0413660872419588,A3,APOE3
LPC 20:3(M+H)_15.97,LPC,BA_Asyn,0.74956877046319,0.095729729245972,A3,APOE3
LPC 20:4(M+H)_14.06,LPC,BA_Asyn,1.0,0.1026558568580125,A3,APOE3
LPC 22:0/0:0(M+H)_26.39,LPC,BA_Asyn,0.7999450629534517,0.2986628880904608,A3,APOE3
LPC 22:1(M+H)_23.46,LPC,BA_Asyn,0.7727881334171659,0.1053968674948613,A3,APOE3
LPC 22:4(M+H)_17.49,LPC,BA_Asyn,0.9912488021429744,0.0674066482361222,A3,APOE3
LPC 22:6(M+H)_13.81,LPC,BA_Asyn,0.9991216351690062,0.1052952395767798,A3,APOE3
LPC 22:6(M+Na)_13.8,LPC,BA_Asyn,0.8422491103254695,0.1050516245671961,A3,APOE3
LPC 22:6(M+Na)_14.81,LPC,BA_Asyn,0.6810378289687443,0.0811376010249645,A3,APOE3
LPC 24:1(M+H)_25.76,LPC,BA_Asyn,0.3699773980246689,0.0637645995109593,A3,APOE3
LPC 24:4(M+H)_19.65,LPC,BA_Asyn,0.8081117916313547,0.1316384340108489,A3,APOE3
LPC O-16:0(M+H)_18.25,EtherLPC,BA_Asyn,0.8354197104718944,0.0256621622445035,A3,APOE3
LPE 15:0(M-H)_14.57,LPE,BA_Asyn,0.0693476120176079,0.0366703473693818,A3,APOE3
LPE 16:0(M+H)_16.48,LPE,BA_Asyn,0.994195993828218,0.0684094124636872,A3,APOE3
LPE 16:0(M-H)_16.48,LPE,BA_Asyn,1.0,0.0968469463648439,A3,APOE3
LPE 16:1(M+H)_10.62,LPE,BA_Asyn,0.7683575586992806,0.1044405460251345,A3,APOE3
LPE 16:1(M-H)_10.63,LPE,BA_Asyn,1.0,0.1894533787300995,A3,APOE3
LPE 18:0(M+H)_20.67,LPE,BA_Asyn,1.0,0.0621086704467576,A3,APOE3
LPE 18:0(M-H)_20.68,LPE,BA_Asyn,1.0,0.0643070647240033,A3,APOE3
LPE 18:1(M+H)_17.49,LPE,BA_Asyn,1.0,0.7057716044275643,A3,APOE3
LPE 18:1(d7)(M-H)_17.37,LPE,BA_Asyn,0.0236290423671062,0.0262094746243917,A3,APOE3
LPE 18:2(M+H)_13.95,LPE,BA_Asyn,0.9999709156977794,0.5164790566129925,A3,APOE3
LPE 18:2(M-H)_14.06,LPE,BA_Asyn,0.6217456094393788,0.1266080712551576,A3,APOE3
LPE 18:2(M-H)_15.34,LPE,BA_Asyn,0.5229272807683215,0.0765466331746392,A3,APOE3
LPE 19:1(M-H)_19.02,LPE,BA_Asyn,1.0,1.4177530006416943,A3,APOE3
LPE 20:0(M+H)_23.21,LPE,BA_Asyn,0.2504241767925716,0.0436411244007247,A3,APOE3
LPE 20:0(M-H)_23.22,LPE,BA_Asyn,1.0,3.4378256332468435,A3,APOE3
LPE 20:1(M+H)_20.41,LPE,BA_Asyn,1.0,0.6463033948384092,A3,APOE3
LPE 20:2(M+H)_18.5,LPE,BA_Asyn,0.6940572747278964,0.3006877034613083,A3,APOE3
LPE 20:2(M-H)_18.51,LPE,BA_Asyn,0.7734027047248577,0.4647928596466262,A3,APOE3
LPE 20:3(M+H)_16.35,LPE,BA_Asyn,0.4459317416944816,0.0511857273290473,A3,APOE3
LPE 20:3(M+H)_17.36,LPE,BA_Asyn,1.0,0.1884172525864812,A3,APOE3
LPE 20:3(M-H)_16.35,LPE,BA_Asyn,0.8106751350232483,0.0927714234696762,A3,APOE3
LPE 20:4(M+H)_14.19,LPE,BA_Asyn,1.0,0.1863610395990923,A3,APOE3
LPE 20:4(M-H)_14.19,LPE,BA_Asyn,1.0,0.2527767815612218,A3,APOE3
LPE 20:5(M+H)_9.61,LPE,BA_Asyn,0.5427414178111356,0.098926341876951,A3,APOE3
LPE 20:5(M-H)_9.74,LPE,BA_Asyn,1.0,0.343546566188294,A3,APOE3
LPE 21:1(M-H)_21.82,LPE,BA_Asyn,0.1841066543031616,0.0913268891876189,A3,APOE3
LPE 22:1(M+H)_23.34,LPE,BA_Asyn,0.7730324010778294,0.1318249683647641,A3,APOE3
LPE 22:1(M-H)_23.35,LPE,BA_Asyn,1.0,0.2839005880366853,A3,APOE3
LPE 22:2(M-H)_21.19,LPE,BA_Asyn,1.0,0.6233651741462192,A3,APOE3
LPE 22:4(M+H)_17.74,LPE,BA_Asyn,1.0,0.3519558175390667,A3,APOE3
LPE 22:5(M+H)_15.59,LPE,BA_Asyn,0.0300158279893048,0.013879507895142,A3,APOE3
LPE 22:6(M-H)_13.94,LPE,BA_Asyn,1.0,0.2004452510736524,A3,APOE3
LPE 24:1(M+H)_26.26,LPE,BA_Asyn,0.9900519441456734,0.7747008245274897,A3,APOE3
LPE 24:4(M+H)_20.03,LPE,BA_Asyn,0.8775852168626596,0.1615128363787304,A3,APOE3
LPE 24:4(M-H)_20.04,LPE,BA_Asyn,1.0,0.1800605977977901,A3,APOE3
LPE 24:5(M+H)_18.76,LPE,BA_Asyn,0.9763193737192536,0.3054769773433109,A3,APOE3
LPE 24:5(M-H)_18.77,LPE,BA_Asyn,0.7817313811833339,0.1140346334044376,A3,APOE3
LPE 24:6(M+H)_17.24,LPE,BA_Asyn,0.9946949031809408,0.2540672650645948,A3,APOE3
LPE 24:6(M-H)_17.24,LPE,BA_Asyn,0.9999969232844612,0.1524595655142065,A3,APOE3
LPE O-16:0(M-H)_18.64,EtherLPE,BA_Asyn,0.8679459637783301,0.0356145073911766,A3,APOE3
LPE O-18:0(M+H)_22.07,EtherLPE,BA_Asyn,0.8778416121406599,0.0550250055193825,A3,APOE3
LPE O-18:0(M-H)_22.08,EtherLPE,BA_Asyn,0.967930243568466,0.3784448771214143,A3,APOE3
LPE P-18:1(M+H)_20.67,EtherLPE,BA_Asyn,1.0,0.0693241398018928,A3,APOE3
LPG 15:0(M-H)_9.35,LPG,BA_Asyn,0.1454587578513742,0.2718653097575849,A3,APOE3
LPG 16:0(M-H)_14.06,LPG,BA_Asyn,0.9911812906186428,0.060351185954889,A3,APOE3
LPG 18:1(M-H)_14.19,LPG,BA_Asyn,0.906644935504768,0.0649234805723516,A3,APOE3
LPG O-20:1(M-H)_20.17,EtherLPG,BA_Asyn,0.4771456420796705,0.0808944845157126,A3,APOE3
LPI 15:0(M-H)_6.82,LPI,BA_Asyn,0.2241050264832035,3.625760700033415,A3,APOE3
LPI 16:0(M-H)_10.25,LPI,BA_Asyn,0.8054882467163335,0.0431880299025628,A3,APOE3
LPI 18:0(M-H)_17.62,LPI,BA_Asyn,0.9769316799490172,0.1613666117828219,A3,APOE3
LPI 20:4(M-H)_6.83,LPI,BA_Asyn,0.9641663762941324,0.1621539872254174,A3,APOE3
LPI 22:6(M-H)_6.95,LPI,BA_Asyn,0.8861149471411607,0.1263349366834401,A3,APOE3
LPS 15:0(M-H)_6.95,LPS,BA_Asyn,0.0176459228095445,0.0069060262404701,A3,APOE3
LPS 18:0(M-H)_17.75,LPS,BA_Asyn,1.0,0.0662243119341754,A3,APOE3
LPS 18:1(M-H)_11.26,LPS,BA_Asyn,0.6903253173229446,0.1054522434983131,A3,APOE3
LPS 18:1(M-H)_13.43,LPS,BA_Asyn,0.726046371829461,0.079556143023139,A3,APOE3
LPS 20:4(M-H)_7.08,LPS,BA_Asyn,0.9124516559113146,0.0939520622318349,A3,APOE3
LPS 22:4(M-H)_13.18,LPS,BA_Asyn,0.9948169085734988,0.2325301247127353,A3,APOE3
LPS 22:4(M-H)_14.57,LPS,BA_Asyn,1.0,0.3241208018494716,A3,APOE3
LPS 22:6(M-H)_7.08,LPS,BA_Asyn,1.0,0.0603256895556318,A3,APOE3
MGDG 36:1|MGDG 16:0_20:1(M+NH4)_36.82,MGDG,BA_Asyn,0.6125503921030954,0.1598887770902279,A3,APOE3
MMPE 42:2|MMPE 20:1_22:1(M-H)_37.19,MMPE,BA_Asyn,0.2583209016278044,0.0412609058766333,A3,APOE3
NAE 16:0(M+H)_19.66,NAE,BA_Asyn,0.2695568784194305,0.0587985846112073,A3,APOE3
NAE 18:0(M+H)_22.83,NAE,BA_Asyn,0.1237895217028564,0.0132026552592462,A3,APOE3
NAE 18:1(M+H)_20.16,NAE,BA_Asyn,0.5905689804257971,0.0367751829071385,A3,APOE3
NAE 26:5(M+H)_22.33,NAE,BA_Asyn,0.0095624961438984,0.0294838515594554,A3,APOE3
PA 33:1(d7)|PA 15:0_18:1(d7)(M-H)_33.5,PA,BA_Asyn,0.0285313695669438,0.0051819427347183,A3,APOE3
PA 33:1(d7)|PA 15:0_18:1(d7)(M-H)_35.55,PA,BA_Asyn,0.2056544985506155,0.5510457999365681,A3,APOE3
PA 33:1(d7)|PA 15:0_18:1(d7)(M-H)_41.65,PA,BA_Asyn,0.017059827492661,0.0215005736829676,A3,APOE3
PC 22:0(M+H)_22.96,PC,BA_Asyn,0.827090535034555,0.0390899684826376,A3,APOE3
PC 23:0(M+H)_23.47,PC,BA_Asyn,0.9357270668760458,0.0951644523688928,A3,APOE3
PC 30:0|PC 14:0_16:0(M+H)_31.98,PC,BA_Asyn,0.9141872558692518,0.0460208251126912,A3,APOE3
PC 31:0|PC 15:0_16:0(M+H)_33.12,PC,BA_Asyn,0.7219681411238228,0.0307533126568736,A3,APOE3
PC 31:2(M+H)_33.12,PC,BA_Asyn,0.9012943420679168,0.0638178224044954,A3,APOE3
PC 32:0|PC 16:0_16:0(M+H)_34.14,PC,BA_Asyn,1.0,0.0577634829484263,A3,APOE3
PC 32:1|PC 16:0_16:1(M+H)_32.24,PC,BA_Asyn,0.9506079515408378,0.0320321237539198,A3,APOE3
PC 32:2(M+H)_30.34,PC,BA_Asyn,0.8559360674024821,0.0530334633894309,A3,APOE3
PC 33:0|PC 16:0_17:0(M+H)_35.16,PC,BA_Asyn,0.6438240828155595,0.0317394248737339,A3,APOE3
PC 33:1(d7)|PC 15:0_18:1(d7)(M+H)_33.25,PC,BA_Asyn,0.0005757664859747,0.0027220332463485,A3,APOE3
PC 33:1|PC 16:0_17:1(M+H)_33.38,PC,BA_Asyn,0.8508562766498664,0.0550218349849643,A3,APOE3
PC 34:0|PC 16:0_18:0(M+H)_36.17,PC,BA_Asyn,0.5953341109835373,0.0822707113397614,A3,APOE3
PC 34:1(M+H)_34.4,PC,BA_Asyn,0.9285420218795568,0.0606846675900453,A3,APOE3
PC 34:2|PC 16:1_18:1(M+H)_32.74,PC,BA_Asyn,0.9310799753553112,0.0424181237360138,A3,APOE3
PC 34:3(M+H)_30.59,PC,BA_Asyn,0.0,4.078784035308688e-12,A3,APOE3
PC 34:4(M+H)_30.48,PC,BA_Asyn,1.0,0.469874843866826,A3,APOE3
PC 35:0|PC 16:0_19:0(M+H)_36.69,PC,BA_Asyn,0.5497354874707944,0.0862980713347981,A3,APOE3
PC 35:1|PC 17:0_18:1(M+H)_35.29,PC,BA_Asyn,0.9000354101893937,0.0446108418848074,A3,APOE3
PC 35:2(M+H)_33.63,PC,BA_Asyn,0.1460771884557744,0.0258607424062013,A3,APOE3
PC 36:1|PC 9:0_27:1(M+H)_36.3,PC,BA_Asyn,0.9909606540028928,0.1173369134936934,A3,APOE3
PC 36:2|PC 18:1_18:1(M+H)_34.65,PC,BA_Asyn,0.706876728882022,0.0235754909094531,A3,APOE3
PC 36:3(M+H)_32.49,PC,BA_Asyn,0.7659826975763673,0.8502007163443516,A3,APOE3
PC 36:4|PC 18:2_18:2(M+H)_32.36,PC,BA_Asyn,0.9459876649359809,0.0428879619464786,A3,APOE3
PC 36:6(M+H)_29.44,PC,BA_Asyn,0.8432238740138902,0.0480334502836188,A3,APOE3
PC 38:1(M+H)_37.2,PC,BA_Asyn,1.0,0.1906037191690224,A3,APOE3
PC 38:2|PC 18:1_20:1(M+H)_36.31,PC,BA_Asyn,0.1881853534463207,0.0744764401996275,A3,APOE3
PC 38:3|PC 18:0_20:3(M+H)_35.28,PC,BA_Asyn,0.6040078475219484,1.0386643641745603,A3,APOE3
PC 38:4|PC 16:0_22:4(M+H)_34.64,PC,BA_Asyn,0.9559979897889374,0.0435355130573208,A3,APOE3
PC 38:5|PC 18:0_20:5(M+H)_32.61,PC,BA_Asyn,0.508792332706001,0.3328361611884165,A3,APOE3
PC 38:6(M+H)_31.74,PC,BA_Asyn,0.924691345605282,0.0442526972958765,A3,APOE3
PC 38:7|PC 16:1_22:6(M+H)_29.81,PC,BA_Asyn,0.9314220010591512,0.0832131790318861,A3,APOE3
PC 39:6|PC 17:0_22:6(M+H)_32.87,PC,BA_Asyn,0.7457646047806971,0.0442976455418114,A3,APOE3
PC 40:1(M+H)_37.96,PC,BA_Asyn,1.0,0.4288975664556257,A3,APOE3
PC 40:2|PC 20:1_20:1(M+H)_37.2,PC,BA_Asyn,0.1365982709248212,0.0582434401602179,A3,APOE3
PC 40:4(M+H)_35.91,PC,BA_Asyn,1.0,0.0644848911836947,A3,APOE3
PC 40:6(M+Na)_33.99,PC,BA_Asyn,1.0,0.1259245942070824,A3,APOE3
PC 40:6|PC 18:0_22:6(M+H)_33.89,PC,BA_Asyn,0.9435264259961404,0.0464048055306116,A3,APOE3
PC 40:7(M+Na)_31.98,PC,BA_Asyn,0.7528267500133657,0.0507156205040991,A3,APOE3
PC 40:7|PC 18:1_22:6(M+H)_31.98,PC,BA_Asyn,0.9185499177857313,0.0642813013247004,A3,APOE3
PC 40:8|PC 18:2_22:6(M+H)_30.21,PC,BA_Asyn,0.3247550881391482,0.3519520711152303,A3,APOE3
PC 40:9|PC 18:3_22:6(M+H)_31.86,PC,BA_Asyn,0.8912921906065238,0.0415784885761524,A3,APOE3
PC 41:1(M+H)_38.24,PC,BA_Asyn,1.0,0.6490267008273216,A3,APOE3
PC 42:10(M+H)_29.7,PC,BA_Asyn,0.7533673702445962,0.1043436391668028,A3,APOE3
PC 42:1|PC 24:0_18:1(M+H)_38.47,PC,BA_Asyn,0.7313511754411095,0.0743156935788175,A3,APOE3
PC 42:2|PC 18:1_24:1(M+H)_37.96,PC,BA_Asyn,0.5726446180515412,0.0968559352366102,A3,APOE3
PC 42:4(M+H)_36.94,PC,BA_Asyn,1.0,0.0662686115715779,A3,APOE3
PC 42:7(M+H)_33.89,PC,BA_Asyn,0.6037084110491935,0.0449967426586993,A3,APOE3
PC 42:9(M+H)_30.84,PC,BA_Asyn,0.6753977456092592,0.0554783605088473,A3,APOE3
PC 43:1(M+H)_38.72,PC,BA_Asyn,0.3460887355144177,0.0469053001259309,A3,APOE3
PC 44:10(M+H)_31.47,PC,BA_Asyn,0.6611579336659515,0.0660576995362547,A3,APOE3
PC 44:12|PC 22:6_22:6(M+H)_29.19,PC,BA_Asyn,0.6319219066215451,0.0659111553407376,A3,APOE3
PC 52:4(M+H)_39.35,PC,BA_Asyn,0.5291824049641323,0.0275978718770979,A3,APOE3
PC 52:5(M+H)_38.98,PC,BA_Asyn,1.0,0.2236232513084627,A3,APOE3
PC 54:6(M+H)_39.1,PC,BA_Asyn,0.6969621969812052,0.0454776842448101,A3,APOE3
PC O-32:0|PC O-16:0_16:0(M+H)_35.54,EtherPC,BA_Asyn,0.9578343507306588,0.036745905036807,A3,APOE3
PC O-34:0|PC O-18:0_16:0(M+H)_36.94,EtherPC,BA_Asyn,0.5128975388801087,0.2547236607463187,A3,APOE3
PC O-34:1|PC O-18:1_16:0(M+H)_35.54,EtherPC,BA_Asyn,0.8479181413038427,0.0396076266686877,A3,APOE3
PC O-34:2|PC O-15:2_19:0(M+H)_34.52,EtherPC,BA_Asyn,0.2777253494639987,0.057283408677924,A3,APOE3
PC O-35:4|PC O-13:0_22:4(M+H)_35.8,EtherPC,BA_Asyn,0.9528845913255404,0.0405632380718352,A3,APOE3
PC O-36:4|PC O-16:0_20:4(M+H)_33.76,EtherPC,BA_Asyn,0.9053697814710318,0.0254737676989571,A3,APOE3
PC O-38:1(M+H)_37.58,EtherPC,BA_Asyn,0.2314043095275522,0.5744008119940416,A3,APOE3
PC O-38:6|PC O-16:0_22:6(M+H)_33.12,EtherPC,BA_Asyn,0.8396032829392645,0.0306784679564807,A3,APOE3
PC O-40:11(M+H)_16.6,EtherPC,BA_Asyn,0.0111081536628295,0.0056009959645753,A3,APOE3
PC O-40:1|PC O-15:1_25:0(M+H)_38.09,EtherPC,BA_Asyn,0.1634129575215006,1.8014482510347272,A3,APOE3
PC O-41:5(M+H)_37.82,EtherPC,BA_Asyn,0.2754722091669127,0.6587554782485333,A3,APOE3
PE 32:0|PE 16:0_16:0(M+H)_34.78,PE,BA_Asyn,0.8803500043357662,0.0402832109183017,A3,APOE3
PE 33:1(d7)|PE 15:0_18:1(d7)(M+H)_33.76,PE,BA_Asyn,0.0056104365559244,0.0465434470368801,A3,APOE3
PE 33:1(d7)|PE 15:0_18:1(d7)(M-H)_33.77,PE,BA_Asyn,0.0103379198975792,0.1062495097326118,A3,APOE3
PE 34:0|PE 16:0_18:0(M-H)_36.57,PE,BA_Asyn,0.5256989978251647,0.0463143278618807,A3,APOE3
PE 34:1|PE 16:0_18:1(M+H)_34.9,PE,BA_Asyn,0.9061516636146788,0.0527527286130497,A3,APOE3
PE 34:1|PE 16:0_18:1(M-H)_34.91,PE,BA_Asyn,0.90671586591948,0.0488245212697556,A3,APOE3
PE 34:2|PE 16:0_18:2(M-H)_33,PE,BA_Asyn,0.8355985094511754,0.0434437090654109,A3,APOE3
PE 36:1|PE 18:0_18:1(M+H)_36.56,PE,BA_Asyn,1.0,0.0935203201899547,A3,APOE3
PE 36:1|PE 18:0_18:1(M-H)_36.57,PE,BA_Asyn,1.0,0.1189377188403281,A3,APOE3
PE 36:2|PE 18:1_18:1(M+H)_35.03,PE,BA_Asyn,0.9818318578206602,0.0673366088210917,A3,APOE3
PE 36:2|PE 18:1_18:1(M-H)_35.04,PE,BA_Asyn,0.914000652994314,0.0467830534695095,A3,APOE3
PE 36:3|PE 18:1_18:2(M-H)_33.14,PE,BA_Asyn,0.9736745769873588,0.7572705382889369,A3,APOE3
PE 36:4|PE 16:0_20:4(M+H)_32.99,PE,BA_Asyn,0.9337343953844616,0.0353728526901584,A3,APOE3
PE 36:4|PE 16:0_20:4(M-H)_32.88,PE,BA_Asyn,0.9574256284912718,0.037380918439246,A3,APOE3
PE 36:5(M+H)_30.97,PE,BA_Asyn,0.9484179890609776,0.0710504873725057,A3,APOE3
PE 38:1|PE 18:0_20:1(M-H)_37.46,PE,BA_Asyn,0.3572894466020102,0.0359609339639227,A3,APOE3
PE 38:2|PE 18:1_20:1(M-H)_36.57,PE,BA_Asyn,0.1389885705577874,0.0195885784422011,A3,APOE3
PE 38:4|PE 18:0_20:4(M+H)_35.03,PE,BA_Asyn,1.0,0.0772176192925399,A3,APOE3
PE 38:4|PE 18:0_20:4(M-H)_35.04,PE,BA_Asyn,1.0,0.0649952766225121,A3,APOE3
PE 38:5|PE 18:1_20:4(M+H)_33.12,PE,BA_Asyn,0.2894745813590002,0.1076319296453018,A3,APOE3
PE 38:5|PE 18:1_20:4(M-H)_33.13,PE,BA_Asyn,0.3166968627046757,0.0469140749104547,A3,APOE3
PE 38:6|PE 16:0_22:6(M+H)_32.36,PE,BA_Asyn,0.9544945583818109,0.039463273582438,A3,APOE3
PE 38:6|PE 16:0_22:6(M-H)_32.37,PE,BA_Asyn,1.0,0.0446520543089431,A3,APOE3
PE 38:7|PE 16:1_22:6(M+H)_30.35,PE,BA_Asyn,0.943382130383705,0.1699331178474545,A3,APOE3
PE 39:6(M+H)_33.51,PE,BA_Asyn,0.7797040801329176,0.0822950030065503,A3,APOE3
PE 40:1|PE 18:0_22:1(M-H)_36.69,PE,BA_Asyn,0.2378099766893289,0.0389021516363716,A3,APOE3
PE 40:4|PE 18:0_22:4(M+H)_36.3,PE,BA_Asyn,0.3890087130825549,0.0714145694036318,A3,APOE3
PE 40:4|PE 18:0_22:4(M-H)_36.31,PE,BA_Asyn,0.4376581781757154,0.0881504643308739,A3,APOE3
PE 40:6|PE 18:0_22:6(M+H)_34.63,PE,BA_Asyn,0.9982825080759522,0.0609190820394962,A3,APOE3
PE 40:6|PE 18:0_22:6(M-H)_34.53,PE,BA_Asyn,1.0,0.0511658143824825,A3,APOE3
PE 40:7(M+H)_32.5,PE,BA_Asyn,0.6734962258115661,0.0611187093467243,A3,APOE3
PE 40:7|PE 18:1_22:6(M-H)_32.62,PE,BA_Asyn,0.7241021963132633,0.0761245851473953,A3,APOE3
PE 44:10(M+H)_32.09,PE,BA_Asyn,0.0209811309272908,0.0051675269649395,A3,APOE3
PE 44:12|PE 22:6_22:6(M+H)_29.7,PE,BA_Asyn,0.4734300483748128,0.0595400936989723,A3,APOE3
PE 44:12|PE 22:6_22:6(M-H)_29.7,PE,BA_Asyn,0.334883609706364,0.0287955843476368,A3,APOE3
PE O-34:1(M+H)_36.05,EtherPE,BA_Asyn,0.9367361793725696,0.0452053103020814,A3,APOE3
PE O-34:1|PE O-18:1_16:0(M-H)_36.06,EtherPE,BA_Asyn,0.946453844197467,0.0448317883211088,A3,APOE3
PE O-36:2|PE O-18:1_18:1(M-H)_37.2,EtherPE,BA_Asyn,1.0,0.1275456436073916,A3,APOE3
PE O-37:3|PE O-22:3_15:0(M-H)_30.59,EtherPE,BA_Asyn,0.0,4.177122958538532e-12,A3,APOE3
PE O-38:4|PE O-16:0_22:4(M-H)_35.8,EtherPE,BA_Asyn,0.9642204599297822,0.0701517865254645,A3,APOE3
PE O-38:6|PE O-16:0_22:6(M-H)_33.77,EtherPE,BA_Asyn,0.9307022749521944,0.0437504419472358,A3,APOE3
PE O-40:4|PE O-18:0_22:4(M-H)_37.08,EtherPE,BA_Asyn,1.0,0.0945047771061034,A3,APOE3
PE O-40:6|PE O-18:0_22:6(M-H)_35.8,EtherPE,BA_Asyn,0.637965986872287,0.1034326617448923,A3,APOE3
PE O-40:7|PE O-18:1_22:6(M-H)_35.53,EtherPE,BA_Asyn,0.5178882713822801,0.085764348008457,A3,APOE3
PE P-38:5|PE P-18:1_20:4(M+H)_33.76,EtherPE,BA_Asyn,0.9677573719939138,0.0553867927555728,A3,APOE3
PE P-40:5(M+H)_35.8,EtherPE,BA_Asyn,0.8013612791939777,0.1114369575414836,A3,APOE3
PG 32:0|PG 16:0_16:0(M-H)_31.61,PG,BA_Asyn,0.9867986595688932,0.049088175329092,A3,APOE3
PG 33:1(d7)|PG 15:0_18:1(d7)(M+NH4)_30.59,PG,BA_Asyn,0.0452854826894669,0.0877332769802308,A3,APOE3
PG 34:1|PG 16:0_18:1(M-H)_31.73,PG,BA_Asyn,0.9772863723129824,0.0498740817779144,A3,APOE3
PG 38:2|PG 18:1_20:1(M-H)_35.67,PG,BA_Asyn,0.4781993420273817,0.0865602590325605,A3,APOE3
PG 44:12|PG 22:6_22:6(M-H)_25.5,PG,BA_Asyn,0.8300020444233385,0.0995963078975382,A3,APOE3
PI 32:0|PI 16:0_16:0(M-H)_31.24,PI,BA_Asyn,0.6336299783250323,0.4242516145927955,A3,APOE3
PI 33:1(d7)|PI 15:0_18:1(d7)(M+NH4)_30.2,PI,BA_Asyn,0.0012382445631324,0.0029377619006618,A3,APOE3
PI 33:1(d7)|PI 15:0_18:1(d7)(M-H)_30.21,PI,BA_Asyn,0.0423752680804054,0.1045314140497721,A3,APOE3
PI 33:1(d7)|PI 15:0_18:1(d7)(M-H)_33.26,PI,BA_Asyn,0.8298628742287885,0.955032169364188,A3,APOE3
PI 36:4(M+NH4)_29.44,PI,BA_Asyn,0.7862274959237509,0.0625314631326289,A3,APOE3
PI 36:4|PI 16:0_20:4(M-H)_29.32,PI,BA_Asyn,0.9495477522714378,0.0505584200996224,A3,APOE3
PI 38:4(M+NH4)_31.6,PI,BA_Asyn,0.9857274971810278,0.0668206917226083,A3,APOE3
PI 38:4|PI 18:0_20:4(M-H)_31.61,PI,BA_Asyn,0.9346823662858742,0.0587751788347227,A3,APOE3
PI 38:5(M+NH4)_29.57,PI,BA_Asyn,0.8196118702952411,0.0794724928429605,A3,APOE3
PI 38:5|PI 18:1_20:4(M-H)_29.57,PI,BA_Asyn,0.6945414899467532,0.0600714138524236,A3,APOE3
PI 38:6(M+NH4)_28.82,PI,BA_Asyn,0.8528054209177106,0.0758398523850725,A3,APOE3
PI 40:6(M+NH4)_31.09,PI,BA_Asyn,0.6767778811029566,0.0487044241082031,A3,APOE3
PI 40:6|PI 18:0_22:6(M-H)_31.1,PI,BA_Asyn,0.6881542792407616,0.0547884421648886,A3,APOE3
PS 33:1(d7)|PS 15:0_18:1(d7)(M-H)_30.57,PS,BA_Asyn,0.0,4.019705905116545e-12,A3,APOE3
PS 34:1(M+H)_31.73,PS,BA_Asyn,0.8729468571546521,0.0532433768096096,A3,APOE3
PS 36:0;O3|PS 18:0_18:0;O3(M-H)_32.12,OxPS,BA_Asyn,0.1155975620975474,0.0397413515921807,A3,APOE3
PS 36:1|PS 18:0_18:1(M+H)_33.76,PS,BA_Asyn,0.8167163358167594,0.1493111293666618,A3,APOE3
PS 36:1|PS 18:0_18:1(M-H)_33.77,PS,BA_Asyn,0.675410944226233,0.1219951260740445,A3,APOE3
PS 36:2|PS 18:1_18:1(M+H)_31.98,PS,BA_Asyn,0.9091993584166116,0.0518427008828339,A3,APOE3
PS 36:2|PS 18:1_18:1(M-H)_32.12,PS,BA_Asyn,1.0,0.2170484202749035,A3,APOE3
PS 38:4(M+H)_31.99,PS,BA_Asyn,0.919283069713356,0.0806215030754952,A3,APOE3
PS 38:4|PS 18:0_20:4(M-H)_32.24,PS,BA_Asyn,0.7756347134905376,0.0716387115626646,A3,APOE3
PS 38:5(M+H)_29.95,PS,BA_Asyn,0.3874313958219577,0.027338165141658,A3,APOE3
PS 38:5;O3|PS 18:0_20:5;O3(M-H)_31.35,OxPS,BA_Asyn,0.9824018829364808,0.0785520999033779,A3,APOE3
PS 38:6(M+H)_29.06,PS,BA_Asyn,0.8576204234979125,0.0873146915998903,A3,APOE3
PS 38:6|PS 16:0_22:6(M-H)_29.19,PS,BA_Asyn,0.8365931984967683,0.1243972769564944,A3,APOE3
PS 40:4|PS 18:0_22:4(M+H)_33.5,PS,BA_Asyn,0.3436242494084126,0.0842334994734513,A3,APOE3
PS 40:4|PS 18:0_22:4(M-H)_33.38,PS,BA_Asyn,0.3955212781840447,0.066627758102377,A3,APOE3
PS 40:6(M+Na)_31.34,PS,BA_Asyn,0.9702258279139636,0.1020071710448583,A3,APOE3
PS 40:6|PS 18:0_22:6(M+H)_31.35,PS,BA_Asyn,1.0,0.0622353787659888,A3,APOE3
PS 40:6|PS 18:0_22:6(M-H)_31.35,PS,BA_Asyn,1.0,0.0713297201279236,A3,APOE3
PS 40:6|PS 18:0_22:6(M-H)_35.17,PS,BA_Asyn,1.0,0.0663389995737436,A3,APOE3
PS 40:7(M+H)_29.32,PS,BA_Asyn,0.678961730490154,0.0856499213477426,A3,APOE3
PS 40:7|PS 18:1_22:6(M-H)_29.32,PS,BA_Asyn,0.7535815620794779,0.0600511649074769,A3,APOE3
PS 42:10|PS 20:4_22:6(M-H)_27.15,PS,BA_Asyn,0.741575408076567,0.0893607005252286,A3,APOE3
PS 42:11;O3|PS 22:6_20:5;O3(M-H)_26.52,OxPS,BA_Asyn,0.6305168005810033,0.2418792451013305,A3,APOE3
PS 44:10|PS 22:4_22:6(M+H)_28.81,PS,BA_Asyn,0.7059715708554511,0.0627101405510751,A3,APOE3
PS 44:12|PS 22:6_22:6(M+H)_26.51,PS,BA_Asyn,0.5190321230095506,0.1325997107698552,A3,APOE3
PS 44:12|PS 22:6_22:6(M-H)_26.52,PS,BA_Asyn,0.98875177741001,0.1838890192414626,A3,APOE3
SM 30:5;O3(M+H)_21.68,SM,BA_Asyn,1.0,0.2745200480339958,A3,APOE3
SM 34:1;O2|SM 18:1;O2/16:0(M+H)_32.11,SM,BA_Asyn,0.8642287439033439,0.0435999332355808,A3,APOE3
SM 34:1;O3(M+H)_31.22,SM,BA_Asyn,0.7974636405674449,0.0581117862715648,A3,APOE3
SM 34:2;O2(M+H)_30.08,SM,BA_Asyn,0.7340924113861687,0.0477213239562914,A3,APOE3
SM 35:1;O2(M+H)_33.25,SM,BA_Asyn,1.0,0.1973528370660963,A3,APOE3
SM 36:0;O3(M+H)_36.94,SM,BA_Asyn,0.2519195702070398,0.0276270268747275,A3,APOE3
SM 36:1;O2|SM 18:1;O2/18:0(M+H)_34.4,SM,BA_Asyn,1.0,0.2137976378785846,A3,APOE3
SM 36:2;O2(M+H)_32.49,SM,BA_Asyn,1.0,0.1868036417056463,A3,APOE3
SM 37:4;O3(M+H)_30.58,SM,BA_Asyn,0.008267734183629,0.0014026511336112,A3,APOE3
SM 38:1;O2|SM 20:1;O2/18:0(M+H)_36.3,SM,BA_Asyn,1.0,0.1091802825031307,A3,APOE3
SM 40:1;O2|SM 18:1;O2/22:0(M+H)_37.45,SM,BA_Asyn,0.526727172509761,0.0358588533448838,A3,APOE3
SM 40:2;O2(M+H)_36.43,SM,BA_Asyn,0.6516770687810446,0.0706768675349707,A3,APOE3
SM 40:7;O2(M+H)_27.67,SM,BA_Asyn,0.9188569174358624,0.2246322788523245,A3,APOE3
SM 42:2;O2|SM 18:1;O2/24:1(M+H)_37.32,SM,BA_Asyn,0.3392955216734101,0.0365991254076018,A3,APOE3
SM 42:3;O2|SM 18:1;O2/24:2(M+H)_36.43,SM,BA_Asyn,0.8746847185260254,0.0980402432960488,A3,APOE3
SM 43:4;O2(M+H)_24.36,SM,BA_Asyn,0.3416276467332519,0.1258603992327442,A3,APOE3
ST 27:1;O(M+H-[H2O])_32.24,ST,BA_Asyn,0.4006220583416998,0.5554760591837302,A3,APOE3
ST 27:1;O(M+H-[H2O])_41,ST,BA_Asyn,0.441087843357479,0.0145804614657922,A3,APOE3
ST 27:2;O(M+H)_31.1,ST,BA_Asyn,0.3287888220916059,0.1303003599136498,A3,APOE3
ST 27:2;O(M+H-[H2O])_28.3,ST,BA_Asyn,0.3583923553100072,0.8359281616796622,A3,APOE3
TG 48:0|TG 16:0_16:0_16:0(M+NH4)_40.75,TG,BA_Asyn,0.6482811311489302,0.0626040516460161,A3,APOE3
TG 48:1(d7)|TG 15:0_18:1(d7)_15:0(M+NH4)_40.24,TG,BA_Asyn,0.0011094821243909,0.0038921661588014,A3,APOE3
TG 48:2|TG 16:0_16:1_16:1(M+NH4)_39.76,TG,BA_Asyn,1.0,0.4350253680958822,A3,APOE3
TG 50:0|TG 16:0_16:0_18:0(M+NH4)_41.26,TG,BA_Asyn,1.0,0.6141694158468298,A3,APOE3
TG 50:1|TG 16:0_16:0_18:1(M+NH4)_40.63,TG,BA_Asyn,0.702785862323917,0.1202965230893717,A3,APOE3
TG 50:2|TG 16:0_16:1_18:1(M+NH4)_40.24,TG,BA_Asyn,0.8757386652228523,0.2123839968142531,A3,APOE3
TG 50:3|TG 16:0_16:1_18:2(M+NH4)_39.86,TG,BA_Asyn,0.9290930132098988,0.2052439768174329,A3,APOE3
TG 50:4|TG 16:1_16:1_18:2(M+NH4)_39.48,TG,BA_Asyn,0.816754929629407,0.2293005150703012,A3,APOE3
TG 52:0|TG 16:0_18:0_18:0(M+NH4)_41.89,TG,BA_Asyn,0.6311458349342653,2.2211623068095823,A3,APOE3
TG 52:1|TG 16:0_18:0_18:1(M+NH4)_41.26,TG,BA_Asyn,0.955911062069985,4.115670912135638,A3,APOE3
TG 52:2|TG 16:0_18:1_18:1(M+NH4)_40.63,TG,BA_Asyn,0.5710876933446836,0.1696198174595269,A3,APOE3
TG 52:3|TG 16:0_18:1_18:2(M+NH4)_40.24,TG,BA_Asyn,1.0,0.3122015116888985,A3,APOE3
TG 52:4|TG 16:1_18:1_18:2(M+NH4)_39.86,TG,BA_Asyn,0.9420731628834323,0.2488790769534127,A3,APOE3
TG 52:5|TG 16:1_18:2_18:2(M+NH4)_39.5,TG,BA_Asyn,0.663451458728273,0.109066979864536,A3,APOE3
TG 54:0|TG 18:0_18:0_18:0(M+NH4)_42.53,TG,BA_Asyn,0.9325271039649834,4.0099975271920965,A3,APOE3
TG 54:1|TG 16:0_18:0_20:1(M+NH4)_41.78,TG,BA_Asyn,0.7144356697594341,1.2901560661485505,A3,APOE3
TG 54:2|TG 18:0_18:1_18:1(M+NH4)_40.74,TG,BA_Asyn,0.4746226000469952,1.728752530351394,A3,APOE3
TG 54:3|TG 18:1_18:1_18:1(M+NH4)_40.62,TG,BA_Asyn,0.7388678371251821,0.4553871694227367,A3,APOE3
TG 54:4|TG 18:1_18:1_18:2(M+NH4)_40.24,TG,BA_Asyn,0.4510756289800195,0.1793940872446009,A3,APOE3
TG 54:6|TG 18:1_18:2_18:3(M+NH4)_39.86,TG,BA_Asyn,0.252939521980178,0.0731347319477322,A3,APOE3
TG 60:12|TG 16:0_22:6_22:6(M+NH4)_39.35,TG,BA_Asyn,0.6558404988339215,0.0881917598921058,A3,APOE3
TG O-50:0|TG O-18:0_16:0_16:0(M+NH4)_42.28,EtherTG,BA_Asyn,0.1833128947831407,0.018529962408011,A3,APOE3
TG O-50:2|TG O-16:0_16:0_18:2(M+NH4)_41.12,EtherTG,BA_Asyn,0.8083462722077764,0.0324347132547051,A3,APOE3
TG O-52:1|TG O-18:0_16:0_18:1(M+NH4)_42.16,EtherTG,BA_Asyn,0.3002063776409885,0.0370818482155376,A3,APOE3
TG O-52:2|TG O-18:0_16:0_18:2(M+NH4)_41.64,EtherTG,BA_Asyn,0.665719944250001,0.0763001908853307,A3,APOE3
TG O-52:3|TG O-16:0_18:1_18:2(M+NH4)_41.01,EtherTG,BA_Asyn,0.787962101531463,0.0313713572359937,A3,APOE3
TG O-54:2|TG O-20:0_16:0_18:2(M+NH4)_42.28,EtherTG,BA_Asyn,0.8104840292458215,0.0704000345461908,A3,APOE3
TG O-54:3|TG O-18:0_18:1_18:2(M+NH4)_41.64,EtherTG,BA_Asyn,0.1909457800900178,0.0261414036477698,A3,APOE3
TG O-54:4|TG O-18:0_18:2_18:2(M+NH4)_41.13,EtherTG,BA_Asyn,0.7056876196886076,0.0570269303248134,A3,APOE3
TG O-56:3|TG O-20:0_18:1_18:2(M+NH4)_42.16,EtherTG,BA_Asyn,0.8698014533333975,0.0397151118949353,A3,APOE3
25-hydroxycholecalciferol(M+H)_24.36,Vitamin_D,BA_Asyn,0.4951792897797687,1.1941105295990704,A4,APOE4
AHexCer 46:1;O3|AHexCer (O-15:0)31:1;O3(M+H-[H2O])_39.35,AHexCer,BA_Asyn,0.3498947148452116,0.0691555910376169,A4,APOE4
AHexCer 55:6;O3|AHexCer (O-18:1)37:5;O3(M+H-[H2O])_39.74,AHexCer,BA_Asyn,0.3296335359249999,0.0554815919517085,A4,APOE4
AHexCer 56:1;O3|AHexCer (O-16:0)40:1;O3(M+H-[H2O])_39.48,AHexCer,BA_Asyn,0.5650880663075545,0.6805323519356159,A4,APOE4
AHexCer 57:1;O3|AHexCer (O-16:0)18:1;O2/23:0;O(M+H)_39.64,AHexCer,BA_Asyn,0.2049489190818346,0.0765236100215363,A4,APOE4
AHexCer 58:1;O3|AHexCer (O-16:0)42:1;O3(M+H)_39.86,AHexCer,BA_Asyn,0.0885019116157188,0.0126002611889351,A4,APOE4
AHexCer 58:1;O3|AHexCer (O-17:0)41:1;O3(M+H-[H2O])_39.62,AHexCer,BA_Asyn,0.2691796506795562,0.2317972254145433,A4,APOE4
AHexCer 58:2;O3|AHexCer (O-18:1)40:1;O3(M+H)_39.48,AHexCer,BA_Asyn,0.2249717368421468,0.0821198916118821,A4,APOE4
AHexCer 59:1;O3|AHexCer (O-18:0)41:1;O3(M+H)_39.99,AHexCer,BA_Asyn,0.1223469746813632,0.0304759072835331,A4,APOE4
AHexCer 59:8;O2|AHexCer (O-15:0)44:8;O2(M+H-[H2O])_39.23,AHexCer,BA_Asyn,0.4181344456726733,0.0523234549505734,A4,APOE4
AHexCer 60:1;O3|AHexCer (O-18:0)42:1;O3(M+H)_40.12,AHexCer,BA_Asyn,0.1888020683613369,0.2950873400174781,A4,APOE4
AHexCer 60:2;O3|AHexCer (O-18:1)18:1;O2/24:0;O(M+H)_39.86,AHexCer,BA_Asyn,0.2813531757837189,0.2136319399680206,A4,APOE4
C18-Sphingosine(M+H)_18,C18-Sphingosine(M+H)_18,BA_Asyn,0.3394922871574917,0.0500628986158152,A4,APOE4
CAR 16:0(M+H)_16.86,CAR,BA_Asyn,0.8190309156509425,0.0381644705348784,A4,APOE4
CAR 18:0(M+H)_19.78,CAR,BA_Asyn,0.7071318739036744,0.0645728532337527,A4,APOE4
CE 18:1(d7)(M+NH4)_41.64,CE,BA_Asyn,0.0083737792895885,0.0084739591747644,A4,APOE4
CE 18:2(M+NH4)_41,CE,BA_Asyn,0.9041702177494578,0.0440061607543083,A4,APOE4
CE 18:3(M+NH4)_40.5,CE,BA_Asyn,0.8231204367126438,0.107830572670477,A4,APOE4
CE 20:4(M+NH4)_40.75,CE,BA_Asyn,0.7063738242273763,0.046072560862037,A4,APOE4
CE 22:6(M+NH4)_40.4,CE,BA_Asyn,0.3380622023241203,0.0514145546009664,A4,APOE4
CL 70:4|CL 34:2_36:2(M+NH4)_39.1,CL,BA_Asyn,0.4915408637553028,0.0403674754011304,A4,APOE4
CL 72:4|CL 18:1_18:1_18:1_18:1(M-H)_39.36,CL,BA_Asyn,0.3414724661377203,0.023545657899568,A4,APOE4
CL 72:5|CL 18:1_18:1_18:1_18:2(M-H)_39.11,CL,BA_Asyn,0.2924588267899292,0.0400483875550929,A4,APOE4
CL 72:5|CL 36:2_36:3(M+NH4)_39.22,CL,BA_Asyn,0.3490650820702067,0.0378281226497333,A4,APOE4
CL 72:7|CL 16:1_18:1_18:1_20:4(M-H)_38.85,CL,BA_Asyn,0.5880914921500076,0.01932260368044,A4,APOE4
CL 74:7|CL 18:1_18:1_18:1_20:4(M-H)_39.11,CL,BA_Asyn,0.2235019761880128,0.0305633699600345,A4,APOE4
CL 74:7|CL 36:2_38:5(M+NH4)_39.1,CL,BA_Asyn,0.2927836372202219,0.0353278204303963,A4,APOE4
CL 74:8|CL 18:1_18:2_18:1_20:4(M-H)_38.97,CL,BA_Asyn,0.3156284849774549,0.0432247106260063,A4,APOE4
CL 76:10|CL 18:1_20:4_18:1_20:4(M-H)_38.85,CL,BA_Asyn,0.4823005528334404,0.0299604353940313,A4,APOE4
CL 76:5|CL 39:1_37:4(M-H)_35.04,CL,BA_Asyn,0.9107320630514234,0.0474051043121344,A4,APOE4
CL 76:9|CL 18:1_18:1_18:1_22:6(M-H)_38.98,CL,BA_Asyn,0.2384358740865076,0.042960169384047,A4,APOE4
CL 76:9|CL 36:2_40:7(M+NH4)_38.98,CL,BA_Asyn,0.2427014508104896,0.0317924941239789,A4,APOE4
CL 78:7|CL 41:2_37:5(M-H)_35.04,CL,BA_Asyn,1.0,0.0382504619335147,A4,APOE4
CL 79:5(M+NH4)_34.52,CL,BA_Asyn,0.8311207370318331,0.1522100960259227,A4,APOE4
CL 79:6|CL 36:1_43:5(M-H)_34.4,CL,BA_Asyn,0.9590285722211388,0.0404819354126511,A4,APOE4
CL 79:9|CL 38:4_41:5(M-H)_32.37,CL,BA_Asyn,1.0,0.0537788183691077,A4,APOE4
CL 80:6|CL 36:1_44:5(M-H)_34.4,CL,BA_Asyn,0.9816390737507888,0.0467659107503474,A4,APOE4
CL 90:18|CL 46:6_44:12(M-H)_30.21,CL,BA_Asyn,0.0165806187144695,0.007651697138319,A4,APOE4
Cer 36:1;O2|Cer 18:1;O2/18:0(M+H-[H2O])_36.56,Cer_NS,BA_Asyn,1.0,0.0477525409519201,A4,APOE4
Cer 36:1;O2|Cer 18:1;O2/18:0(M+H-[H2O])_38.34,Cer_NS,BA_Asyn,0.4974488929636727,0.1504183737754541,A4,APOE4
Cer 36:1;O2|Cer 18:1;O2/18:0(M-H)_36.56,Cer_NS,BA_Asyn,1.0,0.105760762637451,A4,APOE4
Cer 36:2;O2|Cer 18:2;O2/18:0(M+H-[H2O])_34.9,Cer_NS,BA_Asyn,0.9697358454535052,0.08977265706978,A4,APOE4
Cer 37:1;O4|Cer 18:0;O3/19:1(2OH)(M-H)_36.56,Cer_AP,BA_Asyn,1.0,0.086855940237753,A4,APOE4
Cer 38:1;O2|Cer 20:1;O2/18:0(M+H-[H2O])_37.58,Cer_NS,BA_Asyn,0.8428162336627267,0.0516287174850151,A4,APOE4
Cer 41:1;O2|Cer 18:1;O2/23:0(M+H)_38.47,Cer_NS,BA_Asyn,0.6170071657483807,0.079313488632051,A4,APOE4
Cer 41:1;O4|Cer 26:0;O3(FA 15:0)(M-H)_38.22,Cer_EODS,BA_Asyn,0.6503573850878425,0.0532798133415501,A4,APOE4
Cer 42:1;O2|Cer 26:1;O2/16:0(M+Na)_38.98,Cer_NS,BA_Asyn,0.0940435136053197,0.0175950578933193,A4,APOE4
Cer 42:2;O2|Cer 18:1;O2/24:1(M+H)_38.09,Cer_NS,BA_Asyn,0.6562645122931564,0.3314664837297744,A4,APOE4
Cer 42:2;O2|Cer 18:1;O2/24:1(M+H-[H2O])_38.2,Cer_NS,BA_Asyn,0.6922218802732052,0.3747418951228308,A4,APOE4
Cer 42:2;O2|Cer 18:1;O2/24:1(M+H-[H2O])_39.23,Cer_NS,BA_Asyn,0.3690159885655901,0.0587219572685675,A4,APOE4
Cer 56:11;O4|Cer 38:9;O3(FA 18:1)(+C2H3O2-)_38.48,Cer_EOS,BA_Asyn,0.5806480369916763,0.3054764183443859,A4,APOE4
CoQ10(M+H)_39.35,CoQ,BA_Asyn,0.7865651249069167,0.2280241221084123,A4,APOE4
CoQ9(M+H)_38.85,CoQ,BA_Asyn,0.3873918765747845,0.0776706809342818,A4,APOE4
DG 18:2(M+Na)_10.61,DG,BA_Asyn,0.1452212484272908,0.0177899400697868,A4,APOE4
DG 18:2(M+Na)_6.94,DG,BA_Asyn,0.2960814950519889,0.07978245103782,A4,APOE4
DG 19:2(M+Na)_14.69,DG,BA_Asyn,0.2456161140221104,0.0419472073636723,A4,APOE4
DG 19:2(M+Na)_16.1,DG,BA_Asyn,0.2939186266476517,0.024488514205773,A4,APOE4
DG 20:4(M+Na)_10.88,DG,BA_Asyn,0.0972868653415346,0.019076638053423,A4,APOE4
DG 20:4(M+Na)_7.45,DG,BA_Asyn,0.075967030886891,0.017452777948451,A4,APOE4
DG 21:4(M+Na)_15.33,DG,BA_Asyn,0.1401232005966922,0.0323764692929234,A4,APOE4
DG 23:2(M+Na)_25.88,DG,BA_Asyn,0.0706607826530673,0.0132647252416428,A4,APOE4
DG 28:2(M+Na)_30.08,DG,BA_Asyn,0.0463622764293748,0.0085669134526769,A4,APOE4
DG 33:1(d7)|DG 15:0_18:1(d7)(M+NH4)_36.81,DG,BA_Asyn,0.0111860875320588,0.0689366204709548,A4,APOE4
DG 34:0|DG 16:0_18:0(M+NH4)_37.96,DG,BA_Asyn,0.4353885421084257,0.0411000125022511,A4,APOE4
DG 34:1|DG 16:0_18:1(M+NH4)_37.32,DG,BA_Asyn,0.7986789335072791,0.0670827278556559,A4,APOE4
DG 36:0|DG 18:0_18:0(M+NH4)_38.47,DG,BA_Asyn,0.1180925985592132,0.0142405467624545,A4,APOE4
DG 36:1|DG 18:0_18:1(M+NH4)_37.97,DG,BA_Asyn,0.902353845787206,0.0605327166163715,A4,APOE4
DG 36:2|DG 18:1_18:1(M+NH4)_37.33,DG,BA_Asyn,1.0,0.330373400956779,A4,APOE4
DG 36:4|DG 16:0_20:4(M+NH4)_36.06,DG,BA_Asyn,0.618662855080045,0.2123467060777062,A4,APOE4
DG 38:4|DG 18:0_20:4(M+NH4)_37.32,DG,BA_Asyn,0.908365280567459,0.0411913324223502,A4,APOE4
DG 38:5|DG 18:1_20:4(M+NH4)_36.29,DG,BA_Asyn,0.2326519566451099,0.0175388156141241,A4,APOE4
DG 38:6(M+Na)_35.54,DG,BA_Asyn,0.8442754471405997,0.0795422421798207,A4,APOE4
DG 38:6|DG 16:0_22:6(M+NH4)_35.54,DG,BA_Asyn,0.8839270335943756,0.058295951763378,A4,APOE4
DG 40:2(M+Na)_38.6,DG,BA_Asyn,0.0416478943745527,0.0055348553120707,A4,APOE4
DG 40:4|DG 18:0_22:4(M+NH4)_37.83,DG,BA_Asyn,0.3396148688438595,0.0341480442379448,A4,APOE4
DG 40:6(M+Na)_37.07,DG,BA_Asyn,0.7809024741394944,0.0744781954111616,A4,APOE4
DG 40:6|DG 18:0_22:6(M+NH4)_37.07,DG,BA_Asyn,0.838903765234506,0.0343161485662372,A4,APOE4
DG 40:7|DG 18:1_22:6(M+NH4)_35.67,DG,BA_Asyn,1.0,0.3355564259874429,A4,APOE4
DG 47:11(M+Na)_35.67,DG,BA_Asyn,0.5148822499733665,0.0294918581247553,A4,APOE4
DG 47:12(M+Na)_30.46,DG,BA_Asyn,0.070626894566284,0.0119283848532336,A4,APOE4
DG 51:9(M+Na)_38.85,DG,BA_Asyn,1.0,0.3995022969638756,A4,APOE4
DG 52:1(M+Na)_42.16,DG,BA_Asyn,0.8501149387867277,0.0221703878516863,A4,APOE4
DG O-37:1|DG O-19:1_18:0(M+NH4)_37.7,EtherDG,BA_Asyn,1.0,1.816884152346491,A4,APOE4
DLCL 36:3(M-H)_29.32,DLCL,BA_Asyn,0.8858655747250663,0.0551240247812772,A4,APOE4
DLCL 42:1(M-H)_20.42,DLCL,BA_Asyn,0.4810395718097198,0.055904558356875,A4,APOE4
DLCL 42:11(M-H)_29.32,DLCL,BA_Asyn,0.9001096698134551,0.0509072067039197,A4,APOE4
Diisodecyl phthalate (also known as the production of plastic)(M+H)_29.19,Others,BA_Asyn,0.039805479705881,0.0066585403866319,A4,APOE4
Dioctyl phthalate (also known as the production of plastic)(M+H)_24.1,Others,BA_Asyn,0.0229200532903799,0.0049409934155948,A4,APOE4
FA 18:1(M-H)_22.7,FA,BA_Asyn,0.4119578136303281,0.1176190642485668,A4,APOE4
HexCer 36:1;O2|HexCer 18:1;O2/18:0(M+H)_34.91,HexCer_NS,BA_Asyn,0.2934630682457453,0.0301263479338746,A4,APOE4
HexCer 38:1;O2(M+H)_36.69,HexCer_NDS,BA_Asyn,0.3844992717382733,0.1126130217173165,A4,APOE4
HexCer 38:1;O3|HexCer 18:1;O2/20:0;O(M+H)_36.31,HexCer_HS,BA_Asyn,0.582856288287878,0.5255094456825216,A4,APOE4
HexCer 40:1;O2(M+H)_37.58,HexCer_NDS,BA_Asyn,0.4409160808678936,0.5275839023779557,A4,APOE4
HexCer 40:1;O3(M+H)_37.33,HexCer_HS,BA_Asyn,0.5410205071275451,1.3288147025408756,A4,APOE4
HexCer 40:1;O3|HexCer 18:1;O2/22:0;O(M-H)_37.44,HexCer_HS,BA_Asyn,0.2167137651942949,0.1939336352990988,A4,APOE4
HexCer 40:2;O2|HexCer 18:2;O2/22:0(M+H)_37.44,HexCer_NS,BA_Asyn,0.1088264808043996,0.0188845460542132,A4,APOE4
HexCer 41:1;O3(M+H)_37.7,HexCer_HS,BA_Asyn,0.8930641486681254,2.568433603730881,A4,APOE4
HexCer 41:1;O3|HexCer 21:1;O2/20:0;O(M-H)_37.71,HexCer_HS,BA_Asyn,0.1468320208705173,0.0656512595432391,A4,APOE4
HexCer 41:2;O2|HexCer 18:1;O2/23:1(M+H)_37.7,HexCer_NS,BA_Asyn,0.2095587680153969,0.1217165796472397,A4,APOE4
HexCer 42:1;O2(M+H)_38.09,HexCer_NDS,BA_Asyn,0.3448709575230584,0.6179412581611267,A4,APOE4
HexCer 42:1;O3(M+H)_37.97,HexCer_HS,BA_Asyn,0.1477651517550552,0.0279346831655085,A4,APOE4
HexCer 42:1;O3|HexCer 18:1;O2/24:0;O(M-H)_38.08,HexCer_HS,BA_Asyn,0.1335263296365272,0.0701207255784354,A4,APOE4
HexCer 42:2;O2|HexCer 18:1;O2/24:1(M+H)_37.58,HexCer_NS,BA_Asyn,0.7274359851254898,0.3262725754372052,A4,APOE4
HexCer 42:2;O2|HexCer 18:1;O2/24:1(M+H-[H2O])_37.58,HexCer_NS,BA_Asyn,0.7215933463426342,1.0684041542684577,A4,APOE4
HexCer 42:2;O3|HexCer 18:1;O2/24:1;O(M+H)_37.32,HexCer_HS,BA_Asyn,0.2563878668943676,0.0770266276258623,A4,APOE4
HexCer 42:3;O2|HexCer 18:2;O2/24:1(M+H)_37.32,HexCer_NS,BA_Asyn,0.6250954681740313,0.8605863922388876,A4,APOE4
HexCer 43:1;O3|HexCer 18:1;O2/25:0;O(M+H)_38.24,HexCer_HS,BA_Asyn,0.1622016509599903,0.0939707311356989,A4,APOE4
HexCer 43:1;O3|HexCer 18:1;O2/25:0;O(M+H-[H2O])_37.83,HexCer_HS,BA_Asyn,0.2638517372576416,0.089270069678875,A4,APOE4
HexCer 43:2;O3|HexCer 18:1;O2/25:1;O(M+H)_37.7,HexCer_HS,BA_Asyn,0.1083118026463254,0.0188534050795205,A4,APOE4
LPA 19:5(M-H)_17.24,LPA,BA_Asyn,0.0391813214309757,0.0523666700661254,A4,APOE4
LPC 14:0(M+H)_8.21,LPC,BA_Asyn,0.9023586980161808,0.0407696662484693,A4,APOE4
LPC 14:0/0:0(M+H)_9.86,LPC,BA_Asyn,0.9174897859369486,0.0437262800686766,A4,APOE4
LPC 16:0(M+H)_16.35,LPC,BA_Asyn,0.9001123161361093,0.0462191967168469,A4,APOE4
LPC 16:0/0:0(M+H)_17.11,LPC,BA_Asyn,0.9167683813979888,0.0305580826383318,A4,APOE4
LPC 16:1(M+H)_10.88,LPC,BA_Asyn,0.8109203138421477,0.0107416603679325,A4,APOE4
LPC 16:1(M+H)_12.53,LPC,BA_Asyn,0.8260843589080825,0.0236917014660114,A4,APOE4
LPC 16:1(M+Na)_10.87,LPC,BA_Asyn,0.694188085019328,0.123874384647769,A4,APOE4
LPC 17:0/0:0(M+H)_18.76,LPC,BA_Asyn,0.7370687235455801,0.0349874094864974,A4,APOE4
LPC 18:0(M+H)_20.29,LPC,BA_Asyn,0.9722019188354692,0.0241585551533492,A4,APOE4
LPC 18:2(M+H)_13.93,LPC,BA_Asyn,0.75387387287916,0.0950140622852857,A4,APOE4
LPC 18:2(M+H)_15.2,LPC,BA_Asyn,0.7145183528482412,0.0877592352665807,A4,APOE4
LPC 18:3(M+H)_16.35,LPC,BA_Asyn,1.0,0.0266432452874268,A4,APOE4
LPC 18:3/0:0(M+H)_17.11,LPC,BA_Asyn,0.9665220031019724,0.0217501506494677,A4,APOE4
LPC 19:0/0:0(M+H)_21.81,LPC,BA_Asyn,0.4939119262560779,0.0604010900886387,A4,APOE4
LPC 20:0/0:0(M+H)_23.34,LPC,BA_Asyn,0.3905814318427219,0.0859405901024493,A4,APOE4
LPC 20:1(M+Na)_20.66,LPC,BA_Asyn,0.8643450723295932,0.0471222709377229,A4,APOE4
LPC 20:3(M+H)_15.97,LPC,BA_Asyn,0.2506517143493106,0.0540264638849347,A4,APOE4
LPC 20:4(M+H)_14.06,LPC,BA_Asyn,1.0,0.1085655392729443,A4,APOE4
LPC 22:0/0:0(M+H)_26.39,LPC,BA_Asyn,0.4249608762253717,0.0397360577722409,A4,APOE4
LPC 22:1(M+H)_23.46,LPC,BA_Asyn,0.6852926787160136,0.0582595718749481,A4,APOE4
LPC 22:4(M+H)_17.49,LPC,BA_Asyn,0.928749551326728,0.0261949562032024,A4,APOE4
LPC 22:6(M+H)_13.81,LPC,BA_Asyn,0.8194559409432502,0.1073111897354407,A4,APOE4
LPC 22:6(M+Na)_13.8,LPC,BA_Asyn,1.0,0.1396770053002005,A4,APOE4
LPC 22:6(M+Na)_14.81,LPC,BA_Asyn,0.5829270394264437,0.0597115337985197,A4,APOE4
LPC 24:1(M+H)_25.76,LPC,BA_Asyn,0.5243317078043466,0.0749146870135213,A4,APOE4
LPC 24:4(M+H)_19.65,LPC,BA_Asyn,0.9440342383488582,0.0998024821521166,A4,APOE4
LPC O-16:0(M+H)_18.25,EtherLPC,BA_Asyn,0.8173376201564481,0.025111780562,A4,APOE4
LPE 15:0(M-H)_14.57,LPE,BA_Asyn,0.200938016913906,1.045000811181038,A4,APOE4
LPE 16:0(M+H)_16.48,LPE,BA_Asyn,0.8373248175358916,0.0479205361386025,A4,APOE4
LPE 16:0(M-H)_16.48,LPE,BA_Asyn,0.736743627821585,0.0590018170610616,A4,APOE4
LPE 16:1(M+H)_10.62,LPE,BA_Asyn,0.4672845289354571,0.0569433731257854,A4,APOE4
LPE 16:1(M-H)_10.63,LPE,BA_Asyn,0.7624506272405372,0.0835464320818184,A4,APOE4
LPE 16:1(M-H)_12.53,LPE,BA_Asyn,0.7494462650145919,0.0660610884357574,A4,APOE4
LPE 18:0(M+H)_20.67,LPE,BA_Asyn,0.9276824141230676,0.0380956668224023,A4,APOE4
LPE 18:0(M-H)_20.68,LPE,BA_Asyn,0.9697740238807886,0.0607923394910763,A4,APOE4
LPE 18:1(M+H)_17.49,LPE,BA_Asyn,0.6985528584803204,0.1469095061562383,A4,APOE4
LPE 18:1(d7)(M-H)_17.37,LPE,BA_Asyn,0.0281722341213326,0.0221866055217588,A4,APOE4
LPE 18:2(M+H)_13.95,LPE,BA_Asyn,0.4251814846698249,0.1044472067370103,A4,APOE4
LPE 18:2(M-H)_14.06,LPE,BA_Asyn,0.461083415555331,0.1133779519897254,A4,APOE4
LPE 18:2(M-H)_15.34,LPE,BA_Asyn,1.0,0.2111555516440085,A4,APOE4
LPE 19:1(M-H)_19.02,LPE,BA_Asyn,0.3786410601929678,0.1417111526643339,A4,APOE4
LPE 20:0(M-H)_23.22,LPE,BA_Asyn,0.3692607173382679,0.0499321748802026,A4,APOE4
LPE 20:1(M+H)_20.41,LPE,BA_Asyn,0.4990367090751345,0.0303482027681284,A4,APOE4
LPE 20:2(M-H)_18.51,LPE,BA_Asyn,0.489081565113721,0.1079653835202822,A4,APOE4
LPE 20:3(M+H)_17.36,LPE,BA_Asyn,0.6432073511005834,0.0591994424198544,A4,APOE4
LPE 20:3(M-H)_16.35,LPE,BA_Asyn,0.4388600660390587,0.2445784531324069,A4,APOE4
LPE 20:4(M+H)_14.19,LPE,BA_Asyn,1.0,0.2071668963660249,A4,APOE4
LPE 20:4(M-H)_14.19,LPE,BA_Asyn,1.0,0.161374691815192,A4,APOE4
LPE 20:5(M+H)_9.61,LPE,BA_Asyn,0.5963438797334779,0.0873142852370417,A4,APOE4
LPE 22:1(M+H)_23.34,LPE,BA_Asyn,0.4161668882045682,0.0472199970187275,A4,APOE4
LPE 22:1(M-H)_23.35,LPE,BA_Asyn,0.5275896100230644,0.0961077870299758,A4,APOE4
LPE 22:2(M-H)_21.19,LPE,BA_Asyn,0.4477825607786523,0.1214528133727319,A4,APOE4
LPE 22:4(M+H)_17.74,LPE,BA_Asyn,1.0,0.1068199215679371,A4,APOE4
LPE 22:6(M-H)_13.94,LPE,BA_Asyn,0.9999791486403016,0.4048375529991572,A4,APOE4
LPE 23:1(M-H)_24.73,LPE,BA_Asyn,0.4264531263531917,0.7368198887218783,A4,APOE4
LPE 24:1(M+H)_26.26,LPE,BA_Asyn,0.480290826653998,0.5010834305469783,A4,APOE4
LPE 24:1(M-H)_26.27,LPE,BA_Asyn,0.6397655065969471,1.3354837200279397,A4,APOE4
LPE 24:4(M-H)_20.04,LPE,BA_Asyn,1.0,0.8162981828630618,A4,APOE4
LPE 24:5(M+H)_18.76,LPE,BA_Asyn,0.3416684556405038,0.0261883745659918,A4,APOE4
LPE 24:5(M-H)_18.77,LPE,BA_Asyn,1.0,1.1912916208037745,A4,APOE4
LPE 24:6(M+H)_17.24,LPE,BA_Asyn,0.3898526486588052,0.0863006182181291,A4,APOE4
LPE 24:6(M-H)_17.24,LPE,BA_Asyn,1.0,0.2171107930376079,A4,APOE4
LPE O-16:0(M-H)_18.64,EtherLPE,BA_Asyn,0.8376312438993924,0.0482277501939729,A4,APOE4
LPE O-18:0(M+H)_22.07,EtherLPE,BA_Asyn,0.8497645197353061,0.0581562039321721,A4,APOE4
LPE O-18:0(M-H)_22.08,EtherLPE,BA_Asyn,0.967472774322952,0.0781586192086842,A4,APOE4
LPE P-18:1(M+H)_20.67,EtherLPE,BA_Asyn,0.8934741400756654,0.0774809213859793,A4,APOE4
LPG 15:0(M-H)_9.35,LPG,BA_Asyn,0.0172788760917682,0.0214186410553986,A4,APOE4
LPG 16:0(M-H)_14.06,LPG,BA_Asyn,0.9688166934088622,0.0589433921892706,A4,APOE4
LPG 18:1(M-H)_14.19,LPG,BA_Asyn,0.8872822558252925,0.0764269775247186,A4,APOE4
LPG 20:4(M-H)_9.36,LPG,BA_Asyn,0.9898436873202124,0.1393023102020772,A4,APOE4
LPG O-20:1(M-H)_20.17,EtherLPG,BA_Asyn,0.2029470234862814,0.0300310562540804,A4,APOE4
LPI 15:0(M-H)_6.82,LPI,BA_Asyn,0.0435573068824152,0.0470000693537679,A4,APOE4
LPI 16:0(M-H)_10.25,LPI,BA_Asyn,0.8276683166654232,0.0558103045003996,A4,APOE4
LPI 18:0(M-H)_17.62,LPI,BA_Asyn,1.0,0.1450421758677298,A4,APOE4
LPI 20:4(M-H)_6.83,LPI,BA_Asyn,0.8704950361992536,0.082214781637796,A4,APOE4
LPI 22:6(M-H)_6.95,LPI,BA_Asyn,0.8063858166586565,0.1632987365640257,A4,APOE4
LPS 15:0(M-H)_6.95,LPS,BA_Asyn,0.0174433251377429,0.0132704472139744,A4,APOE4
LPS 18:0(M-H)_17.75,LPS,BA_Asyn,0.8887295242078681,0.0260066684028167,A4,APOE4
LPS 18:1(M-H)_11.26,LPS,BA_Asyn,0.5907825237083492,0.0626554865603668,A4,APOE4
LPS 18:1(M-H)_13.43,LPS,BA_Asyn,0.7053019404246998,0.0336218849274776,A4,APOE4
LPS 20:4(M-H)_7.08,LPS,BA_Asyn,0.860590124206176,0.1292195046903348,A4,APOE4
LPS 22:4(M-H)_13.18,LPS,BA_Asyn,1.0,0.1586539628182442,A4,APOE4
LPS 22:4(M-H)_14.57,LPS,BA_Asyn,0.750758354435948,0.0581254653431187,A4,APOE4
LPS 22:6(M-H)_7.08,LPS,BA_Asyn,1.0,0.0757424206512322,A4,APOE4
MG 38:1(M+NH4)_38.98,MG,BA_Asyn,0.8795048139476901,0.1286137319809976,A4,APOE4
MGDG 36:1|MGDG 16:0_20:1(M+NH4)_36.82,MGDG,BA_Asyn,0.5809480603868228,0.0870783733619435,A4,APOE4
MMPE 42:2|MMPE 20:1_22:1(M-H)_37.19,MMPE,BA_Asyn,0.179047243153632,0.0434203856954913,A4,APOE4
NAE 16:0(M+H)_19.66,NAE,BA_Asyn,0.3199769022067212,0.0370852264032856,A4,APOE4
NAE 18:0(M+H)_22.83,NAE,BA_Asyn,0.94927920953944,1.3590710373676658,A4,APOE4
PA 33:1(d7)|PA 15:0_18:1(d7)(M-H)_33.5,PA,BA_Asyn,0.0384173137841009,0.0087832645092617,A4,APOE4
PA 33:1(d7)|PA 15:0_18:1(d7)(M-H)_35.55,PA,BA_Asyn,0.1002282975457518,0.3724341394770546,A4,APOE4
PA 33:1(d7)|PA 15:0_18:1(d7)(M-H)_41.65,PA,BA_Asyn,0.0326480913450641,0.0413445997217796,A4,APOE4
PC 22:0(M+H)_22.96,PC,BA_Asyn,0.9312843681675008,0.0774854544125703,A4,APOE4
PC 23:0(M+H)_23.47,PC,BA_Asyn,0.915003427258672,0.1351262339386474,A4,APOE4
PC 30:0|PC 14:0_16:0(M+H)_31.98,PC,BA_Asyn,0.903015619276081,0.0341783070517907,A4,APOE4
PC 31:0|PC 15:0_16:0(M+H)_33.12,PC,BA_Asyn,0.5957647920206531,0.0780293671053265,A4,APOE4
PC 31:2(M+H)_33.12,PC,BA_Asyn,0.931507864692849,0.0523635955547226,A4,APOE4
PC 32:0|PC 16:0_16:0(M+H)_34.14,PC,BA_Asyn,0.962703682830201,0.0483851791395248,A4,APOE4
PC 32:1|PC 16:0_16:1(M+H)_32.24,PC,BA_Asyn,0.9458069460186348,0.0265818161896004,A4,APOE4
PC 32:2(M+H)_30.34,PC,BA_Asyn,0.8181433528287376,0.0467669745485902,A4,APOE4
PC 33:0|PC 16:0_17:0(M+H)_35.16,PC,BA_Asyn,0.518793916479558,0.1013642991081949,A4,APOE4
PC 33:1(d7)|PC 15:0_18:1(d7)(M+H)_33.25,PC,BA_Asyn,0.0,4.24783273250134e-12,A4,APOE4
PC 33:1|PC 16:0_17:1(M+H)_33.38,PC,BA_Asyn,0.8291482568440179,0.0517291036648688,A4,APOE4
PC 34:0|PC 16:0_18:0(M+H)_36.17,PC,BA_Asyn,0.6574665022655403,0.0661860902380008,A4,APOE4
PC 34:1(M+H)_34.4,PC,BA_Asyn,0.9014535417852194,0.0488271810744962,A4,APOE4
PC 34:2|PC 16:1_18:1(M+H)_32.74,PC,BA_Asyn,0.9371650124660243,0.0344140849708801,A4,APOE4
PC 34:3(M+H)_30.59,PC,BA_Asyn,0.0380229664378144,0.404317030201942,A4,APOE4
PC 34:4(M+H)_30.48,PC,BA_Asyn,1.0,0.4522044818715107,A4,APOE4
PC 35:0|PC 16:0_19:0(M+H)_36.69,PC,BA_Asyn,0.3790816345942729,0.0319209065870923,A4,APOE4
PC 35:1|PC 17:0_18:1(M+H)_35.29,PC,BA_Asyn,0.8250591837388135,0.0206639307156897,A4,APOE4
PC 35:2(M+H)_33.63,PC,BA_Asyn,0.1391940337638151,0.0302823643227417,A4,APOE4
PC 36:1|PC 9:0_27:1(M+H)_36.3,PC,BA_Asyn,0.9659446800545944,0.1025736213690042,A4,APOE4
PC 36:2|PC 18:1_18:1(M+H)_34.65,PC,BA_Asyn,0.8550865501461552,0.0103902389693319,A4,APOE4
PC 36:3(M+H)_32.49,PC,BA_Asyn,0.2274768520667282,0.0396343114753535,A4,APOE4
PC 36:4|PC 18:2_18:2(M+H)_32.36,PC,BA_Asyn,0.9544789988936808,0.0284717158249775,A4,APOE4
PC 36:6(M+H)_29.44,PC,BA_Asyn,0.7874166859196204,0.0627624086789989,A4,APOE4
PC 37:4|PC 17:0_20:4(M+H)_33.51,PC,BA_Asyn,0.8821766979068459,0.0966955514520101,A4,APOE4
PC 38:1(M+H)_37.2,PC,BA_Asyn,0.8356269635201932,0.0385036289059483,A4,APOE4
PC 38:2|PC 18:1_20:1(M+H)_36.31,PC,BA_Asyn,0.2220574276966294,0.0295191940123851,A4,APOE4
PC 38:3|PC 18:0_20:3(M+H)_35.28,PC,BA_Asyn,0.1443839683268464,0.0512708694357922,A4,APOE4
PC 38:4|PC 16:0_22:4(M+H)_34.64,PC,BA_Asyn,0.8776918212157563,0.0263887538805738,A4,APOE4
PC 38:5|PC 18:0_20:5(M+H)_32.61,PC,BA_Asyn,0.2088773586531875,0.0706735529457383,A4,APOE4
PC 38:6(M+H)_31.74,PC,BA_Asyn,0.9638627349969184,0.0410663609989511,A4,APOE4
PC 38:7|PC 16:1_22:6(M+H)_29.81,PC,BA_Asyn,0.7919426217624774,0.1079093849260019,A4,APOE4
PC 38:7|PC 18:3_20:4(M+H)_32.36,PC,BA_Asyn,0.7250483244778556,0.1417350529147336,A4,APOE4
PC 39:6|PC 17:0_22:6(M+H)_32.87,PC,BA_Asyn,0.7511710242111842,0.0479938883885376,A4,APOE4
PC 40:1(M+H)_37.96,PC,BA_Asyn,0.5217443690232825,0.0672558153136772,A4,APOE4
PC 40:2|PC 20:1_20:1(M+H)_37.2,PC,BA_Asyn,0.2028603612742735,0.0239226756945598,A4,APOE4
PC 40:4(M+H)_35.91,PC,BA_Asyn,0.9909691635594836,0.0339077887538996,A4,APOE4
PC 40:6(M+Na)_33.99,PC,BA_Asyn,1.0,0.0811011918083843,A4,APOE4
PC 40:6|PC 18:0_22:6(M+H)_33.89,PC,BA_Asyn,0.9619253887667292,0.0308925978561072,A4,APOE4
PC 40:7(M+Na)_31.98,PC,BA_Asyn,0.7704194669998622,0.0701884252119207,A4,APOE4
PC 40:7|PC 18:1_22:6(M+H)_31.98,PC,BA_Asyn,0.8987065768565218,0.037993909705326,A4,APOE4
PC 40:8|PC 18:2_22:6(M+H)_30.21,PC,BA_Asyn,0.1232741891309297,0.0415030372051371,A4,APOE4
PC 40:9|PC 18:3_22:6(M+H)_31.86,PC,BA_Asyn,0.8754286503099905,0.0232419318968861,A4,APOE4
PC 41:1(M+H)_38.24,PC,BA_Asyn,0.3688555264009623,0.1427196087328458,A4,APOE4
PC 42:10(M+H)_29.7,PC,BA_Asyn,0.6744352512361266,0.0735331145123914,A4,APOE4
PC 42:1|PC 24:0_18:1(M+H)_38.47,PC,BA_Asyn,0.523279579543916,0.0542376592920321,A4,APOE4
PC 42:2|PC 18:1_24:1(M+H)_37.96,PC,BA_Asyn,0.4649705861522052,0.0791309321094251,A4,APOE4
PC 42:4(M+H)_36.94,PC,BA_Asyn,0.9168667433612424,0.047717357303298,A4,APOE4
PC 42:7(M+H)_33.89,PC,BA_Asyn,0.46552346469007,0.0395501774685181,A4,APOE4
PC 42:7(M+H)_35.91,PC,BA_Asyn,0.7658967352177553,0.0888630871189074,A4,APOE4
PC 42:9(M+H)_30.84,PC,BA_Asyn,0.1996506197500362,0.0490788210118123,A4,APOE4
PC 43:1(M+H)_38.72,PC,BA_Asyn,0.2920157651224615,0.0707510786664749,A4,APOE4
PC 44:10(M+H)_31.47,PC,BA_Asyn,1.0,0.9567158885614216,A4,APOE4
PC 44:12|PC 22:6_22:6(M+H)_29.19,PC,BA_Asyn,0.5986505612422283,0.0965959209270135,A4,APOE4
PC 52:4(M+H)_39.35,PC,BA_Asyn,0.4349779950270865,0.0590000772851884,A4,APOE4
PC 52:5(M+H)_38.98,PC,BA_Asyn,0.646595127625746,0.0845736120551612,A4,APOE4
PC 54:6(M+H)_39.1,PC,BA_Asyn,0.6333478683819811,0.0528658408314633,A4,APOE4
PC O-32:0|PC O-16:0_16:0(M+H)_35.54,EtherPC,BA_Asyn,0.9831388639226584,0.0276228164032364,A4,APOE4
PC O-34:0|PC O-18:0_16:0(M+H)_36.94,EtherPC,BA_Asyn,0.341602425495719,0.0075952756225898,A4,APOE4
PC O-34:1|PC O-18:1_16:0(M+H)_35.54,EtherPC,BA_Asyn,0.8951562254838332,0.0304331486821598,A4,APOE4
PC O-34:2|PC O-15:2_19:0(M+H)_34.52,EtherPC,BA_Asyn,0.2416012350033627,0.1467403686283359,A4,APOE4
PC O-35:4|PC O-13:0_22:4(M+H)_35.8,EtherPC,BA_Asyn,0.9071165817934234,0.0439258295060612,A4,APOE4
PC O-36:4|PC O-16:0_20:4(M+H)_33.76,EtherPC,BA_Asyn,0.920679680302794,0.0244369540462506,A4,APOE4
PC O-38:1(M+H)_37.58,EtherPC,BA_Asyn,0.099343541343899,0.0893912306809016,A4,APOE4
PC O-38:6|PC O-16:0_22:6(M+H)_33.12,EtherPC,BA_Asyn,0.8295131243899827,0.0408185502388412,A4,APOE4
PC O-40:11(M+H)_16.6,EtherPC,BA_Asyn,0.0049775670718016,0.0016654848705673,A4,APOE4
PC O-40:1|PC O-15:1_25:0(M+H)_38.09,EtherPC,BA_Asyn,0.0662410733255516,0.3151436688317918,A4,APOE4
PC O-41:5(M+H)_37.82,EtherPC,BA_Asyn,0.2848894404287653,0.3503381165394483,A4,APOE4
PE 21:0(M+H)_22.58,PE,BA_Asyn,0.8572194563595836,0.0414739779195414,A4,APOE4
PE 32:0|PE 16:0_16:0(M+H)_34.78,PE,BA_Asyn,0.9654708073052708,0.0397748188428545,A4,APOE4
PE 33:1(d7)|PE 15:0_18:1(d7)(M+H)_33.76,PE,BA_Asyn,0.0019260168983861,0.0032647923967011,A4,APOE4
PE 33:1(d7)|PE 15:0_18:1(d7)(M-H)_33.77,PE,BA_Asyn,0.017360605747491,0.066460960084593,A4,APOE4
PE 34:1|PE 16:0_18:1(M+H)_34.9,PE,BA_Asyn,0.9010225549510634,0.0387967970988927,A4,APOE4
PE 34:1|PE 16:0_18:1(M-H)_34.91,PE,BA_Asyn,0.9232177560411944,0.0444586316275444,A4,APOE4
PE 34:2|PE 16:0_18:2(M-H)_33,PE,BA_Asyn,0.9551395747667992,0.066208679857511,A4,APOE4
PE 36:1|PE 18:0_18:1(M+H)_36.56,PE,BA_Asyn,0.9956571556245358,0.0575579011993454,A4,APOE4
PE 36:1|PE 18:0_18:1(M-H)_36.57,PE,BA_Asyn,0.9557620505535768,0.062935253460844,A4,APOE4
PE 36:2|PE 18:1_18:1(M+H)_35.03,PE,BA_Asyn,0.920586519124672,0.0389795663066523,A4,APOE4
PE 36:2|PE 18:1_18:1(M-H)_35.04,PE,BA_Asyn,0.8964948422907436,0.0226693950657123,A4,APOE4
PE 36:3|PE 18:1_18:2(M-H)_33.14,PE,BA_Asyn,0.2948819553905956,0.0378384571866678,A4,APOE4
PE 36:4|PE 16:0_20:4(M+H)_32.99,PE,BA_Asyn,0.9508316894837772,0.0315549169581871,A4,APOE4
PE 36:4|PE 16:0_20:4(M-H)_32.88,PE,BA_Asyn,0.9396129374271268,0.0158285801974452,A4,APOE4
PE 36:5(M+H)_30.97,PE,BA_Asyn,0.890041177107686,0.0635850589445576,A4,APOE4
PE 38:1|PE 18:0_20:1(M-H)_37.46,PE,BA_Asyn,0.2284921999191415,0.0270778102272074,A4,APOE4
PE 38:2|PE 18:1_20:1(M-H)_36.57,PE,BA_Asyn,0.1251857769838655,0.0188601110829235,A4,APOE4
PE 38:4|PE 18:0_20:4(M+H)_35.03,PE,BA_Asyn,1.0,0.0399169193146747,A4,APOE4
PE 38:4|PE 18:0_20:4(M-H)_35.04,PE,BA_Asyn,0.9995671210151236,0.0437132136117917,A4,APOE4
PE 38:5|PE 18:1_20:4(M+H)_33.12,PE,BA_Asyn,0.3237378959488327,0.0670654092597927,A4,APOE4
PE 38:5|PE 18:1_20:4(M-H)_33.13,PE,BA_Asyn,0.3317742887283506,0.0580814561029046,A4,APOE4
PE 38:6|PE 16:0_22:6(M+H)_32.36,PE,BA_Asyn,0.9179581413483172,0.0222284382474241,A4,APOE4
PE 38:6|PE 16:0_22:6(M-H)_32.37,PE,BA_Asyn,0.942694259757296,0.0279036216790225,A4,APOE4
PE 38:7|PE 16:1_22:6(M+H)_30.35,PE,BA_Asyn,0.8633137757525657,0.169925033336986,A4,APOE4
PE 39:6(M+H)_33.51,PE,BA_Asyn,0.6770410753429441,0.0763734846588082,A4,APOE4
PE 40:1|PE 18:0_22:1(M-H)_36.69,PE,BA_Asyn,0.2693306619552651,0.0359635016493404,A4,APOE4
PE 40:4|PE 18:0_22:4(M+H)_36.3,PE,BA_Asyn,1.0,0.0469954446100684,A4,APOE4
PE 40:4|PE 18:0_22:4(M-H)_36.31,PE,BA_Asyn,1.0,0.0780617512315366,A4,APOE4
PE 40:6|PE 18:0_22:6(M+H)_34.63,PE,BA_Asyn,0.9737479545486356,0.0293875526645714,A4,APOE4
PE 40:6|PE 18:0_22:6(M-H)_34.53,PE,BA_Asyn,0.9588477947860474,0.0374042046770603,A4,APOE4
PE 40:7(M+H)_32.5,PE,BA_Asyn,0.7106472021653137,0.041206201224864,A4,APOE4
PE 40:7|PE 18:1_22:6(M-H)_32.62,PE,BA_Asyn,0.7224912353508165,0.0262970670741372,A4,APOE4
PE 44:10(M+H)_32.09,PE,BA_Asyn,0.032014490962003,0.0051378542791007,A4,APOE4
PE 44:12|PE 22:6_22:6(M-H)_29.7,PE,BA_Asyn,0.5478011527696734,0.0839896079545118,A4,APOE4
PE O-34:1(M+H)_36.05,EtherPE,BA_Asyn,0.9029145205083654,0.0480178311153652,A4,APOE4
PE O-34:1|PE O-18:1_16:0(M-H)_36.06,EtherPE,BA_Asyn,0.8659451149278152,0.0317364770784209,A4,APOE4
PE O-36:2|PE O-18:1_18:1(M-H)_37.2,EtherPE,BA_Asyn,0.8125404230764255,0.0803600170922311,A4,APOE4
PE O-37:3|PE O-22:3_15:0(M-H)_30.59,EtherPE,BA_Asyn,0.0,4.196149030060728e-12,A4,APOE4
PE O-38:4|PE O-16:0_22:4(M-H)_35.8,EtherPE,BA_Asyn,0.8889066554084272,0.0751036751544056,A4,APOE4
PE O-38:6|PE O-16:0_22:6(M-H)_33.77,EtherPE,BA_Asyn,0.9363258965721326,0.0603339804091708,A4,APOE4
PE O-40:4|PE O-18:0_22:4(M-H)_37.08,EtherPE,BA_Asyn,0.9007215618355892,0.0425445398761726,A4,APOE4
PE O-40:6|PE O-18:0_22:6(M-H)_35.8,EtherPE,BA_Asyn,0.6316970402383986,0.0830872217777275,A4,APOE4
PE O-40:7|PE O-18:1_22:6(M-H)_35.53,EtherPE,BA_Asyn,0.6932731264922056,0.1079199872915852,A4,APOE4
PE P-38:5|PE P-18:1_20:4(M+H)_33.76,EtherPE,BA_Asyn,0.905150123355526,0.039270416097301,A4,APOE4
PE P-40:5(M+H)_35.8,EtherPE,BA_Asyn,0.8063934174468267,0.1110023695114272,A4,APOE4
PG 32:0|PG 16:0_16:0(M-H)_31.61,PG,BA_Asyn,0.9856596268966624,0.0419639093206093,A4,APOE4
PG 33:1(d7)|PG 15:0_18:1(d7)(M+NH4)_30.59,PG,BA_Asyn,0.0117284206803769,0.0417387020417524,A4,APOE4
PG 34:1|PG 16:0_18:1(M-H)_31.73,PG,BA_Asyn,0.9397158313464308,0.0351525903238705,A4,APOE4
PG 38:2|PG 18:1_20:1(M-H)_35.67,PG,BA_Asyn,0.5636935470057332,0.0941274171315834,A4,APOE4
PG 44:12|PG 22:6_22:6(M-H)_25.5,PG,BA_Asyn,0.7901906129139465,0.0770668263574277,A4,APOE4
PI 32:0|PI 16:0_16:0(M-H)_31.24,PI,BA_Asyn,0.8009969816746092,0.189434118709816,A4,APOE4
PI 33:1(d7)|PI 15:0_18:1(d7)(M+NH4)_30.2,PI,BA_Asyn,3.777118529635589e-05,0.1896226736020355,A4,APOE4
PI 33:1(d7)|PI 15:0_18:1(d7)(M-H)_30.21,PI,BA_Asyn,0.0049922274832765,0.159945043289567,A4,APOE4
PI 33:1(d7)|PI 15:0_18:1(d7)(M-H)_33.26,PI,BA_Asyn,0.2545151137637374,0.0460906896440448,A4,APOE4
PI 36:4(M+NH4)_29.44,PI,BA_Asyn,0.8221030608408805,0.061909782895311,A4,APOE4
PI 36:4|PI 16:0_20:4(M-H)_29.32,PI,BA_Asyn,0.9335310108767048,0.0368835410490866,A4,APOE4
PI 38:4(M+NH4)_31.6,PI,BA_Asyn,0.9824423354519088,0.0490361522090296,A4,APOE4
PI 38:4|PI 18:0_20:4(M-H)_31.61,PI,BA_Asyn,0.9095767263089088,0.0403772691505442,A4,APOE4
PI 38:5(M+NH4)_29.57,PI,BA_Asyn,0.8590088064298678,0.0989169190611077,A4,APOE4
PI 38:5|PI 18:1_20:4(M-H)_29.57,PI,BA_Asyn,0.8469504951355328,0.0615355480858741,A4,APOE4
PI 38:6(M+NH4)_28.82,PI,BA_Asyn,0.7534100309888264,0.0801851370377171,A4,APOE4
PI 40:6(M+NH4)_31.09,PI,BA_Asyn,0.4616557213868937,0.049725902675612,A4,APOE4
PI 40:6|PI 18:0_22:6(M-H)_31.1,PI,BA_Asyn,0.5436558297931587,0.0653547436243745,A4,APOE4
PS 33:1(d7)|PS 15:0_18:1(d7)(M-H)_30.57,PS,BA_Asyn,0.0063476425793236,0.0436143123325352,A4,APOE4
PS 34:1(M+H)_31.73,PS,BA_Asyn,0.8513149073062698,0.0596369223222598,A4,APOE4
PS 36:0;O3|PS 18:0_18:0;O3(M-H)_32.12,OxPS,BA_Asyn,0.3461191949037039,0.0690321590114237,A4,APOE4
PS 36:1|PS 18:0_18:1(M+H)_33.76,PS,BA_Asyn,0.5373149823814445,0.0864068401392959,A4,APOE4
PS 36:1|PS 18:0_18:1(M-H)_33.77,PS,BA_Asyn,0.9439300784723964,0.4168976364221536,A4,APOE4
PS 36:2|PS 18:1_18:1(M+H)_31.98,PS,BA_Asyn,0.8052968569049148,0.041254910576854,A4,APOE4
PS 36:2|PS 18:1_18:1(M-H)_32.12,PS,BA_Asyn,0.9419964901465409,0.139830265178927,A4,APOE4
PS 38:4(M+H)_31.99,PS,BA_Asyn,0.8275662435335343,0.0823152793184634,A4,APOE4
PS 38:4|PS 18:0_20:4(M-H)_32.24,PS,BA_Asyn,0.7147068256627428,0.0578386048802969,A4,APOE4
PS 38:5;O3|PS 18:0_20:5;O3(M-H)_31.35,OxPS,BA_Asyn,0.7517225664517659,0.0372446300455761,A4,APOE4
PS 38:6(M+H)_29.06,PS,BA_Asyn,0.7386754410714756,0.0718603890283891,A4,APOE4
PS 38:6|PS 16:0_22:6(M-H)_29.19,PS,BA_Asyn,0.744673493936272,0.0624207194254045,A4,APOE4
PS 40:4|PS 18:0_22:4(M+H)_33.5,PS,BA_Asyn,0.4617124474832356,0.1131728561742677,A4,APOE4
PS 40:4|PS 18:0_22:4(M-H)_33.38,PS,BA_Asyn,0.3514631032711413,0.0323826232340575,A4,APOE4
PS 40:6(M+Na)_31.34,PS,BA_Asyn,0.7955129853712471,0.0651510889919091,A4,APOE4
PS 40:6|PS 18:0_22:6(M+H)_31.35,PS,BA_Asyn,0.9475152864976524,0.0335949880535937,A4,APOE4
PS 40:6|PS 18:0_22:6(M-H)_31.35,PS,BA_Asyn,0.8552453974709888,0.0537607036226974,A4,APOE4
PS 40:6|PS 18:0_22:6(M-H)_35.17,PS,BA_Asyn,0.8527282874053866,0.0513006103967157,A4,APOE4
PS 40:7(M+H)_29.32,PS,BA_Asyn,0.6789505770435076,0.0973287257346299,A4,APOE4
PS 40:7|PS 18:1_22:6(M-H)_29.32,PS,BA_Asyn,0.6778955489675245,0.1238230530793657,A4,APOE4
PS 44:10|PS 22:4_22:6(M+H)_28.81,PS,BA_Asyn,0.5863097351621076,0.0775532052798913,A4,APOE4
PS 44:12|PS 22:6_22:6(M+H)_26.51,PS,BA_Asyn,0.4035206478151713,0.0527596819416095,A4,APOE4
PS 44:12|PS 22:6_22:6(M-H)_26.52,PS,BA_Asyn,0.6171561521967776,0.1565426611903213,A4,APOE4
SM 30:5;O3(M+H)_21.68,SM,BA_Asyn,0.4979698298185963,0.0683511162385577,A4,APOE4
SM 34:1;O2|SM 18:1;O2/16:0(M+H)_32.11,SM,BA_Asyn,0.8812815704285248,0.0304673455362623,A4,APOE4
SM 34:1;O3(M+H)_31.22,SM,BA_Asyn,0.8830643306884804,0.0937302320483308,A4,APOE4
SM 34:2;O2(M+H)_30.08,SM,BA_Asyn,0.7330114035963383,0.025530982759233,A4,APOE4
SM 35:1;O2(M+H)_33.25,SM,BA_Asyn,0.9207274427966096,0.0971299523814553,A4,APOE4
SM 36:0;O3(M+H)_36.94,SM,BA_Asyn,0.1662240962439966,0.0170224530829921,A4,APOE4
SM 36:1;O2|SM 18:1;O2/18:0(M+H)_34.4,SM,BA_Asyn,1.0,0.1787118599860653,A4,APOE4
SM 36:2;O2(M+H)_32.49,SM,BA_Asyn,0.9382194414849012,0.0624897095874109,A4,APOE4
SM 37:4;O3(M+H)_30.58,SM,BA_Asyn,0.0131630092890719,0.0023954404276968,A4,APOE4
SM 38:1;O2|SM 20:1;O2/18:0(M+H)_36.3,SM,BA_Asyn,1.0,0.1013300287773627,A4,APOE4
SM 40:1;O2|SM 18:1;O2/22:0(M+H)_37.45,SM,BA_Asyn,0.9789218202291,0.383647751717397,A4,APOE4
SM 40:2;O2(M+H)_36.43,SM,BA_Asyn,0.6458965135562849,0.0426910294893966,A4,APOE4
SM 40:7;O2(M+H)_27.67,SM,BA_Asyn,1.0,0.2511411012430463,A4,APOE4
SM 42:2;O2|SM 18:1;O2/24:1(M+H)_37.32,SM,BA_Asyn,0.8597770287426297,0.9068639169172092,A4,APOE4
SM 42:3;O2|SM 18:1;O2/24:2(M+H)_36.43,SM,BA_Asyn,0.7067350037116141,0.0516543993819535,A4,APOE4
SM 43:4;O2(M+H)_24.36,SM,BA_Asyn,0.2563038060189004,0.098817093318949,A4,APOE4
ST 27:1;O(M+H-[H2O])_32.24,ST,BA_Asyn,0.4688036805967409,0.509924437681828,A4,APOE4
ST 27:1;O(M+H-[H2O])_41,ST,BA_Asyn,0.4275045526832623,0.0260355215414374,A4,APOE4
ST 27:2;O(M+H)_31.1,ST,BA_Asyn,0.5381283644118205,1.6094333531044287,A4,APOE4
ST 27:2;O(M+H-[H2O])_28.3,ST,BA_Asyn,0.131110881776624,0.0584690631400746,A4,APOE4
TG 48:0|TG 16:0_16:0_16:0(M+NH4)_40.75,TG,BA_Asyn,0.5266559404170456,0.0239140197438857,A4,APOE4
TG 48:1(d7)|TG 15:0_18:1(d7)_15:0(M+NH4)_40.24,TG,BA_Asyn,0.0052460393483585,0.0082964931985857,A4,APOE4
TG 48:2|TG 16:0_16:1_16:1(M+NH4)_39.76,TG,BA_Asyn,0.446899319168728,0.0704385982142927,A4,APOE4
TG 50:0|TG 16:0_16:0_18:0(M+NH4)_41.26,TG,BA_Asyn,1.0,1.1783329177372506,A4,APOE4
TG 50:1|TG 16:0_16:0_18:1(M+NH4)_40.63,TG,BA_Asyn,0.4677170843181598,0.082668332390909,A4,APOE4
TG 50:2|TG 16:0_16:1_18:1(M+NH4)_40.24,TG,BA_Asyn,1.0,0.7133793448600969,A4,APOE4
TG 50:3|TG 16:0_16:1_18:2(M+NH4)_39.86,TG,BA_Asyn,1.0,0.5949607498186726,A4,APOE4
TG 50:4|TG 16:1_16:1_18:2(M+NH4)_39.48,TG,BA_Asyn,0.9947796312343116,0.7011813727849812,A4,APOE4
TG 52:0|TG 16:0_18:0_18:0(M+NH4)_41.89,TG,BA_Asyn,0.1266660962176868,0.0171926944937374,A4,APOE4
TG 52:1|TG 16:0_18:0_18:1(M+NH4)_41.26,TG,BA_Asyn,0.8043395743474353,2.491779521999008,A4,APOE4
TG 52:2|TG 16:0_18:1_18:1(M+NH4)_40.63,TG,BA_Asyn,1.0,0.89993930820354,A4,APOE4
TG 52:3|TG 16:0_18:1_18:2(M+NH4)_40.24,TG,BA_Asyn,0.6719572915022824,0.3278816759280401,A4,APOE4
TG 52:4|TG 16:1_18:1_18:2(M+NH4)_39.86,TG,BA_Asyn,1.0,0.5782815893217912,A4,APOE4
TG 52:5|TG 16:1_18:2_18:2(M+NH4)_39.5,TG,BA_Asyn,1.0,0.9507412446063276,A4,APOE4
TG 54:0|TG 18:0_18:0_18:0(M+NH4)_42.53,TG,BA_Asyn,0.1989532675676191,0.0560706518984339,A4,APOE4
TG 54:1|TG 16:0_18:0_20:1(M+NH4)_41.78,TG,BA_Asyn,0.2873566464924826,0.0990472093262744,A4,APOE4
TG 54:2|TG 18:0_18:1_18:1(M+NH4)_40.74,TG,BA_Asyn,0.2659470377511195,1.1894190689618636,A4,APOE4
TG 54:3|TG 18:1_18:1_18:1(M+NH4)_40.62,TG,BA_Asyn,0.9997245012395026,1.2217575834034675,A4,APOE4
TG 54:4|TG 18:1_18:1_18:2(M+NH4)_40.24,TG,BA_Asyn,0.1929361247655543,0.0575224609734565,A4,APOE4
TG 54:6|TG 18:1_18:2_18:3(M+NH4)_39.86,TG,BA_Asyn,0.2835077185081887,0.0876753768806167,A4,APOE4
TG 60:12|TG 16:0_22:6_22:6(M+NH4)_39.35,TG,BA_Asyn,0.5169403256339041,0.1166461300452541,A4,APOE4
TG O-50:0|TG O-18:0_16:0_16:0(M+NH4)_42.28,EtherTG,BA_Asyn,0.3778572107610113,0.0332355007237474,A4,APOE4
TG O-50:2|TG O-16:0_16:0_18:2(M+NH4)_41.12,EtherTG,BA_Asyn,0.8249349623948833,0.047432754626825,A4,APOE4
TG O-52:1|TG O-18:0_16:0_18:1(M+NH4)_42.16,EtherTG,BA_Asyn,0.2374060254380779,0.0264591373844561,A4,APOE4
TG O-52:2|TG O-18:0_16:0_18:2(M+NH4)_41.64,EtherTG,BA_Asyn,0.5161724981717553,0.0756858543311471,A4,APOE4
TG O-52:3|TG O-16:0_18:1_18:2(M+NH4)_41.01,EtherTG,BA_Asyn,0.8369003588515653,0.0469038812043649,A4,APOE4
TG O-54:2|TG O-20:0_16:0_18:2(M+NH4)_42.28,EtherTG,BA_Asyn,0.6615095381463847,0.0880222881875098,A4,APOE4
TG O-54:4|TG O-18:0_18:2_18:2(M+NH4)_41.13,EtherTG,BA_Asyn,0.8948314611283243,0.0428753470861294,A4,APOE4
TG O-56:3|TG O-20:0_18:1_18:2(M+NH4)_42.16,EtherTG,BA_Asyn,0.9243390753314658,0.0672258842020717,A4,APOE4
25-hydroxycholecalciferol(M+H)_24.36,Vitamin_D,BA_rate,0.01,0.0175369501299266,A2,APOE2
AHexCer 46:1;O3|AHexCer (O-15:0)31:1;O3(M+H-[H2O])_39.35,AHexCer,BA_rate,0.3471281856207369,0.1680347096815163,A2,APOE2
AHexCer 55:6;O3|AHexCer (O-18:1)37:5;O3(M+H-[H2O])_39.74,AHexCer,BA_rate,0.4004971044311789,0.1262515625835734,A2,APOE2
AHexCer 56:1;O3|AHexCer (O-16:0)40:1;O3(M+H-[H2O])_39.48,AHexCer,BA_rate,0.1112526171916449,0.0666378148141598,A2,APOE2
AHexCer 57:1;O3|AHexCer (O-16:0)18:1;O2/23:0;O(M+H)_39.64,AHexCer,BA_rate,5.0,4.468151795132575,A2,APOE2
AHexCer 58:1;O3|AHexCer (O-16:0)42:1;O3(M+H)_39.86,AHexCer,BA_rate,5.0,6.65628220175373,A2,APOE2
AHexCer 58:1;O3|AHexCer (O-17:0)41:1;O3(M+H-[H2O])_39.62,AHexCer,BA_rate,0.0191060508202791,0.0415095026740558,A2,APOE2
AHexCer 58:2;O3|AHexCer (O-18:1)40:1;O3(M+H)_39.48,AHexCer,BA_rate,0.0211784205410723,0.0335330022996805,A2,APOE2
AHexCer 59:1;O3|AHexCer (O-18:0)41:1;O3(M+H)_39.99,AHexCer,BA_rate,5.0,4.803630551969442,A2,APOE2
AHexCer 59:8;O2|AHexCer (O-15:0)44:8;O2(M+H-[H2O])_39.23,AHexCer,BA_rate,0.043463739322597,0.0184982043687036,A2,APOE2
AHexCer 60:1;O3|AHexCer (O-18:0)42:1;O3(M+H)_40.12,AHexCer,BA_rate,5.0,6.86939344796705,A2,APOE2
AHexCer 60:2;O3|AHexCer (O-18:1)18:1;O2/24:0;O(M+H)_39.86,AHexCer,BA_rate,5.0,6.738114271830151,A2,APOE2
C18-Sphingosine(M+H)_18,C18-Sphingosine(M+H)_18,BA_rate,0.3582000116144582,0.1354961517243748,A2,APOE2
CAR 16:0(M+H)_16.86,CAR,BA_rate,0.3176914414166689,0.0465426805450875,A2,APOE2
CAR 18:0(M+H)_19.78,CAR,BA_rate,0.2175249412639161,0.0472106841596162,A2,APOE2
CE 18:1(d7)(M+NH4)_41.64,CE,BA_rate,0.01,0.4363665987773087,A2,APOE2
CE 18:2(M+NH4)_41,CE,BA_rate,0.092710524090721,0.0086066103434471,A2,APOE2
CE 18:3(M+NH4)_40.5,CE,BA_rate,0.1288784437892075,0.020722882723953,A2,APOE2
CE 20:4(M+NH4)_40.75,CE,BA_rate,0.077354910678214,0.0073413672726867,A2,APOE2
CE 22:6(M+NH4)_40.4,CE,BA_rate,0.0409798170213708,0.0204278635774132,A2,APOE2
CL 70:4|CL 34:2_36:2(M+NH4)_39.1,CL,BA_rate,0.1729490485946322,0.0423113693298852,A2,APOE2
CL 72:5|CL 36:2_36:3(M+NH4)_39.22,CL,BA_rate,0.2102513616329205,0.0619990248972193,A2,APOE2
CL 74:7|CL 36:2_38:5(M+NH4)_39.1,CL,BA_rate,0.0760354792423972,0.0464831516558788,A2,APOE2
CL 76:5|CL 39:1_37:4(M-H)_35.04,CL,BA_rate,0.14319304913672,0.019129991185027,A2,APOE2
CL 76:9|CL 36:2_40:7(M+NH4)_38.98,CL,BA_rate,0.031458799364722,0.0832808651820276,A2,APOE2
CL 78:7|CL 41:2_37:5(M-H)_35.04,CL,BA_rate,0.080695397404008,0.0064062887342159,A2,APOE2
CL 79:5(M+NH4)_34.52,CL,BA_rate,0.0355568238024655,0.0107702087007881,A2,APOE2
CL 79:6|CL 36:1_43:5(M-H)_34.4,CL,BA_rate,0.1487720605993884,0.0239621135798933,A2,APOE2
CL 79:9|CL 38:4_41:5(M-H)_32.37,CL,BA_rate,0.3192180223809234,0.0391073556481682,A2,APOE2
CL 80:6|CL 36:1_44:5(M-H)_34.4,CL,BA_rate,0.1925664863494658,0.0307312935430401,A2,APOE2
CL 90:18|CL 46:6_44:12(M-H)_30.21,CL,BA_rate,0.0100502837844285,1.156372156979555,A2,APOE2
Cer 36:1;O2|Cer 18:1;O2/18:0(M+H-[H2O])_36.56,Cer_NS,BA_rate,0.0299776134545297,0.0090317846016937,A2,APOE2
Cer 36:1;O2|Cer 18:1;O2/18:0(M+H-[H2O])_38.34,Cer_NS,BA_rate,0.0309008272623843,0.0051233651483392,A2,APOE2
Cer 36:1;O2|Cer 18:1;O2/18:0(M-H)_36.56,Cer_NS,BA_rate,0.0316160205025412,0.00660641603157,A2,APOE2
Cer 36:2;O2|Cer 18:2;O2/18:0(M+H-[H2O])_34.9,Cer_NS,BA_rate,0.0345903110720451,0.0040162002225247,A2,APOE2
Cer 37:1;O4|Cer 18:0;O3/19:1(2OH)(M-H)_36.56,Cer_AP,BA_rate,0.0354753999670328,0.0048127300872814,A2,APOE2
Cer 38:1;O2|Cer 20:1;O2/18:0(M+H-[H2O])_37.58,Cer_NS,BA_rate,0.0533523581459334,0.0139243259466811,A2,APOE2
Cer 38:1;O2|Cer 20:1;O2/18:0(M+H-[H2O])_38.85,Cer_NS,BA_rate,0.0527139573597779,0.0057151600641225,A2,APOE2
Cer 41:1;O2|Cer 18:1;O2/23:0(M+H)_38.47,Cer_NS,BA_rate,0.0826079267510075,0.0156902985801967,A2,APOE2
Cer 41:1;O4|Cer 26:0;O3(FA 15:0)(M-H)_38.22,Cer_EODS,BA_rate,0.119427568823586,0.0170882300630539,A2,APOE2
Cer 42:1;O2|Cer 26:1;O2/16:0(M+Na)_38.98,Cer_NS,BA_rate,5.0,7.787335572661073,A2,APOE2
Cer 42:2;O2|Cer 18:1;O2/24:1(M+H)_38.09,Cer_NS,BA_rate,0.0871181493961001,0.0431862580177935,A2,APOE2
Cer 42:2;O2|Cer 18:1;O2/24:1(M+H-[H2O])_38.2,Cer_NS,BA_rate,0.051922411615815,0.0208073119692411,A2,APOE2
Cer 42:2;O2|Cer 18:1;O2/24:1(M+H-[H2O])_39.23,Cer_NS,BA_rate,0.1090400629317113,0.0211343854710313,A2,APOE2
Cer 56:11;O4|Cer 38:9;O3(FA 18:1)(+C2H3O2-)_38.48,Cer_EOS,BA_rate,0.0175003743781789,0.0086203273967468,A2,APOE2
CoQ10(M+H)_39.35,CoQ,BA_rate,0.3901195778692601,0.2425733424959051,A2,APOE2
CoQ9(M+H)_38.85,CoQ,BA_rate,0.0758644963024678,0.0344188268132231,A2,APOE2
DG 18:2(M+Na)_10.61,DG,BA_rate,0.1801649825139666,0.0610946486122191,A2,APOE2
DG 18:2(M+Na)_6.94,DG,BA_rate,0.2787553397213377,0.1527299445098411,A2,APOE2
DG 19:2(M+Na)_14.69,DG,BA_rate,5.0,5.565459576371834,A2,APOE2
DG 19:2(M+Na)_16.1,DG,BA_rate,0.1715906389704918,0.0834030452670807,A2,APOE2
DG 20:4(M+Na)_10.88,DG,BA_rate,0.0435260998086254,0.0580465962687734,A2,APOE2
DG 21:4(M+Na)_15.33,DG,BA_rate,0.1870874262273612,0.0536756675614363,A2,APOE2
DG 23:2(M+Na)_25.88,DG,BA_rate,5.0,19.68403747162747,A2,APOE2
DG 28:2(M+Na)_30.08,DG,BA_rate,5.0,5.896408409118783,A2,APOE2
DG 33:1(d7)|DG 15:0_18:1(d7)(M+NH4)_36.81,DG,BA_rate,0.01,0.080961692987162,A2,APOE2
DG 34:0|DG 16:0_18:0(M+NH4)_37.96,DG,BA_rate,5.0,5.939781640195572,A2,APOE2
DG 34:1|DG 16:0_18:1(M+NH4)_37.32,DG,BA_rate,0.1805731058167441,0.0252154558965421,A2,APOE2
DG 36:0|DG 18:0_18:0(M+NH4)_38.47,DG,BA_rate,0.0131956132669311,0.0331734390369386,A2,APOE2
DG 36:1|DG 18:0_18:1(M+NH4)_37.97,DG,BA_rate,0.0512341867208794,0.0079690223187219,A2,APOE2
DG 36:2|DG 18:1_18:1(M+NH4)_37.33,DG,BA_rate,0.1349999751771705,0.0090236610764397,A2,APOE2
DG 36:4|DG 16:0_20:4(M+NH4)_36.06,DG,BA_rate,1.6798761441780246,0.5690042697538856,A2,APOE2
DG 38:4|DG 18:0_20:4(M+NH4)_37.32,DG,BA_rate,0.1134838034726972,0.0126273255121179,A2,APOE2
DG 38:5|DG 18:1_20:4(M+NH4)_36.29,DG,BA_rate,0.0462404813476401,0.0342172548792381,A2,APOE2
DG 38:6(M+Na)_35.54,DG,BA_rate,0.4891094707809525,0.0596478569934752,A2,APOE2
DG 38:6|DG 16:0_22:6(M+NH4)_35.54,DG,BA_rate,0.2993842461004277,0.0379932833915985,A2,APOE2
DG 40:2(M+Na)_38.6,DG,BA_rate,5.0,8.603533994190954,A2,APOE2
DG 40:4|DG 18:0_22:4(M+NH4)_37.83,DG,BA_rate,0.3886042171789174,0.2725962051294308,A2,APOE2
DG 40:6(M+Na)_37.07,DG,BA_rate,0.0817530417887661,0.0118551718307694,A2,APOE2
DG 40:6|DG 18:0_22:6(M+NH4)_37.07,DG,BA_rate,0.0748080008325166,0.0115180864829025,A2,APOE2
DG 40:7|DG 18:1_22:6(M+NH4)_35.67,DG,BA_rate,5.0,9.403954793720322,A2,APOE2
DG 45:10(M+Na)_35.54,DG,BA_rate,5.0,22.275277078094803,A2,APOE2
DG 47:11(M+Na)_35.67,DG,BA_rate,0.0356766959356466,0.0065335194772043,A2,APOE2
DG 47:12(M+Na)_30.46,DG,BA_rate,5.0,12.298083502169238,A2,APOE2
DG 51:9(M+Na)_38.85,DG,BA_rate,0.1329159841483507,0.0380476708442539,A2,APOE2
DG 52:1(M+Na)_42.16,DG,BA_rate,0.4222847080512768,0.0558128496006666,A2,APOE2
DLCL 36:3(M-H)_29.32,DLCL,BA_rate,0.515685970068766,0.1403959068080703,A2,APOE2
DLCL 42:11(M-H)_29.32,DLCL,BA_rate,0.3565898526236676,0.0619588017647399,A2,APOE2
DLCL 44:12(M-H)_29.57,DLCL,BA_rate,0.7426469007752385,0.2082333151925862,A2,APOE2
Diisodecyl phthalate (also known as the production of plastic)(M+H)_29.19,Others,BA_rate,5.0,7.913267504484224,A2,APOE2
Dioctyl phthalate (also known as the production of plastic)(M+H)_24.1,Others,BA_rate,5.0,6.030050312464812,A2,APOE2
FA 18:1(M-H)_22.7,FA,BA_rate,0.1033752975178944,0.0401973491323123,A2,APOE2
GM3 36:1;O2(M-H)_30.85,GM3,BA_rate,0.0581831341286379,0.0155505502439947,A2,APOE2
HexCer 36:1;O2|HexCer 18:1;O2/18:0(M+H)_34.91,HexCer_NS,BA_rate,0.1569852941571739,0.0540184357944831,A2,APOE2
HexCer 38:1;O2(M+H)_36.69,HexCer_NDS,BA_rate,0.044842289191364,0.0134033068090833,A2,APOE2
HexCer 38:1;O3|HexCer 18:1;O2/20:0;O(M+H)_36.31,HexCer_HS,BA_rate,0.0155529647355495,0.0098826677296217,A2,APOE2
HexCer 40:1;O2(M+H)_37.58,HexCer_NDS,BA_rate,0.01,0.0116678704162239,A2,APOE2
HexCer 40:1;O3(M+H)_37.33,HexCer_HS,BA_rate,0.029769590144963,0.0124862652069335,A2,APOE2
HexCer 40:1;O3|HexCer 18:1;O2/22:0;O(M-H)_37.44,HexCer_HS,BA_rate,0.01,0.0160847301573201,A2,APOE2
HexCer 40:2;O2|HexCer 18:2;O2/22:0(M+H)_37.44,HexCer_NS,BA_rate,0.01,0.0315348972857999,A2,APOE2
HexCer 41:1;O3(M+H)_37.7,HexCer_HS,BA_rate,0.0225597583515028,0.0156265648216193,A2,APOE2
HexCer 41:1;O3|HexCer 21:1;O2/20:0;O(M-H)_37.71,HexCer_HS,BA_rate,0.01,0.0136834638913625,A2,APOE2
HexCer 42:1;O2(M+H)_38.09,HexCer_NDS,BA_rate,0.0263618418583658,0.0229445849707486,A2,APOE2
HexCer 42:1;O3(M+H)_37.97,HexCer_HS,BA_rate,0.01,0.0083985327670983,A2,APOE2
HexCer 42:1;O3|HexCer 18:1;O2/24:0;O(M-H)_38.08,HexCer_HS,BA_rate,0.0120290218376931,0.0204653106022903,A2,APOE2
HexCer 42:2;O2|HexCer 18:1;O2/24:1(M+H)_37.58,HexCer_NS,BA_rate,0.01,0.0039761156261225,A2,APOE2
HexCer 42:2;O2|HexCer 18:1;O2/24:1(M+H-[H2O])_37.58,HexCer_NS,BA_rate,0.01,0.0095591833035221,A2,APOE2
HexCer 42:2;O3|HexCer 18:1;O2/24:1;O(M+H)_37.32,HexCer_HS,BA_rate,0.0312843902804858,0.0171712633204304,A2,APOE2
HexCer 42:3;O2|HexCer 18:2;O2/24:1(M+H)_37.32,HexCer_NS,BA_rate,0.0114876057177309,0.0244076950428505,A2,APOE2
HexCer 43:1;O3|HexCer 18:1;O2/25:0;O(M+H)_38.24,HexCer_HS,BA_rate,0.01,0.031838093138221,A2,APOE2
HexCer 43:2;O3|HexCer 18:1;O2/25:1;O(M+H)_37.7,HexCer_HS,BA_rate,0.0175209045479307,0.0494396918828014,A2,APOE2
LPA 19:5(M-H)_17.24,LPA,BA_rate,5.0,9.22992457700442,A2,APOE2
LPC 14:0(M+H)_8.21,LPC,BA_rate,0.1702334542783109,0.011917951802544,A2,APOE2
LPC 14:0/0:0(M+H)_9.86,LPC,BA_rate,0.1855039187497493,0.0247490604670498,A2,APOE2
LPC 16:0(M+H)_16.35,LPC,BA_rate,0.1174559823467239,0.0155010825958259,A2,APOE2
LPC 16:0/0:0(M+H)_17.11,LPC,BA_rate,0.1066704134898834,0.0098700415329292,A2,APOE2
LPC 16:1(M+H)_10.88,LPC,BA_rate,0.0907703975320913,0.0073081769607229,A2,APOE2
LPC 16:1(M+H)_12.53,LPC,BA_rate,0.1266890590013274,0.0062145885038295,A2,APOE2
LPC 16:1(M+Na)_10.87,LPC,BA_rate,0.195826856687798,0.0436483676160524,A2,APOE2
LPC 17:0/0:0(M+H)_18.76,LPC,BA_rate,0.0927321709653767,0.0078314960125253,A2,APOE2
LPC 17:3(M+H)_20.67,LPC,BA_rate,0.053627271225126,0.0110982414569949,A2,APOE2
LPC 18:0(M+H)_20.29,LPC,BA_rate,0.0554214802310941,0.0049937524356634,A2,APOE2
LPC 18:2(M+H)_13.93,LPC,BA_rate,0.2453842995251639,0.0206759068742981,A2,APOE2
LPC 18:2(M+H)_15.2,LPC,BA_rate,0.1994748494216524,0.0375227833233178,A2,APOE2
LPC 18:3(M+H)_16.35,LPC,BA_rate,0.0741595817468588,0.00505656216833,A2,APOE2
LPC 18:3/0:0(M+H)_17.11,LPC,BA_rate,0.1058782332542064,0.0126420555736667,A2,APOE2
LPC 20:0/0:0(M+H)_23.34,LPC,BA_rate,0.1586145875268947,0.0250557167492719,A2,APOE2
LPC 20:1(M+Na)_20.66,LPC,BA_rate,0.1015737325027132,0.0126510721830442,A2,APOE2
LPC 20:3(M+H)_15.97,LPC,BA_rate,0.188369497588743,0.0196426359302345,A2,APOE2
LPC 20:4(M+H)_14.06,LPC,BA_rate,0.0698570524655337,0.0056159727782773,A2,APOE2
LPC 20:5(M+H)_9.86,LPC,BA_rate,0.1967357924364449,0.0293717267387258,A2,APOE2
LPC 22:0/0:0(M+H)_26.39,LPC,BA_rate,0.0906013427411687,0.0107309183088716,A2,APOE2
LPC 22:1(M+H)_23.46,LPC,BA_rate,0.0573746063481353,0.0136520719741787,A2,APOE2
LPC 22:4(M+H)_17.49,LPC,BA_rate,0.0799604717094877,0.0073247191799445,A2,APOE2
LPC 22:6(M+H)_13.81,LPC,BA_rate,0.0909576697308789,0.014698505073697,A2,APOE2
LPC 22:6(M+Na)_13.8,LPC,BA_rate,0.1172783344174928,0.0080734272126591,A2,APOE2
LPC 22:6(M+Na)_14.81,LPC,BA_rate,0.194991801573773,0.0300507480048209,A2,APOE2
LPC 24:1(M+H)_25.76,LPC,BA_rate,0.1484347491003348,0.0307686333380603,A2,APOE2
LPC 24:4(M+H)_19.65,LPC,BA_rate,0.0919013678444196,0.0120325827224902,A2,APOE2
LPC O-16:0(M+H)_18.25,EtherLPC,BA_rate,0.0796487556532327,0.0068709991602689,A2,APOE2
LPE 15:0(M-H)_14.57,LPE,BA_rate,1.3508073667470335,1.819621189253622,A2,APOE2
LPE 16:0(M+H)_16.48,LPE,BA_rate,0.0870554979001193,0.018640509835018,A2,APOE2
LPE 16:0(M-H)_16.48,LPE,BA_rate,0.0716233160078266,0.0203079359755556,A2,APOE2
LPE 16:1(M+H)_10.62,LPE,BA_rate,0.0523021935022573,0.0086375340056625,A2,APOE2
LPE 16:1(M+H)_12.41,LPE,BA_rate,0.0940792496542473,0.0088151866319381,A2,APOE2
LPE 16:1(M-H)_10.63,LPE,BA_rate,0.039430533460466,0.0087738315016791,A2,APOE2
LPE 18:0(M+H)_20.67,LPE,BA_rate,0.0569448919469586,0.0069152907808036,A2,APOE2
LPE 18:0(M-H)_20.68,LPE,BA_rate,0.0530587101326965,0.0059301309539103,A2,APOE2
LPE 18:1(M+H)_17.49,LPE,BA_rate,0.0150513538892036,0.0059604656405879,A2,APOE2
LPE 18:1(d7)(M-H)_17.37,LPE,BA_rate,0.8779872382796877,1.1992063794930194,A2,APOE2
LPE 18:2(M+H)_13.95,LPE,BA_rate,0.1150992740030865,0.0267877318130424,A2,APOE2
LPE 18:2(M-H)_14.06,LPE,BA_rate,0.025852817567963,0.013716235203097,A2,APOE2
LPE 18:2(M-H)_15.34,LPE,BA_rate,0.0260765580525219,0.0176194042804506,A2,APOE2
LPE 19:1(M-H)_19.02,LPE,BA_rate,0.1765681603685501,0.0583480870288393,A2,APOE2
LPE 20:0(M+H)_23.21,LPE,BA_rate,0.0411061416861216,0.0295889007817645,A2,APOE2
LPE 20:0(M-H)_23.22,LPE,BA_rate,0.0272771854981145,0.0140552331637858,A2,APOE2
LPE 20:1(M+H)_20.41,LPE,BA_rate,0.0119628582928283,0.0122007286008615,A2,APOE2
LPE 20:2(M-H)_18.51,LPE,BA_rate,0.0183120454820764,0.0169245681140024,A2,APOE2
LPE 20:3(M+H)_16.35,LPE,BA_rate,0.1119401035830866,0.0270839291867625,A2,APOE2
LPE 20:3(M+H)_17.36,LPE,BA_rate,0.0553622387474778,0.0109133493174208,A2,APOE2
LPE 20:3(M-H)_16.35,LPE,BA_rate,0.9218068827439588,1.6782863560594308,A2,APOE2
LPE 20:4(M+H)_14.19,LPE,BA_rate,0.0308847490729982,0.0128449608423216,A2,APOE2
LPE 20:4(M-H)_14.19,LPE,BA_rate,0.032473442078153,0.0068048975471742,A2,APOE2
LPE 20:5(M+H)_9.61,LPE,BA_rate,0.3445956451190953,0.1816616008000083,A2,APOE2
LPE 20:5(M-H)_9.74,LPE,BA_rate,0.2550977481161451,0.0260822406159237,A2,APOE2
LPE 22:1(M+H)_23.34,LPE,BA_rate,0.0980965207538322,0.0402416059758884,A2,APOE2
LPE 22:1(M-H)_23.35,LPE,BA_rate,0.0635685911295577,0.0137561247687394,A2,APOE2
LPE 22:2(M-H)_21.19,LPE,BA_rate,0.0167806149608318,0.0120944005468287,A2,APOE2
LPE 22:3(M-H)_19.64,LPE,BA_rate,0.0387517368576023,0.0160382152385022,A2,APOE2
LPE 22:4(M+H)_17.74,LPE,BA_rate,0.0278156119046533,0.0157253627473135,A2,APOE2
LPE 22:5(M+H)_15.59,LPE,BA_rate,5.0,64.25093652695352,A2,APOE2
LPE 22:6(M-H)_13.94,LPE,BA_rate,0.0280573431184638,0.0133229230415687,A2,APOE2
LPE 24:4(M+H)_20.03,LPE,BA_rate,0.0446971299694502,0.0128247597734184,A2,APOE2
LPE 24:4(M-H)_20.04,LPE,BA_rate,0.0312549440136224,0.0117578133811919,A2,APOE2
LPE 24:5(M+H)_18.76,LPE,BA_rate,0.0518131515481871,0.0323530681094154,A2,APOE2
LPE 24:5(M-H)_18.77,LPE,BA_rate,0.0402033817918638,0.0117407115980888,A2,APOE2
LPE 24:6(M+H)_17.24,LPE,BA_rate,0.0189161688572808,0.022150270841393,A2,APOE2
LPE 24:6(M-H)_17.24,LPE,BA_rate,0.0106683551536522,0.0387690911709533,A2,APOE2
LPE O-16:0(M-H)_18.64,EtherLPE,BA_rate,0.1030549893271547,0.0113805924614574,A2,APOE2
LPE O-18:0(M+H)_22.07,EtherLPE,BA_rate,0.0852763514169161,0.0130118685141786,A2,APOE2
LPE O-18:0(M-H)_22.08,EtherLPE,BA_rate,0.068590282035307,0.0114648151084792,A2,APOE2
LPE P-18:1(M+H)_20.67,EtherLPE,BA_rate,0.0465784572277258,0.0090671266313742,A2,APOE2
LPG 15:0(M-H)_9.35,LPG,BA_rate,0.1441327616008348,0.1617573615976542,A2,APOE2
LPG 16:0(M-H)_14.06,LPG,BA_rate,0.6513300999039896,0.0502468764142684,A2,APOE2
LPG 18:1(M-H)_14.19,LPG,BA_rate,0.4097535629804916,0.0595655735307168,A2,APOE2
LPG 20:4(M-H)_9.36,LPG,BA_rate,0.5315384030164958,0.083905053566791,A2,APOE2
LPG 22:6(M-H)_9.36,LPG,BA_rate,0.4691384867154898,0.1014814743667151,A2,APOE2
LPG O-20:1(M-H)_20.17,EtherLPG,BA_rate,0.0390438799237134,0.0188967097713487,A2,APOE2
LPI 15:0(M-H)_6.82,LPI,BA_rate,5.0,16.180897494747068,A2,APOE2
LPI 16:0(M-H)_10.25,LPI,BA_rate,0.2880431335555364,0.0441940930746139,A2,APOE2
LPI 18:0(M-H)_17.62,LPI,BA_rate,5.0,6.800683634634281,A2,APOE2
LPI 20:4(M-H)_6.83,LPI,BA_rate,0.1784038127878577,0.0270620234147592,A2,APOE2
LPI 22:6(M-H)_6.95,LPI,BA_rate,0.3624401139786919,0.1271576424257612,A2,APOE2
LPS 15:0(M-H)_6.95,LPS,BA_rate,0.1712176313185885,0.13489824499028,A2,APOE2
LPS 18:0(M-H)_17.75,LPS,BA_rate,0.0471352302383175,0.0051101728204923,A2,APOE2
LPS 18:1(M-H)_11.26,LPS,BA_rate,0.070075993805054,0.0088602421327453,A2,APOE2
LPS 18:1(M-H)_13.43,LPS,BA_rate,0.0892754476182756,0.013210529308021,A2,APOE2
LPS 20:4(M-H)_7.08,LPS,BA_rate,0.1010838824888202,0.0237151088938546,A2,APOE2
LPS 22:4(M-H)_13.18,LPS,BA_rate,0.053730729937391,0.0134239571029174,A2,APOE2
LPS 22:4(M-H)_14.57,LPS,BA_rate,0.0425781290877745,0.0156519938819839,A2,APOE2
LPS 22:6(M-H)_7.08,LPS,BA_rate,0.0598559072722468,0.0063519822515388,A2,APOE2
MG 38:1(M+NH4)_38.98,MG,BA_rate,0.2823934277413514,0.02416676215292,A2,APOE2
MGDG 36:1|MGDG 16:0_20:1(M+NH4)_36.82,MGDG,BA_rate,0.1140740533922421,0.0438056469590683,A2,APOE2
MMPE 42:2|MMPE 20:1_22:1(M-H)_37.19,MMPE,BA_rate,0.1205460189882266,0.0418864638419158,A2,APOE2
NAE 16:0(M+H)_19.66,NAE,BA_rate,0.1625899291775052,0.0195844329060878,A2,APOE2
NAE 18:0(M+H)_22.83,NAE,BA_rate,0.1263273770725265,0.0240994151764216,A2,APOE2
NAE 18:1(M+H)_20.16,NAE,BA_rate,0.0383395699893669,0.0171181524751368,A2,APOE2
PA 33:1(d7)|PA 15:0_18:1(d7)(M-H)_33.5,PA,BA_rate,5.0,9.77959047495515,A2,APOE2
PA 33:1(d7)|PA 15:0_18:1(d7)(M-H)_35.55,PA,BA_rate,5.0,6.021995813905569,A2,APOE2
PA 33:1(d7)|PA 15:0_18:1(d7)(M-H)_41.65,PA,BA_rate,5.0,20.379171817956017,A2,APOE2
PC 22:0(M+H)_22.96,PC,BA_rate,0.0861728043999218,0.0097001798800515,A2,APOE2
PC 23:0(M+H)_23.47,PC,BA_rate,0.1657480014528946,0.0230193551783023,A2,APOE2
PC 30:0|PC 14:0_16:0(M+H)_31.98,PC,BA_rate,0.1242491234797811,0.0158324120603503,A2,APOE2
PC 31:0|PC 15:0_16:0(M+H)_33.12,PC,BA_rate,0.1582665810675728,0.0198009198871147,A2,APOE2
PC 31:2(M+H)_33.12,PC,BA_rate,0.2660282648958726,0.0442684151916616,A2,APOE2
PC 32:0|PC 16:0_16:0(M+H)_34.14,PC,BA_rate,0.0997169035219749,0.0120993001096828,A2,APOE2
PC 32:1|PC 16:0_16:1(M+H)_32.24,PC,BA_rate,0.1545298809704114,0.0147138900630442,A2,APOE2
PC 32:2(M+H)_30.34,PC,BA_rate,0.3496042888673868,0.0522591984377754,A2,APOE2
PC 33:0|PC 16:0_17:0(M+H)_35.16,PC,BA_rate,0.24194885822999,0.0230227190714809,A2,APOE2
PC 33:1(d7)|PC 15:0_18:1(d7)(M+H)_33.25,PC,BA_rate,5.0,46.83783451711833,A2,APOE2
PC 33:1|PC 16:0_17:1(M+H)_33.38,PC,BA_rate,0.1289463074696442,0.0171268985659562,A2,APOE2
PC 34:0|PC 16:0_18:0(M+H)_36.17,PC,BA_rate,0.4655428163942975,0.2230314300809364,A2,APOE2
PC 34:1(M+H)_34.4,PC,BA_rate,0.1283756480827382,0.0191681706421723,A2,APOE2
PC 34:2|PC 16:1_18:1(M+H)_32.74,PC,BA_rate,0.1917458750665444,0.0196581604562269,A2,APOE2
PC 34:3(M+H)_30.59,PC,BA_rate,0.01,0.0,A2,APOE2
PC 34:4(M+H)_30.48,PC,BA_rate,5.0,19.70148230793137,A2,APOE2
PC 35:0|PC 16:0_19:0(M+H)_36.69,PC,BA_rate,0.0460375621435932,0.0181097904431859,A2,APOE2
PC 35:1|PC 17:0_18:1(M+H)_35.29,PC,BA_rate,0.0766301953994237,0.0104494679120593,A2,APOE2
PC 35:2(M+H)_33.63,PC,BA_rate,1.091552638126604,1.5776378470827184,A2,APOE2
PC 36:1|PC 9:0_27:1(M+H)_36.3,PC,BA_rate,0.0600238383600513,0.0117913079603818,A2,APOE2
PC 36:2|PC 18:1_18:1(M+H)_34.65,PC,BA_rate,0.1540578050933997,0.0172632086886376,A2,APOE2
PC 36:3(M+H)_32.49,PC,BA_rate,0.01,0.0251178306049042,A2,APOE2
PC 36:4|PC 18:2_18:2(M+H)_32.36,PC,BA_rate,0.1958838913258368,0.0193776154682839,A2,APOE2
PC 36:6(M+H)_29.44,PC,BA_rate,5.0,4.60154762928079,A2,APOE2
PC 37:4|PC 17:0_20:4(M+H)_33.51,PC,BA_rate,0.5005105249470236,0.5611408139243977,A2,APOE2
PC 38:1(M+H)_37.2,PC,BA_rate,0.0665159765461485,0.0072313338769052,A2,APOE2
PC 38:2|PC 18:1_20:1(M+H)_36.31,PC,BA_rate,0.7317299130127911,0.920110970255809,A2,APOE2
PC 38:3|PC 18:0_20:3(M+H)_35.28,PC,BA_rate,0.01,0.0425047579372652,A2,APOE2
PC 38:4|PC 16:0_22:4(M+H)_34.64,PC,BA_rate,0.0728649966886235,0.0099778824152289,A2,APOE2
PC 38:5|PC 18:0_20:5(M+H)_32.61,PC,BA_rate,0.01,0.0168676301047951,A2,APOE2
PC 38:6(M+H)_31.74,PC,BA_rate,0.2290431980978759,0.0304607076830666,A2,APOE2
PC 38:7|PC 16:1_22:6(M+H)_29.81,PC,BA_rate,0.2941483269832377,0.0488403424762088,A2,APOE2
PC 39:6|PC 17:0_22:6(M+H)_32.87,PC,BA_rate,0.1200136122160251,0.0151369920075279,A2,APOE2
PC 40:1(M+H)_37.96,PC,BA_rate,0.051495696273867,0.0182298320307292,A2,APOE2
PC 40:2|PC 20:1_20:1(M+H)_37.2,PC,BA_rate,0.8428481608906802,1.3659677643774395,A2,APOE2
PC 40:4(M+H)_35.91,PC,BA_rate,0.2529664074710952,0.1186398337706226,A2,APOE2
PC 40:6(M+Na)_33.99,PC,BA_rate,0.7904510377483255,0.1518015847145849,A2,APOE2
PC 40:6|PC 18:0_22:6(M+H)_33.89,PC,BA_rate,0.0826898430490244,0.0081655281702147,A2,APOE2
PC 40:7(M+Na)_31.98,PC,BA_rate,0.2357883744172174,0.0286420443935172,A2,APOE2
PC 40:7|PC 18:1_22:6(M+H)_31.98,PC,BA_rate,0.1019009106141501,0.0160595338144455,A2,APOE2
PC 40:8|PC 18:2_22:6(M+H)_30.21,PC,BA_rate,0.0399960047045942,0.0244729741397419,A2,APOE2
PC 40:9|PC 18:3_22:6(M+H)_31.86,PC,BA_rate,0.2094467440354767,0.0227188065138126,A2,APOE2
PC 41:1(M+H)_38.24,PC,BA_rate,0.0152026466007385,0.019980707783183,A2,APOE2
PC 42:10(M+H)_29.7,PC,BA_rate,0.0823281315159582,0.0180864714455176,A2,APOE2
PC 42:1|PC 24:0_18:1(M+H)_38.47,PC,BA_rate,0.0279047591821959,0.0036904754275999,A2,APOE2
PC 42:2|PC 18:1_24:1(M+H)_37.96,PC,BA_rate,0.0495065260842776,0.0191244783251388,A2,APOE2
PC 42:4(M+H)_36.94,PC,BA_rate,0.0925852069337368,0.009735470979958,A2,APOE2
PC 42:7(M+H)_33.89,PC,BA_rate,0.1720700074291438,0.0266718943956006,A2,APOE2
PC 42:9(M+H)_30.84,PC,BA_rate,0.0226224256526365,0.0208849366543917,A2,APOE2
PC 43:1(M+H)_38.72,PC,BA_rate,0.3431856971298501,0.2504553869282712,A2,APOE2
PC 44:10(M+H)_31.47,PC,BA_rate,0.0360970196433034,0.0174966786347543,A2,APOE2
PC 44:12|PC 22:6_22:6(M+H)_29.19,PC,BA_rate,0.0705704420372731,0.0100075025893548,A2,APOE2
PC 52:4(M+H)_39.35,PC,BA_rate,0.1031144251694837,0.0105610666773594,A2,APOE2
PC 52:5(M+H)_38.98,PC,BA_rate,0.0609425630451739,0.0218625196109784,A2,APOE2
PC 54:6(M+H)_39.1,PC,BA_rate,0.1387456978195038,0.0229348610080103,A2,APOE2
PC O-32:0|PC O-16:0_16:0(M+H)_35.54,EtherPC,BA_rate,0.0685833079113672,0.0075868543172977,A2,APOE2
PC O-34:0|PC O-18:0_16:0(M+H)_36.94,EtherPC,BA_rate,0.0515833870264444,0.0313200694370817,A2,APOE2
PC O-34:1|PC O-18:1_16:0(M+H)_35.54,EtherPC,BA_rate,0.0804897748865598,0.0051545939473354,A2,APOE2
PC O-34:2|PC O-15:2_19:0(M+H)_34.52,EtherPC,BA_rate,0.01,0.0177653628371356,A2,APOE2
PC O-35:4|PC O-13:0_22:4(M+H)_35.8,EtherPC,BA_rate,0.0794988953439099,0.0117376330384742,A2,APOE2
PC O-36:4|PC O-16:0_20:4(M+H)_33.76,EtherPC,BA_rate,0.1742774003199537,0.0188379517209797,A2,APOE2
PC O-37:5(M+H)_35.8,EtherPC,BA_rate,0.0113654398853969,0.018286029429855,A2,APOE2
PC O-38:1(M+H)_37.58,EtherPC,BA_rate,0.01,0.0283125747830908,A2,APOE2
PC O-38:6|PC O-16:0_22:6(M+H)_33.12,EtherPC,BA_rate,0.2342940204634462,0.0277242173449273,A2,APOE2
PC O-40:1|PC O-15:1_25:0(M+H)_38.09,EtherPC,BA_rate,0.01,0.1225373370617089,A2,APOE2
PC O-41:5(M+H)_37.82,EtherPC,BA_rate,0.01,0.0210212525195161,A2,APOE2
PE 32:0|PE 16:0_16:0(M+H)_34.78,PE,BA_rate,0.3767267382784955,0.0467330233442394,A2,APOE2
PE 33:1(d7)|PE 15:0_18:1(d7)(M+H)_33.76,PE,BA_rate,5.0,45.13704687098397,A2,APOE2
PE 33:1(d7)|PE 15:0_18:1(d7)(M-H)_33.77,PE,BA_rate,0.0100027060597632,0.9697750244701164,A2,APOE2
PE 34:0|PE 16:0_18:0(M-H)_36.57,PE,BA_rate,0.7812040794263989,0.2091149078630075,A2,APOE2
PE 34:1|PE 16:0_18:1(M+H)_34.9,PE,BA_rate,0.1887041935751332,0.0284385187705959,A2,APOE2
PE 34:1|PE 16:0_18:1(M-H)_34.91,PE,BA_rate,0.1678471707425843,0.0255757077869963,A2,APOE2
PE 34:2|PE 16:0_18:2(M-H)_33,PE,BA_rate,0.2535557859486406,0.0341717933111642,A2,APOE2
PE 36:1|PE 18:0_18:1(M+H)_36.56,PE,BA_rate,0.043681836879236,0.0080504787874469,A2,APOE2
PE 36:1|PE 18:0_18:1(M-H)_36.57,PE,BA_rate,0.0456853118495727,0.0080673240340418,A2,APOE2
PE 36:2|PE 18:1_18:1(M+H)_35.03,PE,BA_rate,0.0875179680115226,0.0096992664760597,A2,APOE2
PE 36:2|PE 18:1_18:1(M-H)_35.04,PE,BA_rate,0.1048334373812619,0.0149974125626821,A2,APOE2
PE 36:3|PE 18:1_18:2(M-H)_33.14,PE,BA_rate,0.0115116218144005,0.0097567835048682,A2,APOE2
PE 36:4|PE 16:0_20:4(M+H)_32.99,PE,BA_rate,0.1569735510542672,0.0152929238531859,A2,APOE2
PE 36:4|PE 16:0_20:4(M-H)_32.88,PE,BA_rate,0.1577677138408391,0.0182976028801194,A2,APOE2
PE 36:5(M+H)_30.97,PE,BA_rate,0.4073794589133536,0.1040167112943801,A2,APOE2
PE 38:1|PE 18:0_20:1(M-H)_37.46,PE,BA_rate,0.0920726506537623,0.0183872347087006,A2,APOE2
PE 38:2|PE 18:1_20:1(M-H)_36.57,PE,BA_rate,0.4456657985139389,0.2232597178264799,A2,APOE2
PE 38:4|PE 18:0_20:4(M+H)_35.03,PE,BA_rate,0.0597469874153307,0.0091366214662357,A2,APOE2
PE 38:4|PE 18:0_20:4(M-H)_35.04,PE,BA_rate,0.0597760211630431,0.0080958169749109,A2,APOE2
PE 38:5|PE 18:1_20:4(M+H)_33.12,PE,BA_rate,0.0162785392361734,0.047479898768705,A2,APOE2
PE 38:5|PE 18:1_20:4(M-H)_33.13,PE,BA_rate,0.0245912819730223,0.0153250377531553,A2,APOE2
PE 38:6|PE 16:0_22:6(M+H)_32.36,PE,BA_rate,0.1894646785874476,0.0137491086249556,A2,APOE2
PE 38:6|PE 16:0_22:6(M-H)_32.37,PE,BA_rate,0.2036405598958572,0.0194683888853297,A2,APOE2
PE 38:7|PE 16:1_22:6(M+H)_30.35,PE,BA_rate,5.0,7.758058310991324,A2,APOE2
PE 39:6(M+H)_33.51,PE,BA_rate,0.1153197181922715,0.0260919506751521,A2,APOE2
PE 40:1|PE 18:0_22:1(M-H)_36.69,PE,BA_rate,0.1123235229450635,0.0274887756957725,A2,APOE2
PE 40:4|PE 18:0_22:4(M+H)_36.3,PE,BA_rate,0.2887696642201392,0.3204239923928426,A2,APOE2
PE 40:4|PE 18:0_22:4(M-H)_36.31,PE,BA_rate,0.3022754285379547,0.3776161068522551,A2,APOE2
PE 40:6|PE 18:0_22:6(M+H)_34.63,PE,BA_rate,0.0633781582534762,0.0068482897219333,A2,APOE2
PE 40:6|PE 18:0_22:6(M-H)_34.53,PE,BA_rate,0.0608653032500554,0.0062914098758608,A2,APOE2
PE 40:7(M+H)_32.5,PE,BA_rate,0.1389766970890978,0.0178080441109182,A2,APOE2
PE 40:7|PE 18:1_22:6(M-H)_32.62,PE,BA_rate,0.0980338038611998,0.0095819871972875,A2,APOE2
PE 44:10(M+H)_32.09,PE,BA_rate,5.0,9.672433742049664,A2,APOE2
PE 44:12|PE 22:6_22:6(M+H)_29.7,PE,BA_rate,0.4251243547632209,0.1496318668534139,A2,APOE2
PE 44:12|PE 22:6_22:6(M-H)_29.7,PE,BA_rate,0.0255009604762528,0.0234191327302292,A2,APOE2
PE O-34:1(M+H)_36.05,EtherPE,BA_rate,0.1227285397381799,0.0189664342499627,A2,APOE2
PE O-34:1|PE O-18:1_16:0(M-H)_36.06,EtherPE,BA_rate,0.1444032218368001,0.0197557595211831,A2,APOE2
PE O-36:2|PE O-18:1_18:1(M-H)_37.2,EtherPE,BA_rate,0.0796730603551421,0.0132118555891916,A2,APOE2
PE O-37:3|PE O-22:3_15:0(M-H)_30.59,EtherPE,BA_rate,0.01,0.0,A2,APOE2
PE O-38:4|PE O-16:0_22:4(M-H)_35.8,EtherPE,BA_rate,0.1021609295531634,0.0225185942897338,A2,APOE2
PE O-38:6|PE O-16:0_22:6(M-H)_33.77,EtherPE,BA_rate,0.1352841817909817,0.0151610694693733,A2,APOE2
PE O-40:4|PE O-18:0_22:4(M-H)_37.08,EtherPE,BA_rate,0.1421908334520779,0.0164318135713317,A2,APOE2
PE O-40:6|PE O-18:0_22:6(M-H)_35.8,EtherPE,BA_rate,0.2244356237433335,0.0824219097354092,A2,APOE2
PE O-40:7|PE O-18:1_22:6(M-H)_35.53,EtherPE,BA_rate,5.0,6.195632981027349,A2,APOE2
PE P-38:5|PE P-18:1_20:4(M+H)_33.76,EtherPE,BA_rate,0.1376307163203964,0.0225487722860558,A2,APOE2
PE P-40:5(M+H)_35.8,EtherPE,BA_rate,0.1989271154873009,0.0649344405316694,A2,APOE2
PG 32:0|PG 16:0_16:0(M-H)_31.61,PG,BA_rate,0.5603851286575443,0.0731814396143899,A2,APOE2
PG 33:1(d7)|PG 15:0_18:1(d7)(M+NH4)_30.59,PG,BA_rate,0.01,71.08399859967776,A2,APOE2
PG 34:1|PG 16:0_18:1(M-H)_31.73,PG,BA_rate,0.3972093511682218,0.0664157400926009,A2,APOE2
PG 38:2|PG 18:1_20:1(M-H)_35.67,PG,BA_rate,0.1049842016507791,0.0493899182704195,A2,APOE2
PG 44:12|PG 22:6_22:6(M-H)_25.5,PG,BA_rate,0.8192226350848858,0.3430801094305919,A2,APOE2
PI 32:0|PI 16:0_16:0(M-H)_31.24,PI,BA_rate,5.0,17.166498963431298,A2,APOE2
PI 33:1(d7)|PI 15:0_18:1(d7)(M+NH4)_30.2,PI,BA_rate,0.0100011681571458,3.422392900080846,A2,APOE2
PI 33:1(d7)|PI 15:0_18:1(d7)(M-H)_30.21,PI,BA_rate,5.0,25.83661751170597,A2,APOE2
PI 33:1(d7)|PI 15:0_18:1(d7)(M-H)_33.26,PI,BA_rate,0.01,0.0130269742762871,A2,APOE2
PI 36:4|PI 16:0_20:4(M-H)_29.32,PI,BA_rate,0.3970563643244699,0.0616577901771393,A2,APOE2
PI 38:4(M+NH4)_31.6,PI,BA_rate,0.1370428268338574,0.0204051475776697,A2,APOE2
PI 38:4|PI 18:0_20:4(M-H)_31.61,PI,BA_rate,0.1321327432870337,0.0188627129270909,A2,APOE2
PI 38:5(M+NH4)_29.57,PI,BA_rate,0.2590761014201054,0.0550489439899897,A2,APOE2
PI 38:5|PI 18:1_20:4(M-H)_29.57,PI,BA_rate,0.3331999062036965,0.0654884260801169,A2,APOE2
PI 38:6(M+NH4)_28.82,PI,BA_rate,0.8028415383819248,0.2650265978381328,A2,APOE2
PI 40:6(M+NH4)_31.09,PI,BA_rate,0.3311636736892383,0.0938187822366286,A2,APOE2
PI 40:6|PI 18:0_22:6(M-H)_31.1,PI,BA_rate,0.2651872740885244,0.0611144831883035,A2,APOE2
PS 33:1(d7)|PS 15:0_18:1(d7)(M-H)_30.57,PS,BA_rate,0.8762653461663568,2.171410650976473,A2,APOE2
PS 34:1(M+H)_31.73,PS,BA_rate,0.3780375606508173,0.072317403487235,A2,APOE2
PS 36:0;O3|PS 18:0_18:0;O3(M-H)_32.12,OxPS,BA_rate,5.0,5.670122218633683,A2,APOE2
PS 36:1|PS 18:0_18:1(M+H)_33.76,PS,BA_rate,0.0413143865284408,0.0108348011247949,A2,APOE2
PS 36:1|PS 18:0_18:1(M-H)_33.77,PS,BA_rate,0.1651803122653581,0.0265564273700461,A2,APOE2
PS 36:2|PS 18:1_18:1(M+H)_31.98,PS,BA_rate,0.0964658639101044,0.0112822803208242,A2,APOE2
PS 36:2|PS 18:1_18:1(M-H)_32.12,PS,BA_rate,0.0940428827631441,0.0190545498304805,A2,APOE2
PS 38:4(M+H)_31.99,PS,BA_rate,0.1056586476911293,0.0242583211274825,A2,APOE2
PS 38:4|PS 18:0_20:4(M-H)_32.24,PS,BA_rate,0.0851187366948529,0.0234445336389245,A2,APOE2
PS 38:5(M+H)_29.95,PS,BA_rate,0.2095027555995111,0.0529456792526897,A2,APOE2
PS 38:5;O3|PS 18:0_20:5;O3(M-H)_31.35,OxPS,BA_rate,0.0666506593800563,0.019385505623016,A2,APOE2
PS 38:6(M+H)_29.06,PS,BA_rate,0.276935304859601,0.0701359186955888,A2,APOE2
PS 38:6|PS 16:0_22:6(M-H)_29.19,PS,BA_rate,0.5798414826487811,0.1497779775954631,A2,APOE2
PS 40:4|PS 18:0_22:4(M+H)_33.5,PS,BA_rate,0.21535448708566,0.1235813736657819,A2,APOE2
PS 40:4|PS 18:0_22:4(M-H)_33.38,PS,BA_rate,0.1755914656787197,0.0545728372049758,A2,APOE2
PS 40:6(M+Na)_31.34,PS,BA_rate,0.1403872100327675,0.0257359285869287,A2,APOE2
PS 40:6|PS 18:0_22:6(M+H)_31.35,PS,BA_rate,0.0556976018724146,0.0060441940463664,A2,APOE2
PS 40:6|PS 18:0_22:6(M-H)_31.35,PS,BA_rate,0.0537960550517944,0.0103051989622275,A2,APOE2
PS 40:6|PS 18:0_22:6(M-H)_35.17,PS,BA_rate,0.0546284032059262,0.0081518279783674,A2,APOE2
PS 40:7(M+H)_29.32,PS,BA_rate,0.4174476491648501,0.1344907494706828,A2,APOE2
PS 40:7|PS 18:1_22:6(M-H)_29.32,PS,BA_rate,0.3233544846400992,0.0903602678839545,A2,APOE2
PS 42:10|PS 20:4_22:6(M-H)_27.15,PS,BA_rate,0.2664062659739409,0.0910336206895058,A2,APOE2
PS 42:11;O3|PS 22:6_20:5;O3(M-H)_26.52,OxPS,BA_rate,0.4805444662402785,0.3224174598908025,A2,APOE2
PS 44:10|PS 22:4_22:6(M+H)_28.81,PS,BA_rate,0.1552462197655434,0.0269650948118375,A2,APOE2
PS 44:12|PS 22:6_22:6(M+H)_26.51,PS,BA_rate,0.1402732370558766,0.0682391974347628,A2,APOE2
PS 44:12|PS 22:6_22:6(M-H)_26.52,PS,BA_rate,0.1324124305270067,0.0277550657854756,A2,APOE2
SM 30:5;O3(M+H)_21.68,SM,BA_rate,0.0250948391640973,0.0117708538049676,A2,APOE2
SM 34:1;O2|SM 18:1;O2/16:0(M+H)_32.11,SM,BA_rate,0.0521087767455225,0.0053286925966155,A2,APOE2
SM 34:1;O3(M+H)_31.22,SM,BA_rate,0.0935090135457181,0.0158191462725453,A2,APOE2
SM 34:2;O2(M+H)_30.08,SM,BA_rate,0.0975751924434324,0.0120027678674584,A2,APOE2
SM 35:1;O2(M+H)_33.25,SM,BA_rate,0.0292572738218522,0.0072379850873793,A2,APOE2
SM 36:0;O3(M+H)_36.94,SM,BA_rate,0.01,0.0283064078265301,A2,APOE2
SM 36:1;O2|SM 18:1;O2/18:0(M+H)_34.4,SM,BA_rate,0.0309836512985414,0.0068028625236177,A2,APOE2
SM 36:2;O2(M+H)_32.49,SM,BA_rate,0.0329087719476031,0.007344851610606,A2,APOE2
SM 37:4;O3(M+H)_30.58,SM,BA_rate,0.01,0.307447635509483,A2,APOE2
SM 38:1;O2|SM 20:1;O2/18:0(M+H)_36.3,SM,BA_rate,0.0376746118636105,0.0062527818526557,A2,APOE2
SM 40:1;O2|SM 18:1;O2/22:0(M+H)_37.45,SM,BA_rate,0.0898886916022411,0.0081031657861369,A2,APOE2
SM 40:2;O2(M+H)_36.43,SM,BA_rate,0.1409069907975974,0.0200648618094243,A2,APOE2
SM 40:7;O2(M+H)_27.67,SM,BA_rate,5.0,10.690384390791994,A2,APOE2
SM 42:2;O2|SM 18:1;O2/24:1(M+H)_37.32,SM,BA_rate,0.0106881977783568,0.0090763106193321,A2,APOE2
SM 42:3;O2|SM 18:1;O2/24:2(M+H)_36.43,SM,BA_rate,0.1235305968179697,0.0231655145196731,A2,APOE2
SM 43:4;O2(M+H)_24.36,SM,BA_rate,0.3918003399778698,0.228758678152704,A2,APOE2
ST 27:1;O(M+H-[H2O])_32.24,ST,BA_rate,0.0108829557491839,0.0432476536581015,A2,APOE2
ST 27:1;O(M+H-[H2O])_41,ST,BA_rate,0.023762805509117,0.0052792162658712,A2,APOE2
ST 27:2;O(M+H)_31.1,ST,BA_rate,0.01,0.0130635006172681,A2,APOE2
ST 27:2;O(M+H-[H2O])_28.3,ST,BA_rate,0.0755309838747145,0.0418229130691391,A2,APOE2
TG 48:0|TG 16:0_16:0_16:0(M+NH4)_40.75,TG,BA_rate,5.0,2.000370948175494,A2,APOE2
TG 48:1(d7)|TG 15:0_18:1(d7)_15:0(M+NH4)_40.24,TG,BA_rate,0.01,117.81257002294086,A2,APOE2
TG 48:2|TG 16:0_16:1_16:1(M+NH4)_39.76,TG,BA_rate,0.0775367899148113,0.0136754603052583,A2,APOE2
TG 50:0|TG 16:0_16:0_18:0(M+NH4)_41.26,TG,BA_rate,0.0793888513274597,0.0185753682743972,A2,APOE2
TG 50:1|TG 16:0_16:0_18:1(M+NH4)_40.63,TG,BA_rate,1.442759033104807,0.4160395887039801,A2,APOE2
TG 50:2|TG 16:0_16:1_18:1(M+NH4)_40.24,TG,BA_rate,0.0895926024041318,0.0163004797952291,A2,APOE2
TG 50:3|TG 16:0_16:1_18:2(M+NH4)_39.86,TG,BA_rate,0.057761066797042,0.0137421466647427,A2,APOE2
TG 50:4|TG 16:1_16:1_18:2(M+NH4)_39.48,TG,BA_rate,0.0614348053518955,0.0107780414264719,A2,APOE2
TG 52:0|TG 16:0_18:0_18:0(M+NH4)_41.89,TG,BA_rate,0.6003885349043167,0.3203646533200093,A2,APOE2
TG 52:1|TG 16:0_18:0_18:1(M+NH4)_41.26,TG,BA_rate,0.0250421057710191,0.0884781094813822,A2,APOE2
TG 52:2|TG 16:0_18:1_18:1(M+NH4)_40.63,TG,BA_rate,0.1489085138929748,0.0405442679087787,A2,APOE2
TG 52:3|TG 16:0_18:1_18:2(M+NH4)_40.24,TG,BA_rate,0.0649533124830549,0.0181834896295782,A2,APOE2
TG 52:4|TG 16:1_18:1_18:2(M+NH4)_39.86,TG,BA_rate,0.0598168742825972,0.0181021005633365,A2,APOE2
TG 52:5|TG 16:1_18:2_18:2(M+NH4)_39.5,TG,BA_rate,0.0632537951439164,0.0111395034715928,A2,APOE2
TG 54:0|TG 18:0_18:0_18:0(M+NH4)_42.53,TG,BA_rate,0.0453255579597661,0.0320296782500504,A2,APOE2
TG 54:1|TG 16:0_18:0_20:1(M+NH4)_41.78,TG,BA_rate,0.1457759636143267,0.1022115026419074,A2,APOE2
TG 54:2|TG 18:0_18:1_18:1(M+NH4)_40.74,TG,BA_rate,0.01,0.025678309298477,A2,APOE2
TG 54:3|TG 18:1_18:1_18:1(M+NH4)_40.62,TG,BA_rate,0.1076361250360943,0.0341580612167979,A2,APOE2
TG 54:4|TG 18:1_18:1_18:2(M+NH4)_40.24,TG,BA_rate,0.1332826916982352,0.0446171691280524,A2,APOE2
TG 54:6|TG 18:1_18:2_18:3(M+NH4)_39.86,TG,BA_rate,1.763731015209966,1.0239320933224156,A2,APOE2
TG 60:12|TG 16:0_22:6_22:6(M+NH4)_39.35,TG,BA_rate,0.7632652196659189,0.1291023521766142,A2,APOE2
TG O-50:0|TG O-18:0_16:0_16:0(M+NH4)_42.28,EtherTG,BA_rate,5.0,7.8684220928553215,A2,APOE2
TG O-50:2|TG O-16:0_16:0_18:2(M+NH4)_41.12,EtherTG,BA_rate,0.404566144891151,0.0299041330704731,A2,APOE2
TG O-52:1|TG O-18:0_16:0_18:1(M+NH4)_42.16,EtherTG,BA_rate,5.0,6.391853664964114,A2,APOE2
TG O-52:2|TG O-18:0_16:0_18:2(M+NH4)_41.64,EtherTG,BA_rate,1.0752093568088428,0.5867241042677607,A2,APOE2
TG O-52:3|TG O-16:0_18:1_18:2(M+NH4)_41.01,EtherTG,BA_rate,0.375150291640839,0.048215236105887,A2,APOE2
TG O-54:2|TG O-20:0_16:0_18:2(M+NH4)_42.28,EtherTG,BA_rate,0.6785235208711844,0.2175997650421144,A2,APOE2
TG O-54:3|TG O-18:0_18:1_18:2(M+NH4)_41.64,EtherTG,BA_rate,0.0436249867977852,0.0437657343756103,A2,APOE2
TG O-54:4|TG O-18:0_18:2_18:2(M+NH4)_41.13,EtherTG,BA_rate,0.4920247610812807,0.0989035830154464,A2,APOE2
TG O-56:3|TG O-20:0_18:1_18:2(M+NH4)_42.16,EtherTG,BA_rate,0.5321411239460869,0.1142095877442003,A2,APOE2
25-hydroxycholecalciferol(M+H)_24.36,Vitamin_D,BA_rate,0.0206093068665549,0.0135730080256405,A3,APOE3
AHexCer 46:1;O3|AHexCer (O-15:0)31:1;O3(M+H-[H2O])_39.35,AHexCer,BA_rate,0.6829410619903177,0.3348890486336754,A3,APOE3
AHexCer 55:6;O3|AHexCer (O-18:1)37:5;O3(M+H-[H2O])_39.74,AHexCer,BA_rate,0.2283611381889022,0.109004151137088,A3,APOE3
AHexCer 56:1;O3|AHexCer (O-16:0)40:1;O3(M+H-[H2O])_39.48,AHexCer,BA_rate,0.6003873745865915,0.2492460046149806,A3,APOE3
AHexCer 57:1;O3|AHexCer (O-16:0)18:1;O2/23:0;O(M+H)_39.64,AHexCer,BA_rate,0.3708319999518422,0.1870387220000917,A3,APOE3
AHexCer 58:1;O3|AHexCer (O-16:0)42:1;O3(M+H)_39.86,AHexCer,BA_rate,5.0,5.3198087216961065,A3,APOE3
AHexCer 58:1;O3|AHexCer (O-17:0)41:1;O3(M+H-[H2O])_39.62,AHexCer,BA_rate,0.0219775241953612,0.0376015295571191,A3,APOE3
AHexCer 58:2;O3|AHexCer (O-18:1)40:1;O3(M+H)_39.48,AHexCer,BA_rate,0.0253678145357695,0.0459983863999632,A3,APOE3
AHexCer 59:1;O3|AHexCer (O-18:0)41:1;O3(M+H)_39.99,AHexCer,BA_rate,5.0,5.0186126785472025,A3,APOE3
AHexCer 59:8;O2|AHexCer (O-15:0)44:8;O2(M+H-[H2O])_39.23,AHexCer,BA_rate,0.0274522520751553,0.0128279345812061,A3,APOE3
AHexCer 60:1;O3|AHexCer (O-18:0)42:1;O3(M+H)_40.12,AHexCer,BA_rate,1.3787272670994315,0.8114702274854622,A3,APOE3
AHexCer 60:2;O3|AHexCer (O-18:1)18:1;O2/24:0;O(M+H)_39.86,AHexCer,BA_rate,0.0113808779418669,0.0712254050795818,A3,APOE3
C18-Sphingosine(M+H)_18,C18-Sphingosine(M+H)_18,BA_rate,5.0,4.128029931339362,A3,APOE3
CAR 16:0(M+H)_16.86,CAR,BA_rate,0.3112820922451504,0.0460714755425685,A3,APOE3
CAR 18:0(M+H)_19.78,CAR,BA_rate,0.2124125273433966,0.0336214503395141,A3,APOE3
CE 18:1(d7)(M+NH4)_41.64,CE,BA_rate,0.01,0.1478054318832448,A3,APOE3
CE 18:2(M+NH4)_41,CE,BA_rate,0.1050382206481797,0.0049700483234735,A3,APOE3
CE 18:3(M+NH4)_40.5,CE,BA_rate,0.1442658359555146,0.0290506579790148,A3,APOE3
CE 20:4(M+NH4)_40.75,CE,BA_rate,0.184051119623607,0.030029126969056,A3,APOE3
CE 22:6(M+NH4)_40.4,CE,BA_rate,0.0127284023237028,0.0093289697785216,A3,APOE3
CL 70:4|CL 34:2_36:2(M+NH4)_39.1,CL,BA_rate,0.1722219907338089,0.0240863608650489,A3,APOE3
CL 72:4|CL 18:1_18:1_18:1_18:1(M-H)_39.36,CL,BA_rate,0.0380289108078763,0.0101295908412495,A3,APOE3
CL 72:5|CL 18:1_18:1_18:1_18:2(M-H)_39.11,CL,BA_rate,0.1074197853856157,0.0282913222118534,A3,APOE3
CL 72:5|CL 36:2_36:3(M+NH4)_39.22,CL,BA_rate,0.183242591926025,0.043108060090851,A3,APOE3
CL 72:7|CL 16:1_18:1_18:1_20:4(M-H)_38.85,CL,BA_rate,0.4429005080550119,0.1440104273584811,A3,APOE3
CL 74:7|CL 18:1_18:1_18:1_20:4(M-H)_39.11,CL,BA_rate,0.176085192221653,0.074895467352756,A3,APOE3
CL 74:7|CL 36:2_38:5(M+NH4)_39.1,CL,BA_rate,0.1178350646023491,0.0532302366198719,A3,APOE3
CL 74:8|CL 18:1_18:2_18:1_20:4(M-H)_38.97,CL,BA_rate,0.0875859318164419,0.0317592035689091,A3,APOE3
CL 76:10|CL 18:1_20:4_18:1_20:4(M-H)_38.85,CL,BA_rate,0.1177576015329213,0.0368247121978017,A3,APOE3
CL 76:5|CL 39:1_37:4(M-H)_35.04,CL,BA_rate,0.1469888758903968,0.0301766769975989,A3,APOE3
CL 76:9|CL 18:1_18:1_18:1_22:6(M-H)_38.98,CL,BA_rate,0.0274066408139213,0.0164197936451021,A3,APOE3
CL 76:9|CL 36:2_40:7(M+NH4)_38.98,CL,BA_rate,0.0386661873379295,0.0180465494379491,A3,APOE3
CL 78:7|CL 41:2_37:5(M-H)_35.04,CL,BA_rate,0.0779516036180011,0.0142581203605589,A3,APOE3
CL 79:5(M+NH4)_34.52,CL,BA_rate,0.034668680957413,0.0106658937483273,A3,APOE3
CL 79:6|CL 36:1_43:5(M-H)_34.4,CL,BA_rate,0.1490579710746787,0.0179861196614274,A3,APOE3
CL 79:9|CL 38:4_41:5(M-H)_32.37,CL,BA_rate,0.3694550637029816,0.0574701918417567,A3,APOE3
CL 80:6|CL 36:1_44:5(M-H)_34.4,CL,BA_rate,0.193059733848964,0.0303649976322699,A3,APOE3
CL 90:18|CL 46:6_44:12(M-H)_30.21,CL,BA_rate,0.01,0.053669366600911,A3,APOE3
Cer 36:1;O2|Cer 18:1;O2/18:0(M+H-[H2O])_36.56,Cer_NS,BA_rate,0.0318689735222605,0.0037176117884694,A3,APOE3
Cer 36:1;O2|Cer 18:1;O2/18:0(M+H-[H2O])_38.34,Cer_NS,BA_rate,0.0497836451263919,0.0103341719513143,A3,APOE3
Cer 36:1;O2|Cer 18:1;O2/18:0(M-H)_36.56,Cer_NS,BA_rate,0.0537286041310832,0.0190348109342431,A3,APOE3
Cer 36:2;O2|Cer 18:2;O2/18:0(M+H-[H2O])_34.9,Cer_NS,BA_rate,0.0502457506209094,0.0094466784880146,A3,APOE3
Cer 37:1;O4|Cer 18:0;O3/19:1(2OH)(M-H)_36.56,Cer_AP,BA_rate,0.0317890671220361,0.0033771972925153,A3,APOE3
Cer 38:1;O2|Cer 20:1;O2/18:0(M+H-[H2O])_37.58,Cer_NS,BA_rate,0.0874864506178602,0.0111589578709581,A3,APOE3
Cer 41:1;O2|Cer 18:1;O2/23:0(M+H)_38.47,Cer_NS,BA_rate,0.1139338081603981,0.0163444861832616,A3,APOE3
Cer 41:1;O4|Cer 26:0;O3(FA 15:0)(M-H)_38.22,Cer_EODS,BA_rate,0.1391784863259697,0.0193185534016967,A3,APOE3
Cer 42:1;O2|Cer 26:1;O2/16:0(M+Na)_38.98,Cer_NS,BA_rate,5.0,5.167955725901217,A3,APOE3
Cer 42:2;O2|Cer 18:1;O2/24:1(M+H)_38.09,Cer_NS,BA_rate,0.1955924830068999,0.0374863248883285,A3,APOE3
Cer 42:2;O2|Cer 18:1;O2/24:1(M+H-[H2O])_38.2,Cer_NS,BA_rate,0.1044822094261898,0.0263672414708828,A3,APOE3
Cer 42:2;O2|Cer 18:1;O2/24:1(M+H-[H2O])_39.23,Cer_NS,BA_rate,0.2150971281385764,0.0372872239342364,A3,APOE3
Cer 56:11;O4|Cer 38:9;O3(FA 18:1)(+C2H3O2-)_38.48,Cer_EOS,BA_rate,0.0104927787820244,0.0170163196192793,A3,APOE3
CoQ10(M+H)_39.35,CoQ,BA_rate,5.0,5.147679675083993,A3,APOE3
CoQ9(M+H)_38.85,CoQ,BA_rate,0.4787466792827636,0.1914885091808411,A3,APOE3
DG 18:2(M+Na)_10.61,DG,BA_rate,0.3125391041505013,0.1515972059612179,A3,APOE3
DG 18:2(M+Na)_6.94,DG,BA_rate,0.2070088533827481,0.0634510292572638,A3,APOE3
DG 19:2(M+Na)_14.69,DG,BA_rate,5.0,4.190440698369419,A3,APOE3
DG 20:4(M+Na)_10.88,DG,BA_rate,5.0,5.964708199253108,A3,APOE3
DG 20:4(M+Na)_7.45,DG,BA_rate,0.2187415768111616,0.0788146341095904,A3,APOE3
DG 23:2(M+Na)_25.88,DG,BA_rate,5.0,5.099364702994659,A3,APOE3
DG 28:2(M+Na)_30.08,DG,BA_rate,5.0,7.803587149819834,A3,APOE3
DG 30:5(M+Na)_29.95,DG,BA_rate,5.0,8.41524411280108,A3,APOE3
DG 33:1(d7)|DG 15:0_18:1(d7)(M+NH4)_36.81,DG,BA_rate,0.01,0.1781584503601623,A3,APOE3
DG 34:0|DG 16:0_18:0(M+NH4)_37.96,DG,BA_rate,0.0878921837905275,0.0572689739777126,A3,APOE3
DG 34:1|DG 16:0_18:1(M+NH4)_37.32,DG,BA_rate,0.1280616160579316,0.016291808870482,A3,APOE3
DG 36:0|DG 18:0_18:0(M+NH4)_38.47,DG,BA_rate,5.0,5.406001859728403,A3,APOE3
DG 36:1|DG 18:0_18:1(M+NH4)_37.97,DG,BA_rate,0.0579251260524843,0.006924903348586,A3,APOE3
DG 36:2|DG 18:1_18:1(M+NH4)_37.33,DG,BA_rate,0.0411571029570388,0.0102433115727393,A3,APOE3
DG 36:4|DG 16:0_20:4(M+NH4)_36.06,DG,BA_rate,0.0305496513412821,0.0564172284057973,A3,APOE3
DG 38:4|DG 18:0_20:4(M+NH4)_37.32,DG,BA_rate,0.1189740960848416,0.0156718532126853,A3,APOE3
DG 38:5|DG 18:1_20:4(M+NH4)_36.29,DG,BA_rate,0.1272907064816255,0.0964110078290191,A3,APOE3
DG 38:6(M+Na)_35.54,DG,BA_rate,0.4474888164871096,0.0455419338006792,A3,APOE3
DG 38:6|DG 16:0_22:6(M+NH4)_35.54,DG,BA_rate,0.3463716608111017,0.0404727085719964,A3,APOE3
DG 40:2(M+Na)_38.6,DG,BA_rate,5.0,6.662506985631089,A3,APOE3
DG 40:4|DG 18:0_22:4(M+NH4)_37.83,DG,BA_rate,0.5840446098627687,0.5438194381326394,A3,APOE3
DG 40:6(M+Na)_37.07,DG,BA_rate,0.0939133696487146,0.0134110065570563,A3,APOE3
DG 40:6|DG 18:0_22:6(M+NH4)_37.07,DG,BA_rate,0.0915002447433905,0.0077296285074519,A3,APOE3
DG 40:7|DG 18:1_22:6(M+NH4)_35.67,DG,BA_rate,5.0,9.593679500240157,A3,APOE3
DG 45:10(M+Na)_35.54,DG,BA_rate,5.0,19.101301200199323,A3,APOE3
DG 47:11(M+Na)_35.67,DG,BA_rate,0.0256016171096949,0.0091645491691169,A3,APOE3
DG 47:12(M+Na)_30.46,DG,BA_rate,0.01,0.0597756901563672,A3,APOE3
DG 51:9(M+Na)_38.85,DG,BA_rate,0.1781376322473181,0.0849991055412663,A3,APOE3
DG 52:1(M+Na)_42.16,DG,BA_rate,0.3498844516464505,0.0316444390747655,A3,APOE3
DG O-37:1|DG O-19:1_18:0(M+NH4)_37.7,EtherDG,BA_rate,5.0,5.022692055214935,A3,APOE3
DLCL 36:3(M-H)_29.32,DLCL,BA_rate,0.3511263893864571,0.0600317950208878,A3,APOE3
DLCL 42:1(M-H)_20.42,DLCL,BA_rate,0.0235591414989767,0.0139931691748395,A3,APOE3
DLCL 42:11(M-H)_29.32,DLCL,BA_rate,0.3377576851034969,0.0363604134069494,A3,APOE3
DLCL 44:12(M-H)_29.57,DLCL,BA_rate,0.8408366557576015,0.317295058528929,A3,APOE3
Diisodecyl phthalate (also known as the production of plastic)(M+H)_29.19,Others,BA_rate,5.0,5.956411444404804,A3,APOE3
Dioctyl phthalate (also known as the production of plastic)(M+H)_24.1,Others,BA_rate,5.0,7.76865585577599,A3,APOE3
HexCer 36:1;O2|HexCer 18:1;O2/18:0(M+H)_34.91,HexCer_NS,BA_rate,0.0469400848645592,0.0154169168186561,A3,APOE3
HexCer 38:1;O2(M+H)_36.69,HexCer_NDS,BA_rate,0.0787642218993176,0.0327459045314257,A3,APOE3
HexCer 38:1;O3|HexCer 18:1;O2/20:0;O(M+H)_36.31,HexCer_HS,BA_rate,0.01,0.0136839715813438,A3,APOE3
HexCer 40:1;O2(M+H)_37.58,HexCer_NDS,BA_rate,0.0142261977626307,0.0278097798668302,A3,APOE3
HexCer 40:1;O3(M+H)_37.33,HexCer_HS,BA_rate,0.01,0.0119806424232363,A3,APOE3
HexCer 40:1;O3|HexCer 18:1;O2/22:0;O(M-H)_37.44,HexCer_HS,BA_rate,0.0112889026485116,0.0103628900249857,A3,APOE3
HexCer 40:2;O2|HexCer 18:2;O2/22:0(M+H)_37.44,HexCer_NS,BA_rate,0.01,0.0171934381186469,A3,APOE3
HexCer 41:1;O3(M+H)_37.7,HexCer_HS,BA_rate,0.0185264189378492,0.0277258529442301,A3,APOE3
HexCer 41:1;O3|HexCer 21:1;O2/20:0;O(M-H)_37.71,HexCer_HS,BA_rate,0.0389728074549986,0.0204982425931464,A3,APOE3
HexCer 42:1;O2(M+H)_38.09,HexCer_NDS,BA_rate,0.013991935310501,0.0210129880266813,A3,APOE3
HexCer 42:1;O2(M+H-[H2O])_38.21,HexCer_NDS,BA_rate,5.0,4.425869021487449,A3,APOE3
HexCer 42:1;O3(M+H)_37.97,HexCer_HS,BA_rate,0.0125403986922606,0.0140498631523831,A3,APOE3
HexCer 42:1;O3|HexCer 18:1;O2/24:0;O(M-H)_38.08,HexCer_HS,BA_rate,0.01,0.0413757658017202,A3,APOE3
HexCer 42:2;O2|HexCer 18:1;O2/24:1(M+H)_37.58,HexCer_NS,BA_rate,0.01,0.0066751451055568,A3,APOE3
HexCer 42:2;O2|HexCer 18:1;O2/24:1(M+H-[H2O])_37.58,HexCer_NS,BA_rate,0.01,0.0197920821899314,A3,APOE3
HexCer 42:2;O3|HexCer 18:1;O2/24:1;O(M+H)_37.32,HexCer_HS,BA_rate,0.01,0.0139797864375223,A3,APOE3
HexCer 42:3;O2|HexCer 18:2;O2/24:1(M+H)_37.32,HexCer_NS,BA_rate,0.01,0.0134782022489088,A3,APOE3
HexCer 43:1;O3|HexCer 18:1;O2/25:0;O(M+H)_38.24,HexCer_HS,BA_rate,0.01,0.0321672618644444,A3,APOE3
HexCer 43:1;O3|HexCer 18:1;O2/25:0;O(M+H-[H2O])_37.83,HexCer_HS,BA_rate,0.0132461394233179,0.0196343630853974,A3,APOE3
HexCer 43:2;O3|HexCer 18:1;O2/25:1;O(M+H)_37.7,HexCer_HS,BA_rate,5.0,6.994943677344221,A3,APOE3
LPA 19:5(M-H)_17.24,LPA,BA_rate,0.7761029789825385,0.5802081163567538,A3,APOE3
LPC 14:0(M+H)_8.21,LPC,BA_rate,0.1993623927278052,0.0149384070173626,A3,APOE3
LPC 16:0(M+H)_16.35,LPC,BA_rate,0.1022277576091936,0.0134696679223269,A3,APOE3
LPC 16:0/0:0(M+H)_17.11,LPC,BA_rate,0.1376749460876991,0.0174950025962532,A3,APOE3
LPC 16:1(M+H)_10.88,LPC,BA_rate,0.115625938484821,0.0072370222397362,A3,APOE3
LPC 16:1(M+H)_12.53,LPC,BA_rate,0.0834132069465923,0.0101485531291821,A3,APOE3
LPC 17:3(M+H)_20.67,LPC,BA_rate,0.0502067522952045,0.0088605880568635,A3,APOE3
LPC 18:0(M+H)_20.29,LPC,BA_rate,0.0553168593278588,0.0083008665871425,A3,APOE3
LPC 18:2(M+H)_13.93,LPC,BA_rate,0.2221892378199324,0.0279411877388699,A3,APOE3
LPC 18:2(M+H)_15.2,LPC,BA_rate,0.2952220712578425,0.0514564277957003,A3,APOE3
LPC 18:3(M+H)_16.35,LPC,BA_rate,0.080520413707713,0.0084614389209138,A3,APOE3
LPC 18:3/0:0(M+H)_17.11,LPC,BA_rate,0.103098971266626,0.0135841024369715,A3,APOE3
LPC 19:0/0:0(M+H)_21.81,LPC,BA_rate,0.2413453379196997,0.0424577521056717,A3,APOE3
LPC 20:0/0:0(M+H)_23.34,LPC,BA_rate,0.1554979690502515,0.041796654035106,A3,APOE3
LPC 20:1(M+Na)_20.66,LPC,BA_rate,0.0872906608058752,0.0091379948978416,A3,APOE3
LPC 20:3(M+H)_15.97,LPC,BA_rate,0.1396169773986197,0.0168310396650609,A3,APOE3
LPC 20:4(M+H)_14.06,LPC,BA_rate,0.0712309293865621,0.0079479506491399,A3,APOE3
LPC 22:0/0:0(M+H)_26.39,LPC,BA_rate,0.0319891765101953,0.0184292546172546,A3,APOE3
LPC 22:1(M+H)_23.46,LPC,BA_rate,0.0859708117589945,0.020113021669846,A3,APOE3
LPC 22:4(M+H)_17.49,LPC,BA_rate,0.0906452928471436,0.0067254317233599,A3,APOE3
LPC 22:6(M+H)_13.81,LPC,BA_rate,0.1036042307105936,0.0078237919072809,A3,APOE3
LPC 22:6(M+Na)_13.8,LPC,BA_rate,0.1100537605866636,0.0159555034566771,A3,APOE3
LPC 22:6(M+Na)_14.81,LPC,BA_rate,0.1287769307692094,0.0146973094887802,A3,APOE3
LPC 24:1(M+H)_25.76,LPC,BA_rate,0.0910739420473001,0.0286044591868642,A3,APOE3
LPC 24:4(M+H)_19.65,LPC,BA_rate,0.1419907892488833,0.0299840164556848,A3,APOE3
LPC O-16:0(M+H)_18.25,EtherLPC,BA_rate,0.1178476673920752,0.0107154419066668,A3,APOE3
LPE 15:0(M-H)_14.57,LPE,BA_rate,5.0,10.933455082599048,A3,APOE3
LPE 16:0(M+H)_16.48,LPE,BA_rate,0.0640577720763872,0.0082772991551225,A3,APOE3
LPE 16:0(M-H)_16.48,LPE,BA_rate,0.0619188739476129,0.0106369814585594,A3,APOE3
LPE 16:1(M+H)_10.62,LPE,BA_rate,0.055002055635285,0.0130211617449449,A3,APOE3
LPE 16:1(M-H)_10.63,LPE,BA_rate,0.0384764494481321,0.0117543725028904,A3,APOE3
LPE 18:0(M+H)_20.67,LPE,BA_rate,0.0545952927654267,0.0060602981792124,A3,APOE3
LPE 18:0(M-H)_20.68,LPE,BA_rate,0.0557486860915471,0.0070098818281063,A3,APOE3
LPE 18:1(M+H)_17.49,LPE,BA_rate,0.0151682724595348,0.0132543074051846,A3,APOE3
LPE 18:1(d7)(M-H)_17.37,LPE,BA_rate,5.0,23.72650842543917,A3,APOE3
LPE 18:2(M+H)_13.95,LPE,BA_rate,0.0209765703061899,0.0136064022198747,A3,APOE3
LPE 18:2(M-H)_14.06,LPE,BA_rate,0.0689528001021579,0.0156078655061011,A3,APOE3
LPE 18:2(M-H)_15.34,LPE,BA_rate,0.1152490059326484,0.0230586572030549,A3,APOE3
LPE 19:1(M-H)_19.02,LPE,BA_rate,0.0108163070957361,0.0174708786214341,A3,APOE3
LPE 20:0(M+H)_23.21,LPE,BA_rate,0.2295230605592199,0.04865352046252,A3,APOE3
LPE 20:0(M-H)_23.22,LPE,BA_rate,0.0164585880538153,0.0644002793619004,A3,APOE3
LPE 20:1(M+H)_20.41,LPE,BA_rate,0.0160064743733464,0.012585186422953,A3,APOE3
LPE 20:2(M+H)_18.5,LPE,BA_rate,0.0426032755676078,0.0286012332219603,A3,APOE3
LPE 20:2(M-H)_18.51,LPE,BA_rate,0.0267633963867966,0.0225782512039981,A3,APOE3
LPE 20:3(M+H)_16.35,LPE,BA_rate,0.0681246967629189,0.0131717435451905,A3,APOE3
LPE 20:3(M+H)_17.36,LPE,BA_rate,0.0307768564038079,0.0078659461604314,A3,APOE3
LPE 20:3(M-H)_16.35,LPE,BA_rate,0.0958453886885231,0.0123178439649556,A3,APOE3
LPE 20:4(M+H)_14.19,LPE,BA_rate,0.0318482542943046,0.0076978929718428,A3,APOE3
LPE 20:4(M-H)_14.19,LPE,BA_rate,0.0309560366469454,0.0102995809138271,A3,APOE3
LPE 20:5(M+H)_9.61,LPE,BA_rate,0.121127185897123,0.0235368383220954,A3,APOE3
LPE 20:5(M-H)_9.74,LPE,BA_rate,0.0534491664839133,0.0195324474837494,A3,APOE3
LPE 21:1(M-H)_21.82,LPE,BA_rate,0.2392597140760056,0.1418236283867245,A3,APOE3
LPE 22:1(M+H)_23.34,LPE,BA_rate,0.0319179727775864,0.0083442544294753,A3,APOE3
LPE 22:1(M-H)_23.35,LPE,BA_rate,0.0231423307971576,0.0090847504312887,A3,APOE3
LPE 22:2(M-H)_21.19,LPE,BA_rate,0.0196309214519069,0.015876914766222,A3,APOE3
LPE 22:4(M+H)_17.74,LPE,BA_rate,0.0271424558079476,0.0130447258108803,A3,APOE3
LPE 22:5(M+H)_15.59,LPE,BA_rate,5.0,15.040172591141872,A3,APOE3
LPE 22:6(M-H)_13.94,LPE,BA_rate,0.0356463088667754,0.0092578111446669,A3,APOE3
LPE 24:1(M+H)_26.26,LPE,BA_rate,0.0295030067007062,0.028396023945356,A3,APOE3
LPE 24:4(M+H)_20.03,LPE,BA_rate,0.0507577468813054,0.0144258641857403,A3,APOE3
LPE 24:4(M-H)_20.04,LPE,BA_rate,0.0355497186838498,0.008289267870039,A3,APOE3
LPE 24:5(M+H)_18.76,LPE,BA_rate,0.0494230982491327,0.0178668722835031,A3,APOE3
LPE 24:5(M-H)_18.77,LPE,BA_rate,0.087515824600284,0.0170194125931784,A3,APOE3
LPE 24:6(M+H)_17.24,LPE,BA_rate,0.0475571962577211,0.0151328487871419,A3,APOE3
LPE 24:6(M-H)_17.24,LPE,BA_rate,0.0348403004579601,0.0076284055968868,A3,APOE3
LPE O-16:0(M-H)_18.64,EtherLPE,BA_rate,0.1138444175341659,0.0107716069037145,A3,APOE3
LPE O-18:0(M+H)_22.07,EtherLPE,BA_rate,0.0735600093034142,0.0091121830112854,A3,APOE3
LPE O-18:0(M-H)_22.08,EtherLPE,BA_rate,0.1135261093551419,0.0490743267856222,A3,APOE3
LPE P-18:1(M+H)_20.67,EtherLPE,BA_rate,0.0579676211830786,0.0074101677564166,A3,APOE3
LPG 15:0(M-H)_9.35,LPG,BA_rate,0.2326919832235155,0.1288537136603181,A3,APOE3
LPG 16:0(M-H)_14.06,LPG,BA_rate,0.4779484740224832,0.0651183665711498,A3,APOE3
LPG 18:1(M-H)_14.19,LPG,BA_rate,0.3497764629748845,0.0515289801483291,A3,APOE3
LPG O-20:1(M-H)_20.17,EtherLPG,BA_rate,0.0357508495075433,0.0095106312686326,A3,APOE3
LPI 15:0(M-H)_6.82,LPI,BA_rate,0.01,0.163857216217791,A3,APOE3
LPI 16:0(M-H)_10.25,LPI,BA_rate,0.3223631309871957,0.039587761808677,A3,APOE3
LPI 18:0(M-H)_17.62,LPI,BA_rate,0.3506145491847273,0.1109614276511491,A3,APOE3
LPI 20:4(M-H)_6.83,LPI,BA_rate,0.2072577027849272,0.0292173970098213,A3,APOE3
LPI 22:6(M-H)_6.95,LPI,BA_rate,0.3376766471704457,0.0435982606678529,A3,APOE3
LPS 15:0(M-H)_6.95,LPS,BA_rate,5.0,15.587955480762044,A3,APOE3
LPS 18:0(M-H)_17.75,LPS,BA_rate,0.0528563489354363,0.0062472135014521,A3,APOE3
LPS 18:1(M-H)_11.26,LPS,BA_rate,0.0592063470781884,0.0150740456299146,A3,APOE3
LPS 18:1(M-H)_13.43,LPS,BA_rate,0.0740164863567753,0.0158977567104103,A3,APOE3
LPS 20:4(M-H)_7.08,LPS,BA_rate,0.1041412425050618,0.0107925184914043,A3,APOE3
LPS 22:4(M-H)_13.18,LPS,BA_rate,0.0448793066441301,0.0129893649973181,A3,APOE3
LPS 22:4(M-H)_14.57,LPS,BA_rate,0.0315726236584299,0.0143199003596592,A3,APOE3
LPS 22:6(M-H)_7.08,LPS,BA_rate,0.0619445351886818,0.0040140442659949,A3,APOE3
MGDG 36:1|MGDG 16:0_20:1(M+NH4)_36.82,MGDG,BA_rate,0.0752740213591232,0.0416123245502813,A3,APOE3
MMPE 42:2|MMPE 20:1_22:1(M-H)_37.19,MMPE,BA_rate,0.1222277119926655,0.0424316997736317,A3,APOE3
NAE 16:0(M+H)_19.66,NAE,BA_rate,0.5453002211500503,0.3424811169406074,A3,APOE3
NAE 18:0(M+H)_22.83,NAE,BA_rate,0.3264146575138066,0.0998989635832946,A3,APOE3
NAE 18:1(M+H)_20.16,NAE,BA_rate,0.0790984572512416,0.0105552957426989,A3,APOE3
NAE 26:5(M+H)_22.33,NAE,BA_rate,1.0134337636429014,3.267757548012212,A3,APOE3
PA 33:1(d7)|PA 15:0_18:1(d7)(M-H)_33.5,PA,BA_rate,5.0,10.598231086719116,A3,APOE3
PA 33:1(d7)|PA 15:0_18:1(d7)(M-H)_35.55,PA,BA_rate,0.01,0.0306766127065761,A3,APOE3
PA 33:1(d7)|PA 15:0_18:1(d7)(M-H)_41.65,PA,BA_rate,0.1205228304890778,0.1476356118945395,A3,APOE3
PC 22:0(M+H)_22.96,PC,BA_rate,0.1079478453051891,0.011954720176995,A3,APOE3
PC 23:0(M+H)_23.47,PC,BA_rate,0.2193505331285448,0.0532597668335092,A3,APOE3
PC 30:0|PC 14:0_16:0(M+H)_31.98,PC,BA_rate,0.1261009205276394,0.0160537489473292,A3,APOE3
PC 31:0|PC 15:0_16:0(M+H)_33.12,PC,BA_rate,0.1478533385459002,0.0131277064318271,A3,APOE3
PC 31:2(M+H)_33.12,PC,BA_rate,0.3494441379034071,0.0686209100574468,A3,APOE3
PC 32:0|PC 16:0_16:0(M+H)_34.14,PC,BA_rate,0.0958125992382865,0.0131543813279285,A3,APOE3
PC 32:1|PC 16:0_16:1(M+H)_32.24,PC,BA_rate,0.1630035180331254,0.0160798215423182,A3,APOE3
PC 32:2(M+H)_30.34,PC,BA_rate,0.4000771330268389,0.0694049633626843,A3,APOE3
PC 33:0|PC 16:0_17:0(M+H)_35.16,PC,BA_rate,0.1660585649035276,0.0199523422179083,A3,APOE3
PC 33:1(d7)|PC 15:0_18:1(d7)(M+H)_33.25,PC,BA_rate,0.1744420715823589,0.8689532535139715,A3,APOE3
PC 33:1|PC 16:0_17:1(M+H)_33.38,PC,BA_rate,0.1201597891344841,0.0173860710027087,A3,APOE3
PC 34:0|PC 16:0_18:0(M+H)_36.17,PC,BA_rate,0.2247017633523799,0.0817697238346747,A3,APOE3
PC 34:1(M+H)_34.4,PC,BA_rate,0.1345299698952363,0.0200155046031638,A3,APOE3
PC 34:2|PC 16:1_18:1(M+H)_32.74,PC,BA_rate,0.1790172170888866,0.020236482101858,A3,APOE3
PC 34:3(M+H)_30.59,PC,BA_rate,0.01,0.0,A3,APOE3
PC 34:4(M+H)_30.48,PC,BA_rate,5.0,17.327130004815153,A3,APOE3
PC 35:0|PC 16:0_19:0(M+H)_36.69,PC,BA_rate,0.0918542535760642,0.0321410079755393,A3,APOE3
PC 35:1|PC 17:0_18:1(M+H)_35.29,PC,BA_rate,0.0736040701187517,0.0076575530350278,A3,APOE3
PC 35:2(M+H)_33.63,PC,BA_rate,5.0,9.16837203505517,A3,APOE3
PC 36:1|PC 9:0_27:1(M+H)_36.3,PC,BA_rate,0.0532049738097946,0.0121491877086251,A3,APOE3
PC 36:2|PC 18:1_18:1(M+H)_34.65,PC,BA_rate,0.1474922173536306,0.0116508552165746,A3,APOE3
PC 36:3(M+H)_32.49,PC,BA_rate,0.01,0.0128106790871569,A3,APOE3
PC 36:4|PC 18:2_18:2(M+H)_32.36,PC,BA_rate,0.1876004833770085,0.0179529225738605,A3,APOE3
PC 36:6(M+H)_29.44,PC,BA_rate,1.041383215487809,0.1931220308449113,A3,APOE3
PC 38:1(M+H)_37.2,PC,BA_rate,0.0340511628434073,0.0099926923925057,A3,APOE3
PC 38:2|PC 18:1_20:1(M+H)_36.31,PC,BA_rate,0.7099926691662529,0.7338731535945925,A3,APOE3
PC 38:3|PC 18:0_20:3(M+H)_35.28,PC,BA_rate,0.01,0.0198430651024515,A3,APOE3
PC 38:4|PC 16:0_22:4(M+H)_34.64,PC,BA_rate,0.0842858278804014,0.0083036442737425,A3,APOE3
PC 38:5|PC 18:0_20:5(M+H)_32.61,PC,BA_rate,0.0152483738361721,0.0124736567667691,A3,APOE3
PC 38:6(M+H)_31.74,PC,BA_rate,0.2169459011110919,0.0224098848372418,A3,APOE3
PC 38:7|PC 16:1_22:6(M+H)_29.81,PC,BA_rate,0.2290382486508866,0.0331863156707767,A3,APOE3
PC 39:6|PC 17:0_22:6(M+H)_32.87,PC,BA_rate,0.1222685707943665,0.0144165437441959,A3,APOE3
PC 40:1(M+H)_37.96,PC,BA_rate,0.0205125419775231,0.0114001665887535,A3,APOE3
PC 40:2|PC 20:1_20:1(M+H)_37.2,PC,BA_rate,5.0,17.00823501460586,A3,APOE3
PC 40:4(M+H)_35.91,PC,BA_rate,0.0776863704039855,0.0100859676147103,A3,APOE3
PC 40:6(M+Na)_33.99,PC,BA_rate,0.0689972322959462,0.0177369976492611,A3,APOE3
PC 40:6|PC 18:0_22:6(M+H)_33.89,PC,BA_rate,0.0919385224387268,0.0090284123380043,A3,APOE3
PC 40:7(M+Na)_31.98,PC,BA_rate,0.1504348983008548,0.0176169600357199,A3,APOE3
PC 40:7|PC 18:1_22:6(M+H)_31.98,PC,BA_rate,0.0818591994984086,0.0104232001562851,A3,APOE3
PC 40:8|PC 18:2_22:6(M+H)_30.21,PC,BA_rate,0.01,0.0123922272974689,A3,APOE3
PC 40:9|PC 18:3_22:6(M+H)_31.86,PC,BA_rate,0.2097130993808081,0.0225413386135146,A3,APOE3
PC 41:1(M+H)_38.24,PC,BA_rate,0.0169981541031951,0.0136003655648866,A3,APOE3
PC 42:10(M+H)_29.7,PC,BA_rate,0.0914086152839648,0.0226293950837992,A3,APOE3
PC 42:1|PC 24:0_18:1(M+H)_38.47,PC,BA_rate,0.0299973798655332,0.0044942002053873,A3,APOE3
PC 42:2|PC 18:1_24:1(M+H)_37.96,PC,BA_rate,0.0657439692217609,0.0254961075897987,A3,APOE3
PC 42:4(M+H)_36.94,PC,BA_rate,0.0770197142303004,0.0109849846676123,A3,APOE3
PC 42:7(M+H)_33.89,PC,BA_rate,0.1775740540236545,0.0318505560979247,A3,APOE3
PC 42:9(M+H)_30.84,PC,BA_rate,0.1779890150388149,0.0218007861183407,A3,APOE3
PC 43:1(M+H)_38.72,PC,BA_rate,0.2288056026676469,0.1792850506859367,A3,APOE3
PC 44:10(M+H)_31.47,PC,BA_rate,0.1079622973225513,0.0232339255096223,A3,APOE3
PC 44:12|PC 22:6_22:6(M+H)_29.19,PC,BA_rate,0.078377933707445,0.0139530291167858,A3,APOE3
PC 52:4(M+H)_39.35,PC,BA_rate,0.1510312713784483,0.0219914157667716,A3,APOE3
PC 52:5(M+H)_38.98,PC,BA_rate,0.0367665365474647,0.0129831914204541,A3,APOE3
PC 54:6(M+H)_39.1,PC,BA_rate,0.0985715379179478,0.0146789544707791,A3,APOE3
PC O-32:0|PC O-16:0_16:0(M+H)_35.54,EtherPC,BA_rate,0.0682561369494783,0.0053365386125948,A3,APOE3
PC O-34:0|PC O-18:0_16:0(M+H)_36.94,EtherPC,BA_rate,0.0383105505837011,0.0296262725431107,A3,APOE3
PC O-34:1|PC O-18:1_16:0(M+H)_35.54,EtherPC,BA_rate,0.1009492311548741,0.0101317685901892,A3,APOE3
PC O-34:2|PC O-15:2_19:0(M+H)_34.52,EtherPC,BA_rate,0.0414321325771715,0.0134654456701759,A3,APOE3
PC O-35:4|PC O-13:0_22:4(M+H)_35.8,EtherPC,BA_rate,0.0817446161381576,0.0077282885594253,A3,APOE3
PC O-36:4|PC O-16:0_20:4(M+H)_33.76,EtherPC,BA_rate,0.1893878864180101,0.0118128972479292,A3,APOE3
PC O-38:1(M+H)_37.58,EtherPC,BA_rate,0.01,0.0283024052164079,A3,APOE3
PC O-38:6|PC O-16:0_22:6(M+H)_33.12,EtherPC,BA_rate,0.3274308713778953,0.0292888883278538,A3,APOE3
PC O-40:11(M+H)_16.6,EtherPC,BA_rate,0.1896844074908624,0.3325889672478326,A3,APOE3
PC O-40:1|PC O-15:1_25:0(M+H)_38.09,EtherPC,BA_rate,0.01,0.1260646178544514,A3,APOE3
PC O-41:5(M+H)_37.82,EtherPC,BA_rate,0.01,0.027381443601938,A3,APOE3
PE 32:0|PE 16:0_16:0(M+H)_34.78,PE,BA_rate,0.5076289932148397,0.0533913479004303,A3,APOE3
PE 33:1(d7)|PE 15:0_18:1(d7)(M+H)_33.76,PE,BA_rate,1.1549563275079116,4.447430873337657,A3,APOE3
PE 33:1(d7)|PE 15:0_18:1(d7)(M-H)_33.77,PE,BA_rate,0.01,0.1181433970820673,A3,APOE3
PE 34:0|PE 16:0_18:0(M-H)_36.57,PE,BA_rate,0.8666639860819564,0.2439770055576268,A3,APOE3
PE 34:1|PE 16:0_18:1(M+H)_34.9,PE,BA_rate,0.1806850381020447,0.0257954825649599,A3,APOE3
PE 34:1|PE 16:0_18:1(M-H)_34.91,PE,BA_rate,0.1867524232812213,0.0255329385197013,A3,APOE3
PE 34:2|PE 16:0_18:2(M-H)_33,PE,BA_rate,0.2954730269290832,0.0430461837377329,A3,APOE3
PE 36:1|PE 18:0_18:1(M+H)_36.56,PE,BA_rate,0.0451915897323454,0.0072215792194361,A3,APOE3
PE 36:1|PE 18:0_18:1(M-H)_36.57,PE,BA_rate,0.0412719655894965,0.0084462832986538,A3,APOE3
PE 36:2|PE 18:1_18:1(M+H)_35.03,PE,BA_rate,0.0933187192179832,0.013854121823144,A3,APOE3
PE 36:2|PE 18:1_18:1(M-H)_35.04,PE,BA_rate,0.0909991941837174,0.0107965763991503,A3,APOE3
PE 36:3|PE 18:1_18:2(M-H)_33.14,PE,BA_rate,0.0123388470054824,0.01151047608762,A3,APOE3
PE 36:4|PE 16:0_20:4(M+H)_32.99,PE,BA_rate,0.1929665177192408,0.0159732013179648,A3,APOE3
PE 36:4|PE 16:0_20:4(M-H)_32.88,PE,BA_rate,0.1836149622441411,0.0157872626504743,A3,APOE3
PE 36:5(M+H)_30.97,PE,BA_rate,0.394066593593165,0.0600571962800911,A3,APOE3
PE 38:1|PE 18:0_20:1(M-H)_37.46,PE,BA_rate,0.1301344971550933,0.031879469415794,A3,APOE3
PE 38:2|PE 18:1_20:1(M-H)_36.57,PE,BA_rate,0.8048699004561691,0.5618157976536194,A3,APOE3
PE 38:4|PE 18:0_20:4(M+H)_35.03,PE,BA_rate,0.0567586792752776,0.0084302867164509,A3,APOE3
PE 38:4|PE 18:0_20:4(M-H)_35.04,PE,BA_rate,0.0569927857061309,0.0073141449604526,A3,APOE3
PE 38:5|PE 18:1_20:4(M+H)_33.12,PE,BA_rate,0.1072021871801011,0.0775516125939337,A3,APOE3
PE 38:5|PE 18:1_20:4(M-H)_33.13,PE,BA_rate,0.0610165020149128,0.0186042896860325,A3,APOE3
PE 38:6|PE 16:0_22:6(M+H)_32.36,PE,BA_rate,0.2146989205785157,0.0183873865860033,A3,APOE3
PE 38:6|PE 16:0_22:6(M-H)_32.37,PE,BA_rate,0.2068603917355726,0.0209237260969921,A3,APOE3
PE 38:7|PE 16:1_22:6(M+H)_30.35,PE,BA_rate,5.0,4.603201640810076,A3,APOE3
PE 39:6(M+H)_33.51,PE,BA_rate,0.1753558639007248,0.0397580226825199,A3,APOE3
PE 40:1|PE 18:0_22:1(M-H)_36.69,PE,BA_rate,0.3000774568463056,0.1267927062687992,A3,APOE3
PE 40:4|PE 18:0_22:4(M+H)_36.3,PE,BA_rate,0.2178390395266295,0.0959883965737239,A3,APOE3
PE 40:4|PE 18:0_22:4(M-H)_36.31,PE,BA_rate,0.219115948794608,0.0845766922405612,A3,APOE3
PE 40:6|PE 18:0_22:6(M+H)_34.63,PE,BA_rate,0.0642548885717277,0.0073993176505555,A3,APOE3
PE 40:6|PE 18:0_22:6(M-H)_34.53,PE,BA_rate,0.061719933947375,0.0061359589484528,A3,APOE3
PE 40:7(M+H)_32.5,PE,BA_rate,0.1341771403518221,0.0270860314536337,A3,APOE3
PE 40:7|PE 18:1_22:6(M-H)_32.62,PE,BA_rate,0.0625466001670272,0.0114314850788038,A3,APOE3
PE 44:10(M+H)_32.09,PE,BA_rate,5.0,9.368014820879187,A3,APOE3
PE 44:12|PE 22:6_22:6(M+H)_29.7,PE,BA_rate,0.1920719756401154,0.0465223101107925,A3,APOE3
PE 44:12|PE 22:6_22:6(M-H)_29.7,PE,BA_rate,0.1528541387077386,0.0374880785529542,A3,APOE3
PE O-34:1(M+H)_36.05,EtherPE,BA_rate,0.142198457968569,0.0170522459790037,A3,APOE3
PE O-34:1|PE O-18:1_16:0(M-H)_36.06,EtherPE,BA_rate,0.1077498653577344,0.0124131887260657,A3,APOE3
PE O-36:2|PE O-18:1_18:1(M-H)_37.2,EtherPE,BA_rate,0.0544763197890662,0.0122788264826404,A3,APOE3
PE O-37:3|PE O-22:3_15:0(M-H)_30.59,EtherPE,BA_rate,0.01,0.0,A3,APOE3
PE O-38:4|PE O-16:0_22:4(M-H)_35.8,EtherPE,BA_rate,0.1291985328306071,0.0185689035936917,A3,APOE3
PE O-38:6|PE O-16:0_22:6(M-H)_33.77,EtherPE,BA_rate,0.1657582306872128,0.016062225464007,A3,APOE3
PE O-40:4|PE O-18:0_22:4(M-H)_37.08,EtherPE,BA_rate,0.0512666209353745,0.0089297500661924,A3,APOE3
PE O-40:6|PE O-18:0_22:6(M-H)_35.8,EtherPE,BA_rate,0.2426852566766289,0.0964556590650541,A3,APOE3
PE O-40:7|PE O-18:1_22:6(M-H)_35.53,EtherPE,BA_rate,5.0,9.570949943322788,A3,APOE3
PE P-38:5|PE P-18:1_20:4(M+H)_33.76,EtherPE,BA_rate,0.1190892661677453,0.015358392835946,A3,APOE3
PE P-40:5(M+H)_35.8,EtherPE,BA_rate,0.3759834875810366,0.1176485849611838,A3,APOE3
PG 32:0|PG 16:0_16:0(M-H)_31.61,PG,BA_rate,0.484276279214352,0.0850439451636659,A3,APOE3
PG 33:1(d7)|PG 15:0_18:1(d7)(M+NH4)_30.59,PG,BA_rate,5.0,16.548327802482337,A3,APOE3
PG 34:1|PG 16:0_18:1(M-H)_31.73,PG,BA_rate,0.4059404173348037,0.0561772285339305,A3,APOE3
PG 38:2|PG 18:1_20:1(M-H)_35.67,PG,BA_rate,0.2172188212537515,0.0893351531323764,A3,APOE3
PG 44:12|PG 22:6_22:6(M-H)_25.5,PG,BA_rate,0.3581713241597587,0.0633096126267279,A3,APOE3
PI 32:0|PI 16:0_16:0(M-H)_31.24,PI,BA_rate,5.0,11.93387553041922,A3,APOE3
PI 33:1(d7)|PI 15:0_18:1(d7)(M+NH4)_30.2,PI,BA_rate,0.1882505944294715,0.5145360817088152,A3,APOE3
PI 33:1(d7)|PI 15:0_18:1(d7)(M-H)_30.21,PI,BA_rate,5.0,28.82504885612263,A3,APOE3
PI 33:1(d7)|PI 15:0_18:1(d7)(M-H)_33.26,PI,BA_rate,0.0106387324934224,0.0141516855032806,A3,APOE3
PI 36:4(M+NH4)_29.44,PI,BA_rate,0.5419700452337928,0.1253001948515618,A3,APOE3
PI 36:4|PI 16:0_20:4(M-H)_29.32,PI,BA_rate,0.3615210341981658,0.0455949524749045,A3,APOE3
PI 38:4(M+NH4)_31.6,PI,BA_rate,0.148650663174147,0.0202180348713263,A3,APOE3
PI 38:4|PI 18:0_20:4(M-H)_31.61,PI,BA_rate,0.1367748130562104,0.0184675460731109,A3,APOE3
PI 38:5(M+NH4)_29.57,PI,BA_rate,0.2977338160938907,0.0622195609631525,A3,APOE3
PI 38:5|PI 18:1_20:4(M-H)_29.57,PI,BA_rate,0.3096726778583464,0.0555204748479486,A3,APOE3
PI 38:6(M+NH4)_28.82,PI,BA_rate,0.5644913817795598,0.1253607567070939,A3,APOE3
PI 40:6(M+NH4)_31.09,PI,BA_rate,0.2270832949311531,0.0365627270977528,A3,APOE3
PI 40:6|PI 18:0_22:6(M-H)_31.1,PI,BA_rate,0.2462555947083162,0.0489717367480111,A3,APOE3
PS 33:1(d7)|PS 15:0_18:1(d7)(M-H)_30.57,PS,BA_rate,0.01,0.0,A3,APOE3
PS 34:1(M+H)_31.73,PS,BA_rate,0.3339474122616216,0.0586572118830349,A3,APOE3
PS 36:0;O3|PS 18:0_18:0;O3(M-H)_32.12,OxPS,BA_rate,5.0,35.58030488060455,A3,APOE3
PS 36:1|PS 18:0_18:1(M+H)_33.76,PS,BA_rate,0.0331523553000082,0.0088016094715235,A3,APOE3
PS 36:1|PS 18:0_18:1(M-H)_33.77,PS,BA_rate,0.037001492347029,0.0106518244140894,A3,APOE3
PS 36:2|PS 18:1_18:1(M+H)_31.98,PS,BA_rate,0.0933728892807904,0.0120727983622292,A3,APOE3
PS 36:2|PS 18:1_18:1(M-H)_32.12,PS,BA_rate,0.0551839381846875,0.0206486614638391,A3,APOE3
PS 38:4(M+H)_31.99,PS,BA_rate,0.0772311951282925,0.012365443968611,A3,APOE3
PS 38:4|PS 18:0_20:4(M-H)_32.24,PS,BA_rate,0.1116613694184818,0.0237118974016335,A3,APOE3
PS 38:5(M+H)_29.95,PS,BA_rate,1.4238578703682334,0.3549208628565623,A3,APOE3
PS 38:5;O3|PS 18:0_20:5;O3(M-H)_31.35,OxPS,BA_rate,0.0728550875100321,0.0114780510956533,A3,APOE3
PS 38:6(M+H)_29.06,PS,BA_rate,0.5439267184508398,0.1569078582453598,A3,APOE3
PS 38:6|PS 16:0_22:6(M-H)_29.19,PS,BA_rate,5.0,4.9154366556100575,A3,APOE3
PS 40:4|PS 18:0_22:4(M+H)_33.5,PS,BA_rate,0.2197188897085223,0.1067126155554779,A3,APOE3
PS 40:4|PS 18:0_22:4(M-H)_33.38,PS,BA_rate,0.2172567530371981,0.0927278896824676,A3,APOE3
PS 40:6(M+Na)_31.34,PS,BA_rate,0.0663968807164072,0.0136354733164628,A3,APOE3
PS 40:6|PS 18:0_22:6(M+H)_31.35,PS,BA_rate,0.0556091291934114,0.0065864647872281,A3,APOE3
PS 40:6|PS 18:0_22:6(M-H)_31.35,PS,BA_rate,0.0647160188319034,0.0084928710662371,A3,APOE3
PS 40:6|PS 18:0_22:6(M-H)_35.17,PS,BA_rate,0.050423561450916,0.0060804330089573,A3,APOE3
PS 40:7(M+H)_29.32,PS,BA_rate,0.3808749889877938,0.1208228080371173,A3,APOE3
PS 40:7|PS 18:1_22:6(M-H)_29.32,PS,BA_rate,0.2534714382623629,0.0465612659267379,A3,APOE3
PS 42:10|PS 20:4_22:6(M-H)_27.15,PS,BA_rate,0.2677338744437865,0.0517376681858675,A3,APOE3
PS 42:11;O3|PS 22:6_20:5;O3(M-H)_26.52,OxPS,BA_rate,0.0690632868440233,0.0464873677931267,A3,APOE3
PS 44:10|PS 22:4_22:6(M+H)_28.81,PS,BA_rate,0.2026136667145313,0.0326127892434394,A3,APOE3
PS 44:12|PS 22:6_22:6(M+H)_26.51,PS,BA_rate,0.3630451339980227,0.1686599306732896,A3,APOE3
PS 44:12|PS 22:6_22:6(M-H)_26.52,PS,BA_rate,0.0667657446398254,0.0184217254769755,A3,APOE3
SM 30:5;O3(M+H)_21.68,SM,BA_rate,0.0284752682242873,0.0116541950607877,A3,APOE3
SM 34:1;O2|SM 18:1;O2/16:0(M+H)_32.11,SM,BA_rate,0.0604301864802324,0.0059160054750488,A3,APOE3
SM 34:1;O3(M+H)_31.22,SM,BA_rate,0.0602057140203548,0.0096055185147074,A3,APOE3
SM 34:2;O2(M+H)_30.08,SM,BA_rate,0.1588582438471367,0.0248018020858523,A3,APOE3
SM 35:1;O2(M+H)_33.25,SM,BA_rate,0.0276147473906636,0.0077467951862026,A3,APOE3
SM 36:0;O3(M+H)_36.94,SM,BA_rate,0.1079218049067464,0.0314375460849161,A3,APOE3
SM 36:1;O2|SM 18:1;O2/18:0(M+H)_34.4,SM,BA_rate,0.0293256844647089,0.0091253368056463,A3,APOE3
SM 36:2;O2(M+H)_32.49,SM,BA_rate,0.0351482142731833,0.0099279579087977,A3,APOE3
SM 37:4;O3(M+H)_30.58,SM,BA_rate,5.0,6.514385698663025,A3,APOE3
SM 38:1;O2|SM 20:1;O2/18:0(M+H)_36.3,SM,BA_rate,0.0341864094433558,0.0058763691013974,A3,APOE3
SM 40:1;O2|SM 18:1;O2/22:0(M+H)_37.45,SM,BA_rate,0.0858540244561048,0.0128386311233142,A3,APOE3
SM 40:2;O2(M+H)_36.43,SM,BA_rate,0.1058101280861227,0.0293541559449489,A3,APOE3
SM 40:7;O2(M+H)_27.67,SM,BA_rate,5.0,7.992408328384654,A3,APOE3
SM 42:2;O2|SM 18:1;O2/24:1(M+H)_37.32,SM,BA_rate,0.0468117561564537,0.008320559109032,A3,APOE3
SM 42:3;O2|SM 18:1;O2/24:2(M+H)_36.43,SM,BA_rate,0.1443317329372399,0.0313018066500735,A3,APOE3
SM 43:4;O2(M+H)_24.36,SM,BA_rate,0.1807613080385887,0.072868483918605,A3,APOE3
ST 27:1;O(M+H-[H2O])_32.24,ST,BA_rate,0.01,0.0159958563668843,A3,APOE3
ST 27:1;O(M+H-[H2O])_41,ST,BA_rate,0.1362260961574986,0.0115651662438839,A3,APOE3
ST 27:2;O(M+H)_31.1,ST,BA_rate,0.0234461813480497,0.0126558620602553,A3,APOE3
ST 27:2;O(M+H-[H2O])_28.3,ST,BA_rate,0.01,0.0265848782683676,A3,APOE3
TG 48:0|TG 16:0_16:0_16:0(M+NH4)_40.75,TG,BA_rate,1.5293004909310306,0.6436804326593747,A3,APOE3
TG 48:1(d7)|TG 15:0_18:1(d7)_15:0(M+NH4)_40.24,TG,BA_rate,0.8365103330799226,3.377583101461023,A3,APOE3
TG 48:2|TG 16:0_16:1_16:1(M+NH4)_39.76,TG,BA_rate,0.0655721860612617,0.0476082654252942,A3,APOE3
TG 50:0|TG 16:0_16:0_18:0(M+NH4)_41.26,TG,BA_rate,0.0254200211893208,0.0226235437041113,A3,APOE3
TG 50:1|TG 16:0_16:0_18:1(M+NH4)_40.63,TG,BA_rate,0.1881043608915031,0.0701367541294335,A3,APOE3
TG 50:2|TG 16:0_16:1_18:1(M+NH4)_40.24,TG,BA_rate,0.0580036060144809,0.026134426854709,A3,APOE3
TG 50:3|TG 16:0_16:1_18:2(M+NH4)_39.86,TG,BA_rate,0.0493033149948838,0.0176819283896733,A3,APOE3
TG 50:4|TG 16:1_16:1_18:2(M+NH4)_39.48,TG,BA_rate,0.0568023223379874,0.0288816162477705,A3,APOE3
TG 52:0|TG 16:0_18:0_18:0(M+NH4)_41.89,TG,BA_rate,0.01,0.0406405613150739,A3,APOE3
TG 52:1|TG 16:0_18:0_18:1(M+NH4)_41.26,TG,BA_rate,0.0164980586104374,0.0888641786274208,A3,APOE3
TG 52:2|TG 16:0_18:1_18:1(M+NH4)_40.63,TG,BA_rate,0.0744985657435855,0.0419518713580486,A3,APOE3
TG 52:3|TG 16:0_18:1_18:2(M+NH4)_40.24,TG,BA_rate,0.0334651082517877,0.0157026789267316,A3,APOE3
TG 52:4|TG 16:1_18:1_18:2(M+NH4)_39.86,TG,BA_rate,0.0429428710511488,0.0179292307265272,A3,APOE3
TG 52:5|TG 16:1_18:2_18:2(M+NH4)_39.5,TG,BA_rate,0.059697716290643,0.0180971487519562,A3,APOE3
TG 54:0|TG 18:0_18:0_18:0(M+NH4)_42.53,TG,BA_rate,0.0159574755505765,0.0814670602668036,A3,APOE3
TG 54:1|TG 16:0_18:0_20:1(M+NH4)_41.78,TG,BA_rate,0.01,0.020527325116116,A3,APOE3
TG 54:2|TG 18:0_18:1_18:1(M+NH4)_40.74,TG,BA_rate,0.01,0.0410082190265002,A3,APOE3
TG 54:3|TG 18:1_18:1_18:1(M+NH4)_40.62,TG,BA_rate,0.0314536337103556,0.0293727484353855,A3,APOE3
TG 54:4|TG 18:1_18:1_18:2(M+NH4)_40.24,TG,BA_rate,0.0408048109187431,0.028962837266768,A3,APOE3
TG 54:6|TG 18:1_18:2_18:3(M+NH4)_39.86,TG,BA_rate,5.0,9.26715146779,A3,APOE3
TG 60:12|TG 16:0_22:6_22:6(M+NH4)_39.35,TG,BA_rate,0.185288221880522,0.0633187216144062,A3,APOE3
TG O-50:0|TG O-18:0_16:0_16:0(M+NH4)_42.28,EtherTG,BA_rate,5.0,3.430932822742714,A3,APOE3
TG O-50:2|TG O-16:0_16:0_18:2(M+NH4)_41.12,EtherTG,BA_rate,0.3882278580925938,0.0466245445405524,A3,APOE3
TG O-52:1|TG O-18:0_16:0_18:1(M+NH4)_42.16,EtherTG,BA_rate,5.0,4.949140394716137,A3,APOE3
TG O-52:2|TG O-18:0_16:0_18:2(M+NH4)_41.64,EtherTG,BA_rate,0.6186687408191982,0.1950639206052261,A3,APOE3
TG O-52:3|TG O-16:0_18:1_18:2(M+NH4)_41.01,EtherTG,BA_rate,0.371800284696257,0.0416980979813081,A3,APOE3
TG O-54:2|TG O-20:0_16:0_18:2(M+NH4)_42.28,EtherTG,BA_rate,0.5278581919841729,0.1277193219585396,A3,APOE3
TG O-54:3|TG O-18:0_18:1_18:2(M+NH4)_41.64,EtherTG,BA_rate,1.144516284893922,0.6235584231185428,A3,APOE3
TG O-54:4|TG O-18:0_18:2_18:2(M+NH4)_41.13,EtherTG,BA_rate,0.4861367127848735,0.1214016601338964,A3,APOE3
TG O-56:3|TG O-20:0_18:1_18:2(M+NH4)_42.16,EtherTG,BA_rate,0.4035982258119561,0.0500680258831084,A3,APOE3
25-hydroxycholecalciferol(M+H)_24.36,Vitamin_D,BA_rate,0.01,0.0274224253205107,A4,APOE4
AHexCer 46:1;O3|AHexCer (O-15:0)31:1;O3(M+H-[H2O])_39.35,AHexCer,BA_rate,0.0986526865407448,0.0464797497759735,A4,APOE4
AHexCer 55:6;O3|AHexCer (O-18:1)37:5;O3(M+H-[H2O])_39.74,AHexCer,BA_rate,2.034177226813946,1.9141564156647857,A4,APOE4
AHexCer 56:1;O3|AHexCer (O-16:0)40:1;O3(M+H-[H2O])_39.48,AHexCer,BA_rate,0.0242294108412099,0.0420887460075962,A4,APOE4
AHexCer 57:1;O3|AHexCer (O-16:0)18:1;O2/23:0;O(M+H)_39.64,AHexCer,BA_rate,0.1001179049374965,0.0724942696533573,A4,APOE4
AHexCer 58:1;O3|AHexCer (O-16:0)42:1;O3(M+H)_39.86,AHexCer,BA_rate,5.0,4.726918358065598,A4,APOE4
AHexCer 58:1;O3|AHexCer (O-17:0)41:1;O3(M+H-[H2O])_39.62,AHexCer,BA_rate,0.0306819643051239,0.0389977440383647,A4,APOE4
AHexCer 58:2;O3|AHexCer (O-18:1)40:1;O3(M+H)_39.48,AHexCer,BA_rate,0.0548777039618349,0.0408630621092465,A4,APOE4
AHexCer 59:1;O3|AHexCer (O-18:0)41:1;O3(M+H)_39.99,AHexCer,BA_rate,0.2217284509713982,0.1348433328648094,A4,APOE4
AHexCer 59:8;O2|AHexCer (O-15:0)44:8;O2(M+H-[H2O])_39.23,AHexCer,BA_rate,0.1315549083363529,0.0456216811519021,A4,APOE4
AHexCer 60:1;O3|AHexCer (O-18:0)42:1;O3(M+H)_40.12,AHexCer,BA_rate,0.0258905094185282,0.0588425502054515,A4,APOE4
AHexCer 60:2;O3|AHexCer (O-18:1)18:1;O2/24:0;O(M+H)_39.86,AHexCer,BA_rate,0.0349159806913206,0.0396464977021726,A4,APOE4
C18-Sphingosine(M+H)_18,C18-Sphingosine(M+H)_18,BA_rate,0.3397494314168488,0.1533071760820309,A4,APOE4
CAR 16:0(M+H)_16.86,CAR,BA_rate,0.3737327574762618,0.0405796866658682,A4,APOE4
CAR 18:0(M+H)_19.78,CAR,BA_rate,0.2350082189377656,0.0518454247013743,A4,APOE4
CE 18:1(d7)(M+NH4)_41.64,CE,BA_rate,0.1637440145156296,0.2050070767081421,A4,APOE4
CE 18:2(M+NH4)_41,CE,BA_rate,0.052841835800002,0.0049694677918909,A4,APOE4
CE 18:3(M+NH4)_40.5,CE,BA_rate,0.0614812432026163,0.017240771833347,A4,APOE4
CE 20:4(M+NH4)_40.75,CE,BA_rate,0.0962063164171865,0.0141462893413931,A4,APOE4
CE 22:6(M+NH4)_40.4,CE,BA_rate,0.0817469838963051,0.0197054653035796,A4,APOE4
CL 70:4|CL 34:2_36:2(M+NH4)_39.1,CL,BA_rate,0.2440414658723697,0.0596131809768468,A4,APOE4
CL 72:4|CL 18:1_18:1_18:1_18:1(M-H)_39.36,CL,BA_rate,0.0758031445449723,0.0131563145786754,A4,APOE4
CL 72:5|CL 18:1_18:1_18:1_18:2(M-H)_39.11,CL,BA_rate,0.2512299401432497,0.1706692757220904,A4,APOE4
CL 72:5|CL 36:2_36:3(M+NH4)_39.22,CL,BA_rate,0.143581425269677,0.0524201823883276,A4,APOE4
CL 72:7|CL 16:1_18:1_18:1_20:4(M-H)_38.85,CL,BA_rate,0.1476721518889767,0.0214891969405793,A4,APOE4
CL 74:7|CL 18:1_18:1_18:1_20:4(M-H)_39.11,CL,BA_rate,5.0,6.697071421858787,A4,APOE4
CL 74:7|CL 36:2_38:5(M+NH4)_39.1,CL,BA_rate,0.7362634579961388,0.3140576243451621,A4,APOE4
CL 74:8|CL 18:1_18:2_18:1_20:4(M-H)_38.97,CL,BA_rate,0.2165405767420882,0.1564619024386849,A4,APOE4
CL 76:10|CL 18:1_20:4_18:1_20:4(M-H)_38.85,CL,BA_rate,0.272781426778674,0.0459720079490299,A4,APOE4
CL 76:5|CL 39:1_37:4(M-H)_35.04,CL,BA_rate,0.1385181293484674,0.0198929802115746,A4,APOE4
CL 76:9|CL 18:1_18:1_18:1_22:6(M-H)_38.98,CL,BA_rate,0.0810214350370497,0.0404113043298845,A4,APOE4
CL 76:9|CL 36:2_40:7(M+NH4)_38.98,CL,BA_rate,0.1042801346379735,0.0421924208525118,A4,APOE4
CL 78:7|CL 41:2_37:5(M-H)_35.04,CL,BA_rate,0.0872545648287429,0.0079944143290086,A4,APOE4
CL 79:5(M+NH4)_34.52,CL,BA_rate,0.0545294325842781,0.0187603109502442,A4,APOE4
CL 79:6|CL 36:1_43:5(M-H)_34.4,CL,BA_rate,0.1336890891739198,0.0149637307587596,A4,APOE4
CL 79:9|CL 38:4_41:5(M-H)_32.37,CL,BA_rate,0.3262980522887371,0.0447141081632647,A4,APOE4
CL 80:6|CL 36:1_44:5(M-H)_34.4,CL,BA_rate,0.1924272705602106,0.0275953984504411,A4,APOE4
CL 90:18|CL 46:6_44:12(M-H)_30.21,CL,BA_rate,0.1727391616445719,0.2531139748608484,A4,APOE4
Cer 36:1;O2|Cer 18:1;O2/18:0(M+H-[H2O])_36.56,Cer_NS,BA_rate,0.0303942243316395,0.0022183795593246,A4,APOE4
Cer 36:1;O2|Cer 18:1;O2/18:0(M+H-[H2O])_38.34,Cer_NS,BA_rate,0.0409153333515438,0.0216137125846669,A4,APOE4
Cer 36:1;O2|Cer 18:1;O2/18:0(M-H)_36.56,Cer_NS,BA_rate,0.0335269302117178,0.0054183988212123,A4,APOE4
Cer 36:2;O2|Cer 18:2;O2/18:0(M+H-[H2O])_34.9,Cer_NS,BA_rate,0.0403376889460064,0.0063109227165292,A4,APOE4
Cer 37:1;O4|Cer 18:0;O3/19:1(2OH)(M-H)_36.56,Cer_AP,BA_rate,0.032720124594651,0.0042483628365367,A4,APOE4
Cer 38:1;O2|Cer 20:1;O2/18:0(M+H-[H2O])_37.58,Cer_NS,BA_rate,0.0590731550199187,0.0072169648867815,A4,APOE4
Cer 41:1;O2|Cer 18:1;O2/23:0(M+H)_38.47,Cer_NS,BA_rate,0.0556800048999458,0.0128202926349158,A4,APOE4
Cer 41:1;O4|Cer 26:0;O3(FA 15:0)(M-H)_38.22,Cer_EODS,BA_rate,0.0967966356261228,0.017761121013036,A4,APOE4
Cer 42:1;O2|Cer 26:1;O2/16:0(M+Na)_38.98,Cer_NS,BA_rate,5.0,10.51156589197192,A4,APOE4
Cer 42:2;O2|Cer 18:1;O2/24:1(M+H)_38.09,Cer_NS,BA_rate,0.0265905723038461,0.0194736602386117,A4,APOE4
Cer 42:2;O2|Cer 18:1;O2/24:1(M+H-[H2O])_38.2,Cer_NS,BA_rate,0.0242237749675609,0.0174781280949974,A4,APOE4
Cer 42:2;O2|Cer 18:1;O2/24:1(M+H-[H2O])_39.23,Cer_NS,BA_rate,0.0695921050406296,0.0226444009418047,A4,APOE4
Cer 56:11;O4|Cer 38:9;O3(FA 18:1)(+C2H3O2-)_38.48,Cer_EOS,BA_rate,0.0291979275743149,0.0225093388778021,A4,APOE4
CoQ10(M+H)_39.35,CoQ,BA_rate,5.0,4.317265027100348,A4,APOE4
CoQ9(M+H)_38.85,CoQ,BA_rate,5.0,6.39482597256672,A4,APOE4
DG 18:2(M+Na)_10.61,DG,BA_rate,5.0,4.18410429729963,A4,APOE4
DG 18:2(M+Na)_6.94,DG,BA_rate,0.1108341355714163,0.0372097676785301,A4,APOE4
DG 19:2(M+Na)_14.69,DG,BA_rate,0.4234681851294782,0.1032470632762662,A4,APOE4
DG 19:2(M+Na)_16.1,DG,BA_rate,5.0,1.9302545565055031,A4,APOE4
DG 20:4(M+Na)_10.88,DG,BA_rate,5.0,7.920074605439915,A4,APOE4
DG 20:4(M+Na)_7.45,DG,BA_rate,0.4117080752078272,0.2421744698948636,A4,APOE4
DG 21:4(M+Na)_15.33,DG,BA_rate,5.0,4.313524641218153,A4,APOE4
DG 23:2(M+Na)_25.88,DG,BA_rate,5.0,12.935892982626068,A4,APOE4
DG 28:2(M+Na)_30.08,DG,BA_rate,5.0,6.838471636111255,A4,APOE4
DG 33:1(d7)|DG 15:0_18:1(d7)(M+NH4)_36.81,DG,BA_rate,5.0,31.096467310093445,A4,APOE4
DG 34:0|DG 16:0_18:0(M+NH4)_37.96,DG,BA_rate,0.2222870486312854,0.0473792661086849,A4,APOE4
DG 34:1|DG 16:0_18:1(M+NH4)_37.32,DG,BA_rate,0.1620665624863099,0.0327027331572444,A4,APOE4
DG 36:0|DG 18:0_18:0(M+NH4)_38.47,DG,BA_rate,0.1957761164714979,0.062569579111668,A4,APOE4
DG 36:1|DG 18:0_18:1(M+NH4)_37.97,DG,BA_rate,0.0672903619123821,0.0082949165251269,A4,APOE4
DG 36:2|DG 18:1_18:1(M+NH4)_37.33,DG,BA_rate,0.0324667171564229,0.0162996495641235,A4,APOE4
DG 36:4|DG 16:0_20:4(M+NH4)_36.06,DG,BA_rate,0.5475257808370003,0.4470491598578778,A4,APOE4
DG 38:4|DG 18:0_20:4(M+NH4)_37.32,DG,BA_rate,0.1276900623617496,0.0114604551993916,A4,APOE4
DG 38:5|DG 18:1_20:4(M+NH4)_36.29,DG,BA_rate,0.4611939101248053,0.0938229192188643,A4,APOE4
DG 38:6(M+Na)_35.54,DG,BA_rate,0.2818087789202022,0.0564461455707958,A4,APOE4
DG 38:6|DG 16:0_22:6(M+NH4)_35.54,DG,BA_rate,0.3369184728178251,0.0474059865060726,A4,APOE4
DG 40:2(M+Na)_38.6,DG,BA_rate,5.0,4.299447231770742,A4,APOE4
DG 40:4|DG 18:0_22:4(M+NH4)_37.83,DG,BA_rate,0.3526391147356233,0.0705551970468373,A4,APOE4
DG 40:6(M+Na)_37.07,DG,BA_rate,0.099979715950093,0.0205532188939968,A4,APOE4
DG 40:6|DG 18:0_22:6(M+NH4)_37.07,DG,BA_rate,0.0836069538245218,0.0069080976366067,A4,APOE4
DG 40:7|DG 18:1_22:6(M+NH4)_35.67,DG,BA_rate,5.0,9.204309527410391,A4,APOE4
DG 47:11(M+Na)_35.67,DG,BA_rate,0.0790473631489932,0.0108341777020539,A4,APOE4
DG 47:12(M+Na)_30.46,DG,BA_rate,5.0,5.573072489711445,A4,APOE4
DG 51:9(M+Na)_38.85,DG,BA_rate,0.2115103065014167,0.1289071646087592,A4,APOE4
DG 52:1(M+Na)_42.16,DG,BA_rate,0.3323603232924488,0.0308009315370292,A4,APOE4
DG O-37:1|DG O-19:1_18:0(M+NH4)_37.7,EtherDG,BA_rate,0.0134975607978576,0.0293926070566098,A4,APOE4
DLCL 36:3(M-H)_29.32,DLCL,BA_rate,0.4489818092729847,0.0729436550406328,A4,APOE4
DLCL 42:1(M-H)_20.42,DLCL,BA_rate,0.0676338811348846,0.0143641812828398,A4,APOE4
DLCL 42:11(M-H)_29.32,DLCL,BA_rate,0.4434437314540627,0.065058296710741,A4,APOE4
Diisodecyl phthalate (also known as the production of plastic)(M+H)_29.19,Others,BA_rate,5.0,6.706814869557983,A4,APOE4
Dioctyl phthalate (also known as the production of plastic)(M+H)_24.1,Others,BA_rate,5.0,8.011528406525407,A4,APOE4
FA 18:1(M-H)_22.7,FA,BA_rate,0.0564011146798053,0.0330478352940772,A4,APOE4
HexCer 36:1;O2|HexCer 18:1;O2/18:0(M+H)_34.91,HexCer_NS,BA_rate,0.0871073541359463,0.0197501160434913,A4,APOE4
HexCer 38:1;O2(M+H)_36.69,HexCer_NDS,BA_rate,0.0479316344869661,0.0244723862803395,A4,APOE4
HexCer 38:1;O3|HexCer 18:1;O2/20:0;O(M+H)_36.31,HexCer_HS,BA_rate,0.01,0.0103050616196119,A4,APOE4
HexCer 40:1;O2(M+H)_37.58,HexCer_NDS,BA_rate,0.01,0.0137435636565846,A4,APOE4
HexCer 40:1;O3(M+H)_37.33,HexCer_HS,BA_rate,0.01,0.027959067262574,A4,APOE4
HexCer 40:1;O3|HexCer 18:1;O2/22:0;O(M-H)_37.44,HexCer_HS,BA_rate,0.021828581157632,0.0263907441147092,A4,APOE4
HexCer 40:2;O2|HexCer 18:2;O2/22:0(M+H)_37.44,HexCer_NS,BA_rate,0.0697981532068029,0.0248852485489202,A4,APOE4
HexCer 41:1;O3(M+H)_37.7,HexCer_HS,BA_rate,0.01,0.0324823295310781,A4,APOE4
HexCer 41:1;O3|HexCer 21:1;O2/20:0;O(M-H)_37.71,HexCer_HS,BA_rate,0.0487184188469312,0.0340023293553124,A4,APOE4
HexCer 41:2;O2|HexCer 18:1;O2/23:1(M+H)_37.7,HexCer_NS,BA_rate,0.0790100142712084,0.0582854734380762,A4,APOE4
HexCer 42:1;O2(M+H)_38.09,HexCer_NDS,BA_rate,0.01,0.0203668896623795,A4,APOE4
HexCer 42:1;O3(M+H)_37.97,HexCer_HS,BA_rate,0.0274277007174426,0.0071876858304576,A4,APOE4
HexCer 42:1;O3|HexCer 18:1;O2/24:0;O(M-H)_38.08,HexCer_HS,BA_rate,0.0300099318411166,0.023378622203111,A4,APOE4
HexCer 42:2;O2|HexCer 18:1;O2/24:1(M+H)_37.58,HexCer_NS,BA_rate,0.01,0.0051118729748273,A4,APOE4
HexCer 42:2;O2|HexCer 18:1;O2/24:1(M+H-[H2O])_37.58,HexCer_NS,BA_rate,0.01,0.0170376113016835,A4,APOE4
HexCer 42:2;O3|HexCer 18:1;O2/24:1;O(M+H)_37.32,HexCer_HS,BA_rate,0.0479772805969326,0.0207959757275113,A4,APOE4
HexCer 42:3;O2|HexCer 18:2;O2/24:1(M+H)_37.32,HexCer_NS,BA_rate,0.0125229317869204,0.0201037787792521,A4,APOE4
HexCer 43:1;O3|HexCer 18:1;O2/25:0;O(M+H)_38.24,HexCer_HS,BA_rate,5.0,18.3285734455658,A4,APOE4
HexCer 43:1;O3|HexCer 18:1;O2/25:0;O(M+H-[H2O])_37.83,HexCer_HS,BA_rate,0.0341938007838315,0.0191377755138858,A4,APOE4
HexCer 43:2;O3|HexCer 18:1;O2/25:1;O(M+H)_37.7,HexCer_HS,BA_rate,5.0,3.810313856005009,A4,APOE4
LPA 19:5(M-H)_17.24,LPA,BA_rate,5.0,36.27734138468527,A4,APOE4
LPC 14:0(M+H)_8.21,LPC,BA_rate,0.1878525647959165,0.016951321196991,A4,APOE4
LPC 14:0/0:0(M+H)_9.86,LPC,BA_rate,0.2393767816606606,0.0189040569436876,A4,APOE4
LPC 16:0(M+H)_16.35,LPC,BA_rate,0.1135010949465828,0.0105966638087512,A4,APOE4
LPC 16:0/0:0(M+H)_17.11,LPC,BA_rate,0.136846991973113,0.0106101686451064,A4,APOE4
LPC 16:1(M+H)_10.88,LPC,BA_rate,0.125377755753214,0.0039286201272456,A4,APOE4
LPC 16:1(M+H)_12.53,LPC,BA_rate,0.1735411416851437,0.011813505147776,A4,APOE4
LPC 16:1(M+Na)_10.87,LPC,BA_rate,0.2291731124029776,0.0891997143233607,A4,APOE4
LPC 17:0/0:0(M+H)_18.76,LPC,BA_rate,0.1224746168674725,0.0119457646088044,A4,APOE4
LPC 18:0(M+H)_20.29,LPC,BA_rate,0.0674233353242348,0.0030922542962563,A4,APOE4
LPC 18:2(M+H)_13.93,LPC,BA_rate,0.2781334082591867,0.0236795727524358,A4,APOE4
LPC 18:2(M+H)_15.2,LPC,BA_rate,0.2200595550512166,0.0249587817289429,A4,APOE4
LPC 18:3(M+H)_16.35,LPC,BA_rate,0.0887744676109488,0.0051651461343266,A4,APOE4
LPC 18:3/0:0(M+H)_17.11,LPC,BA_rate,0.1150127756691058,0.0058117812468518,A4,APOE4
LPC 19:0/0:0(M+H)_21.81,LPC,BA_rate,0.1270211325497136,0.0273895694862565,A4,APOE4
LPC 20:0/0:0(M+H)_23.34,LPC,BA_rate,0.08413445163672,0.0289891532882329,A4,APOE4
LPC 20:1(M+Na)_20.66,LPC,BA_rate,0.0813515480237344,0.0090428786894478,A4,APOE4
LPC 20:3(M+H)_15.97,LPC,BA_rate,0.2015148739100646,0.0779802321723617,A4,APOE4
LPC 20:4(M+H)_14.06,LPC,BA_rate,0.0976693862557425,0.009146981810136,A4,APOE4
LPC 22:0/0:0(M+H)_26.39,LPC,BA_rate,0.1067856226189536,0.0180678128813724,A4,APOE4
LPC 22:1(M+H)_23.46,LPC,BA_rate,0.0878158760072033,0.0126589445806868,A4,APOE4
LPC 22:4(M+H)_17.49,LPC,BA_rate,0.1249108244415012,0.0032849656515325,A4,APOE4
LPC 22:6(M+H)_13.81,LPC,BA_rate,0.1453603728236482,0.0190767895007215,A4,APOE4
LPC 22:6(M+Na)_13.8,LPC,BA_rate,0.1308890494771729,0.013376696053884,A4,APOE4
LPC 22:6(M+Na)_14.81,LPC,BA_rate,0.1902880363537361,0.0282545644985498,A4,APOE4
LPC 24:1(M+H)_25.76,LPC,BA_rate,0.1366704519177246,0.0279998711645231,A4,APOE4
LPC 24:4(M+H)_19.65,LPC,BA_rate,0.1506752233127609,0.0209865748612006,A4,APOE4
LPC O-16:0(M+H)_18.25,EtherLPC,BA_rate,0.1160060198830248,0.0088956650242255,A4,APOE4
LPE 15:0(M-H)_14.57,LPE,BA_rate,0.01,0.0594260777204458,A4,APOE4
LPE 16:0(M+H)_16.48,LPE,BA_rate,0.1282976690244299,0.0133302177723381,A4,APOE4
LPE 16:0(M-H)_16.48,LPE,BA_rate,0.148130677930563,0.0210164889011113,A4,APOE4
LPE 16:1(M+H)_10.62,LPE,BA_rate,0.2018028442130773,0.0482881124311192,A4,APOE4
LPE 16:1(M-H)_10.63,LPE,BA_rate,0.0585823382154832,0.0117551703367746,A4,APOE4
LPE 16:1(M-H)_12.53,LPE,BA_rate,0.0701342230622133,0.0134789065450519,A4,APOE4
LPE 18:0(M+H)_20.67,LPE,BA_rate,0.0725587766341297,0.0056224749346403,A4,APOE4
LPE 18:0(M-H)_20.68,LPE,BA_rate,0.0645562728442663,0.0075486565733753,A4,APOE4
LPE 18:1(M+H)_17.49,LPE,BA_rate,0.0217673667486031,0.0060061092682562,A4,APOE4
LPE 18:1(d7)(M-H)_17.37,LPE,BA_rate,0.3680295411991993,0.3213635597656515,A4,APOE4
LPE 18:2(M+H)_13.95,LPE,BA_rate,0.6341243391364948,0.1569547527534961,A4,APOE4
LPE 18:2(M-H)_14.06,LPE,BA_rate,0.18766887763597,0.0391328911388368,A4,APOE4
LPE 18:2(M-H)_15.34,LPE,BA_rate,0.0553790929308531,0.0113944628874776,A4,APOE4
LPE 19:1(M-H)_19.02,LPE,BA_rate,0.0705330555229966,0.0393329631909069,A4,APOE4
LPE 20:0(M-H)_23.22,LPE,BA_rate,0.1123474839806839,0.023595770803647,A4,APOE4
LPE 20:1(M+H)_20.41,LPE,BA_rate,0.0343076191495318,0.0031770372533349,A4,APOE4
LPE 20:2(M-H)_18.51,LPE,BA_rate,0.0609644589770105,0.0230392807775737,A4,APOE4
LPE 20:3(M+H)_17.36,LPE,BA_rate,0.0752297544784332,0.0098628388125104,A4,APOE4
LPE 20:3(M-H)_16.35,LPE,BA_rate,0.1895273651571266,0.0826677263967832,A4,APOE4
LPE 20:4(M+H)_14.19,LPE,BA_rate,0.038029861691328,0.0090122955738238,A4,APOE4
LPE 20:4(M-H)_14.19,LPE,BA_rate,0.0423126776341285,0.0080045554931523,A4,APOE4
LPE 20:5(M+H)_9.61,LPE,BA_rate,0.1817107171536035,0.0429661116407558,A4,APOE4
LPE 22:1(M+H)_23.34,LPE,BA_rate,0.1657632589416303,0.0359795089818512,A4,APOE4
LPE 22:1(M-H)_23.35,LPE,BA_rate,0.0821531011747328,0.0260718656084994,A4,APOE4
LPE 22:2(M-H)_21.19,LPE,BA_rate,0.2773090303125758,0.1030528965528548,A4,APOE4
LPE 22:4(M+H)_17.74,LPE,BA_rate,0.0405476409506073,0.0056464300426464,A4,APOE4
LPE 22:6(M-H)_13.94,LPE,BA_rate,0.0259423251343629,0.0141050883021509,A4,APOE4
LPE 23:1(M-H)_24.73,LPE,BA_rate,0.06805767467444,0.0719682859246948,A4,APOE4
LPE 24:1(M+H)_26.26,LPE,BA_rate,0.040934517093817,0.0711794599249627,A4,APOE4
LPE 24:1(M-H)_26.27,LPE,BA_rate,0.0166632874721651,0.0424203843820912,A4,APOE4
LPE 24:4(M-H)_20.04,LPE,BA_rate,0.0205960359645647,0.0221544894792617,A4,APOE4
LPE 24:5(M+H)_18.76,LPE,BA_rate,1.1025088455046983,0.4223340724753088,A4,APOE4
LPE 24:5(M-H)_18.77,LPE,BA_rate,0.0230061726579543,0.037505182263277,A4,APOE4
LPE 24:6(M+H)_17.24,LPE,BA_rate,0.0953977502937038,0.0251256132636049,A4,APOE4
LPE 24:6(M-H)_17.24,LPE,BA_rate,0.040926353130005,0.0146066630068712,A4,APOE4
LPE O-16:0(M-H)_18.64,EtherLPE,BA_rate,0.1584131674617163,0.0240691203091354,A4,APOE4
LPE O-18:0(M+H)_22.07,EtherLPE,BA_rate,0.0932448298981537,0.0134890424111674,A4,APOE4
LPE O-18:0(M-H)_22.08,EtherLPE,BA_rate,0.0771515577826066,0.0122748672945111,A4,APOE4
LPE P-18:1(M+H)_20.67,EtherLPE,BA_rate,0.0807951730993682,0.0130550941327098,A4,APOE4
LPG 15:0(M-H)_9.35,LPG,BA_rate,0.2350248463196488,0.2998580529775062,A4,APOE4
LPG 16:0(M-H)_14.06,LPG,BA_rate,0.3801116685069584,0.0488986393895263,A4,APOE4
LPG 18:1(M-H)_14.19,LPG,BA_rate,0.3293309388585561,0.0615824805986194,A4,APOE4
LPG 20:4(M-H)_9.36,LPG,BA_rate,0.3785754478324226,0.0700845118282322,A4,APOE4
LPG O-20:1(M-H)_20.17,EtherLPG,BA_rate,0.2802172259259369,0.0895289616938109,A4,APOE4
LPI 15:0(M-H)_6.82,LPI,BA_rate,5.0,32.15327473974549,A4,APOE4
LPI 16:0(M-H)_10.25,LPI,BA_rate,0.4733932019443957,0.0732552357712849,A4,APOE4
LPI 18:0(M-H)_17.62,LPI,BA_rate,5.0,9.279074311058643,A4,APOE4
LPI 20:4(M-H)_6.83,LPI,BA_rate,0.2015896614114097,0.0187728907147975,A4,APOE4
LPI 22:6(M-H)_6.95,LPI,BA_rate,0.248311656338864,0.0524107453502389,A4,APOE4
LPS 15:0(M-H)_6.95,LPS,BA_rate,1.0711796719219573,1.4837509350136864,A4,APOE4
LPS 18:0(M-H)_17.75,LPS,BA_rate,0.0645077997374596,0.0036715813448649,A4,APOE4
LPS 18:1(M-H)_11.26,LPS,BA_rate,0.0805843011485818,0.0133960345359662,A4,APOE4
LPS 18:1(M-H)_13.43,LPS,BA_rate,0.1012377199258044,0.0079531754434157,A4,APOE4
LPS 20:4(M-H)_7.08,LPS,BA_rate,0.0875341606719253,0.0138510593680913,A4,APOE4
LPS 22:4(M-H)_13.18,LPS,BA_rate,0.0486017007728803,0.0097913536192691,A4,APOE4
LPS 22:4(M-H)_14.57,LPS,BA_rate,0.0676096801194605,0.0077414569981327,A4,APOE4
LPS 22:6(M-H)_7.08,LPS,BA_rate,0.0876477084927573,0.005663955860141,A4,APOE4
MG 38:1(M+NH4)_38.98,MG,BA_rate,0.1055730555230731,0.0410350824795453,A4,APOE4
MGDG 36:1|MGDG 16:0_20:1(M+NH4)_36.82,MGDG,BA_rate,0.120525688250195,0.0446519798535245,A4,APOE4
MMPE 42:2|MMPE 20:1_22:1(M-H)_37.19,MMPE,BA_rate,0.0937558347922656,0.0510821453048662,A4,APOE4
NAE 16:0(M+H)_19.66,NAE,BA_rate,0.0762367969072074,0.018645441052788,A4,APOE4
NAE 18:0(M+H)_22.83,NAE,BA_rate,0.02351311099369,0.0455271016597167,A4,APOE4
PA 33:1(d7)|PA 15:0_18:1(d7)(M-H)_33.5,PA,BA_rate,2.4872980808118683,3.6748837676582,A4,APOE4
PA 33:1(d7)|PA 15:0_18:1(d7)(M-H)_35.55,PA,BA_rate,0.01,0.042393316354157,A4,APOE4
PA 33:1(d7)|PA 15:0_18:1(d7)(M-H)_41.65,PA,BA_rate,0.3017279936844584,0.3843478432003981,A4,APOE4
PC 22:0(M+H)_22.96,PC,BA_rate,0.0885502852818684,0.0130460667731915,A4,APOE4
PC 23:0(M+H)_23.47,PC,BA_rate,1.1075322477231455,0.386917050537154,A4,APOE4
PC 30:0|PC 14:0_16:0(M+H)_31.98,PC,BA_rate,0.1546777220265898,0.0153085113565774,A4,APOE4
PC 31:0|PC 15:0_16:0(M+H)_33.12,PC,BA_rate,0.1970715880168484,0.0528996533365761,A4,APOE4
PC 31:2(M+H)_33.12,PC,BA_rate,0.287688601908583,0.0453490655017017,A4,APOE4
PC 32:0|PC 16:0_16:0(M+H)_34.14,PC,BA_rate,0.1105674865460063,0.0125499203107568,A4,APOE4
PC 32:1|PC 16:0_16:1(M+H)_32.24,PC,BA_rate,0.1782248378893642,0.0134721579068696,A4,APOE4
PC 32:2(M+H)_30.34,PC,BA_rate,0.4723910901539926,0.0748984811038279,A4,APOE4
PC 33:0|PC 16:0_17:0(M+H)_35.16,PC,BA_rate,0.213797101206634,0.0897136998126234,A4,APOE4
PC 33:1(d7)|PC 15:0_18:1(d7)(M+H)_33.25,PC,BA_rate,0.01,0.0,A4,APOE4
PC 33:1|PC 16:0_17:1(M+H)_33.38,PC,BA_rate,0.1508597024604865,0.0234425950412655,A4,APOE4
PC 34:0|PC 16:0_18:0(M+H)_36.17,PC,BA_rate,0.1755723363999563,0.0463467876340616,A4,APOE4
PC 34:1(M+H)_34.4,PC,BA_rate,0.1435312772750967,0.0187185614853648,A4,APOE4
PC 34:2|PC 16:1_18:1(M+H)_32.74,PC,BA_rate,0.1897726095415276,0.0166200282927576,A4,APOE4
PC 34:3(M+H)_30.59,PC,BA_rate,0.01,0.1226771155474179,A4,APOE4
PC 34:4(M+H)_30.48,PC,BA_rate,5.0,15.729672156308432,A4,APOE4
PC 35:0|PC 16:0_19:0(M+H)_36.69,PC,BA_rate,0.412793876152047,0.1629647631925635,A4,APOE4
PC 35:1|PC 17:0_18:1(M+H)_35.29,PC,BA_rate,0.097655918490986,0.0054031199374678,A4,APOE4
PC 35:2(M+H)_33.63,PC,BA_rate,4.713501074688353,9.370671719128598,A4,APOE4
PC 36:1|PC 9:0_27:1(M+H)_36.3,PC,BA_rate,0.0577018927796088,0.0114820430495708,A4,APOE4
PC 36:2|PC 18:1_18:1(M+H)_34.65,PC,BA_rate,0.0963727470612745,0.0027291132933331,A4,APOE4
PC 36:3(M+H)_32.49,PC,BA_rate,0.083051859176946,0.0324034772776531,A4,APOE4
PC 36:4|PC 18:2_18:2(M+H)_32.36,PC,BA_rate,0.1964162120669679,0.0128936324427806,A4,APOE4
PC 36:6(M+H)_29.44,PC,BA_rate,5.0,2.715954587031409,A4,APOE4
PC 37:4|PC 17:0_20:4(M+H)_33.51,PC,BA_rate,0.0816376720971949,0.0148101124561096,A4,APOE4
PC 38:1(M+H)_37.2,PC,BA_rate,0.0552105401163919,0.0052218795139482,A4,APOE4
PC 38:2|PC 18:1_20:1(M+H)_36.31,PC,BA_rate,0.3082042580405456,0.1131698991732858,A4,APOE4
PC 38:3|PC 18:0_20:3(M+H)_35.28,PC,BA_rate,0.0589454285386181,0.0428268888789328,A4,APOE4
PC 38:4|PC 16:0_22:4(M+H)_34.64,PC,BA_rate,0.1036164065246035,0.0072097704478224,A4,APOE4
PC 38:5|PC 18:0_20:5(M+H)_32.61,PC,BA_rate,0.0570663193365634,0.0369942188234876,A4,APOE4
PC 38:6(M+H)_31.74,PC,BA_rate,0.2064431558307651,0.0183532159200764,A4,APOE4
PC 38:7|PC 16:1_22:6(M+H)_29.81,PC,BA_rate,0.2939834787281045,0.0702607243142395,A4,APOE4
PC 38:7|PC 18:3_20:4(M+H)_32.36,PC,BA_rate,0.3438029402699485,0.1523562617961795,A4,APOE4
PC 39:6|PC 17:0_22:6(M+H)_32.87,PC,BA_rate,0.1480119376179097,0.0150009197965669,A4,APOE4
PC 40:1(M+H)_37.96,PC,BA_rate,0.0600635604865144,0.0167625483373572,A4,APOE4
PC 40:2|PC 20:1_20:1(M+H)_37.2,PC,BA_rate,0.5623839746855395,0.2457114609218084,A4,APOE4
PC 40:4(M+H)_35.91,PC,BA_rate,0.0929983827873167,0.0066698892565662,A4,APOE4
PC 40:6(M+Na)_33.99,PC,BA_rate,0.2859317971030292,0.055397068608067,A4,APOE4
PC 40:6|PC 18:0_22:6(M+H)_33.89,PC,BA_rate,0.093113716110006,0.0061301340367477,A4,APOE4
PC 40:7(M+Na)_31.98,PC,BA_rate,0.2182122777911635,0.0495753975247529,A4,APOE4
PC 40:7|PC 18:1_22:6(M+H)_31.98,PC,BA_rate,0.1042207593828401,0.0076199028498694,A4,APOE4
PC 40:8|PC 18:2_22:6(M+H)_30.21,PC,BA_rate,0.0873755637642371,0.0473549879046892,A4,APOE4
PC 40:9|PC 18:3_22:6(M+H)_31.86,PC,BA_rate,0.2008554415625171,0.0159951786137848,A4,APOE4
PC 41:1(M+H)_38.24,PC,BA_rate,0.0838428973236929,0.0686085157474835,A4,APOE4
PC 42:10(M+H)_29.7,PC,BA_rate,0.1262545143281994,0.0244129858592672,A4,APOE4
PC 42:1|PC 24:0_18:1(M+H)_38.47,PC,BA_rate,0.0450000973447651,0.0084212147562906,A4,APOE4
PC 42:2|PC 18:1_24:1(M+H)_37.96,PC,BA_rate,0.0872852149167488,0.0352254885602038,A4,APOE4
PC 42:4(M+H)_36.94,PC,BA_rate,0.0888015121227688,0.0099184547521525,A4,APOE4
PC 42:7(M+H)_33.89,PC,BA_rate,0.1603885349535214,0.0365442776953579,A4,APOE4
PC 42:7(M+H)_35.91,PC,BA_rate,0.1984661967119992,0.0546669220578327,A4,APOE4
PC 42:9(M+H)_30.84,PC,BA_rate,4.132343590321432,3.151352033361088,A4,APOE4
PC 43:1(M+H)_38.72,PC,BA_rate,0.4700261080813615,0.217619937561214,A4,APOE4
PC 44:10(M+H)_31.47,PC,BA_rate,0.0180238535279487,0.0219583105312247,A4,APOE4
PC 44:12|PC 22:6_22:6(M+H)_29.19,PC,BA_rate,0.1164246794931957,0.0316595927476951,A4,APOE4
PC 52:4(M+H)_39.35,PC,BA_rate,0.2618119095954468,0.0900166869545243,A4,APOE4
PC 52:5(M+H)_38.98,PC,BA_rate,0.1952746779299296,0.0673530693541411,A4,APOE4
PC 54:6(M+H)_39.1,PC,BA_rate,0.1341899882147195,0.0285504931216867,A4,APOE4
PC O-32:0|PC O-16:0_16:0(M+H)_35.54,EtherPC,BA_rate,0.072667962865409,0.004529617667411,A4,APOE4
PC O-34:0|PC O-18:0_16:0(M+H)_36.94,EtherPC,BA_rate,0.1995747548305951,0.0133950328367006,A4,APOE4
PC O-34:1|PC O-18:1_16:0(M+H)_35.54,EtherPC,BA_rate,0.1018467220110835,0.0071083031972596,A4,APOE4
PC O-34:2|PC O-15:2_19:0(M+H)_34.52,EtherPC,BA_rate,0.0349622244200259,0.032417972644131,A4,APOE4
PC O-35:4|PC O-13:0_22:4(M+H)_35.8,EtherPC,BA_rate,0.120147248572874,0.0114622825349322,A4,APOE4
PC O-36:4|PC O-16:0_20:4(M+H)_33.76,EtherPC,BA_rate,0.2041642817030496,0.0112015223209278,A4,APOE4
PC O-38:1(M+H)_37.58,EtherPC,BA_rate,0.0239477666554225,0.0290179837973139,A4,APOE4
PC O-38:6|PC O-16:0_22:6(M+H)_33.12,EtherPC,BA_rate,0.2711642532651198,0.0299368747726445,A4,APOE4
PC O-40:11(M+H)_16.6,EtherPC,BA_rate,2.90363801717586,7.956054095798902,A4,APOE4
PC O-40:1|PC O-15:1_25:0(M+H)_38.09,EtherPC,BA_rate,0.01,0.0547314222269193,A4,APOE4
PC O-41:5(M+H)_37.82,EtherPC,BA_rate,0.01,0.0139707169045255,A4,APOE4
PE 21:0(M+H)_22.58,PE,BA_rate,0.1342765606601278,0.0162667555885875,A4,APOE4
PE 32:0|PE 16:0_16:0(M+H)_34.78,PE,BA_rate,0.3524798482864688,0.0363326933811138,A4,APOE4
PE 33:1(d7)|PE 15:0_18:1(d7)(M+H)_33.76,PE,BA_rate,0.1644565425240327,0.2799577512503367,A4,APOE4
PE 33:1(d7)|PE 15:0_18:1(d7)(M-H)_33.77,PE,BA_rate,0.6871630880562097,0.98694861221104,A4,APOE4
PE 34:1|PE 16:0_18:1(M+H)_34.9,PE,BA_rate,0.1915680292427099,0.0220082362650765,A4,APOE4
PE 34:1|PE 16:0_18:1(M-H)_34.91,PE,BA_rate,0.2023714517845514,0.0249322217167244,A4,APOE4
PE 34:2|PE 16:0_18:2(M-H)_33,PE,BA_rate,0.2579478484951252,0.0364898625302283,A4,APOE4
PE 36:1|PE 18:0_18:1(M+H)_36.56,PE,BA_rate,0.0517432154065936,0.0057265688475826,A4,APOE4
PE 36:1|PE 18:0_18:1(M-H)_36.57,PE,BA_rate,0.0458718391430851,0.0051421540118468,A4,APOE4
PE 36:2|PE 18:1_18:1(M+H)_35.03,PE,BA_rate,0.1119836102800393,0.0100816665477554,A4,APOE4
PE 36:2|PE 18:1_18:1(M-H)_35.04,PE,BA_rate,0.1136834436333781,0.0067165773255246,A4,APOE4
PE 36:3|PE 18:1_18:2(M-H)_33.14,PE,BA_rate,0.1126130532634074,0.0387445748554354,A4,APOE4
PE 36:4|PE 16:0_20:4(M+H)_32.99,PE,BA_rate,0.1795225816989017,0.012347707465195,A4,APOE4
PE 36:4|PE 16:0_20:4(M-H)_32.88,PE,BA_rate,0.157331416148436,0.0070438469885069,A4,APOE4
PE 36:5(M+H)_30.97,PE,BA_rate,0.1790696921035688,0.0348737265671934,A4,APOE4
PE 38:1|PE 18:0_20:1(M-H)_37.46,PE,BA_rate,0.1352344777383427,0.0487471209175926,A4,APOE4
PE 38:2|PE 18:1_20:1(M-H)_36.57,PE,BA_rate,0.8001138002688073,0.4084028752005476,A4,APOE4
PE 38:4|PE 18:0_20:4(M+H)_35.03,PE,BA_rate,0.0633963620565624,0.0046978169901651,A4,APOE4
PE 38:4|PE 18:0_20:4(M-H)_35.04,PE,BA_rate,0.0623376865177817,0.0053616501261738,A4,APOE4
PE 38:5|PE 18:1_20:4(M+H)_33.12,PE,BA_rate,0.0858111636441741,0.0383686968693647,A4,APOE4
PE 38:5|PE 18:1_20:4(M-H)_33.13,PE,BA_rate,0.1047483660973846,0.0421570229075366,A4,APOE4
PE 38:6|PE 16:0_22:6(M+H)_32.36,PE,BA_rate,0.2215446742256152,0.0129732582183745,A4,APOE4
PE 38:6|PE 16:0_22:6(M-H)_32.37,PE,BA_rate,0.2025034050383457,0.0142055110255929,A4,APOE4
PE 38:7|PE 16:1_22:6(M+H)_30.35,PE,BA_rate,5.0,9.62206057199236,A4,APOE4
PE 39:6(M+H)_33.51,PE,BA_rate,0.2068424503465138,0.0516225443226363,A4,APOE4
PE 40:1|PE 18:0_22:1(M-H)_36.69,PE,BA_rate,0.0986697971732661,0.0319980669862842,A4,APOE4
PE 40:4|PE 18:0_22:4(M+H)_36.3,PE,BA_rate,0.0532760571161952,0.0043906160597911,A4,APOE4
PE 40:4|PE 18:0_22:4(M-H)_36.31,PE,BA_rate,0.0537395585938549,0.0073782998710923,A4,APOE4
PE 40:6|PE 18:0_22:6(M+H)_34.63,PE,BA_rate,0.0736206654870338,0.0044270682029947,A4,APOE4
PE 40:6|PE 18:0_22:6(M-H)_34.53,PE,BA_rate,0.0783926096138995,0.0064038691221876,A4,APOE4
PE 40:7(M+H)_32.5,PE,BA_rate,0.147998305297365,0.0228446015197074,A4,APOE4
PE 40:7|PE 18:1_22:6(M-H)_32.62,PE,BA_rate,0.1811582771059161,0.0159641353674439,A4,APOE4
PE 44:10(M+H)_32.09,PE,BA_rate,0.7479469579271527,0.3949947502404832,A4,APOE4
PE 44:12|PE 22:6_22:6(M-H)_29.7,PE,BA_rate,0.1538905101095165,0.0645047552178992,A4,APOE4
PE O-34:1(M+H)_36.05,EtherPE,BA_rate,0.1563841754982774,0.0229843237287957,A4,APOE4
PE O-34:1|PE O-18:1_16:0(M-H)_36.06,EtherPE,BA_rate,0.1717897340415902,0.0169019318653451,A4,APOE4
PE O-36:2|PE O-18:1_18:1(M-H)_37.2,EtherPE,BA_rate,0.1389917964371958,0.0319426378614598,A4,APOE4
PE O-37:3|PE O-22:3_15:0(M-H)_30.59,EtherPE,BA_rate,0.01,0.0,A4,APOE4
PE O-38:4|PE O-16:0_22:4(M-H)_35.8,EtherPE,BA_rate,0.1584040385724329,0.0304467125607295,A4,APOE4
PE O-38:6|PE O-16:0_22:6(M-H)_33.77,EtherPE,BA_rate,0.1678643813097668,0.0255959233654384,A4,APOE4
PE O-40:4|PE O-18:0_22:4(M-H)_37.08,EtherPE,BA_rate,0.0764028733316877,0.0080566540312229,A4,APOE4
PE O-40:6|PE O-18:0_22:6(M-H)_35.8,EtherPE,BA_rate,0.2818362155070187,0.0936876870497265,A4,APOE4
PE O-40:7|PE O-18:1_22:6(M-H)_35.53,EtherPE,BA_rate,5.0,6.161349465375215,A4,APOE4
PE P-38:5|PE P-18:1_20:4(M+H)_33.76,EtherPE,BA_rate,0.1595922320988837,0.0179327156065192,A4,APOE4
PE P-40:5(M+H)_35.8,EtherPE,BA_rate,0.3685617091212245,0.1270869219284332,A4,APOE4
PG 32:0|PG 16:0_16:0(M-H)_31.61,PG,BA_rate,0.5098541584004461,0.0724443462764656,A4,APOE4
PG 33:1(d7)|PG 15:0_18:1(d7)(M+NH4)_30.59,PG,BA_rate,5.0,34.87428973879602,A4,APOE4
PG 34:1|PG 16:0_18:1(M-H)_31.73,PG,BA_rate,0.4094414007345842,0.0471706304653725,A4,APOE4
PG 38:2|PG 18:1_20:1(M-H)_35.67,PG,BA_rate,0.1880730685392566,0.0848066556076225,A4,APOE4
PG 44:12|PG 22:6_22:6(M-H)_25.5,PG,BA_rate,1.2337309826993654,0.1861464331577614,A4,APOE4
PI 32:0|PI 16:0_16:0(M-H)_31.24,PI,BA_rate,5.0,5.074374756555917,A4,APOE4
PI 33:1(d7)|PI 15:0_18:1(d7)(M+NH4)_30.2,PI,BA_rate,0.01,57.6226188009754,A4,APOE4
PI 33:1(d7)|PI 15:0_18:1(d7)(M-H)_30.21,PI,BA_rate,0.01,0.3670954190358511,A4,APOE4
PI 33:1(d7)|PI 15:0_18:1(d7)(M-H)_33.26,PI,BA_rate,0.0978498491204528,0.0399868821320547,A4,APOE4
PI 36:4(M+NH4)_29.44,PI,BA_rate,0.3621662922723436,0.0708125234427814,A4,APOE4
PI 36:4|PI 16:0_20:4(M-H)_29.32,PI,BA_rate,0.3164760483743554,0.0330409831797799,A4,APOE4
PI 38:4(M+NH4)_31.6,PI,BA_rate,0.1542397907368506,0.014111555585964,A4,APOE4
PI 38:4|PI 18:0_20:4(M-H)_31.61,PI,BA_rate,0.1641314766810755,0.0181882279481302,A4,APOE4
PI 38:5(M+NH4)_29.57,PI,BA_rate,0.2978304811194093,0.0651202834931049,A4,APOE4
PI 38:5|PI 18:1_20:4(M-H)_29.57,PI,BA_rate,0.2720323520530065,0.041541483111763,A4,APOE4
PI 38:6(M+NH4)_28.82,PI,BA_rate,0.7448879766958864,0.2211418370677421,A4,APOE4
PI 40:6(M+NH4)_31.09,PI,BA_rate,0.3767812600479754,0.0902993498904823,A4,APOE4
PI 40:6|PI 18:0_22:6(M-H)_31.1,PI,BA_rate,0.2818339707654484,0.0759144930920121,A4,APOE4
PS 33:1(d7)|PS 15:0_18:1(d7)(M-H)_30.57,PS,BA_rate,0.01,0.0791990117869851,A4,APOE4
PS 34:1(M+H)_31.73,PS,BA_rate,0.3659654260681469,0.0732174367269785,A4,APOE4
PS 36:0;O3|PS 18:0_18:0;O3(M-H)_32.12,OxPS,BA_rate,0.3903948098395643,0.2487445359919295,A4,APOE4
PS 36:1|PS 18:0_18:1(M+H)_33.76,PS,BA_rate,0.0560335946236451,0.0157222337885326,A4,APOE4
PS 36:1|PS 18:0_18:1(M-H)_33.77,PS,BA_rate,0.0265647052492808,0.0156673276938047,A4,APOE4
PS 36:2|PS 18:1_18:1(M+H)_31.98,PS,BA_rate,0.1375067896295196,0.0185516177457992,A4,APOE4
PS 36:2|PS 18:1_18:1(M-H)_32.12,PS,BA_rate,0.0766136562579738,0.020234498354082,A4,APOE4
PS 38:4(M+H)_31.99,PS,BA_rate,0.0815692301752095,0.0167257200754567,A4,APOE4
PS 38:4|PS 18:0_20:4(M-H)_32.24,PS,BA_rate,0.1264327795416988,0.0265854450640349,A4,APOE4
PS 38:5;O3|PS 18:0_20:5;O3(M-H)_31.35,OxPS,BA_rate,0.1376434989736756,0.0138610652729341,A4,APOE4
PS 38:6(M+H)_29.06,PS,BA_rate,2.622599074301005,2.0176349815345,A4,APOE4
PS 38:6|PS 16:0_22:6(M-H)_29.19,PS,BA_rate,5.0,3.078328406526506,A4,APOE4
PS 40:4|PS 18:0_22:4(M+H)_33.5,PS,BA_rate,0.2081718691641532,0.1120024971544777,A4,APOE4
PS 40:4|PS 18:0_22:4(M-H)_33.38,PS,BA_rate,0.2541307268469868,0.0408682245805573,A4,APOE4
PS 40:6(M+Na)_31.34,PS,BA_rate,0.1261099686060646,0.0234773519656284,A4,APOE4
PS 40:6|PS 18:0_22:6(M+H)_31.35,PS,BA_rate,0.0677590268374994,0.004462647366954,A4,APOE4
PS 40:6|PS 18:0_22:6(M-H)_31.35,PS,BA_rate,0.0834997100190357,0.0104563412700525,A4,APOE4
PS 40:6|PS 18:0_22:6(M-H)_35.17,PS,BA_rate,0.0714409541378571,0.0088138686112212,A4,APOE4
PS 40:7(M+H)_29.32,PS,BA_rate,0.2177316276181143,0.1067379123757524,A4,APOE4
PS 40:7|PS 18:1_22:6(M-H)_29.32,PS,BA_rate,0.3463536894929238,0.1667252258598349,A4,APOE4
PS 44:10|PS 22:4_22:6(M+H)_28.81,PS,BA_rate,0.27516628097252,0.0832070713936278,A4,APOE4
PS 44:12|PS 22:6_22:6(M+H)_26.51,PS,BA_rate,2.169558629411929,1.7225718050990515,A4,APOE4
PS 44:12|PS 22:6_22:6(M-H)_26.52,PS,BA_rate,0.126201676651876,0.0605738767249998,A4,APOE4
SM 30:5;O3(M+H)_21.68,SM,BA_rate,0.0712696396355846,0.0228138401771403,A4,APOE4
SM 34:1;O2|SM 18:1;O2/16:0(M+H)_32.11,SM,BA_rate,0.0497779474341001,0.0032301361186157,A4,APOE4
SM 34:1;O3(M+H)_31.22,SM,BA_rate,0.049722161907271,0.009003676034701,A4,APOE4
SM 34:2;O2(M+H)_30.08,SM,BA_rate,0.1049882757411206,0.0084556691691574,A4,APOE4
SM 35:1;O2(M+H)_33.25,SM,BA_rate,0.0326130233120497,0.0049689046290329,A4,APOE4
SM 36:0;O3(M+H)_36.94,SM,BA_rate,0.10495127618597,0.0296430848894399,A4,APOE4
SM 36:1;O2|SM 18:1;O2/18:0(M+H)_34.4,SM,BA_rate,0.0255116678045519,0.0063088799439409,A4,APOE4
SM 36:2;O2(M+H)_32.49,SM,BA_rate,0.0461798036232692,0.0050951286490789,A4,APOE4
SM 37:4;O3(M+H)_30.58,SM,BA_rate,5.0,5.6645745097554725,A4,APOE4
SM 38:1;O2|SM 20:1;O2/18:0(M+H)_36.3,SM,BA_rate,0.0372904597442641,0.0062496506632587,A4,APOE4
SM 40:1;O2|SM 18:1;O2/22:0(M+H)_37.45,SM,BA_rate,0.0485820735433416,0.0258149518178304,A4,APOE4
SM 40:2;O2(M+H)_36.43,SM,BA_rate,0.1547710322498738,0.028234464250279,A4,APOE4
SM 40:7;O2(M+H)_27.67,SM,BA_rate,5.0,6.858111255416755,A4,APOE4
SM 42:2;O2|SM 18:1;O2/24:1(M+H)_37.32,SM,BA_rate,0.01,0.0121111894802018,A4,APOE4
SM 42:3;O2|SM 18:1;O2/24:2(M+H)_36.43,SM,BA_rate,0.1140436371346865,0.0163286117004177,A4,APOE4
SM 43:4;O2(M+H)_24.36,SM,BA_rate,0.6851126852692103,0.4272622805976958,A4,APOE4
ST 27:1;O(M+H-[H2O])_32.24,ST,BA_rate,0.01,0.0125137703783625,A4,APOE4
ST 27:1;O(M+H-[H2O])_41,ST,BA_rate,0.1095695875638174,0.0155988514440718,A4,APOE4
ST 27:2;O(M+H)_31.1,ST,BA_rate,0.01,0.0343551346477931,A4,APOE4
ST 27:2;O(M+H-[H2O])_28.3,ST,BA_rate,0.0346820637532266,0.024175549072744,A4,APOE4
TG 48:0|TG 16:0_16:0_16:0(M+NH4)_40.75,TG,BA_rate,0.7772560257308109,0.1279642620767113,A4,APOE4
TG 48:1(d7)|TG 15:0_18:1(d7)_15:0(M+NH4)_40.24,TG,BA_rate,0.1884594630613826,0.3697900394357739,A4,APOE4
TG 48:2|TG 16:0_16:1_16:1(M+NH4)_39.76,TG,BA_rate,0.1379020590359049,0.0507544375696753,A4,APOE4
TG 50:0|TG 16:0_16:0_18:0(M+NH4)_41.26,TG,BA_rate,0.017362673062674,0.0261846328644063,A4,APOE4
TG 50:1|TG 16:0_16:0_18:1(M+NH4)_40.63,TG,BA_rate,0.541958933016962,0.255856942980213,A4,APOE4
TG 50:2|TG 16:0_16:1_18:1(M+NH4)_40.24,TG,BA_rate,0.0231671773926312,0.0223419771864462,A4,APOE4
TG 50:3|TG 16:0_16:1_18:2(M+NH4)_39.86,TG,BA_rate,0.0210792975165816,0.0161640879620974,A4,APOE4
TG 50:4|TG 16:1_16:1_18:2(M+NH4)_39.48,TG,BA_rate,0.0301505557323355,0.0287551740406582,A4,APOE4
TG 52:0|TG 16:0_18:0_18:0(M+NH4)_41.89,TG,BA_rate,0.5167709784782774,0.2333570989231574,A4,APOE4
TG 52:1|TG 16:0_18:0_18:1(M+NH4)_41.26,TG,BA_rate,0.01,0.0357989039805041,A4,APOE4
TG 52:2|TG 16:0_18:1_18:1(M+NH4)_40.63,TG,BA_rate,0.0278389727183487,0.0354916963154068,A4,APOE4
TG 52:3|TG 16:0_18:1_18:2(M+NH4)_40.24,TG,BA_rate,0.0442479120235443,0.0316080381582753,A4,APOE4
TG 52:4|TG 16:1_18:1_18:2(M+NH4)_39.86,TG,BA_rate,0.0237191024528023,0.0181692859926904,A4,APOE4
TG 52:5|TG 16:1_18:2_18:2(M+NH4)_39.5,TG,BA_rate,0.0166229708113828,0.0200313746154562,A4,APOE4
TG 54:0|TG 18:0_18:0_18:0(M+NH4)_42.53,TG,BA_rate,0.0660500269738044,0.0376522362251938,A4,APOE4
TG 54:1|TG 16:0_18:0_20:1(M+NH4)_41.78,TG,BA_rate,0.0286166866710601,0.0144167491608304,A4,APOE4
TG 54:2|TG 18:0_18:1_18:1(M+NH4)_40.74,TG,BA_rate,0.01,0.0513352207542824,A4,APOE4
TG 54:3|TG 18:1_18:1_18:1(M+NH4)_40.62,TG,BA_rate,0.0276712892863838,0.0419905103320745,A4,APOE4
TG 54:4|TG 18:1_18:1_18:2(M+NH4)_40.24,TG,BA_rate,0.4605056543827558,0.2247230305260721,A4,APOE4
TG 54:6|TG 18:1_18:2_18:3(M+NH4)_39.86,TG,BA_rate,0.827715245943056,0.4292477498341513,A4,APOE4
TG 60:12|TG 16:0_22:6_22:6(M+NH4)_39.35,TG,BA_rate,0.284434196780902,0.1338306719839899,A4,APOE4
TG O-50:0|TG O-18:0_16:0_16:0(M+NH4)_42.28,EtherTG,BA_rate,5.0,4.109317312650858,A4,APOE4
TG O-50:2|TG O-16:0_16:0_18:2(M+NH4)_41.12,EtherTG,BA_rate,0.3092942276977519,0.0412438354101919,A4,APOE4
TG O-52:1|TG O-18:0_16:0_18:1(M+NH4)_42.16,EtherTG,BA_rate,1.7303385966516562,0.8811132384446584,A4,APOE4
TG O-52:2|TG O-18:0_16:0_18:2(M+NH4)_41.64,EtherTG,BA_rate,0.6521911893729658,0.3161175915946958,A4,APOE4
TG O-52:3|TG O-16:0_18:1_18:2(M+NH4)_41.01,EtherTG,BA_rate,0.3733695867076202,0.0508324365746189,A4,APOE4
TG O-54:2|TG O-20:0_16:0_18:2(M+NH4)_42.28,EtherTG,BA_rate,0.7232155773029056,0.303060529394146,A4,APOE4
TG O-54:4|TG O-18:0_18:2_18:2(M+NH4)_41.13,EtherTG,BA_rate,0.3910868614510107,0.0636440453029367,A4,APOE4
TG O-56:3|TG O-20:0_18:1_18:2(M+NH4)_42.16,EtherTG,BA_rate,0.4562738111077727,0.1086090371480354,A4,APOE4
25-hydroxycholecalciferol(M+H)_24.36,Vitamin_D,n_value,30.64937149613701,6.787005758454324,A2,APOE2
AHexCer 46:1;O3|AHexCer (O-15:0)31:1;O3(M+H-[H2O])_39.35,AHexCer,n_value,23.178462253215383,8.863460490519975,A2,APOE2
AHexCer 55:6;O3|AHexCer (O-18:1)37:5;O3(M+H-[H2O])_39.74,AHexCer,n_value,37.686166400657,10.503790962617586,A2,APOE2
AHexCer 56:1;O3|AHexCer (O-16:0)40:1;O3(M+H-[H2O])_39.48,AHexCer,n_value,48.97923164932489,19.410288999880176,A2,APOE2
AHexCer 58:1;O3|AHexCer (O-17:0)41:1;O3(M+H-[H2O])_39.62,AHexCer,n_value,10.475685821141656,8.885283075830504,A2,APOE2
AHexCer 58:2;O3|AHexCer (O-18:1)40:1;O3(M+H)_39.48,AHexCer,n_value,60.063165623833655,24.03914431644044,A2,APOE2
AHexCer 59:8;O2|AHexCer (O-15:0)44:8;O2(M+H-[H2O])_39.23,AHexCer,n_value,53.37175043707614,9.979363675791287,A2,APOE2
AHexCer 60:1;O3|AHexCer (O-18:0)42:1;O3(M+H)_40.12,AHexCer,n_value,57.00867668559695,26.630337024921804,A2,APOE2
AHexCer 60:2;O3|AHexCer (O-18:1)18:1;O2/24:0;O(M+H)_39.86,AHexCer,n_value,67.10356940129545,34.80065891210593,A2,APOE2
CAR 16:0(M+H)_16.86,CAR,n_value,18.422970018556786,2.312623005020672,A2,APOE2
CAR 18:0(M+H)_19.78,CAR,n_value,22.67218609144849,4.384184356688822,A2,APOE2
CE 18:1(d7)(M+NH4)_41.64,CE,n_value,1.0043969853990962,750.8140043217736,A2,APOE2
CE 18:2(M+NH4)_41,CE,n_value,29.9806502023215,1.82960970228668,A2,APOE2
CE 18:3(M+NH4)_40.5,CE,n_value,26.769298379926067,3.376465141367874,A2,APOE2
CE 20:4(M+NH4)_40.75,CE,n_value,28.15101225994229,1.6521993487015942,A2,APOE2
CE 22:6(M+NH4)_40.4,CE,n_value,23.38528553636933,3.880523829627419,A2,APOE2
CL 70:4|CL 34:2_36:2(M+NH4)_39.1,CL,n_value,70.60966007084428,15.040620668002134,A2,APOE2
CL 74:7|CL 36:2_38:5(M+NH4)_39.1,CL,n_value,98.34081908989675,46.8177917784715,A2,APOE2
CL 76:5|CL 39:1_37:4(M-H)_35.04,CL,n_value,45.40198825609972,4.491242290576443,A2,APOE2
CL 76:9|CL 36:2_40:7(M+NH4)_38.98,CL,n_value,10.0750079985249,13.97772555706515,A2,APOE2
CL 78:7|CL 41:2_37:5(M-H)_35.04,CL,n_value,39.327709968944056,1.864520495103383,A2,APOE2
CL 79:5(M+NH4)_34.52,CL,n_value,48.73565691759039,5.281688926218588,A2,APOE2
CL 79:6|CL 36:1_43:5(M-H)_34.4,CL,n_value,41.95015937575977,4.872219283528527,A2,APOE2
CL 79:9|CL 38:4_41:5(M-H)_32.37,CL,n_value,40.13997616990607,3.980394905144363,A2,APOE2
CL 80:6|CL 36:1_44:5(M-H)_34.4,CL,n_value,40.99715573554109,4.8134384361268125,A2,APOE2
CL 90:18|CL 46:6_44:12(M-H)_30.21,CL,n_value,9.918074158252711,226.5199845868117,A2,APOE2
Cer 36:1;O2|Cer 18:1;O2/18:0(M+H-[H2O])_36.56,Cer_NS,n_value,28.176813164896643,2.748704367611885,A2,APOE2
Cer 36:1;O2|Cer 18:1;O2/18:0(M+H-[H2O])_38.34,Cer_NS,n_value,29.40825030620282,1.5949509601521892,A2,APOE2
Cer 36:1;O2|Cer 18:1;O2/18:0(M-H)_36.56,Cer_NS,n_value,26.72906685749964,1.806479730138148,A2,APOE2
Cer 36:2;O2|Cer 18:2;O2/18:0(M+H-[H2O])_34.9,Cer_NS,n_value,27.49111798421171,1.1582693089623013,A2,APOE2
Cer 37:1;O4|Cer 18:0;O3/19:1(2OH)(M-H)_36.56,Cer_AP,n_value,26.203288817562697,1.3310109061927855,A2,APOE2
Cer 38:1;O2|Cer 20:1;O2/18:0(M+H-[H2O])_37.58,Cer_NS,n_value,28.378930238391987,3.823588190462624,A2,APOE2
Cer 38:1;O2|Cer 20:1;O2/18:0(M+H-[H2O])_38.85,Cer_NS,n_value,31.35471612755085,1.8423186651332384,A2,APOE2
Cer 41:1;O2|Cer 18:1;O2/23:0(M+H)_38.47,Cer_NS,n_value,20.10045467766435,3.003587195945188,A2,APOE2
Cer 41:1;O4|Cer 26:0;O3(FA 15:0)(M-H)_38.22,Cer_EODS,n_value,28.929420914959245,2.3026163908712585,A2,APOE2
Cer 42:1;O2|Cer 26:1;O2/16:0(M+Na)_38.98,Cer_NS,n_value,75.3314485792911,44.53820651279376,A2,APOE2
Cer 42:2;O2|Cer 18:1;O2/24:1(M+H)_38.09,Cer_NS,n_value,38.64114827865563,11.254293951844549,A2,APOE2
Cer 42:2;O2|Cer 18:1;O2/24:1(M+H-[H2O])_38.2,Cer_NS,n_value,35.434545935303085,6.6553246404275965,A2,APOE2
Cer 42:2;O2|Cer 18:1;O2/24:1(M+H-[H2O])_39.23,Cer_NS,n_value,38.921290308557374,4.919569771965461,A2,APOE2
Cer 56:11;O4|Cer 38:9;O3(FA 18:1)(+C2H3O2-)_38.48,Cer_EOS,n_value,22.052025097186213,2.3625719676976886,A2,APOE2
CoQ10(M+H)_39.35,CoQ,n_value,16.9426028072164,9.363289801347287,A2,APOE2
CoQ9(M+H)_38.85,CoQ,n_value,31.20302407069308,7.390452149232333,A2,APOE2
DG 18:2(M+Na)_10.61,DG,n_value,26.34586121705417,8.704126822358804,A2,APOE2
DG 18:2(M+Na)_6.94,DG,n_value,6.412946016402961,7.424054238913317,A2,APOE2
DG 19:2(M+Na)_16.1,DG,n_value,29.663500772055823,16.8861568279789,A2,APOE2
DG 20:4(M+Na)_10.88,DG,n_value,30.76779349962565,17.677868808443975,A2,APOE2
DG 21:4(M+Na)_15.33,DG,n_value,20.78476747131955,7.997552434874073,A2,APOE2
DG 33:1(d7)|DG 15:0_18:1(d7)(M+NH4)_36.81,DG,n_value,9.92342515674661,17.780314835293833,A2,APOE2
DG 34:0|DG 16:0_18:0(M+NH4)_37.96,DG,n_value,26.434965380957923,9.32736905486094,A2,APOE2
DG 34:1|DG 16:0_18:1(M+NH4)_37.32,DG,n_value,29.02679309676439,2.973316768911953,A2,APOE2
DG 36:0|DG 18:0_18:0(M+NH4)_38.47,DG,n_value,34.57585652713495,13.373727662671351,A2,APOE2
DG 36:1|DG 18:0_18:1(M+NH4)_37.97,DG,n_value,27.14358324904397,1.9221690332971064,A2,APOE2
DG 36:2|DG 18:1_18:1(M+NH4)_37.33,DG,n_value,24.146623493236405,1.105096427929571,A2,APOE2
DG 36:4|DG 16:0_20:4(M+NH4)_36.06,DG,n_value,20.655999809529675,3.5079129212354268,A2,APOE2
DG 38:4|DG 18:0_20:4(M+NH4)_37.32,DG,n_value,22.145042485675013,1.988632559003132,A2,APOE2
DG 38:5|DG 18:1_20:4(M+NH4)_36.29,DG,n_value,30.468921542636405,11.008554291400506,A2,APOE2
DG 38:6(M+Na)_35.54,DG,n_value,22.85080481103872,2.897183799389248,A2,APOE2
DG 38:6|DG 16:0_22:6(M+NH4)_35.54,DG,n_value,24.55265782384864,2.716544401160073,A2,APOE2
DG 40:4|DG 18:0_22:4(M+NH4)_37.83,DG,n_value,27.09527370135531,15.47663249887045,A2,APOE2
DG 40:6(M+Na)_37.07,DG,n_value,25.16230630863311,2.5973078889545635,A2,APOE2
DG 40:6|DG 18:0_22:6(M+NH4)_37.07,DG,n_value,27.24139779672453,2.488154415735224,A2,APOE2
DG 40:7|DG 18:1_22:6(M+NH4)_35.67,DG,n_value,14.39167164951584,8.38967407841197,A2,APOE2
DG 45:10(M+Na)_35.54,DG,n_value,39.82609425232717,48.90309930033669,A2,APOE2
DG 47:11(M+Na)_35.67,DG,n_value,32.52424366157928,2.010322414461838,A2,APOE2
DG 51:9(M+Na)_38.85,DG,n_value,29.6343070880707,6.389096311257201,A2,APOE2
DG 52:1(M+Na)_42.16,DG,n_value,31.526536389417046,3.532868997947089,A2,APOE2
DLCL 36:3(M-H)_29.32,DLCL,n_value,24.72590672354257,5.391390268403578,A2,APOE2
DLCL 42:11(M-H)_29.32,DLCL,n_value,23.07719267234745,3.32552937608687,A2,APOE2
DLCL 44:12(M-H)_29.57,DLCL,n_value,20.232954547239213,3.4499204543082,A2,APOE2
Diisodecyl phthalate (also known as the production of plastic)(M+H)_29.19,Others,n_value,40.50607335269879,24.843863391406,A2,APOE2
Dioctyl phthalate (also known as the production of plastic)(M+H)_24.1,Others,n_value,29.62314078876602,10.976124671172952,A2,APOE2
GM3 36:1;O2(M-H)_30.85,GM3,n_value,27.01032619033123,3.698487082248682,A2,APOE2
HexCer 36:1;O2|HexCer 18:1;O2/18:0(M+H)_34.91,HexCer_NS,n_value,23.53048612244451,5.721202260985218,A2,APOE2
HexCer 38:1;O2(M+H)_36.69,HexCer_NDS,n_value,25.72502390965906,3.8388680748349233,A2,APOE2
HexCer 38:1;O3|HexCer 18:1;O2/20:0;O(M+H)_36.31,HexCer_HS,n_value,28.68401934779095,3.3746172139004726,A2,APOE2
HexCer 40:1;O2(M+H)_37.58,HexCer_NDS,n_value,27.57043969969285,4.396688511927327,A2,APOE2
HexCer 40:1;O3(M+H)_37.33,HexCer_HS,n_value,20.255955795494803,2.143609733510477,A2,APOE2
HexCer 40:1;O3|HexCer 18:1;O2/22:0;O(M-H)_37.44,HexCer_HS,n_value,17.15192956441155,3.886076734975863,A2,APOE2
HexCer 40:2;O2|HexCer 18:2;O2/22:0(M+H)_37.44,HexCer_NS,n_value,14.218866334122822,8.63765477902673,A2,APOE2
HexCer 41:1;O3(M+H)_37.7,HexCer_HS,n_value,19.662014882541968,4.29119984305671,A2,APOE2
HexCer 41:1;O3|HexCer 21:1;O2/20:0;O(M-H)_37.71,HexCer_HS,n_value,20.08954766775873,3.028072503074543,A2,APOE2
HexCer 42:1;O2(M+H)_38.09,HexCer_NDS,n_value,39.615623789034295,9.782781777908362,A2,APOE2
HexCer 42:1;O3(M+H)_37.97,HexCer_HS,n_value,33.084683102189246,3.3421327376805268,A2,APOE2
HexCer 42:1;O3|HexCer 18:1;O2/24:0;O(M-H)_38.08,HexCer_HS,n_value,26.13561786688172,6.161291924916212,A2,APOE2
HexCer 42:2;O2|HexCer 18:1;O2/24:1(M+H)_37.58,HexCer_NS,n_value,23.66925476628244,1.2021878555452077,A2,APOE2
HexCer 42:2;O2|HexCer 18:1;O2/24:1(M+H-[H2O])_37.58,HexCer_NS,n_value,24.13865533342815,2.541011033156073,A2,APOE2
HexCer 42:2;O3|HexCer 18:1;O2/24:1;O(M+H)_37.32,HexCer_HS,n_value,13.043078396026988,3.5031209724251275,A2,APOE2
HexCer 42:3;O2|HexCer 18:2;O2/24:1(M+H)_37.32,HexCer_NS,n_value,9.941884359275845,4.222186113628554,A2,APOE2
HexCer 43:1;O3|HexCer 18:1;O2/25:0;O(M+H)_38.24,HexCer_HS,n_value,36.53189634848528,15.422231900759344,A2,APOE2
HexCer 43:2;O3|HexCer 18:1;O2/25:1;O(M+H)_37.7,HexCer_HS,n_value,54.43659774329894,29.56639842128532,A2,APOE2
LPA 19:5(M-H)_17.24,LPA,n_value,3.4209417689759523,5.673581616472581,A2,APOE2
LPC 14:0(M+H)_8.21,LPC,n_value,21.280147138549047,1.1772902766772313,A2,APOE2
LPC 14:0/0:0(M+H)_9.86,LPC,n_value,21.3124830106772,3.4072001249358483,A2,APOE2
LPC 16:0(M+H)_16.35,LPC,n_value,20.9228919103076,2.5388701596706333,A2,APOE2
LPC 16:0/0:0(M+H)_17.11,LPC,n_value,22.38737114837054,1.39633466902192,A2,APOE2
LPC 16:1(M+H)_10.88,LPC,n_value,19.581283523730928,1.057981702181518,A2,APOE2
LPC 16:1(M+H)_12.53,LPC,n_value,20.242439096958663,0.7590113361961697,A2,APOE2
LPC 16:1(M+Na)_10.87,LPC,n_value,34.3140283401164,6.17181580369812,A2,APOE2
LPC 17:0/0:0(M+H)_18.76,LPC,n_value,18.038189301066108,0.9713899801719592,A2,APOE2
LPC 17:3(M+H)_20.67,LPC,n_value,25.604598034311064,2.2873347323488926,A2,APOE2
LPC 18:0(M+H)_20.29,LPC,n_value,21.02512185869374,1.1292041391009275,A2,APOE2
LPC 18:2(M+H)_13.93,LPC,n_value,6.607519263878022,1.0283534146931688,A2,APOE2
LPC 18:2(M+H)_15.2,LPC,n_value,8.158919308018797,2.092203779548552,A2,APOE2
LPC 18:3(M+H)_16.35,LPC,n_value,21.396430544234285,0.9803777118847252,A2,APOE2
LPC 18:3/0:0(M+H)_17.11,LPC,n_value,21.097822254141377,1.812124950213525,A2,APOE2
LPC 20:0/0:0(M+H)_23.34,LPC,n_value,24.80850509445121,3.7448317800644495,A2,APOE2
LPC 20:1(M+Na)_20.66,LPC,n_value,14.16811418801042,1.9281186050646504,A2,APOE2
LPC 20:3(M+H)_15.97,LPC,n_value,8.316166083769948,1.183761156256325,A2,APOE2
LPC 20:4(M+H)_14.06,LPC,n_value,8.141188533521001,0.6428494732974682,A2,APOE2
LPC 20:5(M+H)_9.86,LPC,n_value,7.222485093222872,1.8854619808434248,A2,APOE2
LPC 22:0/0:0(M+H)_26.39,LPC,n_value,30.368723974434705,2.772795805073166,A2,APOE2
LPC 22:1(M+H)_23.46,LPC,n_value,16.921796138193738,2.6768211532446577,A2,APOE2
LPC 22:4(M+H)_17.49,LPC,n_value,9.538743014054058,0.9494009272404076,A2,APOE2
LPC 22:6(M+H)_13.81,LPC,n_value,7.617556060954411,1.578373794639763,A2,APOE2
LPC 22:6(M+Na)_13.8,LPC,n_value,7.1945408452871815,0.7636981347064478,A2,APOE2
LPC 22:6(M+Na)_14.81,LPC,n_value,10.248915456088929,2.0468505862237683,A2,APOE2
LPC 24:1(M+H)_25.76,LPC,n_value,15.321284893958126,3.812147185016179,A2,APOE2
LPC 24:4(M+H)_19.65,LPC,n_value,11.62107052274348,1.5209460615112678,A2,APOE2
LPC O-16:0(M+H)_18.25,EtherLPC,n_value,23.09274326448074,1.4130736014391294,A2,APOE2
LPE 15:0(M-H)_14.57,LPE,n_value,10.11221139567354,19.537511464162304,A2,APOE2
LPE 16:0(M+H)_16.48,LPE,n_value,22.75958135403682,2.9923657391626186,A2,APOE2
LPE 16:0(M-H)_16.48,LPE,n_value,22.127374439518967,3.904554318135576,A2,APOE2
LPE 16:1(M+H)_10.62,LPE,n_value,17.397542183849957,1.8952374447740232,A2,APOE2
LPE 16:1(M+H)_12.41,LPE,n_value,21.169585987899023,1.2262576521559276,A2,APOE2
LPE 16:1(M-H)_10.63,LPE,n_value,18.27757480268949,2.302440761293858,A2,APOE2
LPE 18:0(M+H)_20.67,LPE,n_value,22.43658116263755,1.536527534828328,A2,APOE2
LPE 18:0(M-H)_20.68,LPE,n_value,23.448599712045134,1.2273880919015456,A2,APOE2
LPE 18:1(M+H)_17.49,LPE,n_value,20.100744686129005,1.305726152321814,A2,APOE2
LPE 18:1(d7)(M-H)_17.37,LPE,n_value,15.728073952739493,17.863303079676324,A2,APOE2
LPE 18:2(M+H)_13.95,LPE,n_value,11.734060746390288,3.49980073936646,A2,APOE2
LPE 18:2(M-H)_14.06,LPE,n_value,9.97176840389694,2.900861765766457,A2,APOE2
LPE 18:2(M-H)_15.34,LPE,n_value,15.042818271217696,4.465119667700006,A2,APOE2
LPE 19:1(M-H)_19.02,LPE,n_value,11.585214911333162,6.162145135013162,A2,APOE2
LPE 20:0(M+H)_23.21,LPE,n_value,10.02896800358225,4.455484311382498,A2,APOE2
LPE 20:0(M-H)_23.22,LPE,n_value,21.65513300317524,3.970174139463308,A2,APOE2
LPE 20:1(M+H)_20.41,LPE,n_value,16.962283883737875,2.8927136311865835,A2,APOE2
LPE 20:2(M-H)_18.51,LPE,n_value,16.58136636980271,3.663602133444893,A2,APOE2
LPE 20:3(M+H)_16.35,LPE,n_value,6.708894100969903,3.029157510277167,A2,APOE2
LPE 20:3(M+H)_17.36,LPE,n_value,12.565584398482876,1.886686146114992,A2,APOE2
LPE 20:3(M-H)_16.35,LPE,n_value,17.968836594565246,35.05851270310688,A2,APOE2
LPE 20:4(M+H)_14.19,LPE,n_value,9.582513614514344,2.1622117332275765,A2,APOE2
LPE 20:4(M-H)_14.19,LPE,n_value,10.007331372071786,0.9884853526423536,A2,APOE2
LPE 20:5(M+H)_9.61,LPE,n_value,13.236551301482503,7.496888224122784,A2,APOE2
LPE 20:5(M-H)_9.74,LPE,n_value,8.493980914001895,1.79919156605876,A2,APOE2
LPE 22:1(M+H)_23.34,LPE,n_value,17.481038909293535,5.510281393192745,A2,APOE2
LPE 22:1(M-H)_23.35,LPE,n_value,12.878274818490352,2.159975083433788,A2,APOE2
LPE 22:2(M-H)_21.19,LPE,n_value,15.980975864652027,2.511510184871853,A2,APOE2
LPE 22:3(M-H)_19.64,LPE,n_value,10.011503999671593,3.737122615085301,A2,APOE2
LPE 22:4(M+H)_17.74,LPE,n_value,11.65675413700959,2.815647961975794,A2,APOE2
LPE 22:6(M-H)_13.94,LPE,n_value,10.388791982574505,2.128005699063303,A2,APOE2
LPE 24:4(M+H)_20.03,LPE,n_value,10.017854391213126,2.315232207217356,A2,APOE2
LPE 24:4(M-H)_20.04,LPE,n_value,12.9682269309039,1.8713097920481327,A2,APOE2
LPE 24:5(M+H)_18.76,LPE,n_value,10.01813212580874,4.92742493501359,A2,APOE2
LPE 24:5(M-H)_18.77,LPE,n_value,13.37152519251754,2.4729571996202684,A2,APOE2
LPE 24:6(M+H)_17.24,LPE,n_value,14.449250028909104,4.331143771981092,A2,APOE2
LPE 24:6(M-H)_17.24,LPE,n_value,30.378293116721625,11.649506448778752,A2,APOE2
LPE O-16:0(M-H)_18.64,EtherLPE,n_value,23.246759669406423,1.6673867274215055,A2,APOE2
LPE O-18:0(M+H)_22.07,EtherLPE,n_value,23.5977407446818,2.320531522811422,A2,APOE2
LPE O-18:0(M-H)_22.08,EtherLPE,n_value,21.79335867122733,2.48707510423658,A2,APOE2
LPE P-18:1(M+H)_20.67,EtherLPE,n_value,25.602552609965063,2.26103752682466,A2,APOE2
LPG 15:0(M-H)_9.35,LPG,n_value,9.93262831077617,16.167061483315482,A2,APOE2
LPG 16:0(M-H)_14.06,LPG,n_value,23.82958904908352,1.683066984158319,A2,APOE2
LPG 18:1(M-H)_14.19,LPG,n_value,18.60549950065906,2.7298043724452428,A2,APOE2
LPG 20:4(M-H)_9.36,LPG,n_value,10.718772448305412,2.257650773749102,A2,APOE2
LPG 22:6(M-H)_9.36,LPG,n_value,11.292968290274834,3.196322131259249,A2,APOE2
LPG O-20:1(M-H)_20.17,EtherLPG,n_value,17.524972595571832,3.857358273970248,A2,APOE2
LPI 15:0(M-H)_6.82,LPI,n_value,10.394602109581632,11.94116806497917,A2,APOE2
LPI 16:0(M-H)_10.25,LPI,n_value,19.99943118754594,2.914032480701863,A2,APOE2
LPI 18:0(M-H)_17.62,LPI,n_value,16.985328858407527,6.163934646381027,A2,APOE2
LPI 20:4(M-H)_6.83,LPI,n_value,8.236531882052953,1.7151324662374825,A2,APOE2
LPI 22:6(M-H)_6.95,LPI,n_value,7.05174505523904,3.6498869681267054,A2,APOE2
LPS 15:0(M-H)_6.95,LPS,n_value,9.931541824200693,14.589156212426504,A2,APOE2
LPS 18:0(M-H)_17.75,LPS,n_value,21.380018599433168,1.1085571660628568,A2,APOE2
LPS 18:1(M-H)_11.26,LPS,n_value,16.550386247609556,1.6038055481988718,A2,APOE2
LPS 18:1(M-H)_13.43,LPS,n_value,18.649750870925896,1.707746894361706,A2,APOE2
LPS 20:4(M-H)_7.08,LPS,n_value,8.058691945479563,2.911087850816468,A2,APOE2
LPS 22:4(M-H)_13.18,LPS,n_value,10.02949703470756,2.22275625498464,A2,APOE2
LPS 22:4(M-H)_14.57,LPS,n_value,10.589970234141369,2.0644404519844577,A2,APOE2
LPS 22:6(M-H)_7.08,LPS,n_value,8.10511515861877,0.8596877067589141,A2,APOE2
MG 38:1(M+NH4)_38.98,MG,n_value,51.881529542291496,4.353045140619599,A2,APOE2
MGDG 36:1|MGDG 16:0_20:1(M+NH4)_36.82,MGDG,n_value,39.41198812006506,11.225077276594796,A2,APOE2
MMPE 42:2|MMPE 20:1_22:1(M-H)_37.19,MMPE,n_value,18.828103402527105,5.30397416557812,A2,APOE2
NAE 16:0(M+H)_19.66,NAE,n_value,27.552317036811505,2.015414682212377,A2,APOE2
NAE 18:0(M+H)_22.83,NAE,n_value,22.410235725129866,3.0871507337106374,A2,APOE2
NAE 18:1(M+H)_20.16,NAE,n_value,16.634691460605953,4.4741159681741705,A2,APOE2
PA 33:1(d7)|PA 15:0_18:1(d7)(M-H)_41.65,PA,n_value,15.141068231072932,19.27063713011296,A2,APOE2
PC 22:0(M+H)_22.96,PC,n_value,21.036688272554745,1.890888962976868,A2,APOE2
PC 23:0(M+H)_23.47,PC,n_value,24.499193479937,2.1318916509091266,A2,APOE2
PC 30:0|PC 14:0_16:0(M+H)_31.98,PC,n_value,33.17939137205069,2.9019283899235053,A2,APOE2
PC 31:0|PC 15:0_16:0(M+H)_33.12,PC,n_value,24.19362869654141,2.404040710186861,A2,APOE2
PC 31:2(M+H)_33.12,PC,n_value,27.36515834994769,3.5792099399859567,A2,APOE2
PC 32:0|PC 16:0_16:0(M+H)_34.14,PC,n_value,36.344753528290674,3.0241243309921564,A2,APOE2
PC 32:1|PC 16:0_16:1(M+H)_32.24,PC,n_value,31.90991183129391,2.189626521070549,A2,APOE2
PC 32:2(M+H)_30.34,PC,n_value,26.90256866431504,2.894173880820568,A2,APOE2
PC 33:0|PC 16:0_17:0(M+H)_35.16,PC,n_value,28.84676272516888,2.0091368404991976,A2,APOE2
PC 33:1(d7)|PC 15:0_18:1(d7)(M+H)_33.25,PC,n_value,5.470427923900435,27.82285149977942,A2,APOE2
PC 33:1|PC 16:0_17:1(M+H)_33.38,PC,n_value,24.83508734176245,2.447328889798438,A2,APOE2
PC 34:0|PC 16:0_18:0(M+H)_36.17,PC,n_value,23.12156002034044,8.615847737834095,A2,APOE2
PC 34:1(M+H)_34.4,PC,n_value,30.28859368215853,3.1016301272054223,A2,APOE2
PC 34:2|PC 16:1_18:1(M+H)_32.74,PC,n_value,21.5268860654476,1.602899046238246,A2,APOE2
PC 34:3(M+H)_30.59,PC,n_value,9.900638311572962,0.0,A2,APOE2
PC 34:4(M+H)_30.48,PC,n_value,28.34799096904789,26.354348666325688,A2,APOE2
PC 35:0|PC 16:0_19:0(M+H)_36.69,PC,n_value,57.725236250348615,10.521863191649707,A2,APOE2
PC 35:1|PC 17:0_18:1(M+H)_35.29,PC,n_value,26.08253617130523,2.1799208814087465,A2,APOE2
PC 35:2(M+H)_33.63,PC,n_value,29.47770523052456,24.200909329210752,A2,APOE2
PC 36:1|PC 9:0_27:1(M+H)_36.3,PC,n_value,26.14904706439479,2.653061239536161,A2,APOE2
PC 36:2|PC 18:1_18:1(M+H)_34.65,PC,n_value,27.984925205254218,2.164862144270432,A2,APOE2
PC 36:3(M+H)_32.49,PC,n_value,42.92893003622636,12.866031345039191,A2,APOE2
PC 36:4|PC 18:2_18:2(M+H)_32.36,PC,n_value,22.34393375909905,1.917397462721851,A2,APOE2
PC 36:6(M+H)_29.44,PC,n_value,28.60092495085875,5.512277346151338,A2,APOE2
PC 37:4|PC 17:0_20:4(M+H)_33.51,PC,n_value,35.12649572520773,26.522547164152726,A2,APOE2
PC 38:1(M+H)_37.2,PC,n_value,29.67190602292828,1.861974303811501,A2,APOE2
PC 38:2|PC 18:1_20:1(M+H)_36.31,PC,n_value,41.33461289140674,27.15811917200754,A2,APOE2
PC 38:3|PC 18:0_20:3(M+H)_35.28,PC,n_value,49.23221867253589,23.116033073462447,A2,APOE2
PC 38:4|PC 16:0_22:4(M+H)_34.64,PC,n_value,22.594266163400462,1.7964739635343965,A2,APOE2
PC 38:5|PC 18:0_20:5(M+H)_32.61,PC,n_value,42.60458135116656,9.443149612598376,A2,APOE2
PC 38:6(M+H)_31.74,PC,n_value,23.316510988113752,2.644509275495428,A2,APOE2
PC 38:7|PC 16:1_22:6(M+H)_29.81,PC,n_value,21.5812706631472,3.5939279012594896,A2,APOE2
PC 39:6|PC 17:0_22:6(M+H)_32.87,PC,n_value,19.91494025984143,2.1069622909093693,A2,APOE2
PC 40:1(M+H)_37.96,PC,n_value,34.76284853737915,5.747204229222066,A2,APOE2
PC 40:2|PC 20:1_20:1(M+H)_37.2,PC,n_value,32.11181914295789,28.0376977964738,A2,APOE2
PC 40:4(M+H)_35.91,PC,n_value,20.80743441829684,8.133036523945783,A2,APOE2
PC 40:6(M+Na)_33.99,PC,n_value,22.27389723986014,3.813156829593722,A2,APOE2
PC 40:6|PC 18:0_22:6(M+H)_33.89,PC,n_value,24.0836329337856,1.430932976030171,A2,APOE2
PC 40:7(M+Na)_31.98,PC,n_value,18.59347108899505,2.662260015851513,A2,APOE2
PC 40:7|PC 18:1_22:6(M+H)_31.98,PC,n_value,19.13625784581557,2.2489126429584125,A2,APOE2
PC 40:8|PC 18:2_22:6(M+H)_30.21,PC,n_value,9.925808303659268,4.088591153159417,A2,APOE2
PC 40:9|PC 18:3_22:6(M+H)_31.86,PC,n_value,26.726806097197592,2.227859849735288,A2,APOE2
PC 41:1(M+H)_38.24,PC,n_value,27.25712065758569,6.3749534432459765,A2,APOE2
PC 42:10(M+H)_29.7,PC,n_value,13.033987267180285,2.551458513515588,A2,APOE2
PC 42:1|PC 24:0_18:1(M+H)_38.47,PC,n_value,22.9259616367016,1.0517944885744832,A2,APOE2
PC 42:2|PC 18:1_24:1(M+H)_37.96,PC,n_value,33.92456829500295,5.79582251837423,A2,APOE2
PC 42:4(M+H)_36.94,PC,n_value,26.47228725549794,1.8375085288703392,A2,APOE2
PC 42:7(M+H)_33.89,PC,n_value,23.44633764140005,2.828484688340655,A2,APOE2
PC 42:9(M+H)_30.84,PC,n_value,24.318538976014267,6.394353920656504,A2,APOE2
PC 43:1(M+H)_38.72,PC,n_value,40.19105474933202,21.48304340361143,A2,APOE2
PC 44:10(M+H)_31.47,PC,n_value,18.562199182794785,3.664733863074042,A2,APOE2
PC 44:12|PC 22:6_22:6(M+H)_29.19,PC,n_value,11.844080110156252,1.3997780859807134,A2,APOE2
PC 52:4(M+H)_39.35,PC,n_value,46.37609834803564,5.060394521260839,A2,APOE2
PC 52:5(M+H)_38.98,PC,n_value,37.736686869607176,7.563767957586381,A2,APOE2
PC 54:6(M+H)_39.1,PC,n_value,66.27367005345593,9.085395265972492,A2,APOE2
PC O-32:0|PC O-16:0_16:0(M+H)_35.54,EtherPC,n_value,35.106325069809586,2.118158207150565,A2,APOE2
PC O-34:0|PC O-18:0_16:0(M+H)_36.94,EtherPC,n_value,28.62100437669672,7.77863330763128,A2,APOE2
PC O-34:1|PC O-18:1_16:0(M+H)_35.54,EtherPC,n_value,28.932295007296432,1.2426416512503609,A2,APOE2
PC O-34:2|PC O-15:2_19:0(M+H)_34.52,EtherPC,n_value,31.5807767723676,7.575861815751395,A2,APOE2
PC O-35:4|PC O-13:0_22:4(M+H)_35.8,EtherPC,n_value,25.865761574974577,2.3784952170197458,A2,APOE2
PC O-36:4|PC O-16:0_20:4(M+H)_33.76,EtherPC,n_value,25.56781225396968,2.3470136021502457,A2,APOE2
PC O-37:5(M+H)_35.8,EtherPC,n_value,50.194211718887686,11.296142391376316,A2,APOE2
PC O-38:6|PC O-16:0_22:6(M+H)_33.12,EtherPC,n_value,23.865188815628617,2.109918307733876,A2,APOE2
PC O-40:1|PC O-15:1_25:0(M+H)_38.09,EtherPC,n_value,9.953710695286144,24.039312824876284,A2,APOE2
PC O-41:5(M+H)_37.82,EtherPC,n_value,40.22141965254564,9.685717496517908,A2,APOE2
PE 32:0|PE 16:0_16:0(M+H)_34.78,PE,n_value,29.51368178941293,2.9540830339509943,A2,APOE2
PE 33:1(d7)|PE 15:0_18:1(d7)(M+H)_33.76,PE,n_value,14.197710461351798,35.418834968214426,A2,APOE2
PE 33:1(d7)|PE 15:0_18:1(d7)(M-H)_33.77,PE,n_value,9.925880586566432,178.4224863746049,A2,APOE2
PE 34:0|PE 16:0_18:0(M-H)_36.57,PE,n_value,19.841577000461328,3.608022950585213,A2,APOE2
PE 34:1|PE 16:0_18:1(M+H)_34.9,PE,n_value,29.624044014978097,3.3144081096890203,A2,APOE2
PE 34:1|PE 16:0_18:1(M-H)_34.91,PE,n_value,29.6725782914329,2.813378572527088,A2,APOE2
PE 34:2|PE 16:0_18:2(M-H)_33,PE,n_value,24.656059808200737,2.714481054826899,A2,APOE2
PE 36:1|PE 18:0_18:1(M+H)_36.56,PE,n_value,27.31936445372225,2.0972462004994123,A2,APOE2
PE 36:1|PE 18:0_18:1(M-H)_36.57,PE,n_value,25.24156319906768,2.065985829491392,A2,APOE2
PE 36:2|PE 18:1_18:1(M+H)_35.03,PE,n_value,24.35453511111468,1.8300168674671309,A2,APOE2
PE 36:2|PE 18:1_18:1(M-H)_35.04,PE,n_value,24.23089592326724,2.501174326463257,A2,APOE2
PE 36:3|PE 18:1_18:2(M-H)_33.14,PE,n_value,28.7245267690525,3.2551703353825987,A2,APOE2
PE 36:4|PE 16:0_20:4(M+H)_32.99,PE,n_value,24.89359197386308,2.0382564117353086,A2,APOE2
PE 36:4|PE 16:0_20:4(M-H)_32.88,PE,n_value,25.727414496350832,2.27423830286494,A2,APOE2
PE 36:5(M+H)_30.97,PE,n_value,24.32411420556423,5.310947542475058,A2,APOE2
PE 38:1|PE 18:0_20:1(M-H)_37.46,PE,n_value,38.92765559005491,5.397658853350468,A2,APOE2
PE 38:2|PE 18:1_20:1(M-H)_36.57,PE,n_value,64.10393781025921,25.28479293998553,A2,APOE2
PE 38:4|PE 18:0_20:4(M+H)_35.03,PE,n_value,23.600401596027808,1.9393723096744624,A2,APOE2
PE 38:4|PE 18:0_20:4(M-H)_35.04,PE,n_value,24.44802290713726,1.7127640108457558,A2,APOE2
PE 38:5|PE 18:1_20:4(M+H)_33.12,PE,n_value,21.127238169594285,12.918349133733932,A2,APOE2
PE 38:5|PE 18:1_20:4(M-H)_33.13,PE,n_value,38.36742531607332,6.118730263035742,A2,APOE2
PE 38:6|PE 16:0_22:6(M+H)_32.36,PE,n_value,25.626135471538472,1.5958867107657282,A2,APOE2
PE 38:6|PE 16:0_22:6(M-H)_32.37,PE,n_value,24.79952704385457,1.831780377395548,A2,APOE2
PE 39:6(M+H)_33.51,PE,n_value,21.07434636148086,3.6445953145054,A2,APOE2
PE 40:1|PE 18:0_22:1(M-H)_36.69,PE,n_value,23.065592871623817,4.4935119669321,A2,APOE2
PE 40:4|PE 18:0_22:4(M+H)_36.3,PE,n_value,24.18064933260368,21.984659995428085,A2,APOE2
PE 40:4|PE 18:0_22:4(M-H)_36.31,PE,n_value,27.299052670914843,26.140473881632293,A2,APOE2
PE 40:6|PE 18:0_22:6(M+H)_34.63,PE,n_value,22.89312375031146,1.398273527947539,A2,APOE2
PE 40:6|PE 18:0_22:6(M-H)_34.53,PE,n_value,23.386748874491204,1.3061719643281764,A2,APOE2
PE 40:7(M+H)_32.5,PE,n_value,19.54964540804054,1.923143195129514,A2,APOE2
PE 40:7|PE 18:1_22:6(M-H)_32.62,PE,n_value,24.68511317138221,1.777296771237054,A2,APOE2
PE 44:10(M+H)_32.09,PE,n_value,63.24095557299857,41.09211289725892,A2,APOE2
PE 44:12|PE 22:6_22:6(M+H)_29.7,PE,n_value,21.07612089637862,5.760002380760336,A2,APOE2
PE 44:12|PE 22:6_22:6(M-H)_29.7,PE,n_value,27.039942821453884,6.627031616327812,A2,APOE2
PE O-34:1(M+H)_36.05,EtherPE,n_value,31.573604328492387,3.0564668889208617,A2,APOE2
PE O-34:1|PE O-18:1_16:0(M-H)_36.06,EtherPE,n_value,32.01747274990826,2.9204826097285497,A2,APOE2
PE O-36:2|PE O-18:1_18:1(M-H)_37.2,EtherPE,n_value,30.394052669269247,3.5284916490035623,A2,APOE2
PE O-37:3|PE O-22:3_15:0(M-H)_30.59,EtherPE,n_value,9.904114352962075,0.0,A2,APOE2
PE O-38:4|PE O-16:0_22:4(M-H)_35.8,EtherPE,n_value,24.349709980972,4.444201461051848,A2,APOE2
PE O-38:6|PE O-16:0_22:6(M-H)_33.77,EtherPE,n_value,25.99723692004256,2.3168631114244453,A2,APOE2
PE O-40:4|PE O-18:0_22:4(M-H)_37.08,EtherPE,n_value,25.31864039947771,2.341170434171578,A2,APOE2
PE O-40:6|PE O-18:0_22:6(M-H)_35.8,EtherPE,n_value,39.12456498611038,11.476695269810351,A2,APOE2
PE O-40:7|PE O-18:1_22:6(M-H)_35.53,EtherPE,n_value,21.639974817464896,8.222593047762487,A2,APOE2
PE P-38:5|PE P-18:1_20:4(M+H)_33.76,EtherPE,n_value,25.825965968400205,2.99014542461309,A2,APOE2
PE P-40:5(M+H)_35.8,EtherPE,n_value,26.724339497745,7.359475792335195,A2,APOE2
PG 32:0|PG 16:0_16:0(M-H)_31.61,PG,n_value,38.87899511705651,3.4824293450122576,A2,APOE2
PG 33:1(d7)|PG 15:0_18:1(d7)(M+NH4)_30.59,PG,n_value,9.893695206572412,14963.625370076306,A2,APOE2
PG 34:1|PG 16:0_18:1(M-H)_31.73,PG,n_value,30.48048595126244,3.838458219324058,A2,APOE2
PG 38:2|PG 18:1_20:1(M-H)_35.67,PG,n_value,21.744617187711164,7.800020318369522,A2,APOE2
PG 44:12|PG 22:6_22:6(M-H)_25.5,PG,n_value,12.81493684484887,4.337217369385836,A2,APOE2
PI 32:0|PI 16:0_16:0(M-H)_31.24,PI,n_value,28.3163677878443,20.07750437167364,A2,APOE2
PI 33:1(d7)|PI 15:0_18:1(d7)(M+NH4)_30.2,PI,n_value,9.90935674095334,694.2249603145998,A2,APOE2
PI 33:1(d7)|PI 15:0_18:1(d7)(M-H)_30.21,PI,n_value,4.602695056271623,15.917196063474798,A2,APOE2
PI 33:1(d7)|PI 15:0_18:1(d7)(M-H)_33.26,PI,n_value,30.635320864381576,4.904969415721737,A2,APOE2
PI 36:4|PI 16:0_20:4(M-H)_29.32,PI,n_value,21.947466902580533,2.6682480002246907,A2,APOE2
PI 38:4(M+NH4)_31.6,PI,n_value,21.48452005500726,2.5528636195937366,A2,APOE2
PI 38:4|PI 18:0_20:4(M-H)_31.61,PI,n_value,23.381101115248367,2.612002594596896,A2,APOE2
PI 38:5(M+NH4)_29.57,PI,n_value,18.50853577091604,3.529316493564356,A2,APOE2
PI 38:5|PI 18:1_20:4(M-H)_29.57,PI,n_value,19.79537244922531,2.792466013358551,A2,APOE2
PI 38:6(M+NH4)_28.82,PI,n_value,27.25082584664965,5.841805877861075,A2,APOE2
PI 40:6(M+NH4)_31.09,PI,n_value,25.998180929707527,6.156058291535647,A2,APOE2
PI 40:6|PI 18:0_22:6(M-H)_31.1,PI,n_value,29.38066386863801,5.542823911092705,A2,APOE2
PS 34:1(M+H)_31.73,PS,n_value,39.34816796827428,6.474245813814289,A2,APOE2
PS 36:0;O3|PS 18:0_18:0;O3(M-H)_32.12,OxPS,n_value,50.78317326715074,17.308770989458026,A2,APOE2
PS 36:1|PS 18:0_18:1(M+H)_33.76,PS,n_value,27.371878032182654,2.8038786657476216,A2,APOE2
PS 36:1|PS 18:0_18:1(M-H)_33.77,PS,n_value,27.765032447773606,3.772389013249785,A2,APOE2
PS 36:2|PS 18:1_18:1(M+H)_31.98,PS,n_value,25.58127621476288,2.152370882481922,A2,APOE2
PS 36:2|PS 18:1_18:1(M-H)_32.12,PS,n_value,50.16717986727114,8.39774498110463,A2,APOE2
PS 38:4(M+H)_31.99,PS,n_value,22.810415781695365,3.679392564625609,A2,APOE2
PS 38:4|PS 18:0_20:4(M-H)_32.24,PS,n_value,26.166177766167195,5.016625790662203,A2,APOE2
PS 38:5(M+H)_29.95,PS,n_value,50.75861425499788,10.485666203603746,A2,APOE2
PS 38:5;O3|PS 18:0_20:5;O3(M-H)_31.35,OxPS,n_value,24.15793760619308,4.308681275616997,A2,APOE2
PS 38:6(M+H)_29.06,PS,n_value,52.11276441034033,11.785806526333891,A2,APOE2
PS 38:6|PS 16:0_22:6(M-H)_29.19,PS,n_value,25.08067268331777,4.65259365698182,A2,APOE2
PS 40:4|PS 18:0_22:4(M+H)_33.5,PS,n_value,20.02699528256167,11.16287102053644,A2,APOE2
PS 40:4|PS 18:0_22:4(M-H)_33.38,PS,n_value,38.51451354324449,10.945169576090906,A2,APOE2
PS 40:6(M+Na)_31.34,PS,n_value,26.80426630302276,3.909719854009276,A2,APOE2
PS 40:6|PS 18:0_22:6(M+H)_31.35,PS,n_value,24.408280743648284,1.38740420404377,A2,APOE2
PS 40:6|PS 18:0_22:6(M-H)_31.35,PS,n_value,25.8494688230659,2.509210051847009,A2,APOE2
PS 40:6|PS 18:0_22:6(M-H)_35.17,PS,n_value,24.96003606049868,2.082002124412609,A2,APOE2
PS 40:7(M+H)_29.32,PS,n_value,33.82590164076789,8.277404491052637,A2,APOE2
PS 40:7|PS 18:1_22:6(M-H)_29.32,PS,n_value,28.63796816283472,6.272474307872173,A2,APOE2
PS 42:10|PS 20:4_22:6(M-H)_27.15,PS,n_value,22.75807284958609,5.840051076064337,A2,APOE2
PS 42:11;O3|PS 22:6_20:5;O3(M-H)_26.52,OxPS,n_value,44.36453061873772,23.448442673067063,A2,APOE2
PS 44:10|PS 22:4_22:6(M+H)_28.81,PS,n_value,16.640612164631236,2.6131801912478823,A2,APOE2
PS 44:12|PS 22:6_22:6(M+H)_26.51,PS,n_value,22.558860152401945,9.062832506784268,A2,APOE2
PS 44:12|PS 22:6_22:6(M-H)_26.52,PS,n_value,19.29345449885214,3.2970209591335107,A2,APOE2
SM 30:5;O3(M+H)_21.68,SM,n_value,22.961006402645435,3.1071236796474446,A2,APOE2
SM 34:1;O2|SM 18:1;O2/16:0(M+H)_32.11,SM,n_value,30.82093959177801,1.553243342629658,A2,APOE2
SM 34:1;O3(M+H)_31.22,SM,n_value,25.29449507141721,2.303020825173247,A2,APOE2
SM 34:2;O2(M+H)_30.08,SM,n_value,25.702814324295343,1.9924457262096216,A2,APOE2
SM 35:1;O2(M+H)_33.25,SM,n_value,23.47941751856211,1.7152003069951984,A2,APOE2
SM 36:0;O3(M+H)_36.94,SM,n_value,38.75143978727993,11.95542164948028,A2,APOE2
SM 36:1;O2|SM 18:1;O2/18:0(M+H)_34.4,SM,n_value,26.242627088587472,1.9146923572663723,A2,APOE2
SM 36:2;O2(M+H)_32.49,SM,n_value,26.53996661211163,2.096518714613837,A2,APOE2
SM 37:4;O3(M+H)_30.58,SM,n_value,9.906584865810942,65.87533530135707,A2,APOE2
SM 38:1;O2|SM 20:1;O2/18:0(M+H)_36.3,SM,n_value,25.753776551786054,1.5771451779500882,A2,APOE2
SM 40:1;O2|SM 18:1;O2/22:0(M+H)_37.45,SM,n_value,34.280674146192275,1.5453912176477056,A2,APOE2
SM 40:2;O2(M+H)_36.43,SM,n_value,35.171399155528725,4.229107404928876,A2,APOE2
SM 40:7;O2(M+H)_27.67,SM,n_value,22.8624584859596,13.137785441797492,A2,APOE2
SM 42:2;O2|SM 18:1;O2/24:1(M+H)_37.32,SM,n_value,31.93058058980712,3.6042182110636367,A2,APOE2
SM 42:3;O2|SM 18:1;O2/24:2(M+H)_36.43,SM,n_value,22.263948836514835,3.3621761540981985,A2,APOE2
SM 43:4;O2(M+H)_24.36,SM,n_value,7.162683606956466,8.97691218665906,A2,APOE2
ST 27:1;O(M+H-[H2O])_32.24,ST,n_value,10.014943082606482,7.739797913291362,A2,APOE2
ST 27:1;O(M+H-[H2O])_41,ST,n_value,28.65508597338105,1.5886837067257404,A2,APOE2
TG 48:0|TG 16:0_16:0_16:0(M+NH4)_40.75,TG,n_value,33.74586373425934,3.553265732819957,A2,APOE2
TG 48:1(d7)|TG 15:0_18:1(d7)_15:0(M+NH4)_40.24,TG,n_value,9.926601960332832,20873.7728309762,A2,APOE2
TG 48:2|TG 16:0_16:1_16:1(M+NH4)_39.76,TG,n_value,32.401448355811546,3.852080124165679,A2,APOE2
TG 50:0|TG 16:0_16:0_18:0(M+NH4)_41.26,TG,n_value,53.31003452399624,8.021200178689986,A2,APOE2
TG 50:1|TG 16:0_16:0_18:1(M+NH4)_40.63,TG,n_value,33.41965567133752,6.747222701107381,A2,APOE2
TG 50:2|TG 16:0_16:1_18:1(M+NH4)_40.24,TG,n_value,27.96133326764912,3.2374567579071662,A2,APOE2
TG 50:3|TG 16:0_16:1_18:2(M+NH4)_39.86,TG,n_value,22.709535668919468,3.352798805819792,A2,APOE2
TG 50:4|TG 16:1_16:1_18:2(M+NH4)_39.48,TG,n_value,21.720883415908823,2.428012262976009,A2,APOE2
TG 52:1|TG 16:0_18:0_18:1(M+NH4)_41.26,TG,n_value,10.249958893124331,17.00871210557294,A2,APOE2
TG 52:2|TG 16:0_18:1_18:1(M+NH4)_40.63,TG,n_value,29.53783003019348,8.484377205810798,A2,APOE2
TG 52:3|TG 16:0_18:1_18:2(M+NH4)_40.24,TG,n_value,23.05228962173112,4.080908128652977,A2,APOE2
TG 52:4|TG 16:1_18:1_18:2(M+NH4)_39.86,TG,n_value,17.370051951610023,3.4542854049830143,A2,APOE2
TG 52:5|TG 16:1_18:2_18:2(M+NH4)_39.5,TG,n_value,20.76406695874041,2.1146736292794044,A2,APOE2
TG 54:3|TG 18:1_18:1_18:1(M+NH4)_40.62,TG,n_value,23.45671698571625,6.581602460139699,A2,APOE2
TG 54:4|TG 18:1_18:1_18:2(M+NH4)_40.24,TG,n_value,24.670861762055875,7.518887388788533,A2,APOE2
TG 54:6|TG 18:1_18:2_18:3(M+NH4)_39.86,TG,n_value,73.62967280988474,27.312452450797227,A2,APOE2
TG 60:12|TG 16:0_22:6_22:6(M+NH4)_39.35,TG,n_value,27.37984022020813,4.386352835214959,A2,APOE2
TG O-50:0|TG O-18:0_16:0_16:0(M+NH4)_42.28,EtherTG,n_value,79.44056485842592,38.54623358565161,A2,APOE2
TG O-50:2|TG O-16:0_16:0_18:2(M+NH4)_41.12,EtherTG,n_value,25.21006582749512,1.197377329753226,A2,APOE2
TG O-52:1|TG O-18:0_16:0_18:1(M+NH4)_42.16,EtherTG,n_value,83.63867029545729,37.99084779290619,A2,APOE2
TG O-52:2|TG O-18:0_16:0_18:2(M+NH4)_41.64,EtherTG,n_value,91.69369775633012,36.02978389449451,A2,APOE2
TG O-52:3|TG O-16:0_18:1_18:2(M+NH4)_41.01,EtherTG,n_value,26.21615544175648,2.205084501146056,A2,APOE2
TG O-54:2|TG O-20:0_16:0_18:2(M+NH4)_42.28,EtherTG,n_value,34.2325381572855,6.455675406738249,A2,APOE2
TG O-54:3|TG O-18:0_18:1_18:2(M+NH4)_41.64,EtherTG,n_value,63.38440879596819,24.965061191274284,A2,APOE2
TG O-54:4|TG O-18:0_18:2_18:2(M+NH4)_41.13,EtherTG,n_value,31.372701466209467,4.07861763776081,A2,APOE2
TG O-56:3|TG O-20:0_18:1_18:2(M+NH4)_42.16,EtherTG,n_value,32.00421471335751,3.9776939349742566,A2,APOE2
25-hydroxycholecalciferol(M+H)_24.36,Vitamin_D,n_value,25.685262195109683,3.856365331316534,A3,APOE3
AHexCer 46:1;O3|AHexCer (O-15:0)31:1;O3(M+H-[H2O])_39.35,AHexCer,n_value,18.085206028367363,7.773390501614549,A3,APOE3
AHexCer 55:6;O3|AHexCer (O-18:1)37:5;O3(M+H-[H2O])_39.74,AHexCer,n_value,50.49921001899283,23.248345879542143,A3,APOE3
AHexCer 56:1;O3|AHexCer (O-16:0)40:1;O3(M+H-[H2O])_39.48,AHexCer,n_value,66.58593524854261,20.612177696148933,A3,APOE3
AHexCer 57:1;O3|AHexCer (O-16:0)18:1;O2/23:0;O(M+H)_39.64,AHexCer,n_value,40.713552403221534,14.672397313465195,A3,APOE3
AHexCer 58:1;O3|AHexCer (O-17:0)41:1;O3(M+H-[H2O])_39.62,AHexCer,n_value,62.069492626578665,27.98157687305266,A3,APOE3
AHexCer 58:2;O3|AHexCer (O-18:1)40:1;O3(M+H)_39.48,AHexCer,n_value,59.54047496186757,32.23818515613433,A3,APOE3
AHexCer 59:1;O3|AHexCer (O-18:0)41:1;O3(M+H)_39.99,AHexCer,n_value,123.9828182563838,68.75500709609364,A3,APOE3
AHexCer 59:8;O2|AHexCer (O-15:0)44:8;O2(M+H-[H2O])_39.23,AHexCer,n_value,54.764568760273534,8.123967862608193,A3,APOE3
AHexCer 60:1;O3|AHexCer (O-18:0)42:1;O3(M+H)_40.12,AHexCer,n_value,91.09933866650836,42.68466671632669,A3,APOE3
AHexCer 60:2;O3|AHexCer (O-18:1)18:1;O2/24:0;O(M+H)_39.86,AHexCer,n_value,9.966851247015397,13.088116953460975,A3,APOE3
CAR 16:0(M+H)_16.86,CAR,n_value,18.56750259581509,2.2478505947731406,A3,APOE3
CAR 18:0(M+H)_19.78,CAR,n_value,20.582246198811,2.981871057476469,A3,APOE3
CE 18:1(d7)(M+NH4)_41.64,CE,n_value,9.892489428537178,31.441638120954984,A3,APOE3
CE 18:2(M+NH4)_41,CE,n_value,28.119642991801605,0.927793718931487,A3,APOE3
CE 18:3(M+NH4)_40.5,CE,n_value,30.949188789809646,4.236054975193603,A3,APOE3
CE 20:4(M+NH4)_40.75,CE,n_value,21.749816021227268,3.058390997079678,A3,APOE3
CE 22:6(M+NH4)_40.4,CE,n_value,17.47890831312907,2.1491385582314075,A3,APOE3
CL 70:4|CL 34:2_36:2(M+NH4)_39.1,CL,n_value,68.50872223510795,9.227927351717918,A3,APOE3
CL 72:4|CL 18:1_18:1_18:1_18:1(M-H)_39.36,CL,n_value,76.46803525293691,9.290079417912048,A3,APOE3
CL 72:5|CL 36:2_36:3(M+NH4)_39.22,CL,n_value,138.28435535609051,39.95530447043138,A3,APOE3
CL 72:7|CL 16:1_18:1_18:1_20:4(M-H)_38.85,CL,n_value,71.5702887582721,15.998823094106768,A3,APOE3
CL 74:7|CL 18:1_18:1_18:1_20:4(M-H)_39.11,CL,n_value,98.58941936306798,41.96046372573238,A3,APOE3
CL 74:7|CL 36:2_38:5(M+NH4)_39.1,CL,n_value,148.03623688311413,73.35739402045795,A3,APOE3
CL 74:8|CL 18:1_18:2_18:1_20:4(M-H)_38.97,CL,n_value,104.78300682281824,36.29009207246193,A3,APOE3
CL 76:10|CL 18:1_20:4_18:1_20:4(M-H)_38.85,CL,n_value,110.8624560363618,38.637049134343485,A3,APOE3
CL 76:5|CL 39:1_37:4(M-H)_35.04,CL,n_value,42.50430474558185,6.513740973850222,A3,APOE3
CL 78:7|CL 41:2_37:5(M-H)_35.04,CL,n_value,38.55604536343948,4.2341513979701135,A3,APOE3
CL 79:5(M+NH4)_34.52,CL,n_value,47.200611836202754,5.1918381164298735,A3,APOE3
CL 79:6|CL 36:1_43:5(M-H)_34.4,CL,n_value,36.10521384220381,3.116922306579412,A3,APOE3
CL 79:9|CL 38:4_41:5(M-H)_32.37,CL,n_value,36.60332759412695,4.398354467469626,A3,APOE3
CL 80:6|CL 36:1_44:5(M-H)_34.4,CL,n_value,42.16385529446272,4.947527750364992,A3,APOE3
Cer 36:1;O2|Cer 18:1;O2/18:0(M+H-[H2O])_36.56,Cer_NS,n_value,29.101218382330867,1.0990655301863808,A3,APOE3
Cer 36:1;O2|Cer 18:1;O2/18:0(M+H-[H2O])_38.34,Cer_NS,n_value,24.87704939526498,3.059098568212422,A3,APOE3
Cer 36:1;O2|Cer 18:1;O2/18:0(M-H)_36.56,Cer_NS,n_value,28.01411144871396,4.828785610340352,A3,APOE3
Cer 36:2;O2|Cer 18:2;O2/18:0(M+H-[H2O])_34.9,Cer_NS,n_value,26.033152152046323,2.3526878080089224,A3,APOE3
Cer 37:1;O4|Cer 18:0;O3/19:1(2OH)(M-H)_36.56,Cer_AP,n_value,28.49976502134086,1.005000959112482,A3,APOE3
Cer 38:1;O2|Cer 20:1;O2/18:0(M+H-[H2O])_37.58,Cer_NS,n_value,29.86505135160922,2.2313967221313407,A3,APOE3
Cer 41:1;O2|Cer 18:1;O2/23:0(M+H)_38.47,Cer_NS,n_value,21.437482156222647,2.761792614430438,A3,APOE3
Cer 41:1;O4|Cer 26:0;O3(FA 15:0)(M-H)_38.22,Cer_EODS,n_value,32.10073426784446,3.208623794482764,A3,APOE3
Cer 42:1;O2|Cer 26:1;O2/16:0(M+Na)_38.98,Cer_NS,n_value,34.208632362525464,13.945335105335392,A3,APOE3
Cer 42:2;O2|Cer 18:1;O2/24:1(M+H)_38.09,Cer_NS,n_value,47.07527089013156,8.192914364229305,A3,APOE3
Cer 42:2;O2|Cer 18:1;O2/24:1(M+H-[H2O])_38.2,Cer_NS,n_value,34.22839364086861,5.309778268960585,A3,APOE3
Cer 42:2;O2|Cer 18:1;O2/24:1(M+H-[H2O])_39.23,Cer_NS,n_value,29.07374602380876,4.2756350810780726,A3,APOE3
Cer 56:11;O4|Cer 38:9;O3(FA 18:1)(+C2H3O2-)_38.48,Cer_EOS,n_value,43.48995592946541,9.30500424601235,A3,APOE3
CoQ10(M+H)_39.35,CoQ,n_value,13.200090790951712,4.907481804570626,A3,APOE3
CoQ9(M+H)_38.85,CoQ,n_value,27.56015450236721,9.46637123824465,A3,APOE3
DG 18:2(M+Na)_10.61,DG,n_value,29.4461439002785,12.657066594148706,A3,APOE3
DG 18:2(M+Na)_6.94,DG,n_value,8.548047128907948,5.550173001359149,A3,APOE3
DG 19:2(M+Na)_14.69,DG,n_value,31.433767067542927,14.132017886551948,A3,APOE3
DG 20:4(M+Na)_7.45,DG,n_value,29.0292822260594,10.876852858727387,A3,APOE3
DG 33:1(d7)|DG 15:0_18:1(d7)(M+NH4)_36.81,DG,n_value,9.922317728999744,36.1310485709489,A3,APOE3
DG 34:0|DG 16:0_18:0(M+NH4)_37.96,DG,n_value,25.39635975833848,12.194607429870723,A3,APOE3
DG 34:1|DG 16:0_18:1(M+NH4)_37.32,DG,n_value,31.71679636654273,3.0869589639672355,A3,APOE3
DG 36:0|DG 18:0_18:0(M+NH4)_38.47,DG,n_value,38.14771149795953,13.760013750829737,A3,APOE3
DG 36:1|DG 18:0_18:1(M+NH4)_37.97,DG,n_value,28.36356460205464,1.577937731349345,A3,APOE3
DG 36:2|DG 18:1_18:1(M+NH4)_37.33,DG,n_value,27.72146109577444,2.5939131003224407,A3,APOE3
DG 36:4|DG 16:0_20:4(M+NH4)_36.06,DG,n_value,29.2053483951018,19.05182442273417,A3,APOE3
DG 38:4|DG 18:0_20:4(M+NH4)_37.32,DG,n_value,22.604228416891672,2.099582569672431,A3,APOE3
DG 38:5|DG 18:1_20:4(M+NH4)_36.29,DG,n_value,24.293981164267407,16.28738361000024,A3,APOE3
DG 38:6(M+Na)_35.54,DG,n_value,23.891485194916907,2.5834506050732053,A3,APOE3
DG 38:6|DG 16:0_22:6(M+NH4)_35.54,DG,n_value,23.27227172873805,2.393863810441186,A3,APOE3
DG 40:4|DG 18:0_22:4(M+NH4)_37.83,DG,n_value,27.57947386229323,17.86305126411057,A3,APOE3
DG 40:6(M+Na)_37.07,DG,n_value,27.125140675947005,2.7567650817986693,A3,APOE3
DG 40:6|DG 18:0_22:6(M+NH4)_37.07,DG,n_value,27.38269829713346,1.4325088954673508,A3,APOE3
DG 40:7|DG 18:1_22:6(M+NH4)_35.67,DG,n_value,18.50031100310666,10.27280299074561,A3,APOE3
DG 45:10(M+Na)_35.54,DG,n_value,31.838562820675616,41.26761020899349,A3,APOE3
DG 47:11(M+Na)_35.67,DG,n_value,32.868491108036395,2.8009400678584955,A3,APOE3
DG 51:9(M+Na)_38.85,DG,n_value,15.266602032544473,6.975728586088804,A3,APOE3
DG 52:1(M+Na)_42.16,DG,n_value,30.97354403856416,2.2141514384663306,A3,APOE3
DG O-37:1|DG O-19:1_18:0(M+NH4)_37.7,EtherDG,n_value,66.21322289366336,26.406233774973213,A3,APOE3
DLCL 36:3(M-H)_29.32,DLCL,n_value,26.53815062714955,3.5730187183784032,A3,APOE3
DLCL 42:1(M-H)_20.42,DLCL,n_value,22.26992090909578,3.637168122812532,A3,APOE3
DLCL 42:11(M-H)_29.32,DLCL,n_value,23.117295442676216,2.41793533958133,A3,APOE3
DLCL 44:12(M-H)_29.57,DLCL,n_value,16.522796950458595,6.0157901453093965,A3,APOE3
HexCer 36:1;O2|HexCer 18:1;O2/18:0(M+H)_34.91,HexCer_NS,n_value,32.686969436938504,4.503600051997499,A3,APOE3
HexCer 38:1;O2(M+H)_36.69,HexCer_NDS,n_value,22.710528720563364,6.200253749652494,A3,APOE3
HexCer 38:1;O3|HexCer 18:1;O2/20:0;O(M+H)_36.31,HexCer_HS,n_value,24.263758155549382,4.393854069175709,A3,APOE3
HexCer 40:1;O2(M+H)_37.58,HexCer_NDS,n_value,10.007737936862066,6.051385959542933,A3,APOE3
HexCer 40:1;O3(M+H)_37.33,HexCer_HS,n_value,19.68220078844028,2.8195162555246767,A3,APOE3
HexCer 40:1;O3|HexCer 18:1;O2/22:0;O(M-H)_37.44,HexCer_HS,n_value,22.944140804746382,2.747727657024919,A3,APOE3
HexCer 40:2;O2|HexCer 18:2;O2/22:0(M+H)_37.44,HexCer_NS,n_value,9.94435676037755,3.624686325143104,A3,APOE3
HexCer 41:1;O3(M+H)_37.7,HexCer_HS,n_value,17.52596752028031,7.916853036163415,A3,APOE3
HexCer 41:1;O3|HexCer 21:1;O2/20:0;O(M-H)_37.71,HexCer_HS,n_value,16.69704539905793,4.281870467186398,A3,APOE3
HexCer 42:1;O2(M+H)_38.09,HexCer_NDS,n_value,39.11700165513201,10.60393152924234,A3,APOE3
HexCer 42:1;O2(M+H-[H2O])_38.21,HexCer_NDS,n_value,74.30218408966915,45.46233645117653,A3,APOE3
HexCer 42:1;O3(M+H)_37.97,HexCer_HS,n_value,18.707522582713946,3.767325245032088,A3,APOE3
HexCer 42:1;O3|HexCer 18:1;O2/24:0;O(M-H)_38.08,HexCer_HS,n_value,9.94634644296421,7.138183174930022,A3,APOE3
HexCer 42:2;O2|HexCer 18:1;O2/24:1(M+H)_37.58,HexCer_NS,n_value,22.09999701938936,2.0482500759836904,A3,APOE3
HexCer 42:2;O2|HexCer 18:1;O2/24:1(M+H-[H2O])_37.58,HexCer_NS,n_value,32.441634439639294,8.139148181985934,A3,APOE3
HexCer 42:2;O3|HexCer 18:1;O2/24:1;O(M+H)_37.32,HexCer_HS,n_value,14.877050933736642,3.132271713650004,A3,APOE3
HexCer 42:3;O2|HexCer 18:2;O2/24:1(M+H)_37.32,HexCer_NS,n_value,21.524751086621457,4.3900863924034015,A3,APOE3
HexCer 43:1;O3|HexCer 18:1;O2/25:0;O(M+H)_38.24,HexCer_HS,n_value,34.998226516549735,14.309186856328148,A3,APOE3
HexCer 43:1;O3|HexCer 18:1;O2/25:0;O(M+H-[H2O])_37.83,HexCer_HS,n_value,44.65447674962597,10.592460550180476,A3,APOE3
HexCer 43:2;O3|HexCer 18:1;O2/25:1;O(M+H)_37.7,HexCer_HS,n_value,56.12940698593365,19.00806940574889,A3,APOE3
LPA 19:5(M-H)_17.24,LPA,n_value,7.601856772905645,9.201168313348044,A3,APOE3
LPC 14:0(M+H)_8.21,LPC,n_value,20.34558189673151,1.3526621671972985,A3,APOE3
LPC 16:0(M+H)_16.35,LPC,n_value,22.86830718884339,2.111214839369302,A3,APOE3
LPC 16:0/0:0(M+H)_17.11,LPC,n_value,22.12303242309645,2.341411213370602,A3,APOE3
LPC 16:1(M+H)_10.88,LPC,n_value,20.0974731671946,0.8565061127852854,A3,APOE3
LPC 16:1(M+H)_12.53,LPC,n_value,22.71863857713377,1.998991867605748,A3,APOE3
LPC 17:3(M+H)_20.67,LPC,n_value,20.620439460522626,1.0458272339730514,A3,APOE3
LPC 18:0(M+H)_20.29,LPC,n_value,21.25123366546802,1.842357513732732,A3,APOE3
LPC 18:2(M+H)_13.93,LPC,n_value,6.183078265639224,1.4848161212010031,A3,APOE3
LPC 18:2(M+H)_15.2,LPC,n_value,10.433994346623518,2.408070418776484,A3,APOE3
LPC 18:3(M+H)_16.35,LPC,n_value,20.725439840974023,1.426270486013425,A3,APOE3
LPC 18:3/0:0(M+H)_17.11,LPC,n_value,24.50654971381136,2.001634558505638,A3,APOE3
LPC 19:0/0:0(M+H)_21.81,LPC,n_value,19.43157863520957,3.700475786052319,A3,APOE3
LPC 20:0/0:0(M+H)_23.34,LPC,n_value,24.408381109181164,5.506283861593432,A3,APOE3
LPC 20:1(M+Na)_20.66,LPC,n_value,17.786752075269785,1.3061994982284288,A3,APOE3
LPC 20:3(M+H)_15.97,LPC,n_value,9.795837518535889,1.7644407740839418,A3,APOE3
LPC 20:4(M+H)_14.06,LPC,n_value,7.963759101628183,1.0013620959650642,A3,APOE3
LPC 22:0/0:0(M+H)_26.39,LPC,n_value,25.136145669116782,4.692990252474138,A3,APOE3
LPC 22:1(M+H)_23.46,LPC,n_value,15.287214893052823,2.905732425158744,A3,APOE3
LPC 22:4(M+H)_17.49,LPC,n_value,9.09925750500494,0.8349411434872441,A3,APOE3
LPC 22:6(M+H)_13.81,LPC,n_value,5.963408922068135,0.7671973332307634,A3,APOE3
LPC 22:6(M+Na)_13.8,LPC,n_value,8.416624094861385,1.410256654715894,A3,APOE3
LPC 22:6(M+Na)_14.81,LPC,n_value,9.081259523064148,1.4588046249560482,A3,APOE3
LPC 24:1(M+H)_25.76,LPC,n_value,21.51065872985747,4.719939080843125,A3,APOE3
LPC 24:4(M+H)_19.65,LPC,n_value,12.873641552705347,3.1451719453922973,A3,APOE3
LPC O-16:0(M+H)_18.25,EtherLPC,n_value,23.679831764954503,1.2937446952890208,A3,APOE3
LPE 15:0(M-H)_14.57,LPE,n_value,7.371704235686817,5.020949634228447,A3,APOE3
LPE 16:0(M+H)_16.48,LPE,n_value,21.92252529973852,1.719355439523716,A3,APOE3
LPE 16:0(M-H)_16.48,LPE,n_value,20.338409471943542,2.255829443219564,A3,APOE3
LPE 16:1(M+H)_10.62,LPE,n_value,21.100065294411337,2.9968154163563456,A3,APOE3
LPE 16:1(M-H)_10.63,LPE,n_value,19.02811662434865,2.897437354612161,A3,APOE3
LPE 18:0(M+H)_20.67,LPE,n_value,22.56559530890034,1.4657959324219825,A3,APOE3
LPE 18:0(M-H)_20.68,LPE,n_value,21.8618473302294,1.4030367347850274,A3,APOE3
LPE 18:1(M+H)_17.49,LPE,n_value,18.625181813432835,2.91203798944205,A3,APOE3
LPE 18:1(d7)(M-H)_17.37,LPE,n_value,7.514071594583901,10.988308544069694,A3,APOE3
LPE 18:2(M+H)_13.95,LPE,n_value,9.96950943443532,3.102778090958862,A3,APOE3
LPE 18:2(M-H)_14.06,LPE,n_value,9.329358974348724,2.4025053998999817,A3,APOE3
LPE 18:2(M-H)_15.34,LPE,n_value,14.190727365752588,3.194122610238145,A3,APOE3
LPE 19:1(M-H)_19.02,LPE,n_value,24.58908634537903,6.663990388321063,A3,APOE3
LPE 20:0(M+H)_23.21,LPE,n_value,13.15452546370912,3.4143489787783685,A3,APOE3
LPE 20:0(M-H)_23.22,LPE,n_value,15.906274170333544,6.463600317511898,A3,APOE3
LPE 20:1(M+H)_20.41,LPE,n_value,12.5985939353182,2.581380145048745,A3,APOE3
LPE 20:2(M+H)_18.5,LPE,n_value,13.404104974312752,5.361853769724593,A3,APOE3
LPE 20:2(M-H)_18.51,LPE,n_value,18.49673636364876,5.401331709705671,A3,APOE3
LPE 20:3(M+H)_16.35,LPE,n_value,12.781899975027525,0.868111490957538,A3,APOE3
LPE 20:3(M+H)_17.36,LPE,n_value,12.414618344239964,1.819847778019872,A3,APOE3
LPE 20:3(M-H)_16.35,LPE,n_value,5.414820994293492,0.6949099812483073,A3,APOE3
LPE 20:4(M+H)_14.19,LPE,n_value,8.109585471691323,1.2303184568611487,A3,APOE3
LPE 20:4(M-H)_14.19,LPE,n_value,9.56089255861044,1.7984518526188848,A3,APOE3
LPE 20:5(M+H)_9.61,LPE,n_value,11.27488909797188,3.0503176534731167,A3,APOE3
LPE 20:5(M-H)_9.74,LPE,n_value,7.553026295849898,3.324036871749517,A3,APOE3
LPE 21:1(M-H)_21.82,LPE,n_value,13.765142535852757,11.190172847069263,A3,APOE3
LPE 22:1(M+H)_23.34,LPE,n_value,19.47640478217465,1.873722107915715,A3,APOE3
LPE 22:1(M-H)_23.35,LPE,n_value,18.03319033863142,1.982745947886797,A3,APOE3
LPE 22:2(M-H)_21.19,LPE,n_value,14.52877489027992,3.7165166299521193,A3,APOE3
LPE 22:4(M+H)_17.74,LPE,n_value,12.212417342674666,2.447981026173977,A3,APOE3
LPE 22:6(M-H)_13.94,LPE,n_value,8.623002959468593,1.506177303436665,A3,APOE3
LPE 24:1(M+H)_26.26,LPE,n_value,10.016837715987151,6.314759834130486,A3,APOE3
LPE 24:4(M+H)_20.03,LPE,n_value,12.282385991340332,2.7490801278753585,A3,APOE3
LPE 24:4(M-H)_20.04,LPE,n_value,11.556049781226804,1.914704732079391,A3,APOE3
LPE 24:5(M+H)_18.76,LPE,n_value,10.013601619382731,3.556452333371632,A3,APOE3
LPE 24:5(M-H)_18.77,LPE,n_value,11.929108708319088,2.374851953000272,A3,APOE3
LPE 24:6(M+H)_17.24,LPE,n_value,10.01015383650908,2.780574264364237,A3,APOE3
LPE 24:6(M-H)_17.24,LPE,n_value,10.597311765620068,1.405196587262186,A3,APOE3
LPE O-16:0(M-H)_18.64,EtherLPE,n_value,25.205838426249333,1.5802589961263198,A3,APOE3
LPE O-18:0(M+H)_22.07,EtherLPE,n_value,24.635684158549765,1.949606398707192,A3,APOE3
LPE O-18:0(M-H)_22.08,EtherLPE,n_value,10.024563441491052,5.346986368875665,A3,APOE3
LPE P-18:1(M+H)_20.67,EtherLPE,n_value,20.42513724425798,1.7365386845191948,A3,APOE3
LPG 15:0(M-H)_9.35,LPG,n_value,3.118091018564486,6.550224698542493,A3,APOE3
LPG 16:0(M-H)_14.06,LPG,n_value,21.93922472693793,2.4334578821922275,A3,APOE3
LPG 18:1(M-H)_14.19,LPG,n_value,18.72650742893837,2.444350562440667,A3,APOE3
LPG O-20:1(M-H)_20.17,EtherLPG,n_value,25.12129419258304,2.7534982098629808,A3,APOE3
LPI 15:0(M-H)_6.82,LPI,n_value,3.549412573198006,32.40408060709024,A3,APOE3
LPI 16:0(M-H)_10.25,LPI,n_value,28.01585976563539,2.96589615009881,A3,APOE3
LPI 18:0(M-H)_17.62,LPI,n_value,16.97599579437044,4.5979136924127895,A3,APOE3
LPI 20:4(M-H)_6.83,LPI,n_value,7.593924409556697,1.6799347850705135,A3,APOE3
LPI 22:6(M-H)_6.95,LPI,n_value,7.963578558246085,1.4765799040368888,A3,APOE3
LPS 15:0(M-H)_6.95,LPS,n_value,19.651485679453017,14.61801431167144,A3,APOE3
LPS 18:0(M-H)_17.75,LPS,n_value,20.093051682904225,1.3348251924740024,A3,APOE3
LPS 18:1(M-H)_11.26,LPS,n_value,15.72666068776164,2.9123249006056287,A3,APOE3
LPS 18:1(M-H)_13.43,LPS,n_value,20.691745988091867,3.0609130154417943,A3,APOE3
LPS 20:4(M-H)_7.08,LPS,n_value,9.066442018400636,1.2554986025712205,A3,APOE3
LPS 22:4(M-H)_13.18,LPS,n_value,10.015362196407349,2.388092953288185,A3,APOE3
LPS 22:4(M-H)_14.57,LPS,n_value,10.938183013495486,3.102485938503069,A3,APOE3
LPS 22:6(M-H)_7.08,LPS,n_value,7.757200078325483,0.5651003331689206,A3,APOE3
MGDG 36:1|MGDG 16:0_20:1(M+NH4)_36.82,MGDG,n_value,36.27922193533364,10.820260782823024,A3,APOE3
MMPE 42:2|MMPE 20:1_22:1(M-H)_37.19,MMPE,n_value,23.098856106459987,6.020168016703552,A3,APOE3
NAE 16:0(M+H)_19.66,NAE,n_value,26.41402128146772,12.300689194094018,A3,APOE3
NAE 18:0(M+H)_22.83,NAE,n_value,29.7039442652618,6.972855663506715,A3,APOE3
NAE 18:1(M+H)_20.16,NAE,n_value,22.43019328471778,2.217463876710236,A3,APOE3
NAE 26:5(M+H)_22.33,NAE,n_value,9.999639067398524,43.35633557599746,A3,APOE3
PA 33:1(d7)|PA 15:0_18:1(d7)(M-H)_35.55,PA,n_value,9.914755800168836,7.417266061485576,A3,APOE3
PA 33:1(d7)|PA 15:0_18:1(d7)(M-H)_41.65,PA,n_value,9.929139049175689,17.45556237275799,A3,APOE3
PC 22:0(M+H)_22.96,PC,n_value,23.038553928835263,1.6100762682066485,A3,APOE3
PC 23:0(M+H)_23.47,PC,n_value,20.904761537165072,3.881250752038585,A3,APOE3
PC 30:0|PC 14:0_16:0(M+H)_31.98,PC,n_value,33.81053229067058,2.952221163268194,A3,APOE3
PC 31:0|PC 15:0_16:0(M+H)_33.12,PC,n_value,26.930985122499003,1.941650938706227,A3,APOE3
PC 31:2(M+H)_33.12,PC,n_value,26.608727542235307,3.452787015260764,A3,APOE3
PC 32:0|PC 16:0_16:0(M+H)_34.14,PC,n_value,34.628056186707816,2.9487189172077355,A3,APOE3
PC 32:1|PC 16:0_16:1(M+H)_32.24,PC,n_value,34.29533876092314,2.1618655659510493,A3,APOE3
PC 32:2(M+H)_30.34,PC,n_value,28.44414066075284,3.35897470546132,A3,APOE3
PC 33:0|PC 16:0_17:0(M+H)_35.16,PC,n_value,27.08012581518342,2.42808053389086,A3,APOE3
PC 33:1(d7)|PC 15:0_18:1(d7)(M+H)_33.25,PC,n_value,9.92963740442323,65.70141843601681,A3,APOE3
PC 33:1|PC 16:0_17:1(M+H)_33.38,PC,n_value,25.96859961277229,2.795944127722986,A3,APOE3
PC 34:0|PC 16:0_18:0(M+H)_36.17,PC,n_value,26.8399669003455,6.987648215096912,A3,APOE3
PC 34:1(M+H)_34.4,PC,n_value,29.020659697174203,3.2732696311002845,A3,APOE3
PC 34:2|PC 16:1_18:1(M+H)_32.74,PC,n_value,22.386076647513526,1.835087335918478,A3,APOE3
PC 34:3(M+H)_30.59,PC,n_value,9.900649236166617,0.0,A3,APOE3
PC 34:4(M+H)_30.48,PC,n_value,27.96740708875461,25.89633025392061,A3,APOE3
PC 35:0|PC 16:0_19:0(M+H)_36.69,PC,n_value,49.47627464877824,15.299545798816814,A3,APOE3
PC 35:1|PC 17:0_18:1(M+H)_35.29,PC,n_value,26.5833624712998,1.693582760556954,A3,APOE3
PC 35:2(M+H)_33.63,PC,n_value,72.32848393351637,45.92947447997041,A3,APOE3
PC 36:1|PC 9:0_27:1(M+H)_36.3,PC,n_value,27.85332447851441,3.0922724268810007,A3,APOE3
PC 36:2|PC 18:1_18:1(M+H)_34.65,PC,n_value,24.22739000199803,1.420809275741589,A3,APOE3
PC 36:3(M+H)_32.49,PC,n_value,37.62815000837439,5.722498044296176,A3,APOE3
PC 36:4|PC 18:2_18:2(M+H)_32.36,PC,n_value,22.975696522139177,1.823053846727337,A3,APOE3
PC 36:6(M+H)_29.44,PC,n_value,26.92794554225326,3.020607881786768,A3,APOE3
PC 38:1(M+H)_37.2,PC,n_value,30.3516883314152,3.5290371676304133,A3,APOE3
PC 38:2|PC 18:1_20:1(M+H)_36.31,PC,n_value,22.633006251299395,16.648724737616774,A3,APOE3
PC 38:3|PC 18:0_20:3(M+H)_35.28,PC,n_value,51.60737648102981,11.773715281871809,A3,APOE3
PC 38:4|PC 16:0_22:4(M+H)_34.64,PC,n_value,22.24835478846666,1.2978992410594865,A3,APOE3
PC 38:5|PC 18:0_20:5(M+H)_32.61,PC,n_value,39.304557686747714,5.775924026566487,A3,APOE3
PC 38:6(M+H)_31.74,PC,n_value,24.08212088357207,2.1839018740293747,A3,APOE3
PC 38:7|PC 16:1_22:6(M+H)_29.81,PC,n_value,18.72705432502431,2.872319602591886,A3,APOE3
PC 39:6|PC 17:0_22:6(M+H)_32.87,PC,n_value,21.44672781289479,2.046834517441204,A3,APOE3
PC 40:1(M+H)_37.96,PC,n_value,33.420666454589906,4.715027656559695,A3,APOE3
PC 40:2|PC 20:1_20:1(M+H)_37.2,PC,n_value,43.31564379519037,42.64116358875516,A3,APOE3
PC 40:4(M+H)_35.91,PC,n_value,23.84998690522253,1.9417411462192489,A3,APOE3
PC 40:6(M+Na)_33.99,PC,n_value,29.233571903899307,4.536721589258535,A3,APOE3
PC 40:6|PC 18:0_22:6(M+H)_33.89,PC,n_value,23.61006414603158,1.7413993235212255,A3,APOE3
PC 40:7(M+Na)_31.98,PC,n_value,20.46438064178668,2.4061196369374374,A3,APOE3
PC 40:7|PC 18:1_22:6(M+H)_31.98,PC,n_value,17.663906589466485,1.6007672269608744,A3,APOE3
PC 40:8|PC 18:2_22:6(M+H)_30.21,PC,n_value,19.739250071519542,3.5073474175398363,A3,APOE3
PC 40:9|PC 18:3_22:6(M+H)_31.86,PC,n_value,23.567844473692613,2.000433715518952,A3,APOE3
PC 41:1(M+H)_38.24,PC,n_value,24.29847123830864,4.239703088414497,A3,APOE3
PC 42:10(M+H)_29.7,PC,n_value,14.28107010756089,2.642514362991975,A3,APOE3
PC 42:1|PC 24:0_18:1(M+H)_38.47,PC,n_value,23.243547588862,1.1752207488518225,A3,APOE3
PC 42:2|PC 18:1_24:1(M+H)_37.96,PC,n_value,31.401822750963547,5.8124702959207255,A3,APOE3
PC 42:4(M+H)_36.94,PC,n_value,25.559661856616604,2.259812668219104,A3,APOE3
PC 42:7(M+H)_33.89,PC,n_value,20.87657684916352,2.704707508255079,A3,APOE3
PC 42:9(M+H)_30.84,PC,n_value,16.195466392539732,2.0697049968703896,A3,APOE3
PC 43:1(M+H)_38.72,PC,n_value,39.259671119108745,11.172831959090288,A3,APOE3
PC 44:10(M+H)_31.47,PC,n_value,20.131768447604912,3.258627746529185,A3,APOE3
PC 44:12|PC 22:6_22:6(M+H)_29.19,PC,n_value,14.58433404679075,2.024890544105345,A3,APOE3
PC 52:4(M+H)_39.35,PC,n_value,45.98204279477434,5.265607961038232,A3,APOE3
PC 52:5(M+H)_38.98,PC,n_value,30.244933345404974,4.5945323045306,A3,APOE3
PC 54:6(M+H)_39.1,PC,n_value,83.3933669963349,11.773633522256263,A3,APOE3
PC O-32:0|PC O-16:0_16:0(M+H)_35.54,EtherPC,n_value,36.50164943374139,1.57666621706165,A3,APOE3
PC O-34:0|PC O-18:0_16:0(M+H)_36.94,EtherPC,n_value,34.00482509747166,10.067587138191776,A3,APOE3
PC O-34:1|PC O-18:1_16:0(M+H)_35.54,EtherPC,n_value,27.886333067690707,1.9080092010238472,A3,APOE3
PC O-34:2|PC O-15:2_19:0(M+H)_34.52,EtherPC,n_value,27.37480582962312,4.318965739147682,A3,APOE3
PC O-35:4|PC O-13:0_22:4(M+H)_35.8,EtherPC,n_value,26.73258612793509,1.4215953675634,A3,APOE3
PC O-36:4|PC O-16:0_20:4(M+H)_33.76,EtherPC,n_value,23.56229686094752,1.2128997737804346,A3,APOE3
PC O-38:6|PC O-16:0_22:6(M+H)_33.12,EtherPC,n_value,25.123598305405647,1.6336979953651372,A3,APOE3
PC O-40:1|PC O-15:1_25:0(M+H)_38.09,EtherPC,n_value,9.95087357830544,25.12795213585765,A3,APOE3
PC O-41:5(M+H)_37.82,EtherPC,n_value,51.04662726261967,16.824809839413003,A3,APOE3
PE 32:0|PE 16:0_16:0(M+H)_34.78,PE,n_value,31.30172639586865,2.864027778906304,A3,APOE3
PE 33:1(d7)|PE 15:0_18:1(d7)(M+H)_33.76,PE,n_value,3.2506233984559243,30.3234923946614,A3,APOE3
PE 33:1(d7)|PE 15:0_18:1(d7)(M-H)_33.77,PE,n_value,37.52026043742771,52.59581617670285,A3,APOE3
PE 34:0|PE 16:0_18:0(M-H)_36.57,PE,n_value,23.307560145694307,3.6035620736973537,A3,APOE3
PE 34:1|PE 16:0_18:1(M+H)_34.9,PE,n_value,30.17175120879992,3.2836683712750774,A3,APOE3
PE 34:1|PE 16:0_18:1(M-H)_34.91,PE,n_value,29.82529494444612,3.0688943331494696,A3,APOE3
PE 34:2|PE 16:0_18:2(M-H)_33,PE,n_value,27.09402426209762,2.862759811802184,A3,APOE3
PE 36:1|PE 18:0_18:1(M+H)_36.56,PE,n_value,25.086297023099213,1.7687579894337897,A3,APOE3
PE 36:1|PE 18:0_18:1(M-H)_36.57,PE,n_value,28.04854545181204,2.266680293985292,A3,APOE3
PE 36:2|PE 18:1_18:1(M+H)_35.03,PE,n_value,22.259166036902144,2.2721472029576986,A3,APOE3
PE 36:2|PE 18:1_18:1(M-H)_35.04,PE,n_value,26.27808018655281,1.9315631192116984,A3,APOE3
PE 36:3|PE 18:1_18:2(M-H)_33.14,PE,n_value,27.85983223313768,3.154953937599255,A3,APOE3
PE 36:4|PE 16:0_20:4(M+H)_32.99,PE,n_value,24.980297717128124,1.6681952955995405,A3,APOE3
PE 36:4|PE 16:0_20:4(M-H)_32.88,PE,n_value,23.164204945116417,1.5774147240625556,A3,APOE3
PE 36:5(M+H)_30.97,PE,n_value,22.3658370404746,3.1439269184424607,A3,APOE3
PE 38:1|PE 18:0_20:1(M-H)_37.46,PE,n_value,38.88151181703713,7.71685356943892,A3,APOE3
PE 38:4|PE 18:0_20:4(M+H)_35.03,PE,n_value,24.128222410786183,1.762112709806268,A3,APOE3
PE 38:4|PE 18:0_20:4(M-H)_35.04,PE,n_value,24.22437852854874,1.563689780809864,A3,APOE3
PE 38:5|PE 18:1_20:4(M+H)_33.12,PE,n_value,22.623911365945087,13.096914722258717,A3,APOE3
PE 38:5|PE 18:1_20:4(M-H)_33.13,PE,n_value,31.88840237937385,5.361229107176865,A3,APOE3
PE 38:6|PE 16:0_22:6(M+H)_32.36,PE,n_value,23.67289410833754,1.867387226640623,A3,APOE3
PE 38:6|PE 16:0_22:6(M-H)_32.37,PE,n_value,24.12686470318144,2.030095559161332,A3,APOE3
PE 39:6(M+H)_33.51,PE,n_value,21.092124932331288,4.039214794521934,A3,APOE3
PE 40:1|PE 18:0_22:1(M-H)_36.69,PE,n_value,39.149140165814,13.950368344616033,A3,APOE3
PE 40:4|PE 18:0_22:4(M+H)_36.3,PE,n_value,24.851483157996736,8.584503931229877,A3,APOE3
PE 40:4|PE 18:0_22:4(M-H)_36.31,PE,n_value,21.23024799555297,7.491125342552916,A3,APOE3
PE 40:6|PE 18:0_22:6(M+H)_34.63,PE,n_value,22.16096322993921,1.4887721398886506,A3,APOE3
PE 40:6|PE 18:0_22:6(M-H)_34.53,PE,n_value,22.804781970176496,1.3554240008262053,A3,APOE3
PE 40:7(M+H)_32.5,PE,n_value,21.572568452513305,3.299665047112679,A3,APOE3
PE 40:7|PE 18:1_22:6(M-H)_32.62,PE,n_value,26.98982322827946,3.211957233218326,A3,APOE3
PE 44:12|PE 22:6_22:6(M+H)_29.7,PE,n_value,26.5189012436865,6.4064294280771446,A3,APOE3
PE 44:12|PE 22:6_22:6(M-H)_29.7,PE,n_value,30.670131495826805,5.2658640559672,A3,APOE3
PE O-34:1(M+H)_36.05,EtherPE,n_value,29.50324779319787,2.6274274760101606,A3,APOE3
PE O-34:1|PE O-18:1_16:0(M-H)_36.06,EtherPE,n_value,31.87142823321693,2.4721111422119693,A3,APOE3
PE O-36:2|PE O-18:1_18:1(M-H)_37.2,EtherPE,n_value,30.66242739595152,4.207347889024726,A3,APOE3
PE O-37:3|PE O-22:3_15:0(M-H)_30.59,EtherPE,n_value,9.907763300470736,0.0,A3,APOE3
PE O-38:4|PE O-16:0_22:4(M-H)_35.8,EtherPE,n_value,22.56194530972813,2.6471355937948684,A3,APOE3
PE O-38:6|PE O-16:0_22:6(M-H)_33.77,EtherPE,n_value,24.676747368434025,2.0575462344951045,A3,APOE3
PE O-40:4|PE O-18:0_22:4(M-H)_37.08,EtherPE,n_value,23.91289381365637,2.091853061606143,A3,APOE3
PE O-40:6|PE O-18:0_22:6(M-H)_35.8,EtherPE,n_value,42.672990657302144,14.52700250194427,A3,APOE3
PE O-40:7|PE O-18:1_22:6(M-H)_35.53,EtherPE,n_value,32.66340718484071,11.324691160836052,A3,APOE3
PE P-38:5|PE P-18:1_20:4(M+H)_33.76,EtherPE,n_value,24.71666175336569,2.276691869420412,A3,APOE3
PE P-40:5(M+H)_35.8,EtherPE,n_value,25.692340110990703,6.461259684194947,A3,APOE3
PG 32:0|PG 16:0_16:0(M-H)_31.61,PG,n_value,34.353521091694624,3.155435559577437,A3,APOE3
PG 33:1(d7)|PG 15:0_18:1(d7)(M+NH4)_30.59,PG,n_value,4.096485551996704,9.208734868631849,A3,APOE3
PG 34:1|PG 16:0_18:1(M-H)_31.73,PG,n_value,29.791258411991965,2.949329029108263,A3,APOE3
PG 38:2|PG 18:1_20:1(M-H)_35.67,PG,n_value,27.350593951493178,9.512891149023051,A3,APOE3
PG 44:12|PG 22:6_22:6(M-H)_25.5,PG,n_value,16.040445679601927,3.06150444786248,A3,APOE3
PI 32:0|PI 16:0_16:0(M-H)_31.24,PI,n_value,15.500873337850448,16.96997000144141,A3,APOE3
PI 33:1(d7)|PI 15:0_18:1(d7)(M+NH4)_30.2,PI,n_value,9.929529228551235,32.53755572053549,A3,APOE3
PI 33:1(d7)|PI 15:0_18:1(d7)(M-H)_30.21,PI,n_value,3.0720419680461024,8.471553514524187,A3,APOE3
PI 33:1(d7)|PI 15:0_18:1(d7)(M-H)_33.26,PI,n_value,37.52287852690667,6.701735895803711,A3,APOE3
PI 36:4(M+NH4)_29.44,PI,n_value,39.51878211636664,6.876427776035008,A3,APOE3
PI 36:4|PI 16:0_20:4(M-H)_29.32,PI,n_value,23.58094711486538,2.2965307652567355,A3,APOE3
PI 38:4(M+NH4)_31.6,PI,n_value,19.08706530494078,2.109088795516687,A3,APOE3
PI 38:4|PI 18:0_20:4(M-H)_31.61,PI,n_value,21.62196375676204,2.1853957963091046,A3,APOE3
PI 38:5(M+NH4)_29.57,PI,n_value,19.65439608978859,3.306200410872466,A3,APOE3
PI 38:5|PI 18:1_20:4(M-H)_29.57,PI,n_value,21.16117940236422,3.198526105301972,A3,APOE3
PI 38:6(M+NH4)_28.82,PI,n_value,25.07269426388361,4.397363433593132,A3,APOE3
PI 40:6(M+NH4)_31.09,PI,n_value,24.474404275690684,3.317817624822124,A3,APOE3
PI 40:6|PI 18:0_22:6(M-H)_31.1,PI,n_value,24.5982830779337,3.644250007357463,A3,APOE3
PS 33:1(d7)|PS 15:0_18:1(d7)(M-H)_30.57,PS,n_value,9.924323763211651,0.0,A3,APOE3
PS 34:1(M+H)_31.73,PS,n_value,35.51809432523177,4.682788629449714,A3,APOE3
PS 36:0;O3|PS 18:0_18:0;O3(M-H)_32.12,OxPS,n_value,41.08945809631796,35.11968051370992,A3,APOE3
PS 36:1|PS 18:0_18:1(M+H)_33.76,PS,n_value,25.20415712279673,2.542744053547456,A3,APOE3
PS 36:1|PS 18:0_18:1(M-H)_33.77,PS,n_value,28.62350595022405,3.2397006201468024,A3,APOE3
PS 36:2|PS 18:1_18:1(M+H)_31.98,PS,n_value,25.54109515471725,2.1279168668129707,A3,APOE3
PS 36:2|PS 18:1_18:1(M-H)_32.12,PS,n_value,41.455143067155696,8.48253976463161,A3,APOE3
PS 38:4(M+H)_31.99,PS,n_value,23.206827486551603,2.698211968461817,A3,APOE3
PS 38:4|PS 18:0_20:4(M-H)_32.24,PS,n_value,25.50804206589891,3.8999123911925535,A3,APOE3
PS 38:5(M+H)_29.95,PS,n_value,42.8456536237971,7.338567014997283,A3,APOE3
PS 38:5;O3|PS 18:0_20:5;O3(M-H)_31.35,OxPS,n_value,20.822177892853333,2.094514458980991,A3,APOE3
PS 38:6(M+H)_29.06,PS,n_value,28.623074890071447,5.675949827958798,A3,APOE3
PS 38:6|PS 16:0_22:6(M-H)_29.19,PS,n_value,23.654227143894484,6.8157711136137085,A3,APOE3
PS 40:4|PS 18:0_22:4(M+H)_33.5,PS,n_value,22.463394068244583,9.930384326311438,A3,APOE3
PS 40:4|PS 18:0_22:4(M-H)_33.38,PS,n_value,29.87141752324767,10.045142357971496,A3,APOE3
PS 40:6(M+Na)_31.34,PS,n_value,25.481159370856982,3.4019049856020094,A3,APOE3
PS 40:6|PS 18:0_22:6(M+H)_31.35,PS,n_value,22.92445188947185,1.434287485818846,A3,APOE3
PS 40:6|PS 18:0_22:6(M-H)_31.35,PS,n_value,20.27018673575996,1.6176339268232167,A3,APOE3
PS 40:6|PS 18:0_22:6(M-H)_35.17,PS,n_value,24.858105241226724,1.630544951905005,A3,APOE3
PS 40:7(M+H)_29.32,PS,n_value,29.82044248038237,7.649846814909674,A3,APOE3
PS 40:7|PS 18:1_22:6(M-H)_29.32,PS,n_value,24.79201557730088,3.708718793079796,A3,APOE3
PS 42:10|PS 20:4_22:6(M-H)_27.15,PS,n_value,16.040705359508284,3.107301302555908,A3,APOE3
PS 42:11;O3|PS 22:6_20:5;O3(M-H)_26.52,OxPS,n_value,19.139187476940894,10.53589771613782,A3,APOE3
PS 44:10|PS 22:4_22:6(M+H)_28.81,PS,n_value,19.230826589417973,2.9626725873366286,A3,APOE3
PS 44:12|PS 22:6_22:6(M+H)_26.51,PS,n_value,18.31720231478381,7.537518344846403,A3,APOE3
PS 44:12|PS 22:6_22:6(M-H)_26.52,PS,n_value,11.14953897617154,2.654770669084906,A3,APOE3
SM 30:5;O3(M+H)_21.68,SM,n_value,21.041856259944165,2.762120577796846,A3,APOE3
SM 34:1;O2|SM 18:1;O2/16:0(M+H)_32.11,SM,n_value,28.769582070248624,1.518963876308104,A3,APOE3
SM 34:1;O3(M+H)_31.22,SM,n_value,30.77816994523125,2.3232217716700725,A3,APOE3
SM 34:2;O2(M+H)_30.08,SM,n_value,28.17702926032888,3.2707918591332485,A3,APOE3
SM 35:1;O2(M+H)_33.25,SM,n_value,25.308843786734897,2.4370048360382386,A3,APOE3
SM 36:0;O3(M+H)_36.94,SM,n_value,39.493986457782135,7.29627722173092,A3,APOE3
SM 36:1;O2|SM 18:1;O2/18:0(M+H)_34.4,SM,n_value,26.485670860669185,2.5856020708159853,A3,APOE3
SM 36:2;O2(M+H)_32.49,SM,n_value,24.912939424863715,3.07561459119464,A3,APOE3
SM 38:1;O2|SM 20:1;O2/18:0(M+H)_36.3,SM,n_value,27.456294333070133,1.6408258973083023,A3,APOE3
SM 40:1;O2|SM 18:1;O2/22:0(M+H)_37.45,SM,n_value,28.357608895711955,2.795366892433768,A3,APOE3
SM 40:2;O2(M+H)_36.43,SM,n_value,38.39131854380065,7.632177601060077,A3,APOE3
SM 40:7;O2(M+H)_27.67,SM,n_value,21.76564394540362,9.942320443054236,A3,APOE3
SM 42:2;O2|SM 18:1;O2/24:1(M+H)_37.32,SM,n_value,24.0743095270895,2.0705916508039173,A3,APOE3
SM 42:3;O2|SM 18:1;O2/24:2(M+H)_36.43,SM,n_value,16.238172229014577,2.9007672068942902,A3,APOE3
SM 43:4;O2(M+H)_24.36,SM,n_value,13.92821035421168,8.085954730614137,A3,APOE3
ST 27:1;O(M+H-[H2O])_41,ST,n_value,27.747619415832336,1.6505264673157851,A3,APOE3
ST 27:2;O(M+H)_31.1,ST,n_value,18.90403579366658,3.339510078332513,A3,APOE3
TG 48:0|TG 16:0_16:0_16:0(M+NH4)_40.75,TG,n_value,37.03029243933308,7.817958710577465,A3,APOE3
TG 48:1(d7)|TG 15:0_18:1(d7)_15:0(M+NH4)_40.24,TG,n_value,10.000429175848454,49.337384115776246,A3,APOE3
TG 48:2|TG 16:0_16:1_16:1(M+NH4)_39.76,TG,n_value,29.279727601134468,5.684123846524437,A3,APOE3
TG 50:0|TG 16:0_16:0_18:0(M+NH4)_41.26,TG,n_value,38.93642809854395,8.599756940140283,A3,APOE3
TG 50:1|TG 16:0_16:0_18:1(M+NH4)_40.63,TG,n_value,29.25402898905691,9.800673847263022,A3,APOE3
TG 50:2|TG 16:0_16:1_18:1(M+NH4)_40.24,TG,n_value,32.20252316137949,8.520535901406985,A3,APOE3
TG 50:3|TG 16:0_16:1_18:2(M+NH4)_39.86,TG,n_value,25.150864425831145,4.568803761198209,A3,APOE3
TG 50:4|TG 16:1_16:1_18:2(M+NH4)_39.48,TG,n_value,25.182644344281133,7.102777499759664,A3,APOE3
TG 52:1|TG 16:0_18:0_18:1(M+NH4)_41.26,TG,n_value,53.10319423349308,56.9514819964264,A3,APOE3
TG 52:2|TG 16:0_18:1_18:1(M+NH4)_40.63,TG,n_value,29.040189046985983,12.463252225116658,A3,APOE3
TG 52:3|TG 16:0_18:1_18:2(M+NH4)_40.24,TG,n_value,23.4414946290192,4.429951362218584,A3,APOE3
TG 52:4|TG 16:1_18:1_18:2(M+NH4)_39.86,TG,n_value,16.622769506190824,4.0560157432207005,A3,APOE3
TG 52:5|TG 16:1_18:2_18:2(M+NH4)_39.5,TG,n_value,20.144352696908644,3.785863377175884,A3,APOE3
TG 54:0|TG 18:0_18:0_18:0(M+NH4)_42.53,TG,n_value,9.99955042154409,17.256717684295243,A3,APOE3
TG 54:3|TG 18:1_18:1_18:1(M+NH4)_40.62,TG,n_value,37.25379256394311,12.788155746012524,A3,APOE3
TG 54:4|TG 18:1_18:1_18:2(M+NH4)_40.24,TG,n_value,38.4969670971965,10.141707877811964,A3,APOE3
TG 54:6|TG 18:1_18:2_18:3(M+NH4)_39.86,TG,n_value,34.12005734670494,21.3890828507778,A3,APOE3
TG 60:12|TG 16:0_22:6_22:6(M+NH4)_39.35,TG,n_value,37.12709437638861,9.56190354200568,A3,APOE3
TG O-50:0|TG O-18:0_16:0_16:0(M+NH4)_42.28,EtherTG,n_value,75.25875989311103,25.22936795116723,A3,APOE3
TG O-50:2|TG O-16:0_16:0_18:2(M+NH4)_41.12,EtherTG,n_value,28.78325915879585,2.213083836846637,A3,APOE3
TG O-52:1|TG O-18:0_16:0_18:1(M+NH4)_42.16,EtherTG,n_value,36.33764170815715,10.256185783759042,A3,APOE3
TG O-52:2|TG O-18:0_16:0_18:2(M+NH4)_41.64,EtherTG,n_value,23.8126763384302,4.931429196811262,A3,APOE3
TG O-52:3|TG O-16:0_18:1_18:2(M+NH4)_41.01,EtherTG,n_value,28.872770204555625,2.365326627488171,A3,APOE3
TG O-54:2|TG O-20:0_16:0_18:2(M+NH4)_42.28,EtherTG,n_value,31.158944518290827,5.374035261192436,A3,APOE3
TG O-54:3|TG O-18:0_18:1_18:2(M+NH4)_41.64,EtherTG,n_value,75.63974579567544,27.518336080813626,A3,APOE3
TG O-54:4|TG O-18:0_18:2_18:2(M+NH4)_41.13,EtherTG,n_value,30.9204348992006,5.4093689090737165,A3,APOE3
TG O-56:3|TG O-20:0_18:1_18:2(M+NH4)_42.16,EtherTG,n_value,40.18130132873984,4.146348516033907,A3,APOE3
25-hydroxycholecalciferol(M+H)_24.36,Vitamin_D,n_value,9.940539883217648,5.223168947260451,A4,APOE4
AHexCer 46:1;O3|AHexCer (O-15:0)31:1;O3(M+H-[H2O])_39.35,AHexCer,n_value,23.03569415923669,7.546335151561563,A4,APOE4
AHexCer 55:6;O3|AHexCer (O-18:1)37:5;O3(M+H-[H2O])_39.74,AHexCer,n_value,100.77643048127985,60.381668171559554,A4,APOE4
AHexCer 56:1;O3|AHexCer (O-16:0)40:1;O3(M+H-[H2O])_39.48,AHexCer,n_value,38.275011555240944,17.254658073555294,A4,APOE4
AHexCer 57:1;O3|AHexCer (O-16:0)18:1;O2/23:0;O(M+H)_39.64,AHexCer,n_value,23.18860325405736,15.079725907336137,A4,APOE4
AHexCer 58:1;O3|AHexCer (O-16:0)42:1;O3(M+H)_39.86,AHexCer,n_value,120.49524159490736,70.5797498386434,A4,APOE4
AHexCer 58:1;O3|AHexCer (O-17:0)41:1;O3(M+H-[H2O])_39.62,AHexCer,n_value,72.24006128077075,38.34773104713547,A4,APOE4
AHexCer 58:2;O3|AHexCer (O-18:1)40:1;O3(M+H)_39.48,AHexCer,n_value,39.90371811969591,14.464730411556689,A4,APOE4
AHexCer 59:1;O3|AHexCer (O-18:0)41:1;O3(M+H)_39.99,AHexCer,n_value,65.97615833528344,42.8703421457814,A4,APOE4
AHexCer 59:8;O2|AHexCer (O-15:0)44:8;O2(M+H-[H2O])_39.23,AHexCer,n_value,50.36154357155736,14.1695010359317,A4,APOE4
AHexCer 60:1;O3|AHexCer (O-18:0)42:1;O3(M+H)_40.12,AHexCer,n_value,51.76048367352592,31.873934779598315,A4,APOE4
AHexCer 60:2;O3|AHexCer (O-18:1)18:1;O2/24:0;O(M+H)_39.86,AHexCer,n_value,20.32423959504065,9.240724264749025,A4,APOE4
CAR 16:0(M+H)_16.86,CAR,n_value,19.228657385158275,1.6204397937796196,A4,APOE4
CAR 18:0(M+H)_19.78,CAR,n_value,19.13659934630692,3.248207007204151,A4,APOE4
CE 18:1(d7)(M+NH4)_41.64,CE,n_value,9.90327539254142,14.279020169508492,A4,APOE4
CE 18:2(M+NH4)_41,CE,n_value,27.02946133867903,1.1559856583804613,A4,APOE4
CE 18:3(M+NH4)_40.5,CE,n_value,29.76068932994787,4.008343484894243,A4,APOE4
CE 20:4(M+NH4)_40.75,CE,n_value,25.89415968332782,2.607781462134628,A4,APOE4
CE 22:6(M+NH4)_40.4,CE,n_value,13.88789240509725,2.8523421428664246,A4,APOE4
CL 70:4|CL 34:2_36:2(M+NH4)_39.1,CL,n_value,57.73245868913294,12.945231944817442,A4,APOE4
CL 72:4|CL 18:1_18:1_18:1_18:1(M-H)_39.36,CL,n_value,116.34067561345894,14.60582611102074,A4,APOE4
CL 72:5|CL 18:1_18:1_18:1_18:2(M-H)_39.11,CL,n_value,70.41126130936846,31.7727029104858,A4,APOE4
CL 72:5|CL 36:2_36:3(M+NH4)_39.22,CL,n_value,100.46338369427066,35.50598431824691,A4,APOE4
CL 72:7|CL 16:1_18:1_18:1_20:4(M-H)_38.85,CL,n_value,86.89127433478808,7.366243812279056,A4,APOE4
CL 74:8|CL 18:1_18:2_18:1_20:4(M-H)_38.97,CL,n_value,69.33819495744625,29.26603525278476,A4,APOE4
CL 76:10|CL 18:1_20:4_18:1_20:4(M-H)_38.85,CL,n_value,106.84838850990462,22.50088903281621,A4,APOE4
CL 76:5|CL 39:1_37:4(M-H)_35.04,CL,n_value,33.806868623297206,3.130937279536631,A4,APOE4
CL 78:7|CL 41:2_37:5(M-H)_35.04,CL,n_value,31.79461473595309,1.798103482438285,A4,APOE4
CL 79:5(M+NH4)_34.52,CL,n_value,40.348512312938446,6.986741037853551,A4,APOE4
CL 79:6|CL 36:1_43:5(M-H)_34.4,CL,n_value,36.9604652223556,2.967728987177043,A4,APOE4
CL 79:9|CL 38:4_41:5(M-H)_32.37,CL,n_value,36.45990906066137,4.338304563279228,A4,APOE4
CL 80:6|CL 36:1_44:5(M-H)_34.4,CL,n_value,45.28873147779209,4.550944794749508,A4,APOE4
Cer 36:1;O2|Cer 18:1;O2/18:0(M+H-[H2O])_36.56,Cer_NS,n_value,27.080967232971773,0.5972220663419697,A4,APOE4
Cer 36:1;O2|Cer 18:1;O2/18:0(M+H-[H2O])_38.34,Cer_NS,n_value,25.99383754061977,5.640127009949218,A4,APOE4
Cer 36:1;O2|Cer 18:1;O2/18:0(M-H)_36.56,Cer_NS,n_value,25.032972138010045,1.4802119047499496,A4,APOE4
Cer 36:2;O2|Cer 18:2;O2/18:0(M+H-[H2O])_34.9,Cer_NS,n_value,23.806245030469704,1.5004352772010103,A4,APOE4
Cer 37:1;O4|Cer 18:0;O3/19:1(2OH)(M-H)_36.56,Cer_AP,n_value,24.23326714823146,1.040003479945229,A4,APOE4
Cer 38:1;O2|Cer 20:1;O2/18:0(M+H-[H2O])_37.58,Cer_NS,n_value,26.399218640050904,1.5790605832317437,A4,APOE4
Cer 41:1;O2|Cer 18:1;O2/23:0(M+H)_38.47,Cer_NS,n_value,22.401414174760227,3.0771283468686,A4,APOE4
Cer 41:1;O4|Cer 26:0;O3(FA 15:0)(M-H)_38.22,Cer_EODS,n_value,24.879065417233228,3.262627583940396,A4,APOE4
Cer 42:1;O2|Cer 26:1;O2/16:0(M+Na)_38.98,Cer_NS,n_value,45.77658867355817,21.50253224827325,A4,APOE4
Cer 42:2;O2|Cer 18:1;O2/24:1(M+H)_38.09,Cer_NS,n_value,29.387375545717607,6.0374121258851545,A4,APOE4
Cer 42:2;O2|Cer 18:1;O2/24:1(M+H-[H2O])_38.2,Cer_NS,n_value,30.04054435864153,6.45706653231936,A4,APOE4
Cer 42:2;O2|Cer 18:1;O2/24:1(M+H-[H2O])_39.23,Cer_NS,n_value,23.345321092348527,4.5118755051175805,A4,APOE4
Cer 56:11;O4|Cer 38:9;O3(FA 18:1)(+C2H3O2-)_38.48,Cer_EOS,n_value,21.116904153329745,5.604497949247087,A4,APOE4
CoQ10(M+H)_39.35,CoQ,n_value,10.474249721904314,4.498792534259655,A4,APOE4
CoQ9(M+H)_38.85,CoQ,n_value,20.84339285613432,7.715167958379703,A4,APOE4
DG 18:2(M+Na)_6.94,DG,n_value,12.097925686588631,5.07741239686914,A4,APOE4
DG 19:2(M+Na)_14.69,DG,n_value,15.731521883043206,4.741305723468881,A4,APOE4
DG 20:4(M+Na)_7.45,DG,n_value,30.443577169760594,15.93293564438623,A4,APOE4
DG 21:4(M+Na)_15.33,DG,n_value,36.842183486957296,22.054904120603503,A4,APOE4
DG 33:1(d7)|DG 15:0_18:1(d7)(M+NH4)_36.81,DG,n_value,2.1029969550201404,14.079436277841936,A4,APOE4
DG 34:0|DG 16:0_18:0(M+NH4)_37.96,DG,n_value,25.33164166760677,4.615320564334519,A4,APOE4
DG 34:1|DG 16:0_18:1(M+NH4)_37.32,DG,n_value,27.689572107015152,4.528050743474774,A4,APOE4
DG 36:0|DG 18:0_18:0(M+NH4)_38.47,DG,n_value,28.117860538527463,6.409383503028237,A4,APOE4
DG 36:1|DG 18:0_18:1(M+NH4)_37.97,DG,n_value,21.445553446804244,1.4295955226041712,A4,APOE4
DG 36:2|DG 18:1_18:1(M+NH4)_37.33,DG,n_value,23.679608694595583,3.856825703139309,A4,APOE4
DG 36:4|DG 16:0_20:4(M+NH4)_36.06,DG,n_value,20.24411870421663,12.402006682960751,A4,APOE4
DG 38:4|DG 18:0_20:4(M+NH4)_37.32,DG,n_value,18.95532048568861,1.3450144389941463,A4,APOE4
DG 38:5|DG 18:1_20:4(M+NH4)_36.29,DG,n_value,27.27836922194577,4.184762065175492,A4,APOE4
DG 38:6(M+Na)_35.54,DG,n_value,25.00732189596412,4.782478845082127,A4,APOE4
DG 38:6|DG 16:0_22:6(M+NH4)_35.54,DG,n_value,22.64746205476332,2.818053615176138,A4,APOE4
DG 40:4|DG 18:0_22:4(M+NH4)_37.83,DG,n_value,21.070608222016656,3.7391378477318695,A4,APOE4
DG 40:6(M+Na)_37.07,DG,n_value,22.61035910689352,3.05911831003176,A4,APOE4
DG 40:6|DG 18:0_22:6(M+NH4)_37.07,DG,n_value,23.53198089798181,1.2685703340571748,A4,APOE4
DG 40:7|DG 18:1_22:6(M+NH4)_35.67,DG,n_value,15.532541530878808,8.885043882688514,A4,APOE4
DG 47:11(M+Na)_35.67,DG,n_value,29.249109754165115,2.209216668986842,A4,APOE4
DG 51:9(M+Na)_38.85,DG,n_value,15.422554992173165,9.978032399475376,A4,APOE4
DG 52:1(M+Na)_42.16,DG,n_value,34.549144923113346,2.014875233759244,A4,APOE4
DG O-37:1|DG O-19:1_18:0(M+NH4)_37.7,EtherDG,n_value,37.1748940515542,9.849487716540882,A4,APOE4
DLCL 36:3(M-H)_29.32,DLCL,n_value,27.044811622996345,3.3002235695323767,A4,APOE4
DLCL 42:1(M-H)_20.42,DLCL,n_value,20.628182553468573,2.792726327674913,A4,APOE4
DLCL 42:11(M-H)_29.32,DLCL,n_value,21.34575498815023,2.072746776721172,A4,APOE4
FA 18:1(M-H)_22.7,FA,n_value,29.628039471926964,7.5846132576733085,A4,APOE4
HexCer 36:1;O2|HexCer 18:1;O2/18:0(M+H)_34.91,HexCer_NS,n_value,27.80667079792056,3.951553280902965,A4,APOE4
HexCer 38:1;O2(M+H)_36.69,HexCer_NDS,n_value,25.54152324513426,6.223732998030442,A4,APOE4
HexCer 38:1;O3|HexCer 18:1;O2/20:0;O(M+H)_36.31,HexCer_HS,n_value,24.69552290830228,3.720986222250823,A4,APOE4
HexCer 40:1;O2(M+H)_37.58,HexCer_NDS,n_value,33.36924441779816,5.326504276135065,A4,APOE4
HexCer 40:1;O3(M+H)_37.33,HexCer_HS,n_value,14.90400524655256,6.485985361077797,A4,APOE4
HexCer 40:1;O3|HexCer 18:1;O2/22:0;O(M-H)_37.44,HexCer_HS,n_value,25.898911688474723,7.562885845246694,A4,APOE4
HexCer 40:2;O2|HexCer 18:2;O2/22:0(M+H)_37.44,HexCer_NS,n_value,19.244177988771806,4.192079948620968,A4,APOE4
HexCer 41:1;O3(M+H)_37.7,HexCer_HS,n_value,11.697366137001747,7.522253357635345,A4,APOE4
HexCer 41:1;O3|HexCer 21:1;O2/20:0;O(M-H)_37.71,HexCer_HS,n_value,15.873250546392509,7.151778635282699,A4,APOE4
HexCer 41:2;O2|HexCer 18:1;O2/23:1(M+H)_37.7,HexCer_NS,n_value,8.233526503229024,4.801845482874217,A4,APOE4
HexCer 42:1;O2(M+H)_38.09,HexCer_NDS,n_value,49.283149384250684,13.647151096206134,A4,APOE4
HexCer 42:1;O3(M+H)_37.97,HexCer_HS,n_value,22.9657076495824,2.0277625338816265,A4,APOE4
HexCer 42:1;O3|HexCer 18:1;O2/24:0;O(M-H)_38.08,HexCer_HS,n_value,27.93368782199327,7.226995969802997,A4,APOE4
HexCer 42:2;O2|HexCer 18:1;O2/24:1(M+H)_37.58,HexCer_NS,n_value,17.924705467989448,1.255631281962258,A4,APOE4
HexCer 42:2;O2|HexCer 18:1;O2/24:1(M+H-[H2O])_37.58,HexCer_NS,n_value,19.001288125799213,4.635092951257467,A4,APOE4
HexCer 42:2;O3|HexCer 18:1;O2/24:1;O(M+H)_37.32,HexCer_HS,n_value,11.395382565289715,3.347013346991794,A4,APOE4
HexCer 42:3;O2|HexCer 18:2;O2/24:1(M+H)_37.32,HexCer_NS,n_value,9.9759651896958,4.116753655243597,A4,APOE4
HexCer 43:1;O3|HexCer 18:1;O2/25:0;O(M+H)_38.24,HexCer_HS,n_value,25.18160482588586,29.129487807480828,A4,APOE4
HexCer 43:1;O3|HexCer 18:1;O2/25:0;O(M+H-[H2O])_37.83,HexCer_HS,n_value,35.03472611468116,6.34900062764989,A4,APOE4
HexCer 43:2;O3|HexCer 18:1;O2/25:1;O(M+H)_37.7,HexCer_HS,n_value,46.06804905590431,19.367462125707984,A4,APOE4
LPA 19:5(M-H)_17.24,LPA,n_value,10.82327675754667,21.008524356341105,A4,APOE4
LPC 14:0(M+H)_8.21,LPC,n_value,19.560137049425915,1.5537449210312586,A4,APOE4
LPC 14:0/0:0(M+H)_9.86,LPC,n_value,17.949037730116885,1.4804232690695702,A4,APOE4
LPC 16:0(M+H)_16.35,LPC,n_value,16.508304578773924,1.295101927577479,A4,APOE4
LPC 16:0/0:0(M+H)_17.11,LPC,n_value,21.823831264266826,1.1352022970936548,A4,APOE4
LPC 16:1(M+H)_10.88,LPC,n_value,19.999174072764813,0.4494590697218547,A4,APOE4
LPC 16:1(M+H)_12.53,LPC,n_value,19.940270857353585,0.9631702139416832,A4,APOE4
LPC 16:1(M+Na)_10.87,LPC,n_value,30.816363347851155,9.42202874797655,A4,APOE4
LPC 17:0/0:0(M+H)_18.76,LPC,n_value,15.47914023414641,0.8051408023958099,A4,APOE4
LPC 18:0(M+H)_20.29,LPC,n_value,18.0174079344227,0.5619268544489158,A4,APOE4
LPC 18:2(M+H)_13.93,LPC,n_value,5.783229419915642,0.9097501687613924,A4,APOE4
LPC 18:2(M+H)_15.2,LPC,n_value,7.025119564094879,1.1249221292079254,A4,APOE4
LPC 18:3(M+H)_16.35,LPC,n_value,18.23569592367737,0.6816323547707878,A4,APOE4
LPC 18:3/0:0(M+H)_17.11,LPC,n_value,19.43875556617352,0.7630228878014973,A4,APOE4
LPC 19:0/0:0(M+H)_21.81,LPC,n_value,17.272566014377425,3.146694935743001,A4,APOE4
LPC 20:0/0:0(M+H)_23.34,LPC,n_value,16.31920341749263,5.120303286369911,A4,APOE4
LPC 20:1(M+Na)_20.66,LPC,n_value,16.501401857349506,1.1577446567976402,A4,APOE4
LPC 20:3(M+H)_15.97,LPC,n_value,18.71250258742941,7.196754691838421,A4,APOE4
LPC 20:4(M+H)_14.06,LPC,n_value,6.346918415731507,0.858520669259911,A4,APOE4
LPC 22:0/0:0(M+H)_26.39,LPC,n_value,26.663629415453965,4.232492227143492,A4,APOE4
LPC 22:1(M+H)_23.46,LPC,n_value,15.332902291724686,1.7579549282037528,A4,APOE4
LPC 22:4(M+H)_17.49,LPC,n_value,8.723077239740148,0.333373996412545,A4,APOE4
LPC 22:6(M+H)_13.81,LPC,n_value,6.733351386220622,1.1483484299305062,A4,APOE4
LPC 22:6(M+Na)_13.8,LPC,n_value,7.499957509481264,1.385362302337611,A4,APOE4
LPC 22:6(M+Na)_14.81,LPC,n_value,11.556576817151434,1.8002227548153538,A4,APOE4
LPC 24:1(M+H)_25.76,LPC,n_value,12.965191816281685,2.8317882401776457,A4,APOE4
LPC 24:4(M+H)_19.65,LPC,n_value,10.51601492904268,1.6143107272421895,A4,APOE4
LPC O-16:0(M+H)_18.25,EtherLPC,n_value,22.534589971152133,1.1192685696107374,A4,APOE4
LPE 15:0(M-H)_14.57,LPE,n_value,9.915324619525354,16.207686662792785,A4,APOE4
LPE 16:0(M+H)_16.48,LPE,n_value,16.055759598914857,1.545312125228551,A4,APOE4
LPE 16:0(M-H)_16.48,LPE,n_value,16.498922853700936,2.2547184479350784,A4,APOE4
LPE 16:1(M+H)_10.62,LPE,n_value,19.20868173316011,4.049009660565375,A4,APOE4
LPE 16:1(M-H)_10.63,LPE,n_value,20.645783940682623,2.3440479362045035,A4,APOE4
LPE 16:1(M-H)_12.53,LPE,n_value,19.33562590926153,2.441458023317557,A4,APOE4
LPE 18:0(M+H)_20.67,LPE,n_value,19.35153814361093,0.9920493062333272,A4,APOE4
LPE 18:0(M-H)_20.68,LPE,n_value,19.23798076030429,1.379600364782808,A4,APOE4
LPE 18:1(M+H)_17.49,LPE,n_value,17.247251718651953,1.2908455275239654,A4,APOE4
LPE 18:1(d7)(M-H)_17.37,LPE,n_value,9.935209665585234,11.55520334170274,A4,APOE4
LPE 18:2(M+H)_13.95,LPE,n_value,9.637188557567908,3.4044221566301966,A4,APOE4
LPE 18:2(M-H)_14.06,LPE,n_value,9.511160837804043,3.3372543762060007,A4,APOE4
LPE 18:2(M-H)_15.34,LPE,n_value,7.667080701576429,1.8606371321926207,A4,APOE4
LPE 19:1(M-H)_19.02,LPE,n_value,15.215647164358224,7.857457347863234,A4,APOE4
LPE 20:0(M-H)_23.22,LPE,n_value,13.676886244741874,2.357640323424896,A4,APOE4
LPE 20:1(M+H)_20.41,LPE,n_value,11.367079440565185,0.4665220586142293,A4,APOE4
LPE 20:2(M-H)_18.51,LPE,n_value,14.551383940605346,3.551176086926911,A4,APOE4
LPE 20:3(M+H)_17.36,LPE,n_value,9.534425979751637,1.083236958008782,A4,APOE4
LPE 20:3(M-H)_16.35,LPE,n_value,8.01426545861084,6.016352707999758,A4,APOE4
LPE 20:4(M+H)_14.19,LPE,n_value,7.07587519492031,1.3578672884108047,A4,APOE4
LPE 20:4(M-H)_14.19,LPE,n_value,6.7709272454227065,1.0997412791098362,A4,APOE4
LPE 20:5(M+H)_9.61,LPE,n_value,11.664220796074687,2.4764468358191194,A4,APOE4
LPE 22:1(M+H)_23.34,LPE,n_value,16.437182526170265,3.3361173614733497,A4,APOE4
LPE 22:1(M-H)_23.35,LPE,n_value,14.336032136357227,3.5408953507300747,A4,APOE4
LPE 22:2(M-H)_21.19,LPE,n_value,11.234621876378627,4.765064004717728,A4,APOE4
LPE 22:4(M+H)_17.74,LPE,n_value,7.694662501022683,0.7516584473204819,A4,APOE4
LPE 22:6(M-H)_13.94,LPE,n_value,9.972570906296356,2.12789461426846,A4,APOE4
LPE 23:1(M-H)_24.73,LPE,n_value,5.579581372740492,11.102645885496363,A4,APOE4
LPE 24:1(M+H)_26.26,LPE,n_value,23.53808703937208,21.45456421855631,A4,APOE4
LPE 24:1(M-H)_26.27,LPE,n_value,19.2283157774946,13.02245135675358,A4,APOE4
LPE 24:4(M-H)_20.04,LPE,n_value,15.002548464549823,4.674079525555636,A4,APOE4
LPE 24:5(M+H)_18.76,LPE,n_value,24.9821830338101,3.9971272884594975,A4,APOE4
LPE 24:5(M-H)_18.77,LPE,n_value,16.258216354323157,7.430694818848962,A4,APOE4
LPE 24:6(M+H)_17.24,LPE,n_value,12.797200911420608,4.095492789290695,A4,APOE4
LPE 24:6(M-H)_17.24,LPE,n_value,9.916737795689672,2.087545032869543,A4,APOE4
LPE O-16:0(M-H)_18.64,EtherLPE,n_value,22.501648561391622,2.2234937567039053,A4,APOE4
LPE O-18:0(M+H)_22.07,EtherLPE,n_value,20.876119355151506,2.040399186287968,A4,APOE4
LPE O-18:0(M-H)_22.08,EtherLPE,n_value,19.027333524780868,1.8585334052608025,A4,APOE4
LPE P-18:1(M+H)_20.67,EtherLPE,n_value,20.66994317837102,2.3148093425133367,A4,APOE4
LPG 15:0(M-H)_9.35,LPG,n_value,9.985219876533728,18.458495262442472,A4,APOE4
LPG 16:0(M-H)_14.06,LPG,n_value,22.08283630401277,2.4333139872569607,A4,APOE4
LPG 18:1(M-H)_14.19,LPG,n_value,20.0608874535268,3.1460302332702312,A4,APOE4
LPG 20:4(M-H)_9.36,LPG,n_value,10.045380709184435,2.039270901366119,A4,APOE4
LPG O-20:1(M-H)_20.17,EtherLPG,n_value,23.2470200415809,6.70585015885952,A4,APOE4
LPI 15:0(M-H)_6.82,LPI,n_value,7.858769727360221,11.50366508802082,A4,APOE4
LPI 16:0(M-H)_10.25,LPI,n_value,24.271702425819846,3.2278679202263985,A4,APOE4
LPI 18:0(M-H)_17.62,LPI,n_value,17.911976626000776,4.660853381649136,A4,APOE4
LPI 20:4(M-H)_6.83,LPI,n_value,8.64861762633342,1.120946772990932,A4,APOE4
LPI 22:6(M-H)_6.95,LPI,n_value,8.255548088564376,2.2798625220543656,A4,APOE4
LPS 15:0(M-H)_6.95,LPS,n_value,19.81297752060576,29.025203870015453,A4,APOE4
LPS 18:0(M-H)_17.75,LPS,n_value,18.919960623364627,0.6635282920090907,A4,APOE4
LPS 18:1(M-H)_11.26,LPS,n_value,15.067199965562454,2.2279720578293154,A4,APOE4
LPS 18:1(M-H)_13.43,LPS,n_value,16.33418550639886,1.2312399117805433,A4,APOE4
LPS 20:4(M-H)_7.08,LPS,n_value,8.929212369426967,1.8456030898905773,A4,APOE4
LPS 22:4(M-H)_13.18,LPS,n_value,10.288152734823369,1.7807301753841798,A4,APOE4
LPS 22:4(M-H)_14.57,LPS,n_value,10.726747473055315,0.9072369705811664,A4,APOE4
LPS 22:6(M-H)_7.08,LPS,n_value,6.468420812325689,0.6095774929065477,A4,APOE4
MG 38:1(M+NH4)_38.98,MG,n_value,45.59886572293046,12.767594918071564,A4,APOE4
MGDG 36:1|MGDG 16:0_20:1(M+NH4)_36.82,MGDG,n_value,35.76735869175088,9.265023514691643,A4,APOE4
MMPE 42:2|MMPE 20:1_22:1(M-H)_37.19,MMPE,n_value,26.33649042836516,10.20110180676075,A4,APOE4
NAE 16:0(M+H)_19.66,NAE,n_value,24.94966777675008,3.1071557668778804,A4,APOE4
NAE 18:0(M+H)_22.83,NAE,n_value,9.969471708745791,6.268836078095704,A4,APOE4
PA 33:1(d7)|PA 15:0_18:1(d7)(M-H)_33.5,PA,n_value,39.54137588313443,22.725858797956537,A4,APOE4
PA 33:1(d7)|PA 15:0_18:1(d7)(M-H)_35.55,PA,n_value,9.907984827160355,10.087499642862984,A4,APOE4
PA 33:1(d7)|PA 15:0_18:1(d7)(M-H)_41.65,PA,n_value,9.947016321992308,18.418773629653543,A4,APOE4
PC 22:0(M+H)_22.96,PC,n_value,20.79915955697135,2.1681847922634025,A4,APOE4
PC 23:0(M+H)_23.47,PC,n_value,19.050508723906912,5.097116803438476,A4,APOE4
PC 30:0|PC 14:0_16:0(M+H)_31.98,PC,n_value,30.527524264168285,2.195933643502792,A4,APOE4
PC 31:0|PC 15:0_16:0(M+H)_33.12,PC,n_value,27.902857884859536,6.594979057148341,A4,APOE4
PC 31:2(M+H)_33.12,PC,n_value,25.466109355677823,2.8671707645264384,A4,APOE4
PC 32:0|PC 16:0_16:0(M+H)_34.14,PC,n_value,33.64061998305439,2.9044560525763834,A4,APOE4
PC 32:1|PC 16:0_16:1(M+H)_32.24,PC,n_value,30.8324490078518,1.7602336412824526,A4,APOE4
PC 32:2(M+H)_30.34,PC,n_value,29.67883579430445,3.3152201737636555,A4,APOE4
PC 33:0|PC 16:0_17:0(M+H)_35.16,PC,n_value,25.14607253545975,9.005551529207043,A4,APOE4
PC 33:1(d7)|PC 15:0_18:1(d7)(M+H)_33.25,PC,n_value,9.908541500133232,0.0,A4,APOE4
PC 33:1|PC 16:0_17:1(M+H)_33.38,PC,n_value,23.15848936844444,2.58271796556157,A4,APOE4
PC 34:0|PC 16:0_18:0(M+H)_36.17,PC,n_value,27.5049958260958,5.226213626338638,A4,APOE4
PC 34:1(M+H)_34.4,PC,n_value,26.761318894089094,2.5937755002365868,A4,APOE4
PC 34:2|PC 16:1_18:1(M+H)_32.74,PC,n_value,20.416476371479177,1.2949467357973643,A4,APOE4
PC 34:4(M+H)_30.48,PC,n_value,28.78852381947181,27.49815159715845,A4,APOE4
PC 35:0|PC 16:0_19:0(M+H)_36.69,PC,n_value,44.36654718478994,10.667362503409002,A4,APOE4
PC 35:1|PC 17:0_18:1(M+H)_35.29,PC,n_value,23.94182369265098,0.8379569155449318,A4,APOE4
PC 35:2(M+H)_33.63,PC,n_value,67.67956765442183,42.90377774791942,A4,APOE4
PC 36:1|PC 9:0_27:1(M+H)_36.3,PC,n_value,24.410996758522245,2.5214817411595662,A4,APOE4
PC 36:2|PC 18:1_18:1(M+H)_34.65,PC,n_value,23.902667346502408,0.4301034997790596,A4,APOE4
PC 36:3(M+H)_32.49,PC,n_value,31.54275713928695,7.460348557735414,A4,APOE4
PC 36:4|PC 18:2_18:2(M+H)_32.36,PC,n_value,21.87819347434016,1.115122765997368,A4,APOE4
PC 36:6(M+H)_29.44,PC,n_value,27.60949583272961,4.60693077748066,A4,APOE4
PC 37:4|PC 17:0_20:4(M+H)_33.51,PC,n_value,19.268871575212827,1.753291130651725,A4,APOE4
PC 38:1(M+H)_37.2,PC,n_value,27.278665208808714,1.282805022810881,A4,APOE4
PC 38:2|PC 18:1_20:1(M+H)_36.31,PC,n_value,35.713019609735454,10.58909418732928,A4,APOE4
PC 38:3|PC 18:0_20:3(M+H)_35.28,PC,n_value,71.56773562517712,31.42290754388778,A4,APOE4
PC 38:4|PC 16:0_22:4(M+H)_34.64,PC,n_value,21.71841671315858,1.0092893202846205,A4,APOE4
PC 38:5|PC 18:0_20:5(M+H)_32.61,PC,n_value,33.6544201758721,13.43981940999058,A4,APOE4
PC 38:6(M+H)_31.74,PC,n_value,21.476711859754555,1.682035930873333,A4,APOE4
PC 38:7|PC 16:1_22:6(M+H)_29.81,PC,n_value,22.654213376614923,5.824415569707725,A4,APOE4
PC 38:7|PC 18:3_20:4(M+H)_32.36,PC,n_value,61.00924613526272,29.024218116073985,A4,APOE4
PC 39:6|PC 17:0_22:6(M+H)_32.87,PC,n_value,18.89163613304749,1.9856648713419816,A4,APOE4
PC 40:1(M+H)_37.96,PC,n_value,31.132029618943527,4.187103861718663,A4,APOE4
PC 40:2|PC 20:1_20:1(M+H)_37.2,PC,n_value,32.686206161253324,8.818518057596446,A4,APOE4
PC 40:4(M+H)_35.91,PC,n_value,20.97576463369397,1.0208325031223604,A4,APOE4
PC 40:6(M+Na)_33.99,PC,n_value,23.813532240164392,3.8266886689514528,A4,APOE4
PC 40:6|PC 18:0_22:6(M+H)_33.89,PC,n_value,21.18885625220597,0.9824035484905812,A4,APOE4
PC 40:7(M+Na)_31.98,PC,n_value,20.54719140070735,3.436289573856248,A4,APOE4
PC 40:7|PC 18:1_22:6(M+H)_31.98,PC,n_value,16.263901474064117,1.0359740051699955,A4,APOE4
PC 40:8|PC 18:2_22:6(M+H)_30.21,PC,n_value,13.366640332697129,6.3081801508584485,A4,APOE4
PC 40:9|PC 18:3_22:6(M+H)_31.86,PC,n_value,25.02809738633788,1.2458555782409149,A4,APOE4
PC 41:1(M+H)_38.24,PC,n_value,24.37855402885779,12.69393528606678,A4,APOE4
PC 42:10(M+H)_29.7,PC,n_value,14.65268421246195,2.4686157818012555,A4,APOE4
PC 42:1|PC 24:0_18:1(M+H)_38.47,PC,n_value,22.18246638176536,1.8022777014917333,A4,APOE4
PC 42:2|PC 18:1_24:1(M+H)_37.96,PC,n_value,29.47284233146996,6.965316333891551,A4,APOE4
PC 42:4(M+H)_36.94,PC,n_value,25.00832199111769,1.7970380266098671,A4,APOE4
PC 42:7(M+H)_33.89,PC,n_value,21.6995676675604,3.129687580494134,A4,APOE4
PC 42:7(M+H)_35.91,PC,n_value,34.42974767976856,7.175156360639544,A4,APOE4
PC 43:1(M+H)_38.72,PC,n_value,51.152894957543445,24.604256142100915,A4,APOE4
PC 44:10(M+H)_31.47,PC,n_value,31.60938638195632,8.001267029150407,A4,APOE4
PC 44:12|PC 22:6_22:6(M+H)_29.19,PC,n_value,13.629062333031596,3.401057779951687,A4,APOE4
PC 52:4(M+H)_39.35,PC,n_value,42.92801025502213,13.167674317199353,A4,APOE4
PC 52:5(M+H)_38.98,PC,n_value,32.317043806318146,9.168319638964952,A4,APOE4
PC 54:6(M+H)_39.1,PC,n_value,64.20299929825534,12.387923235176594,A4,APOE4
PC O-32:0|PC O-16:0_16:0(M+H)_35.54,EtherPC,n_value,31.75581039730877,1.1199348998828311,A4,APOE4
PC O-34:0|PC O-18:0_16:0(M+H)_36.94,EtherPC,n_value,28.131039839029725,1.2010564885831232,A4,APOE4
PC O-34:1|PC O-18:1_16:0(M+H)_35.54,EtherPC,n_value,25.74307890666812,1.32085134373101,A4,APOE4
PC O-34:2|PC O-15:2_19:0(M+H)_34.52,EtherPC,n_value,41.11548700742769,15.292227846814257,A4,APOE4
PC O-35:4|PC O-13:0_22:4(M+H)_35.8,EtherPC,n_value,23.334256392353,1.7968209563086082,A4,APOE4
PC O-36:4|PC O-16:0_20:4(M+H)_33.76,EtherPC,n_value,22.25055929354651,1.064779699987343,A4,APOE4
PC O-38:6|PC O-16:0_22:6(M+H)_33.12,EtherPC,n_value,25.1713355577016,2.298747068990624,A4,APOE4
PC O-41:5(M+H)_37.82,EtherPC,n_value,39.309771619027984,7.266637604261859,A4,APOE4
PE 21:0(M+H)_22.58,PE,n_value,18.69166147073792,1.5765666005133072,A4,APOE4
PE 32:0|PE 16:0_16:0(M+H)_34.78,PE,n_value,32.66019326247123,3.033733322540373,A4,APOE4
PE 33:1(d7)|PE 15:0_18:1(d7)(M+H)_33.76,PE,n_value,9.927363058237406,24.01906195419073,A4,APOE4
PE 33:1(d7)|PE 15:0_18:1(d7)(M-H)_33.77,PE,n_value,3.261137348304026,14.170938007858371,A4,APOE4
PE 34:1|PE 16:0_18:1(M+H)_34.9,PE,n_value,29.31449536976969,2.3665941855565245,A4,APOE4
PE 34:1|PE 16:0_18:1(M-H)_34.91,PE,n_value,27.13883238471642,2.4984832934971632,A4,APOE4
PE 34:2|PE 16:0_18:2(M-H)_33,PE,n_value,22.42572593776515,2.835695940049761,A4,APOE4
PE 36:1|PE 18:0_18:1(M+H)_36.56,PE,n_value,20.859535428361664,1.1112501360053464,A4,APOE4
PE 36:1|PE 18:0_18:1(M-H)_36.57,PE,n_value,24.14656075635104,1.2099160573017351,A4,APOE4
PE 36:2|PE 18:1_18:1(M+H)_35.03,PE,n_value,21.86538976659385,1.4783100864169432,A4,APOE4
PE 36:2|PE 18:1_18:1(M-H)_35.04,PE,n_value,23.22866848387924,0.9543022705196892,A4,APOE4
PE 36:3|PE 18:1_18:2(M-H)_33.14,PE,n_value,27.513696664359244,5.594062997837945,A4,APOE4
PE 36:4|PE 16:0_20:4(M+H)_32.99,PE,n_value,22.843033437157004,1.368514710548988,A4,APOE4
PE 36:4|PE 16:0_20:4(M-H)_32.88,PE,n_value,24.854777106165795,0.7517630212153743,A4,APOE4
PE 36:5(M+H)_30.97,PE,n_value,27.938515647182857,3.3713036690526685,A4,APOE4
PE 38:4|PE 18:0_20:4(M+H)_35.03,PE,n_value,20.997561497841826,0.8936045266552324,A4,APOE4
PE 38:4|PE 18:0_20:4(M-H)_35.04,PE,n_value,21.108489018694875,0.955857364380426,A4,APOE4
PE 38:5|PE 18:1_20:4(M+H)_33.12,PE,n_value,26.528213579253503,7.594926126919214,A4,APOE4
PE 38:5|PE 18:1_20:4(M-H)_33.13,PE,n_value,22.32540227839917,5.717884947592794,A4,APOE4
PE 38:6|PE 16:0_22:6(M+H)_32.36,PE,n_value,24.38692917881497,1.1731841970399948,A4,APOE4
PE 38:6|PE 16:0_22:6(M-H)_32.37,PE,n_value,25.30187479296464,1.3706317932208192,A4,APOE4
PE 39:6(M+H)_33.51,PE,n_value,26.341834538158928,5.827728794332612,A4,APOE4
PE 40:1|PE 18:0_22:1(M-H)_36.69,PE,n_value,35.37411585212049,7.268292152061469,A4,APOE4
PE 40:4|PE 18:0_22:4(M+H)_36.3,PE,n_value,22.55951219897577,1.0308253753261003,A4,APOE4
PE 40:4|PE 18:0_22:4(M-H)_36.31,PE,n_value,22.464881724709016,1.525452628091203,A4,APOE4
PE 40:6|PE 18:0_22:6(M+H)_34.63,PE,n_value,19.47528931687167,0.7503115173629423,A4,APOE4
PE 40:6|PE 18:0_22:6(M-H)_34.53,PE,n_value,19.274286725742627,1.013029952729981,A4,APOE4
PE 40:7(M+H)_32.5,PE,n_value,23.066938931794564,2.260827178081637,A4,APOE4
PE 40:7|PE 18:1_22:6(M-H)_32.62,PE,n_value,24.882068742394363,1.765955537352585,A4,APOE4
PE 44:12|PE 22:6_22:6(M-H)_29.7,PE,n_value,23.661437374957103,6.455972098799322,A4,APOE4
PE O-34:1(M+H)_36.05,EtherPE,n_value,28.826883894863595,2.587569770070973,A4,APOE4
PE O-34:1|PE O-18:1_16:0(M-H)_36.06,EtherPE,n_value,30.94818867701811,2.148699074983461,A4,APOE4
PE O-36:2|PE O-18:1_18:1(M-H)_37.2,EtherPE,n_value,25.104730746387293,4.257497934129261,A4,APOE4
PE O-37:3|PE O-22:3_15:0(M-H)_30.59,EtherPE,n_value,9.89067068567368,0.0,A4,APOE4
PE O-38:4|PE O-16:0_22:4(M-H)_35.8,EtherPE,n_value,22.34019271892541,3.2338487431530027,A4,APOE4
PE O-38:6|PE O-16:0_22:6(M-H)_33.77,EtherPE,n_value,22.316597506364843,2.6108408084888097,A4,APOE4
PE O-40:4|PE O-18:0_22:4(M-H)_37.08,EtherPE,n_value,21.37697767490648,1.3304983547808429,A4,APOE4
PE O-40:6|PE O-18:0_22:6(M-H)_35.8,EtherPE,n_value,39.49208360902261,11.35939033640312,A4,APOE4
PE O-40:7|PE O-18:1_22:6(M-H)_35.53,EtherPE,n_value,24.47801996523213,7.574422215573247,A4,APOE4
PE P-38:5|PE P-18:1_20:4(M+H)_33.76,EtherPE,n_value,24.079727368779768,1.8637836082791743,A4,APOE4
PE P-40:5(M+H)_35.8,EtherPE,n_value,23.58486378950442,6.288365475905055,A4,APOE4
PG 32:0|PG 16:0_16:0(M-H)_31.61,PG,n_value,33.294446011364734,3.0864239207542665,A4,APOE4
PG 33:1(d7)|PG 15:0_18:1(d7)(M+NH4)_30.59,PG,n_value,3.947505774121683,16.44131647822122,A4,APOE4
PG 34:1|PG 16:0_18:1(M-H)_31.73,PG,n_value,31.344858776028303,2.4443036026342044,A4,APOE4
PG 38:2|PG 18:1_20:1(M-H)_35.67,PG,n_value,21.45522374830861,6.610168513713025,A4,APOE4
PG 44:12|PG 22:6_22:6(M-H)_25.5,PG,n_value,15.721320543397011,2.594551367120083,A4,APOE4
PI 32:0|PI 16:0_16:0(M-H)_31.24,PI,n_value,18.74124359351941,8.113371594726761,A4,APOE4
PI 33:1(d7)|PI 15:0_18:1(d7)(M+NH4)_30.2,PI,n_value,9.921477694826889,11542.602704616676,A4,APOE4
PI 33:1(d7)|PI 15:0_18:1(d7)(M-H)_30.21,PI,n_value,9.903294485250244,62.22392308084067,A4,APOE4
PI 33:1(d7)|PI 15:0_18:1(d7)(M-H)_33.26,PI,n_value,26.528177678456863,7.411174263657301,A4,APOE4
PI 36:4(M+NH4)_29.44,PI,n_value,39.13296927334441,5.916935474185496,A4,APOE4
PI 36:4|PI 16:0_20:4(M-H)_29.32,PI,n_value,24.130419646985622,1.8392933410365016,A4,APOE4
PI 38:4(M+NH4)_31.6,PI,n_value,18.06815364100025,1.5110020349769004,A4,APOE4
PI 38:4|PI 18:0_20:4(M-H)_31.61,PI,n_value,20.618670071107225,1.5970211073281866,A4,APOE4
PI 38:5(M+NH4)_29.57,PI,n_value,16.951249074425235,3.251198804970997,A4,APOE4
PI 38:5|PI 18:1_20:4(M-H)_29.57,PI,n_value,17.574962391740595,2.1925322205382445,A4,APOE4
PI 38:6(M+NH4)_28.82,PI,n_value,27.77727981207444,5.865049603677221,A4,APOE4
PI 40:6(M+NH4)_31.09,PI,n_value,23.20222053943147,4.714845131741772,A4,APOE4
PI 40:6|PI 18:0_22:6(M-H)_31.1,PI,n_value,22.145665372911896,4.850970222811607,A4,APOE4
PS 34:1(M+H)_31.73,PS,n_value,33.15714922579716,5.058112843990576,A4,APOE4
PS 36:0;O3|PS 18:0_18:0;O3(M-H)_32.12,OxPS,n_value,28.171824695754925,11.544840741678245,A4,APOE4
PS 36:1|PS 18:0_18:1(M+H)_33.76,PS,n_value,24.01678431647295,3.794572119315245,A4,APOE4
PS 36:1|PS 18:0_18:1(M-H)_33.77,PS,n_value,26.32145628483208,5.222149997239189,A4,APOE4
PS 36:2|PS 18:1_18:1(M+H)_31.98,PS,n_value,24.77711100232119,2.248332707663508,A4,APOE4
PS 36:2|PS 18:1_18:1(M-H)_32.12,PS,n_value,53.426129808603626,11.253016456628878,A4,APOE4
PS 38:4(M+H)_31.99,PS,n_value,23.941387236056308,3.2228770690701496,A4,APOE4
PS 38:4|PS 18:0_20:4(M-H)_32.24,PS,n_value,26.05695122266664,3.5992253456872287,A4,APOE4
PS 38:5;O3|PS 18:0_20:5;O3(M-H)_31.35,OxPS,n_value,22.858148746584217,2.052885145929645,A4,APOE4
PS 38:6(M+H)_29.06,PS,n_value,38.02128601284149,8.689411884296403,A4,APOE4
PS 38:6|PS 16:0_22:6(M-H)_29.19,PS,n_value,34.970092738254806,6.619476451066168,A4,APOE4
PS 40:4|PS 18:0_22:4(M+H)_33.5,PS,n_value,18.18404362797304,7.73181583934423,A4,APOE4
PS 40:4|PS 18:0_22:4(M-H)_33.38,PS,n_value,22.773772943026223,3.568565915784866,A4,APOE4
PS 40:6(M+Na)_31.34,PS,n_value,28.88370235246733,4.170976166428697,A4,APOE4
PS 40:6|PS 18:0_22:6(M+H)_31.35,PS,n_value,19.3501992789749,0.8151866305318177,A4,APOE4
PS 40:6|PS 18:0_22:6(M-H)_31.35,PS,n_value,20.504800030062352,1.607418289674218,A4,APOE4
PS 40:6|PS 18:0_22:6(M-H)_35.17,PS,n_value,25.543129434137647,1.8935906543417067,A4,APOE4
PS 40:7(M+H)_29.32,PS,n_value,33.942658049673625,10.754967919084551,A4,APOE4
PS 40:7|PS 18:1_22:6(M-H)_29.32,PS,n_value,32.29465778891685,10.76857102195636,A4,APOE4
PS 44:10|PS 22:4_22:6(M+H)_28.81,PS,n_value,22.40560109552757,5.497262723628171,A4,APOE4
PS 44:12|PS 22:6_22:6(M+H)_26.51,PS,n_value,41.40900337249021,12.93740301138416,A4,APOE4
PS 44:12|PS 22:6_22:6(M-H)_26.52,PS,n_value,17.76487910412091,7.324814991992385,A4,APOE4
SM 30:5;O3(M+H)_21.68,SM,n_value,25.28221895733129,4.273184849249357,A4,APOE4
SM 34:1;O2|SM 18:1;O2/16:0(M+H)_32.11,SM,n_value,26.156149423432847,0.7978144871242053,A4,APOE4
SM 34:1;O3(M+H)_31.22,SM,n_value,29.274182295363385,2.71782553830256,A4,APOE4
SM 34:2;O2(M+H)_30.08,SM,n_value,30.08015636600273,1.6809060632076551,A4,APOE4
SM 35:1;O2(M+H)_33.25,SM,n_value,20.18182749215262,1.2496080966408385,A4,APOE4
SM 36:0;O3(M+H)_36.94,SM,n_value,49.775237617154175,9.187263120782342,A4,APOE4
SM 36:1;O2|SM 18:1;O2/18:0(M+H)_34.4,SM,n_value,26.61635547035728,1.956949946084472,A4,APOE4
SM 36:2;O2(M+H)_32.49,SM,n_value,19.314389360836262,1.0996776998743372,A4,APOE4
SM 38:1;O2|SM 20:1;O2/18:0(M+H)_36.3,SM,n_value,22.56447491852455,1.3796518896771748,A4,APOE4
SM 40:1;O2|SM 18:1;O2/22:0(M+H)_37.45,SM,n_value,10.022041488699251,4.092923222509642,A4,APOE4
SM 40:2;O2(M+H)_36.43,SM,n_value,35.118673715303125,4.880327822725616,A4,APOE4
SM 40:7;O2(M+H)_27.67,SM,n_value,22.87934458459857,11.00707741895169,A4,APOE4
SM 42:2;O2|SM 18:1;O2/24:1(M+H)_37.32,SM,n_value,28.59735694702681,3.981747750173288,A4,APOE4
SM 42:3;O2|SM 18:1;O2/24:2(M+H)_36.43,SM,n_value,19.606051671386457,2.2969268772268085,A4,APOE4
SM 43:4;O2(M+H)_24.36,SM,n_value,13.720440862984582,8.367194478949134,A4,APOE4
ST 27:1;O(M+H-[H2O])_32.24,ST,n_value,28.86873862260647,3.84976152598756,A4,APOE4
ST 27:1;O(M+H-[H2O])_41,ST,n_value,25.74211176691671,2.5778628779345065,A4,APOE4
ST 27:2;O(M+H)_31.1,ST,n_value,9.952697888675136,5.805473663414306,A4,APOE4
TG 48:0|TG 16:0_16:0_16:0(M+NH4)_40.75,TG,n_value,42.6599613992862,4.7104800804969615,A4,APOE4
TG 48:1(d7)|TG 15:0_18:1(d7)_15:0(M+NH4)_40.24,TG,n_value,9.93317288309374,22.216142090666253,A4,APOE4
TG 48:2|TG 16:0_16:1_16:1(M+NH4)_39.76,TG,n_value,24.088753938736247,6.7506826689400725,A4,APOE4
TG 50:0|TG 16:0_16:0_18:0(M+NH4)_41.26,TG,n_value,54.35113282902075,15.828025597599767,A4,APOE4
TG 50:1|TG 16:0_16:0_18:1(M+NH4)_40.63,TG,n_value,35.991791784086935,13.242891393303946,A4,APOE4
TG 50:2|TG 16:0_16:1_18:1(M+NH4)_40.24,TG,n_value,26.896507841336778,6.772488641925812,A4,APOE4
TG 50:3|TG 16:0_16:1_18:2(M+NH4)_39.86,TG,n_value,18.143667071020243,3.926999807652906,A4,APOE4
TG 50:4|TG 16:1_16:1_18:2(M+NH4)_39.48,TG,n_value,10.021381394221471,4.853623935247642,A4,APOE4
TG 52:1|TG 16:0_18:0_18:1(M+NH4)_41.26,TG,n_value,86.23140474149542,42.98818521742442,A4,APOE4
TG 52:2|TG 16:0_18:1_18:1(M+NH4)_40.63,TG,n_value,25.126875945370656,10.68161847391312,A4,APOE4
TG 52:3|TG 16:0_18:1_18:2(M+NH4)_40.24,TG,n_value,14.47797892415676,6.475179307894398,A4,APOE4
TG 52:4|TG 16:1_18:1_18:2(M+NH4)_39.86,TG,n_value,12.26158243050943,3.585402588909641,A4,APOE4
TG 52:5|TG 16:1_18:2_18:2(M+NH4)_39.5,TG,n_value,17.063596362350886,4.323172031588844,A4,APOE4
TG 54:3|TG 18:1_18:1_18:1(M+NH4)_40.62,TG,n_value,9.96991451468758,7.704826317075537,A4,APOE4
TG 54:4|TG 18:1_18:1_18:2(M+NH4)_40.24,TG,n_value,16.238040344627834,7.987412491229827,A4,APOE4
TG 54:6|TG 18:1_18:2_18:3(M+NH4)_39.86,TG,n_value,15.805793388216369,8.402861797652625,A4,APOE4
TG 60:12|TG 16:0_22:6_22:6(M+NH4)_39.35,TG,n_value,37.49650892980639,16.675008637354303,A4,APOE4
TG O-50:0|TG O-18:0_16:0_16:0(M+NH4)_42.28,EtherTG,n_value,31.77828115067925,6.115062016954018,A4,APOE4
TG O-50:2|TG O-16:0_16:0_18:2(M+NH4)_41.12,EtherTG,n_value,28.50729012380977,3.252880763330376,A4,APOE4
TG O-52:1|TG O-18:0_16:0_18:1(M+NH4)_42.16,EtherTG,n_value,41.69357952429084,10.996323251546489,A4,APOE4
TG O-52:2|TG O-18:0_16:0_18:2(M+NH4)_41.64,EtherTG,n_value,33.15020352910274,10.359379094323693,A4,APOE4
TG O-52:3|TG O-16:0_18:1_18:2(M+NH4)_41.01,EtherTG,n_value,24.62258054336043,2.599633825267188,A4,APOE4
TG O-54:2|TG O-20:0_16:0_18:2(M+NH4)_42.28,EtherTG,n_value,27.53074101985856,7.275946924632615,A4,APOE4
TG O-54:4|TG O-18:0_18:2_18:2(M+NH4)_41.13,EtherTG,n_value,26.342088816148763,2.882486416289104,A4,APOE4
TG O-56:3|TG O-20:0_18:1_18:2(M+NH4)_42.16,EtherTG,n_value,33.7360283358162,5.150049475116117,A4,APOE4
AHexCer 46:1;O3|AHexCer (O-15:0)31:1;O3(M+H-[H2O])_39.35,AHexCer,Abundance asymptote,0.2579904843430626,0.0284724376887389,A2,APOE2
AHexCer 55:6;O3|AHexCer (O-18:1)37:5;O3(M+H-[H2O])_39.74,AHexCer,Abundance asymptote,0.6729676005938522,0.0401222446373546,A2,APOE2
AHexCer 56:1;O3|AHexCer (O-16:0)40:1;O3(M+H-[H2O])_39.48,AHexCer,Abundance asymptote,0.8087811437338966,2.98364193711541,A2,APOE2
C18-Sphingosine(M+H)_18,C18-Sphingosine(M+H)_18,Abundance asymptote,0.3332678993387468,0.042022725469757,A2,APOE2
CAR 16:0(M+H)_16.86,CAR,Abundance asymptote,0.8898405745756733,0.0378449946609737,A2,APOE2
CAR 18:0(M+H)_19.78,CAR,Abundance asymptote,0.6460450925191168,0.0434932033575482,A2,APOE2
CE 18:2(M+NH4)_41,CE,Abundance asymptote,0.662184892652819,0.0429492177281075,A2,APOE2
CE 18:3(M+NH4)_40.5,CE,Abundance asymptote,0.6443891915438452,0.0504328894491082,A2,APOE2
CE 20:4(M+NH4)_40.75,CE,Abundance asymptote,0.699178075578353,0.0745759162537296,A2,APOE2
CE 22:6(M+NH4)_40.4,CE,Abundance asymptote,0.3493662694068281,0.2912527367961766,A2,APOE2
CL 70:4|CL 34:2_36:2(M+NH4)_39.1,CL,Abundance asymptote,0.5194839866199213,0.31079538703459,A2,APOE2
CL 72:5|CL 18:1_18:1_18:1_18:2(M-H)_39.11,CL,Abundance asymptote,0.1537625619461903,0.0293227878843788,A2,APOE2
CL 72:5|CL 36:2_36:3(M+NH4)_39.22,CL,Abundance asymptote,0.1537625619461903,0.0293227878843788,A2,APOE2
CL 76:5|CL 39:1_37:4(M-H)_35.04,CL,Abundance asymptote,0.7824037099251921,0.091779266136645,A2,APOE2
CL 78:7|CL 41:2_37:5(M-H)_35.04,CL,Abundance asymptote,1.1469569862581432,0.1793783721112518,A2,APOE2
CL 79:6|CL 36:1_43:5(M-H)_34.4,CL,Abundance asymptote,0.7779498452554164,0.1064304736582828,A2,APOE2
CL 79:9|CL 38:4_41:5(M-H)_32.37,CL,Abundance asymptote,0.9795582337757618,0.0246578274330433,A2,APOE2
CL 80:6|CL 36:1_44:5(M-H)_34.4,CL,Abundance asymptote,1.027416511257218,0.1262533219550015,A2,APOE2
Cer 38:1;O2|Cer 20:1;O2/18:0(M+H-[H2O])_37.58,Cer_NS,Abundance asymptote,0.8921335587971613,0.1281639002920206,A2,APOE2
Cer 38:1;O2|Cer 20:1;O2/18:0(M+H-[H2O])_38.85,Cer_NS,Abundance asymptote,0.9758414564082676,0.152813058774522,A2,APOE2
Cer 41:1;O2|Cer 18:1;O2/23:0(M+H)_38.47,Cer_NS,Abundance asymptote,0.6140465861280894,0.0758444785262924,A2,APOE2
Cer 41:1;O4|Cer 26:0;O3(FA 15:0)(M-H)_38.22,Cer_EODS,Abundance asymptote,0.4710462610271392,0.0145842365044455,A2,APOE2
Cer 42:2;O2|Cer 18:1;O2/24:1(M+H)_38.09,Cer_NS,Abundance asymptote,0.4130415475984152,0.1298026952649225,A2,APOE2
Cer 42:2;O2|Cer 18:1;O2/24:1(M+H-[H2O])_38.2,Cer_NS,Abundance asymptote,0.4130415475984152,0.1298026952649225,A2,APOE2
Cer 42:2;O2|Cer 18:1;O2/24:1(M+H-[H2O])_39.23,Cer_NS,Abundance asymptote,0.1956575299777638,0.0306603426964283,A2,APOE2
CoQ9(M+H)_38.85,CoQ,Abundance asymptote,0.4883622872298201,0.0578995701013309,A2,APOE2
DG 18:2(M+Na)_6.94,DG,Abundance asymptote,0.4825861394992534,0.0726585959101586,A2,APOE2
DG 19:2(M+Na)_14.69,DG,Abundance asymptote,0.1413049082048625,0.0236625133113147,A2,APOE2
DG 19:2(M+Na)_16.1,DG,Abundance asymptote,0.2315222508916401,0.0577290892543873,A2,APOE2
DG 21:4(M+Na)_15.33,DG,Abundance asymptote,0.1626110080420672,0.0280041721670288,A2,APOE2
DG 34:1|DG 16:0_18:1(M+NH4)_37.32,DG,Abundance asymptote,0.8423581020629849,0.0375944828026153,A2,APOE2
DG 36:1|DG 18:0_18:1(M+NH4)_37.97,DG,Abundance asymptote,1.0945809803138622,0.099474984111035,A2,APOE2
DG 36:2|DG 18:1_18:1(M+NH4)_37.33,DG,Abundance asymptote,0.5248066003861931,0.0757602043828037,A2,APOE2
DG 38:4|DG 18:0_20:4(M+NH4)_37.32,DG,Abundance asymptote,0.9559919035254713,0.0426140159018543,A2,APOE2
DG 38:5|DG 18:1_20:4(M+NH4)_36.29,DG,Abundance asymptote,1.107755870000346,5.442688492254191,A2,APOE2
DG 38:6(M+Na)_35.54,DG,Abundance asymptote,0.8775585836239732,0.0249876242129774,A2,APOE2
DG 38:6|DG 16:0_22:6(M+NH4)_35.54,DG,Abundance asymptote,0.8775585836239732,0.0249876242129774,A2,APOE2
DG 40:4|DG 18:0_22:4(M+NH4)_37.83,DG,Abundance asymptote,0.5139881404940011,0.0365139229762336,A2,APOE2
DG 40:6(M+Na)_37.07,DG,Abundance asymptote,0.8863731118129512,0.057209750839446,A2,APOE2
DG 40:6|DG 18:0_22:6(M+NH4)_37.07,DG,Abundance asymptote,0.8863731118129512,0.057209750839446,A2,APOE2
DG 40:7|DG 18:1_22:6(M+NH4)_35.67,DG,Abundance asymptote,1.185324585255516,0.9262979457625596,A2,APOE2
DG 47:11(M+Na)_35.67,DG,Abundance asymptote,1.1774174875652397,0.632759214152368,A2,APOE2
DG 52:1(M+Na)_42.16,DG,Abundance asymptote,0.8874053323225897,0.0712052060158886,A2,APOE2
DLCL 36:3(M-H)_29.32,DLCL,Abundance asymptote,0.8774078041276333,0.064663763332093,A2,APOE2
DLCL 42:11(M-H)_29.32,DLCL,Abundance asymptote,0.8249751186240176,0.0545280487998259,A2,APOE2
DLCL 44:12(M-H)_29.57,DLCL,Abundance asymptote,0.4683165006092902,0.0483623055283272,A2,APOE2
FA 18:1(M-H)_22.7,FA,Abundance asymptote,0.3642314117780366,0.0702791178605308,A2,APOE2
GM3 36:1;O2(M-H)_30.85,GM3,Abundance asymptote,1.0809216839598097,0.1922191497714949,A2,APOE2
HexCer 36:1;O2|HexCer 18:1;O2/18:0(M+H)_34.91,HexCer_NS,Abundance asymptote,0.2700863104666184,0.0501800417744215,A2,APOE2
HexCer 38:1;O2(M+H)_36.69,HexCer_NDS,Abundance asymptote,0.6257864215548588,0.5909515108426728,A2,APOE2
LPC 14:0(M+H)_8.21,LPC,Abundance asymptote,0.9261884590978808,0.0219044260760149,A2,APOE2
LPC 14:0/0:0(M+H)_9.86,LPC,Abundance asymptote,0.9000960839275848,0.0348972195398069,A2,APOE2
LPC 16:0(M+H)_16.35,LPC,Abundance asymptote,0.9747235552214992,0.0402128858119561,A2,APOE2
LPC 16:0/0:0(M+H)_17.11,LPC,Abundance asymptote,1.00085432162331,0.0266739605405373,A2,APOE2
LPC 16:1(M+H)_10.88,LPC,Abundance asymptote,0.8737623695084548,0.0434770223872018,A2,APOE2
LPC 16:1(M+H)_12.53,LPC,Abundance asymptote,0.9079887851624582,0.0286072811587475,A2,APOE2
LPC 16:1(M+Na)_10.87,LPC,Abundance asymptote,0.8737623695084548,0.0434770223872018,A2,APOE2
LPC 17:0/0:0(M+H)_18.76,LPC,Abundance asymptote,0.728451970172448,0.0377249534959383,A2,APOE2
LPC 18:0(M+H)_20.29,LPC,Abundance asymptote,1.082998727431998,0.0871095142632359,A2,APOE2
LPC 18:2(M+H)_13.93,LPC,Abundance asymptote,0.6080040448270282,0.0286076456596229,A2,APOE2
LPC 18:2(M+H)_15.2,LPC,Abundance asymptote,0.6599661591211862,0.0362967392225372,A2,APOE2
LPC 18:3(M+H)_16.35,LPC,Abundance asymptote,1.1034417024252856,0.0880084074236033,A2,APOE2
LPC 18:3/0:0(M+H)_17.11,LPC,Abundance asymptote,0.8988051765201579,0.0413401894023422,A2,APOE2
LPC 20:0/0:0(M+H)_23.34,LPC,Abundance asymptote,0.3328264480942825,0.0401091656535149,A2,APOE2
LPC 20:1(M+Na)_20.66,LPC,Abundance asymptote,0.8846398332108545,0.0498937810685952,A2,APOE2
LPC 20:3(M+H)_15.97,LPC,Abundance asymptote,1.022241028894293,0.0383591902642773,A2,APOE2
LPC 20:4(M+H)_14.06,LPC,Abundance asymptote,1.0830949662951868,0.1647968080427165,A2,APOE2
LPC 20:5(M+H)_9.86,LPC,Abundance asymptote,0.864662168107692,0.0632196781618718,A2,APOE2
LPC 22:0/0:0(M+H)_26.39,LPC,Abundance asymptote,0.4297232655495761,0.0666386381773408,A2,APOE2
LPC 22:1(M+H)_23.46,LPC,Abundance asymptote,0.8406931934068579,0.204651294019554,A2,APOE2
LPC 22:4(M+H)_17.49,LPC,Abundance asymptote,1.029652028200147,0.0965069977500146,A2,APOE2
LPC 22:6(M+H)_13.81,LPC,Abundance asymptote,0.9584093036570608,0.0757009937548239,A2,APOE2
LPC 22:6(M+Na)_13.8,LPC,Abundance asymptote,0.9584093036570608,0.0757009937548239,A2,APOE2
LPC 22:6(M+Na)_14.81,LPC,Abundance asymptote,0.6771776865781973,0.0532642694297738,A2,APOE2
LPC 24:1(M+H)_25.76,LPC,Abundance asymptote,0.4595127099455556,0.0348281820584691,A2,APOE2
LPC 24:4(M+H)_19.65,LPC,Abundance asymptote,1.060858670280136,0.0970120088995407,A2,APOE2
LPC O-16:0(M+H)_18.25,EtherLPC,Abundance asymptote,0.9494392398934236,0.0474067568993812,A2,APOE2
LPE 16:0(M+H)_16.48,LPE,Abundance asymptote,1.0503269969181936,0.0755505482146304,A2,APOE2
LPE 16:0(M-H)_16.48,LPE,Abundance asymptote,1.0503269969181936,0.0755505482146304,A2,APOE2
LPE 16:1(M+H)_10.62,LPE,Abundance asymptote,1.0532248908698332,0.1562668939033322,A2,APOE2
LPE 16:1(M+H)_12.41,LPE,Abundance asymptote,0.7582772250143094,0.0441175345800799,A2,APOE2
LPE 16:1(M-H)_10.63,LPE,Abundance asymptote,1.0532248908698332,0.1562668939033322,A2,APOE2
LPE 16:1(M-H)_12.53,LPE,Abundance asymptote,0.7582772250143094,0.0441175345800799,A2,APOE2
LPE 18:0(M+H)_20.67,LPE,Abundance asymptote,1.1560445926665612,0.0611760185752892,A2,APOE2
LPE 18:0(M-H)_20.68,LPE,Abundance asymptote,1.1560445926665612,0.0611760185752892,A2,APOE2
LPE 18:2(M+H)_13.95,LPE,Abundance asymptote,0.6069568699439727,0.1424625252239182,A2,APOE2
LPE 18:2(M-H)_14.06,LPE,Abundance asymptote,0.6069568699439727,0.1424625252239182,A2,APOE2
LPE 19:1(M-H)_19.02,LPE,Abundance asymptote,0.528371078017248,0.2244413135809879,A2,APOE2
LPE 20:0(M+H)_23.21,LPE,Abundance asymptote,0.3900379668549385,0.0755220518042504,A2,APOE2
LPE 20:0(M-H)_23.22,LPE,Abundance asymptote,0.3900379668549385,0.0755220518042504,A2,APOE2
LPE 20:3(M+H)_17.36,LPE,Abundance asymptote,0.950400872005428,0.3632610506858058,A2,APOE2
LPE 20:5(M+H)_9.61,LPE,Abundance asymptote,0.5042112118288591,0.0572729680854854,A2,APOE2
LPE 20:5(M-H)_9.74,LPE,Abundance asymptote,0.5042112118288591,0.0572729680854854,A2,APOE2
LPE 22:1(M+H)_23.34,LPE,Abundance asymptote,0.4926737104783616,0.1014990619156078,A2,APOE2
LPE 22:1(M-H)_23.35,LPE,Abundance asymptote,0.4926737104783616,0.1014990619156078,A2,APOE2
LPE O-16:0(M-H)_18.64,EtherLPE,Abundance asymptote,0.9874681441923004,0.0293040264084834,A2,APOE2
LPE O-18:0(M+H)_22.07,EtherLPE,Abundance asymptote,0.8874373906722285,0.0525725546817203,A2,APOE2
LPE O-18:0(M-H)_22.08,EtherLPE,Abundance asymptote,0.8874373906722285,0.0525725546817203,A2,APOE2
LPG 16:0(M-H)_14.06,LPG,Abundance asymptote,1.0168120455211949,0.0177537549651404,A2,APOE2
LPG 18:1(M-H)_14.19,LPG,Abundance asymptote,0.7400836001091282,0.0258046024947931,A2,APOE2
LPG 20:4(M-H)_9.36,LPG,Abundance asymptote,0.8232474104403384,0.0861544922233667,A2,APOE2
LPG 22:6(M-H)_9.36,LPG,Abundance asymptote,1.0279954217451015,0.0665306526836977,A2,APOE2
LPG O-20:1(M-H)_20.17,EtherLPG,Abundance asymptote,0.6742091358546396,0.2855631581067667,A2,APOE2
LPI 16:0(M-H)_10.25,LPI,Abundance asymptote,0.9570056264149304,0.0443218512078248,A2,APOE2
LPI 18:0(M-H)_17.62,LPI,Abundance asymptote,0.4827478471669877,0.0181842835018295,A2,APOE2
LPI 20:4(M-H)_6.83,LPI,Abundance asymptote,1.0838035987007997,0.0481896406350377,A2,APOE2
LPI 22:6(M-H)_6.95,LPI,Abundance asymptote,1.0015491460056698,0.0954339644045084,A2,APOE2
LPS 18:1(M-H)_11.26,LPS,Abundance asymptote,0.6339476524554939,0.0785453743957524,A2,APOE2
LPS 18:1(M-H)_13.43,LPS,Abundance asymptote,0.6504921021388304,0.0576273291010213,A2,APOE2
LPS 20:4(M-H)_7.08,LPS,Abundance asymptote,1.0853384989831465,0.0883070186679796,A2,APOE2
MMPE 42:2|MMPE 20:1_22:1(M-H)_37.19,MMPE,Abundance asymptote,0.289413621455042,0.0460078053166329,A2,APOE2
NAE 16:0(M+H)_19.66,NAE,Abundance asymptote,0.5006962164997825,0.0441537228039009,A2,APOE2
NAE 18:0(M+H)_22.83,NAE,Abundance asymptote,0.3039019651882774,0.0576307885428282,A2,APOE2
PC 22:0(M+H)_22.96,PC,Abundance asymptote,0.9287850769883824,0.0290304341493068,A2,APOE2
PC 23:0(M+H)_23.47,PC,Abundance asymptote,0.8887562950280158,0.0407038518772928,A2,APOE2
PC 30:0|PC 14:0_16:0(M+H)_31.98,PC,Abundance asymptote,0.9007884867092348,0.0406318974427294,A2,APOE2
PC 31:0|PC 15:0_16:0(M+H)_33.12,PC,Abundance asymptote,0.6954817465541006,0.0579624292591003,A2,APOE2
PC 31:2(M+H)_33.12,PC,Abundance asymptote,0.886349961530606,0.0272645616668098,A2,APOE2
PC 32:0|PC 16:0_16:0(M+H)_34.14,PC,Abundance asymptote,1.0094187918366109,0.025091085973409,A2,APOE2
PC 32:1|PC 16:0_16:1(M+H)_32.24,PC,Abundance asymptote,0.9399993655336444,0.0295310482777251,A2,APOE2
PC 32:2(M+H)_30.34,PC,Abundance asymptote,0.8704801541145558,0.0319942281379783,A2,APOE2
PC 33:0|PC 16:0_17:0(M+H)_35.16,PC,Abundance asymptote,0.4177431955041742,0.0442302856985015,A2,APOE2
PC 33:1|PC 16:0_17:1(M+H)_33.38,PC,Abundance asymptote,0.8945382643800235,0.0447237951030339,A2,APOE2
PC 34:0|PC 16:0_18:0(M+H)_36.17,PC,Abundance asymptote,0.4102072119792039,0.0414179187966237,A2,APOE2
PC 34:1(M+H)_34.4,PC,Abundance asymptote,0.8651209354247431,0.0287295329053474,A2,APOE2
PC 34:2|PC 16:1_18:1(M+H)_32.74,PC,Abundance asymptote,0.9326001946107916,0.0249652021477671,A2,APOE2
PC 35:1|PC 17:0_18:1(M+H)_35.29,PC,Abundance asymptote,1.078764363337659,0.1359004929501284,A2,APOE2
PC 35:2(M+H)_33.63,PC,Abundance asymptote,0.293812644851115,0.0369696929685498,A2,APOE2
PC 36:1|PC 9:0_27:1(M+H)_36.3,PC,Abundance asymptote,1.0820913118646012,0.1180122180160655,A2,APOE2
PC 36:2|PC 18:1_18:1(M+H)_34.65,PC,Abundance asymptote,0.9130583505441408,0.0786629849332324,A2,APOE2
PC 36:3(M+H)_32.49,PC,Abundance asymptote,0.1632761850378141,0.0188087024999268,A2,APOE2
PC 36:4|PC 18:2_18:2(M+H)_32.36,PC,Abundance asymptote,1.039855974099192,0.0261256596949008,A2,APOE2
PC 38:1(M+H)_37.2,PC,Abundance asymptote,0.747231476482837,0.1265392330415474,A2,APOE2
PC 38:4|PC 16:0_22:4(M+H)_34.64,PC,Abundance asymptote,1.0966234251761804,0.0496252655036528,A2,APOE2
PC 38:6(M+H)_31.74,PC,Abundance asymptote,0.9050905432190122,0.0288702870093549,A2,APOE2
PC 38:7|PC 16:1_22:6(M+H)_29.81,PC,Abundance asymptote,0.8077224596498844,0.0434144955685772,A2,APOE2
PC 39:6|PC 17:0_22:6(M+H)_32.87,PC,Abundance asymptote,0.8179420963262988,0.0393185708555635,A2,APOE2
PC 40:1(M+H)_37.96,PC,Abundance asymptote,0.8007964233089878,0.3900267063826692,A2,APOE2
PC 40:2|PC 20:1_20:1(M+H)_37.2,PC,Abundance asymptote,0.5946701212800739,0.1246629355085753,A2,APOE2
PC 40:4(M+H)_35.91,PC,Abundance asymptote,1.0917634481008007,0.0758743708339264,A2,APOE2
PC 40:6(M+Na)_33.99,PC,Abundance asymptote,1.0417169492590397,0.0334619119558023,A2,APOE2
PC 40:6|PC 18:0_22:6(M+H)_33.89,PC,Abundance asymptote,1.0417169492590397,0.0334619119558023,A2,APOE2
PC 40:7(M+Na)_31.98,PC,Abundance asymptote,0.8033579501590038,0.0484846129597436,A2,APOE2
PC 40:7|PC 18:1_22:6(M+H)_31.98,PC,Abundance asymptote,0.8033579501590038,0.0484846129597436,A2,APOE2
PC 40:8|PC 18:2_22:6(M+H)_30.21,PC,Abundance asymptote,0.2001188559244726,0.1080421888887703,A2,APOE2
PC 40:9|PC 18:3_22:6(M+H)_31.86,PC,Abundance asymptote,0.8387338096681398,0.0387141953254629,A2,APOE2
PC 42:10(M+H)_29.7,PC,Abundance asymptote,0.9404021074322748,0.1749340653488748,A2,APOE2
PC 42:2|PC 18:1_24:1(M+H)_37.96,PC,Abundance asymptote,1.0369634559236462,0.7268092016186145,A2,APOE2
PC 42:4(M+H)_36.94,PC,Abundance asymptote,1.0131264983157735,0.0527693981894707,A2,APOE2
PC 42:7(M+H)_33.89,PC,Abundance asymptote,0.8507502388738267,0.0656800373646346,A2,APOE2
PC 43:1(M+H)_38.72,PC,Abundance asymptote,0.7522575369535592,3.1976612643558404,A2,APOE2
PC 44:10(M+H)_31.47,PC,Abundance asymptote,0.5972138092341308,0.0358400727709614,A2,APOE2
PC 52:4(M+H)_39.35,PC,Abundance asymptote,0.425002488992533,0.0333650764867769,A2,APOE2
PC 54:6(M+H)_39.1,PC,Abundance asymptote,0.5792102277551738,0.1212521229539155,A2,APOE2
PC O-32:0|PC O-16:0_16:0(M+H)_35.54,EtherPC,Abundance asymptote,1.1341477987044906,0.0976648378328644,A2,APOE2
PC O-34:1|PC O-18:1_16:0(M+H)_35.54,EtherPC,Abundance asymptote,0.9944073619935424,0.0470009873856494,A2,APOE2
PC O-35:4|PC O-13:0_22:4(M+H)_35.8,EtherPC,Abundance asymptote,1.0709720193191024,0.0601216321029357,A2,APOE2
PC O-36:4|PC O-16:0_20:4(M+H)_33.76,EtherPC,Abundance asymptote,0.9087214368959418,0.0333201138052307,A2,APOE2
PC O-38:6|PC O-16:0_22:6(M+H)_33.12,EtherPC,Abundance asymptote,0.8627715412338433,0.0271209315142767,A2,APOE2
PE 32:0|PE 16:0_16:0(M+H)_34.78,PE,Abundance asymptote,0.9596506451366212,0.0428169584711701,A2,APOE2
PE 34:0|PE 16:0_18:0(M-H)_36.57,PE,Abundance asymptote,0.4419527336512683,0.0385243287423083,A2,APOE2
PE 34:1|PE 16:0_18:1(M+H)_34.9,PE,Abundance asymptote,0.935662599239334,0.0259294556402668,A2,APOE2
PE 34:1|PE 16:0_18:1(M-H)_34.91,PE,Abundance asymptote,0.935662599239334,0.0259294556402668,A2,APOE2
PE 34:2|PE 16:0_18:2(M-H)_33,PE,Abundance asymptote,0.9135838472389868,0.0268381730983706,A2,APOE2
PE 36:2|PE 18:1_18:1(M+H)_35.03,PE,Abundance asymptote,0.9450529862337624,0.0375421485872952,A2,APOE2
PE 36:2|PE 18:1_18:1(M-H)_35.04,PE,Abundance asymptote,0.9450529862337624,0.0375421485872952,A2,APOE2
PE 36:4|PE 16:0_20:4(M+H)_32.99,PE,Abundance asymptote,0.9657960090912084,0.0223642142924919,A2,APOE2
PE 36:4|PE 16:0_20:4(M-H)_32.88,PE,Abundance asymptote,0.9657960090912084,0.0223642142924919,A2,APOE2
PE 36:5(M+H)_30.97,PE,Abundance asymptote,0.8782352326290156,0.0673112385451785,A2,APOE2
PE 38:6|PE 16:0_22:6(M+H)_32.36,PE,Abundance asymptote,0.9606943028438756,0.0206995754008571,A2,APOE2
PE 38:6|PE 16:0_22:6(M-H)_32.37,PE,Abundance asymptote,0.9606943028438756,0.0206995754008571,A2,APOE2
PE 39:6(M+H)_33.51,PE,Abundance asymptote,0.8650449755880424,0.0562664481033684,A2,APOE2
PE 40:1|PE 18:0_22:1(M-H)_36.69,PE,Abundance asymptote,0.3457220601225763,0.0491396666105053,A2,APOE2
PE 40:7(M+H)_32.5,PE,Abundance asymptote,0.6837903125179118,0.0556813421460912,A2,APOE2
PE 40:7|PE 18:1_22:6(M-H)_32.62,PE,Abundance asymptote,0.6837903125179118,0.0556813421460912,A2,APOE2
PE 44:12|PE 22:6_22:6(M+H)_29.7,PE,Abundance asymptote,0.4232173180330076,0.0531791893842764,A2,APOE2
PE 44:12|PE 22:6_22:6(M-H)_29.7,PE,Abundance asymptote,0.4232173180330076,0.0531791893842764,A2,APOE2
PE O-34:1(M+H)_36.05,EtherPE,Abundance asymptote,0.9698422128934856,0.0333068714853411,A2,APOE2
PE O-34:1|PE O-18:1_16:0(M-H)_36.06,EtherPE,Abundance asymptote,0.9698422128934856,0.0333068714853411,A2,APOE2
PE O-38:4|PE O-16:0_22:4(M-H)_35.8,EtherPE,Abundance asymptote,1.0666111646497982,0.1263191735619082,A2,APOE2
PE O-38:6|PE O-16:0_22:6(M-H)_33.77,EtherPE,Abundance asymptote,0.9556536867724136,0.0311812721266615,A2,APOE2
PE O-40:4|PE O-18:0_22:4(M-H)_37.08,EtherPE,Abundance asymptote,0.9909886854166632,0.0849713396965408,A2,APOE2
PE P-38:5|PE P-18:1_20:4(M+H)_33.76,EtherPE,Abundance asymptote,0.9642119003431648,0.0491842733393514,A2,APOE2
PE P-40:5(M+H)_35.8,EtherPE,Abundance asymptote,0.8727455069221726,0.0974205277263018,A2,APOE2
PG 34:1|PG 16:0_18:1(M-H)_31.73,PG,Abundance asymptote,0.9732028803390956,0.0254187592913239,A2,APOE2
PG 38:2|PG 18:1_20:1(M-H)_35.67,PG,Abundance asymptote,0.6715103317620751,0.1882054816144681,A2,APOE2
PG 44:12|PG 22:6_22:6(M-H)_25.5,PG,Abundance asymptote,0.9805675172850304,0.1281146542310687,A2,APOE2
PI 36:4(M+NH4)_29.44,PI,Abundance asymptote,0.990794333915565,0.0269334346135385,A2,APOE2
PI 36:4|PI 16:0_20:4(M-H)_29.32,PI,Abundance asymptote,0.990794333915565,0.0269334346135385,A2,APOE2
PI 38:4(M+NH4)_31.6,PI,Abundance asymptote,1.0233135891762029,0.0374370122606659,A2,APOE2
PI 38:4|PI 18:0_20:4(M-H)_31.61,PI,Abundance asymptote,1.0233135891762029,0.0374370122606659,A2,APOE2
PI 38:5(M+NH4)_29.57,PI,Abundance asymptote,0.776148217887714,0.0346968889538439,A2,APOE2
PI 38:5|PI 18:1_20:4(M-H)_29.57,PI,Abundance asymptote,0.776148217887714,0.0346968889538439,A2,APOE2
PI 38:6(M+NH4)_28.82,PI,Abundance asymptote,0.8520296618262577,0.0913163009000321,A2,APOE2
PI 40:6(M+NH4)_31.09,PI,Abundance asymptote,0.8339510989956314,0.0164979970580868,A2,APOE2
PI 40:6|PI 18:0_22:6(M-H)_31.1,PI,Abundance asymptote,0.8339510989956314,0.0164979970580868,A2,APOE2
PS 34:1(M+H)_31.73,PS,Abundance asymptote,0.8199699311811319,0.038287328167901,A2,APOE2
PS 36:1|PS 18:0_18:1(M+H)_33.76,PS,Abundance asymptote,0.4394568176377988,0.0610891441977342,A2,APOE2
PS 36:1|PS 18:0_18:1(M-H)_33.77,PS,Abundance asymptote,0.4394568176377988,0.0610891441977342,A2,APOE2
PS 36:2|PS 18:1_18:1(M+H)_31.98,PS,Abundance asymptote,0.9148409873380734,0.0393940692010897,A2,APOE2
PS 36:2|PS 18:1_18:1(M-H)_32.12,PS,Abundance asymptote,0.6961718404082354,0.0228449403936322,A2,APOE2
PS 38:4(M+H)_31.99,PS,Abundance asymptote,0.9264960390141904,0.1598130381813257,A2,APOE2
PS 38:4|PS 18:0_20:4(M-H)_32.24,PS,Abundance asymptote,1.0277219085663738,0.1180012023848158,A2,APOE2
PS 38:5;O3|PS 18:0_20:5;O3(M-H)_31.35,OxPS,Abundance asymptote,1.1192174568368607,0.1351967204762423,A2,APOE2
PS 38:6(M+H)_29.06,PS,Abundance asymptote,0.8857332126314093,0.0682962564947538,A2,APOE2
PS 38:6|PS 16:0_22:6(M-H)_29.19,PS,Abundance asymptote,0.8857332126314093,0.0682962564947538,A2,APOE2
PS 40:4|PS 18:0_22:4(M+H)_33.5,PS,Abundance asymptote,0.8741123747824122,0.2283449322640279,A2,APOE2
PS 40:4|PS 18:0_22:4(M-H)_33.38,PS,Abundance asymptote,0.8741123747824122,0.2283449322640279,A2,APOE2
PS 40:6(M+Na)_31.34,PS,Abundance asymptote,0.9636486987933844,0.0966397285961676,A2,APOE2
PS 40:6|PS 18:0_22:6(M+H)_31.35,PS,Abundance asymptote,0.9636486987933844,0.0966397285961676,A2,APOE2
PS 40:6|PS 18:0_22:6(M-H)_31.35,PS,Abundance asymptote,0.9636486987933844,0.0966397285961676,A2,APOE2
PS 40:6|PS 18:0_22:6(M-H)_35.17,PS,Abundance asymptote,1.15446111899806,0.0830511672892556,A2,APOE2
PS 40:7(M+H)_29.32,PS,Abundance asymptote,0.6957844703110488,0.0323617566043102,A2,APOE2
PS 40:7|PS 18:1_22:6(M-H)_29.32,PS,Abundance asymptote,0.6957844703110488,0.0323617566043102,A2,APOE2
PS 42:10|PS 20:4_22:6(M-H)_27.15,PS,Abundance asymptote,0.8744036028676785,0.2808192872464807,A2,APOE2
PS 44:10|PS 22:4_22:6(M+H)_28.81,PS,Abundance asymptote,0.7748240184874509,0.0333548771765574,A2,APOE2
PS 44:12|PS 22:6_22:6(M+H)_26.51,PS,Abundance asymptote,0.6371156966991056,0.0692764116903937,A2,APOE2
PS 44:12|PS 22:6_22:6(M-H)_26.52,PS,Abundance asymptote,0.6371156966991056,0.0692764116903937,A2,APOE2
SM 34:1;O2|SM 18:1;O2/16:0(M+H)_32.11,SM,Abundance asymptote,0.8217121837516108,0.1295488103754405,A2,APOE2
SM 34:1;O3(M+H)_31.22,SM,Abundance asymptote,0.710911453754527,0.1088869277300145,A2,APOE2
SM 34:2;O2(M+H)_30.08,SM,Abundance asymptote,0.7977637780847004,0.044418243253281,A2,APOE2
SM 40:1;O2|SM 18:1;O2/22:0(M+H)_37.45,SM,Abundance asymptote,0.4108891542798493,0.0643697087446575,A2,APOE2
SM 40:2;O2(M+H)_36.43,SM,Abundance asymptote,0.638574154061153,0.038261329008533,A2,APOE2
SM 42:3;O2|SM 18:1;O2/24:2(M+H)_36.43,SM,Abundance asymptote,0.4319102379332604,0.074272083237856,A2,APOE2
SM 43:4;O2(M+H)_24.36,SM,Abundance asymptote,0.4323029989152553,0.1274171462123082,A2,APOE2
ST 27:2;O(M+H-[H2O])_28.3,ST,Abundance asymptote,0.1474113499474692,0.1802139887726565,A2,APOE2
TG 48:2|TG 16:0_16:1_16:1(M+NH4)_39.76,TG,Abundance asymptote,0.6029043130361877,0.1320024869319839,A2,APOE2
TG 50:0|TG 16:0_16:0_18:0(M+NH4)_41.26,TG,Abundance asymptote,0.6024838020728798,0.454229878843584,A2,APOE2
TG 50:1|TG 16:0_16:0_18:1(M+NH4)_40.63,TG,Abundance asymptote,0.4886301169712834,0.116545045082541,A2,APOE2
TG 50:2|TG 16:0_16:1_18:1(M+NH4)_40.24,TG,Abundance asymptote,0.6315729380511852,0.1472528569797382,A2,APOE2
TG 50:3|TG 16:0_16:1_18:2(M+NH4)_39.86,TG,Abundance asymptote,0.6882417336968916,0.2071251637144774,A2,APOE2
TG 50:4|TG 16:1_16:1_18:2(M+NH4)_39.48,TG,Abundance asymptote,0.7446279173757081,0.2091685030814328,A2,APOE2
TG 52:2|TG 16:0_18:1_18:1(M+NH4)_40.63,TG,Abundance asymptote,0.4929947792531028,0.0882969203861996,A2,APOE2
TG 52:4|TG 16:1_18:1_18:2(M+NH4)_39.86,TG,Abundance asymptote,0.7436999069372074,0.3024142602550398,A2,APOE2
TG 52:5|TG 16:1_18:2_18:2(M+NH4)_39.5,TG,Abundance asymptote,0.6971385375850191,0.3767045981944666,A2,APOE2
TG 54:0|TG 18:0_18:0_18:0(M+NH4)_42.53,TG,Abundance asymptote,0.1530874566099921,0.248288071088291,A2,APOE2
TG 54:3|TG 18:1_18:1_18:1(M+NH4)_40.62,TG,Abundance asymptote,0.4187589527836342,0.0711820463420267,A2,APOE2
TG 54:4|TG 18:1_18:1_18:2(M+NH4)_40.24,TG,Abundance asymptote,0.3688400062331152,0.1342709707321721,A2,APOE2
TG 60:12|TG 16:0_22:6_22:6(M+NH4)_39.35,TG,Abundance asymptote,0.6123839872048097,0.0783182889468734,A2,APOE2
TG O-50:0|TG O-18:0_16:0_16:0(M+NH4)_42.28,EtherTG,Abundance asymptote,0.2695631104671226,0.2312681760221747,A2,APOE2
TG O-50:2|TG O-16:0_16:0_18:2(M+NH4)_41.12,EtherTG,Abundance asymptote,0.8858683350979913,0.0363425416102955,A2,APOE2
TG O-52:1|TG O-18:0_16:0_18:1(M+NH4)_42.16,EtherTG,Abundance asymptote,0.1598561554643223,0.0093787307505344,A2,APOE2
TG O-52:2|TG O-18:0_16:0_18:2(M+NH4)_41.64,EtherTG,Abundance asymptote,0.1800853967051373,0.018872425327612,A2,APOE2
TG O-52:3|TG O-16:0_18:1_18:2(M+NH4)_41.01,EtherTG,Abundance asymptote,0.8338596121259817,0.0134090224068966,A2,APOE2
TG O-54:2|TG O-20:0_16:0_18:2(M+NH4)_42.28,EtherTG,Abundance asymptote,0.6433240511516275,0.0809403688485332,A2,APOE2
TG O-56:3|TG O-20:0_18:1_18:2(M+NH4)_42.16,EtherTG,Abundance asymptote,0.9462614980236168,0.0493319596631171,A2,APOE2
AHexCer 46:1;O3|AHexCer (O-15:0)31:1;O3(M+H-[H2O])_39.35,AHexCer,Abundance asymptote,0.2919620177036723,0.0811670247954654,A3,APOE3
AHexCer 55:6;O3|AHexCer (O-18:1)37:5;O3(M+H-[H2O])_39.74,AHexCer,Abundance asymptote,0.5874004768130894,0.0796580291897091,A3,APOE3
C18-Sphingosine(M+H)_18,C18-Sphingosine(M+H)_18,Abundance asymptote,0.4069126290294146,0.0230302338806215,A3,APOE3
CAR 16:0(M+H)_16.86,CAR,Abundance asymptote,0.8403400381127117,0.0307792593473858,A3,APOE3
CAR 18:0(M+H)_19.78,CAR,Abundance asymptote,0.7017661863615318,0.03593052909722,A3,APOE3
CE 18:2(M+NH4)_41,CE,Abundance asymptote,0.5906325050283466,0.0369446253826358,A3,APOE3
CE 18:3(M+NH4)_40.5,CE,Abundance asymptote,0.4987920428885546,0.0465539757297556,A3,APOE3
CE 20:4(M+NH4)_40.75,CE,Abundance asymptote,0.4859955920796083,0.0243464635689909,A3,APOE3
CL 70:4|CL 34:2_36:2(M+NH4)_39.1,CL,Abundance asymptote,0.4418189474217802,0.0269913823402221,A3,APOE3
CL 72:4|CL 18:1_18:1_18:1_18:1(M-H)_39.36,CL,Abundance asymptote,0.2814819003868984,0.1863128957361514,A3,APOE3
CL 72:5|CL 18:1_18:1_18:1_18:2(M-H)_39.11,CL,Abundance asymptote,0.2372402403572317,0.0415717387343043,A3,APOE3
CL 72:5|CL 36:2_36:3(M+NH4)_39.22,CL,Abundance asymptote,0.2372402403572317,0.0415717387343043,A3,APOE3
CL 72:7|CL 16:1_18:1_18:1_20:4(M-H)_38.85,CL,Abundance asymptote,0.4573433731503919,0.0041455614941502,A3,APOE3
CL 74:8|CL 18:1_18:2_18:1_20:4(M-H)_38.97,CL,Abundance asymptote,0.303164965498274,0.0455247779276494,A3,APOE3
CL 76:5|CL 39:1_37:4(M-H)_35.04,CL,Abundance asymptote,0.8087770688336091,0.0967815453415278,A3,APOE3
CL 79:6|CL 36:1_43:5(M-H)_34.4,CL,Abundance asymptote,1.027601493177343,0.024441368989689,A3,APOE3
CL 79:9|CL 38:4_41:5(M-H)_32.37,CL,Abundance asymptote,1.0246034999104492,0.0173187545715237,A3,APOE3
Cer 36:1;O2|Cer 18:1;O2/18:0(M+H-[H2O])_38.34,Cer_NS,Abundance asymptote,0.5464229675456652,0.1432544054564701,A3,APOE3
Cer 36:2;O2|Cer 18:2;O2/18:0(M+H-[H2O])_34.9,Cer_NS,Abundance asymptote,0.9241023246163302,0.1326578234383418,A3,APOE3
Cer 38:1;O2|Cer 20:1;O2/18:0(M+H-[H2O])_37.58,Cer_NS,Abundance asymptote,0.7334137773321452,0.0944395267805815,A3,APOE3
Cer 41:1;O2|Cer 18:1;O2/23:0(M+H)_38.47,Cer_NS,Abundance asymptote,0.5599138298116262,0.0433053824548625,A3,APOE3
Cer 41:1;O4|Cer 26:0;O3(FA 15:0)(M-H)_38.22,Cer_EODS,Abundance asymptote,0.5228433649156361,0.0251303067418001,A3,APOE3
Cer 42:2;O2|Cer 18:1;O2/24:1(M+H)_38.09,Cer_NS,Abundance asymptote,0.3208465017706443,0.0302430627254243,A3,APOE3
Cer 42:2;O2|Cer 18:1;O2/24:1(M+H-[H2O])_38.2,Cer_NS,Abundance asymptote,0.3208465017706443,0.0302430627254243,A3,APOE3
Cer 42:2;O2|Cer 18:1;O2/24:1(M+H-[H2O])_39.23,Cer_NS,Abundance asymptote,0.2695012518479693,0.0290502373110417,A3,APOE3
CoQ9(M+H)_38.85,CoQ,Abundance asymptote,0.5764456739409132,0.1223858917101455,A3,APOE3
DG 18:2(M+Na)_10.61,DG,Abundance asymptote,0.1987454773312314,0.0433418400595102,A3,APOE3
DG 18:2(M+Na)_6.94,DG,Abundance asymptote,0.3712832276022703,0.0342280410282751,A3,APOE3
DG 20:4(M+Na)_7.45,DG,Abundance asymptote,0.0864384882524675,0.0126064217251455,A3,APOE3
DG 34:0|DG 16:0_18:0(M+NH4)_37.96,DG,Abundance asymptote,0.3984871469599211,0.0330424187805039,A3,APOE3
DG 34:1|DG 16:0_18:1(M+NH4)_37.32,DG,Abundance asymptote,0.9062624178878802,0.047440946218773,A3,APOE3
DG 36:1|DG 18:0_18:1(M+NH4)_37.97,DG,Abundance asymptote,0.986107861973695,0.0704869690844541,A3,APOE3
DG 38:4|DG 18:0_20:4(M+NH4)_37.32,DG,Abundance asymptote,0.8668997851825544,0.0260301623776462,A3,APOE3
DG 38:6(M+Na)_35.54,DG,Abundance asymptote,0.8921531131723646,0.0329520761376971,A3,APOE3
DG 38:6|DG 16:0_22:6(M+NH4)_35.54,DG,Abundance asymptote,0.8921531131723646,0.0329520761376971,A3,APOE3
DG 40:4|DG 18:0_22:4(M+NH4)_37.83,DG,Abundance asymptote,0.5680915161832608,0.0325785157633999,A3,APOE3
DG 40:6(M+Na)_37.07,DG,Abundance asymptote,0.802938652654943,0.0313154480837847,A3,APOE3
DG 40:6|DG 18:0_22:6(M+NH4)_37.07,DG,Abundance asymptote,0.802938652654943,0.0313154480837847,A3,APOE3
DLCL 36:3(M-H)_29.32,DLCL,Abundance asymptote,0.857284522051867,0.0377253486843126,A3,APOE3
DLCL 42:11(M-H)_29.32,DLCL,Abundance asymptote,0.9218695499434064,0.0380636550950014,A3,APOE3
DLCL 44:12(M-H)_29.57,DLCL,Abundance asymptote,0.6463428114564838,0.0767628497833403,A3,APOE3
HexCer 36:1;O2|HexCer 18:1;O2/18:0(M+H)_34.91,HexCer_NS,Abundance asymptote,0.3693895007537934,0.2394087380873465,A3,APOE3
HexCer 38:1;O2(M+H)_36.69,HexCer_NDS,Abundance asymptote,0.4007572130439255,0.2017818683312301,A3,APOE3
HexCer 43:2;O3|HexCer 18:1;O2/25:1;O(M+H)_37.7,HexCer_HS,Abundance asymptote,0.1648512697349318,0.0616558075985367,A3,APOE3
LPC 14:0(M+H)_8.21,LPC,Abundance asymptote,0.9161397042018038,0.0229147190225619,A3,APOE3
LPC 16:0(M+H)_16.35,LPC,Abundance asymptote,0.9352541058018342,0.0353239953573253,A3,APOE3
LPC 16:0/0:0(M+H)_17.11,LPC,Abundance asymptote,0.9280585020233606,0.03320148863288,A3,APOE3
LPC 16:1(M+H)_10.88,LPC,Abundance asymptote,0.8644526993803372,0.0318950828571484,A3,APOE3
LPC 16:1(M+H)_12.53,LPC,Abundance asymptote,1.0584877977552916,0.0724721421611111,A3,APOE3
LPC 16:1(M+Na)_10.87,LPC,Abundance asymptote,0.8644526993803372,0.0318950828571484,A3,APOE3
LPC 18:0(M+H)_20.29,LPC,Abundance asymptote,1.0742066617410462,0.0837594858275204,A3,APOE3
LPC 18:2(M+H)_13.93,LPC,Abundance asymptote,0.7673987703164948,0.0392091756535647,A3,APOE3
LPC 18:2(M+H)_15.2,LPC,Abundance asymptote,0.5552464824052286,0.0474756443609109,A3,APOE3
LPC 18:3(M+H)_16.35,LPC,Abundance asymptote,1.122001450236345,0.0889741715598219,A3,APOE3
LPC 18:3/0:0(M+H)_17.11,LPC,Abundance asymptote,0.8978190282725261,0.038289907889272,A3,APOE3
LPC 19:0/0:0(M+H)_21.81,LPC,Abundance asymptote,0.5058214896981359,0.0567008013046504,A3,APOE3
LPC 20:0/0:0(M+H)_23.34,LPC,Abundance asymptote,0.3238450756740406,0.0282315519658136,A3,APOE3
LPC 20:1(M+Na)_20.66,LPC,Abundance asymptote,0.7923675244708149,0.0370336052632655,A3,APOE3
LPC 20:3(M+H)_15.97,LPC,Abundance asymptote,0.6817283167345839,0.044629113686665,A3,APOE3
LPC 20:4(M+H)_14.06,LPC,Abundance asymptote,1.1223705164573925,0.1498057653339903,A3,APOE3
LPC 22:0/0:0(M+H)_26.39,LPC,Abundance asymptote,1.1458553150404762,1.1437465083214031,A3,APOE3
LPC 22:1(M+H)_23.46,LPC,Abundance asymptote,0.9752303073383932,0.2377066714783187,A3,APOE3
LPC 22:4(M+H)_17.49,LPC,Abundance asymptote,1.0488968451220029,0.0590317359692589,A3,APOE3
LPC 22:6(M+H)_13.81,LPC,Abundance asymptote,0.961758456303866,0.0533676270057819,A3,APOE3
LPC 22:6(M+Na)_13.8,LPC,Abundance asymptote,0.961758456303866,0.0533676270057819,A3,APOE3
LPC 22:6(M+Na)_14.81,LPC,Abundance asymptote,0.6952975671960316,0.0325050575540606,A3,APOE3
LPC 24:1(M+H)_25.76,LPC,Abundance asymptote,0.4121035613482392,0.1143755867183396,A3,APOE3
LPC 24:4(M+H)_19.65,LPC,Abundance asymptote,0.8288111176606647,0.0455368078030036,A3,APOE3
LPC O-16:0(M+H)_18.25,EtherLPC,Abundance asymptote,0.823059894029436,0.0228477964959951,A3,APOE3
LPE 16:0(M+H)_16.48,LPE,Abundance asymptote,1.1496472402585654,0.0962632565823869,A3,APOE3
LPE 16:0(M-H)_16.48,LPE,Abundance asymptote,1.1496472402585654,0.0962632565823869,A3,APOE3
LPE 16:1(M+H)_10.62,LPE,Abundance asymptote,1.0138660165186886,0.1728906659720232,A3,APOE3
LPE 16:1(M-H)_10.63,LPE,Abundance asymptote,1.0138660165186886,0.1728906659720232,A3,APOE3
LPE 18:2(M+H)_13.95,LPE,Abundance asymptote,0.6116169020216807,0.116903763989275,A3,APOE3
LPE 18:2(M-H)_14.06,LPE,Abundance asymptote,0.6116169020216807,0.116903763989275,A3,APOE3
LPE 18:2(M-H)_15.34,LPE,Abundance asymptote,0.6352443506558838,0.4539047463438292,A3,APOE3
LPE 20:5(M+H)_9.61,LPE,Abundance asymptote,0.6560409785307876,0.0800436443162667,A3,APOE3
LPE 20:5(M-H)_9.74,LPE,Abundance asymptote,0.6560409785307876,0.0800436443162667,A3,APOE3
LPE 24:5(M+H)_18.76,LPE,Abundance asymptote,0.9935832473536732,0.2052477320363341,A3,APOE3
LPE 24:5(M-H)_18.77,LPE,Abundance asymptote,0.9935832473536732,0.2052477320363341,A3,APOE3
LPE O-16:0(M-H)_18.64,EtherLPE,Abundance asymptote,0.8829598616779666,0.0242491238951728,A3,APOE3
LPE O-18:0(M+H)_22.07,EtherLPE,Abundance asymptote,0.8449647725318434,0.0569767396827957,A3,APOE3
LPE O-18:0(M-H)_22.08,EtherLPE,Abundance asymptote,0.8449647725318434,0.0569767396827957,A3,APOE3
LPE P-18:1(M+H)_20.67,EtherLPE,Abundance asymptote,1.189353171448506,0.1511189638127307,A3,APOE3
LPG 16:0(M-H)_14.06,LPG,Abundance asymptote,1.007421086049275,0.0403518330737563,A3,APOE3
LPG 18:1(M-H)_14.19,LPG,Abundance asymptote,0.8818105626370909,0.0427581188502583,A3,APOE3
LPG O-20:1(M-H)_20.17,EtherLPG,Abundance asymptote,0.5995661346823847,0.4350063364961175,A3,APOE3
LPI 16:0(M-H)_10.25,LPI,Abundance asymptote,0.8399287945139874,0.0316796168501015,A3,APOE3
LPI 18:0(M-H)_17.62,LPI,Abundance asymptote,0.9664367166100896,0.0647135430343913,A3,APOE3
LPI 20:4(M-H)_6.83,LPI,Abundance asymptote,0.962737531956966,0.0367631865119841,A3,APOE3
LPI 22:6(M-H)_6.95,LPI,Abundance asymptote,0.8940395717366733,0.0402920727199598,A3,APOE3
LPS 18:1(M-H)_11.26,LPS,Abundance asymptote,0.771671137482977,0.17021035973969,A3,APOE3
LPS 18:1(M-H)_13.43,LPS,Abundance asymptote,0.7330126637724522,0.0886696370424985,A3,APOE3
LPS 20:4(M-H)_7.08,LPS,Abundance asymptote,0.9544462915025592,0.0472678257653779,A3,APOE3
LPS 22:6(M-H)_7.08,LPS,Abundance asymptote,1.0423107436671326,0.0789460587735528,A3,APOE3
MMPE 42:2|MMPE 20:1_22:1(M-H)_37.19,MMPE,Abundance asymptote,0.2863493751162311,0.0887197324773932,A3,APOE3
NAE 18:1(M+H)_20.16,NAE,Abundance asymptote,0.5974306365711566,0.0658735859405227,A3,APOE3
PC 22:0(M+H)_22.96,PC,Abundance asymptote,0.8218598913706224,0.0294547884332179,A3,APOE3
PC 30:0|PC 14:0_16:0(M+H)_31.98,PC,Abundance asymptote,0.942267584822778,0.044417276521243,A3,APOE3
PC 31:0|PC 15:0_16:0(M+H)_33.12,PC,Abundance asymptote,0.6019774530689393,0.0566689061342405,A3,APOE3
PC 31:2(M+H)_33.12,PC,Abundance asymptote,0.8992822337123297,0.0483553055384724,A3,APOE3
PC 32:0|PC 16:0_16:0(M+H)_34.14,PC,Abundance asymptote,1.064013075209322,0.0280761172149671,A3,APOE3
PC 32:1|PC 16:0_16:1(M+H)_32.24,PC,Abundance asymptote,0.9648356459946352,0.0292848399667734,A3,APOE3
PC 32:2(M+H)_30.34,PC,Abundance asymptote,0.8560296346867818,0.0312067238900066,A3,APOE3
PC 33:0|PC 16:0_17:0(M+H)_35.16,PC,Abundance asymptote,0.592858452482543,0.0697086536018799,A3,APOE3
PC 33:1|PC 16:0_17:1(M+H)_33.38,PC,Abundance asymptote,0.9058806399351164,0.0494554202256629,A3,APOE3
PC 34:0|PC 16:0_18:0(M+H)_36.17,PC,Abundance asymptote,0.4965938189553099,0.0518527731258369,A3,APOE3
PC 34:1(M+H)_34.4,PC,Abundance asymptote,0.954515469857282,0.0432096808488389,A3,APOE3
PC 34:2|PC 16:1_18:1(M+H)_32.74,PC,Abundance asymptote,0.9337269292790616,0.0292669375533988,A3,APOE3
PC 35:1|PC 17:0_18:1(M+H)_35.29,PC,Abundance asymptote,0.93951775081615,0.0613969806289475,A3,APOE3
PC 36:1|PC 9:0_27:1(M+H)_36.3,PC,Abundance asymptote,1.0943385747769927,0.1133868455849966,A3,APOE3
PC 36:2|PC 18:1_18:1(M+H)_34.65,PC,Abundance asymptote,0.6747235238954054,0.097319334743854,A3,APOE3
PC 36:3(M+H)_32.49,PC,Abundance asymptote,0.174164261042995,0.0585200611350189,A3,APOE3
PC 36:4|PC 18:2_18:2(M+H)_32.36,PC,Abundance asymptote,0.9617652648389002,0.0244017110471798,A3,APOE3
PC 38:2|PC 18:1_20:1(M+H)_36.31,PC,Abundance asymptote,0.9162156234380748,0.4733092484015595,A3,APOE3
PC 38:4|PC 16:0_22:4(M+H)_34.64,PC,Abundance asymptote,1.0057780908101053,0.0462927419262563,A3,APOE3
PC 38:5|PC 18:0_20:5(M+H)_32.61,PC,Abundance asymptote,0.1575515890504014,0.0418516622035095,A3,APOE3
PC 38:6(M+H)_31.74,PC,Abundance asymptote,0.909574019770389,0.0269497969001319,A3,APOE3
PC 38:7|PC 16:1_22:6(M+H)_29.81,PC,Abundance asymptote,0.9251227268558464,0.0494387617065739,A3,APOE3
PC 39:6|PC 17:0_22:6(M+H)_32.87,PC,Abundance asymptote,0.7842048677712342,0.0421791708314217,A3,APOE3
PC 40:2|PC 20:1_20:1(M+H)_37.2,PC,Abundance asymptote,0.5129065287028791,0.2166107967158953,A3,APOE3
PC 40:4(M+H)_35.91,PC,Abundance asymptote,1.1112424532623992,0.0810225685116039,A3,APOE3
PC 40:6(M+Na)_33.99,PC,Abundance asymptote,0.9728109461305192,0.0268618562864558,A3,APOE3
PC 40:6|PC 18:0_22:6(M+H)_33.89,PC,Abundance asymptote,0.9728109461305192,0.0268618562864558,A3,APOE3
PC 40:7(M+Na)_31.98,PC,Abundance asymptote,0.831235697651331,0.0591024217232196,A3,APOE3
PC 40:7|PC 18:1_22:6(M+H)_31.98,PC,Abundance asymptote,0.831235697651331,0.0591024217232196,A3,APOE3
PC 40:9|PC 18:3_22:6(M+H)_31.86,PC,Abundance asymptote,0.8953151493152396,0.0297571810464461,A3,APOE3
PC 42:10(M+H)_29.7,PC,Abundance asymptote,1.1242888938066151,0.8332248881937412,A3,APOE3
PC 42:4(M+H)_36.94,PC,Abundance asymptote,1.0951992435752544,0.0878623113561113,A3,APOE3
PC 42:7(M+H)_33.89,PC,Abundance asymptote,0.8285638586608916,0.0595263774497806,A3,APOE3
PC 42:9(M+H)_30.84,PC,Abundance asymptote,0.652965718622943,0.044242611645043,A3,APOE3
PC 43:1(M+H)_38.72,PC,Abundance asymptote,0.2772173951241053,0.0082028749792174,A3,APOE3
PC 44:10(M+H)_31.47,PC,Abundance asymptote,0.6271828964262097,0.0561003156164843,A3,APOE3
PC 44:12|PC 22:6_22:6(M+H)_29.19,PC,Abundance asymptote,0.584640847335354,0.1305168840052205,A3,APOE3
PC 52:4(M+H)_39.35,PC,Abundance asymptote,0.43978038544154,0.0449041224555069,A3,APOE3
PC 52:5(M+H)_38.98,PC,Abundance asymptote,1.0052053109546173,0.4348914072566801,A3,APOE3
PC 54:6(M+H)_39.1,PC,Abundance asymptote,0.6588701891645063,0.181392324279394,A3,APOE3
PC O-32:0|PC O-16:0_16:0(M+H)_35.54,EtherPC,Abundance asymptote,0.9911055577780112,0.0926190685393343,A3,APOE3
PC O-34:0|PC O-18:0_16:0(M+H)_36.94,EtherPC,Abundance asymptote,0.33668409354668,0.0345353378574665,A3,APOE3
PC O-34:1|PC O-18:1_16:0(M+H)_35.54,EtherPC,Abundance asymptote,0.8207456032934268,0.0549017047793089,A3,APOE3
PC O-34:2|PC O-15:2_19:0(M+H)_34.52,EtherPC,Abundance asymptote,0.5534135904450644,1.5147006296267524,A3,APOE3
PC O-35:4|PC O-13:0_22:4(M+H)_35.8,EtherPC,Abundance asymptote,1.0064715400274071,0.0367942666561047,A3,APOE3
PC O-36:4|PC O-16:0_20:4(M+H)_33.76,EtherPC,Abundance asymptote,0.902966173607915,0.0202383835682035,A3,APOE3
PC O-38:6|PC O-16:0_22:6(M+H)_33.12,EtherPC,Abundance asymptote,0.7990030816890501,0.0217002529230311,A3,APOE3
PE 32:0|PE 16:0_16:0(M+H)_34.78,PE,Abundance asymptote,0.7979922289329587,0.0362415934828101,A3,APOE3
PE 34:0|PE 16:0_18:0(M-H)_36.57,PE,Abundance asymptote,0.4622281961876275,0.0332118616066294,A3,APOE3
PE 34:1|PE 16:0_18:1(M+H)_34.9,PE,Abundance asymptote,0.890638552472895,0.0328458766406068,A3,APOE3
PE 34:1|PE 16:0_18:1(M-H)_34.91,PE,Abundance asymptote,0.890638552472895,0.0328458766406068,A3,APOE3
PE 34:2|PE 16:0_18:2(M-H)_33,PE,Abundance asymptote,0.8475534545092333,0.0259333987770753,A3,APOE3
PE 36:2|PE 18:1_18:1(M+H)_35.03,PE,Abundance asymptote,1.036171272892355,0.0572066794129347,A3,APOE3
PE 36:2|PE 18:1_18:1(M-H)_35.04,PE,Abundance asymptote,1.036171272892355,0.0572066794129347,A3,APOE3
PE 36:4|PE 16:0_20:4(M+H)_32.99,PE,Abundance asymptote,0.9625890772737818,0.0161078293349457,A3,APOE3
PE 36:4|PE 16:0_20:4(M-H)_32.88,PE,Abundance asymptote,0.9625890772737818,0.0161078293349457,A3,APOE3
PE 36:5(M+H)_30.97,PE,Abundance asymptote,0.9574702191310378,0.0568817476323534,A3,APOE3
PE 38:5|PE 18:1_20:4(M+H)_33.12,PE,Abundance asymptote,0.2177116700909109,0.0218747601442302,A3,APOE3
PE 38:5|PE 18:1_20:4(M-H)_33.13,PE,Abundance asymptote,0.2177116700909109,0.0218747601442302,A3,APOE3
PE 38:6|PE 16:0_22:6(M+H)_32.36,PE,Abundance asymptote,0.9721895708524186,0.021790784563698,A3,APOE3
PE 38:6|PE 16:0_22:6(M-H)_32.37,PE,Abundance asymptote,0.9721895708524186,0.021790784563698,A3,APOE3
PE 38:7|PE 16:1_22:6(M+H)_30.35,PE,Abundance asymptote,0.653594645365436,0.0809495545408078,A3,APOE3
PE 39:6(M+H)_33.51,PE,Abundance asymptote,0.7968872619503302,0.0406209673248271,A3,APOE3
PE 40:7(M+H)_32.5,PE,Abundance asymptote,0.8403730695243118,0.2147874244327016,A3,APOE3
PE 40:7|PE 18:1_22:6(M-H)_32.62,PE,Abundance asymptote,0.8403730695243118,0.2147874244327016,A3,APOE3
PE 44:12|PE 22:6_22:6(M+H)_29.7,PE,Abundance asymptote,0.3290031180166435,0.0341102677620139,A3,APOE3
PE 44:12|PE 22:6_22:6(M-H)_29.7,PE,Abundance asymptote,0.3290031180166435,0.0341102677620139,A3,APOE3
PE O-34:1(M+H)_36.05,EtherPE,Abundance asymptote,0.974178413754096,0.0287246399275365,A3,APOE3
PE O-34:1|PE O-18:1_16:0(M-H)_36.06,EtherPE,Abundance asymptote,0.974178413754096,0.0287246399275365,A3,APOE3
PE O-36:2|PE O-18:1_18:1(M-H)_37.2,EtherPE,Abundance asymptote,1.1993445327339003,0.2425279191726762,A3,APOE3
PE O-38:4|PE O-16:0_22:4(M-H)_35.8,EtherPE,Abundance asymptote,0.9959427114065464,0.0501875165184583,A3,APOE3
PE O-38:6|PE O-16:0_22:6(M-H)_33.77,EtherPE,Abundance asymptote,0.9401554878200674,0.0196578962838048,A3,APOE3
PE O-40:7|PE O-18:1_22:6(M-H)_35.53,EtherPE,Abundance asymptote,0.8034966954553386,0.1484075240942922,A3,APOE3
PE P-38:5|PE P-18:1_20:4(M+H)_33.76,EtherPE,Abundance asymptote,0.976981095840834,0.0326848249689957,A3,APOE3
PE P-40:5(M+H)_35.8,EtherPE,Abundance asymptote,0.877496015377662,0.138099990239178,A3,APOE3
PG 32:0|PG 16:0_16:0(M-H)_31.61,PG,Abundance asymptote,0.9609658321373196,0.0218005506429003,A3,APOE3
PG 34:1|PG 16:0_18:1(M-H)_31.73,PG,Abundance asymptote,0.966915807196311,0.0217595801219866,A3,APOE3
PG 44:12|PG 22:6_22:6(M-H)_25.5,PG,Abundance asymptote,0.7279151014264852,0.1054371377255577,A3,APOE3
PI 36:4(M+NH4)_29.44,PI,Abundance asymptote,0.8639993488620321,0.0399536594057223,A3,APOE3
PI 36:4|PI 16:0_20:4(M-H)_29.32,PI,Abundance asymptote,0.8639993488620321,0.0399536594057223,A3,APOE3
PI 38:4(M+NH4)_31.6,PI,Abundance asymptote,1.0098366032426371,0.0311490121682949,A3,APOE3
PI 38:4|PI 18:0_20:4(M-H)_31.61,PI,Abundance asymptote,1.0098366032426371,0.0311490121682949,A3,APOE3
PI 38:5(M+NH4)_29.57,PI,Abundance asymptote,0.8081931867469877,0.032134835282815,A3,APOE3
PI 38:5|PI 18:1_20:4(M-H)_29.57,PI,Abundance asymptote,0.8081931867469877,0.032134835282815,A3,APOE3
PI 40:6(M+NH4)_31.09,PI,Abundance asymptote,0.9020185284692064,0.0244470804228828,A3,APOE3
PI 40:6|PI 18:0_22:6(M-H)_31.1,PI,Abundance asymptote,0.9020185284692064,0.0244470804228828,A3,APOE3
PS 34:1(M+H)_31.73,PS,Abundance asymptote,0.8810069966537004,0.0261110191444041,A3,APOE3
PS 36:0;O3|PS 18:0_18:0;O3(M-H)_32.12,OxPS,Abundance asymptote,0.2498277046036204,0.0360241685912595,A3,APOE3
PS 36:1|PS 18:0_18:1(M+H)_33.76,PS,Abundance asymptote,0.9135141460960122,0.3981082790840416,A3,APOE3
PS 36:1|PS 18:0_18:1(M-H)_33.77,PS,Abundance asymptote,0.9135141460960122,0.3981082790840416,A3,APOE3
PS 36:2|PS 18:1_18:1(M+H)_31.98,PS,Abundance asymptote,0.9353797316395016,0.0413565659319892,A3,APOE3
PS 38:4(M+H)_31.99,PS,Abundance asymptote,0.8563471053326347,0.0458436391813716,A3,APOE3
PS 38:4|PS 18:0_20:4(M-H)_32.24,PS,Abundance asymptote,0.7766534733875748,0.0204629553201865,A3,APOE3
PS 38:5;O3|PS 18:0_20:5;O3(M-H)_31.35,OxPS,Abundance asymptote,1.0206264236586369,0.0436666710072417,A3,APOE3
PS 38:6(M+H)_29.06,PS,Abundance asymptote,0.8913615025354699,0.037141237781281,A3,APOE3
PS 38:6|PS 16:0_22:6(M-H)_29.19,PS,Abundance asymptote,0.8913615025354699,0.037141237781281,A3,APOE3
PS 40:4|PS 18:0_22:4(M+H)_33.5,PS,Abundance asymptote,0.8793234000139488,0.1196719688487554,A3,APOE3
PS 40:4|PS 18:0_22:4(M-H)_33.38,PS,Abundance asymptote,0.8793234000139488,0.1196719688487554,A3,APOE3
PS 40:6(M+Na)_31.34,PS,Abundance asymptote,1.1017880349642637,0.0688075716171161,A3,APOE3
PS 40:6|PS 18:0_22:6(M+H)_31.35,PS,Abundance asymptote,1.1017880349642637,0.0688075716171161,A3,APOE3
PS 40:6|PS 18:0_22:6(M-H)_31.35,PS,Abundance asymptote,1.1017880349642637,0.0688075716171161,A3,APOE3
PS 40:7(M+H)_29.32,PS,Abundance asymptote,0.7571664738969742,0.0305502188031854,A3,APOE3
PS 40:7|PS 18:1_22:6(M-H)_29.32,PS,Abundance asymptote,0.7571664738969742,0.0305502188031854,A3,APOE3
PS 42:10|PS 20:4_22:6(M-H)_27.15,PS,Abundance asymptote,0.708863786718252,0.0457575355474518,A3,APOE3
PS 42:11;O3|PS 22:6_20:5;O3(M-H)_26.52,OxPS,Abundance asymptote,0.7897166740846596,0.0737262215145289,A3,APOE3
PS 44:10|PS 22:4_22:6(M+H)_28.81,PS,Abundance asymptote,0.7477278103684359,0.0447815484415189,A3,APOE3
SM 34:1;O2|SM 18:1;O2/16:0(M+H)_32.11,SM,Abundance asymptote,0.885624943600984,0.1207421428258079,A3,APOE3
SM 34:1;O3(M+H)_31.22,SM,Abundance asymptote,0.8361167726679145,0.1667723261313902,A3,APOE3
SM 34:2;O2(M+H)_30.08,SM,Abundance asymptote,0.889931218197075,0.0412073796632214,A3,APOE3
SM 40:1;O2|SM 18:1;O2/22:0(M+H)_37.45,SM,Abundance asymptote,0.4439587884929444,0.0817845951974494,A3,APOE3
SM 40:2;O2(M+H)_36.43,SM,Abundance asymptote,0.7486435873091193,0.193936602738581,A3,APOE3
SM 42:2;O2|SM 18:1;O2/24:1(M+H)_37.32,SM,Abundance asymptote,0.4270251005491859,0.7919979555205958,A3,APOE3
SM 42:3;O2|SM 18:1;O2/24:2(M+H)_36.43,SM,Abundance asymptote,0.761576621720293,0.0682522112610878,A3,APOE3
SM 43:4;O2(M+H)_24.36,SM,Abundance asymptote,0.5681616160689067,0.6213926186303398,A3,APOE3
ST 27:1;O(M+H-[H2O])_41,ST,Abundance asymptote,0.4132823020695852,0.0333936014547191,A3,APOE3
TG 50:1|TG 16:0_16:0_18:1(M+NH4)_40.63,TG,Abundance asymptote,0.5804096315663196,0.1054678258934417,A3,APOE3
TG 50:2|TG 16:0_16:1_18:1(M+NH4)_40.24,TG,Abundance asymptote,0.8016530399318762,0.3040033248270177,A3,APOE3
TG 50:3|TG 16:0_16:1_18:2(M+NH4)_39.86,TG,Abundance asymptote,1.0453795034147142,0.6646527026603872,A3,APOE3
TG 50:4|TG 16:1_16:1_18:2(M+NH4)_39.48,TG,Abundance asymptote,1.1920995190417585,1.1296447110194023,A3,APOE3
TG 52:2|TG 16:0_18:1_18:1(M+NH4)_40.63,TG,Abundance asymptote,0.8345980490973737,0.5684336057148353,A3,APOE3
TG 52:4|TG 16:1_18:1_18:2(M+NH4)_39.86,TG,Abundance asymptote,0.9299582906315704,0.3151433554387686,A3,APOE3
TG 52:5|TG 16:1_18:2_18:2(M+NH4)_39.5,TG,Abundance asymptote,0.5716080963947904,0.1667895776198601,A3,APOE3
TG 54:3|TG 18:1_18:1_18:1(M+NH4)_40.62,TG,Abundance asymptote,0.4678920860056388,0.1438825010861057,A3,APOE3
TG 54:4|TG 18:1_18:1_18:2(M+NH4)_40.24,TG,Abundance asymptote,0.291072483519897,0.0804553468348954,A3,APOE3
TG 60:12|TG 16:0_22:6_22:6(M+NH4)_39.35,TG,Abundance asymptote,0.7220426621967901,0.1788494978271725,A3,APOE3
TG O-50:2|TG O-16:0_16:0_18:2(M+NH4)_41.12,EtherTG,Abundance asymptote,0.7605890977237493,0.0335147561874149,A3,APOE3
TG O-52:1|TG O-18:0_16:0_18:1(M+NH4)_42.16,EtherTG,Abundance asymptote,0.2708202827547916,0.1245329736203323,A3,APOE3
TG O-52:2|TG O-18:0_16:0_18:2(M+NH4)_41.64,EtherTG,Abundance asymptote,0.7707828439487789,0.0655933005626255,A3,APOE3
TG O-52:3|TG O-16:0_18:1_18:2(M+NH4)_41.01,EtherTG,Abundance asymptote,0.7817080217280392,0.0211789256966816,A3,APOE3
TG O-54:2|TG O-20:0_16:0_18:2(M+NH4)_42.28,EtherTG,Abundance asymptote,0.8733851821788907,0.0403780891776504,A3,APOE3
TG O-54:3|TG O-18:0_18:1_18:2(M+NH4)_41.64,EtherTG,Abundance asymptote,0.1680191969657948,0.0119337104645343,A3,APOE3
TG O-54:4|TG O-18:0_18:2_18:2(M+NH4)_41.13,EtherTG,Abundance asymptote,0.6259071999534372,0.1231301393632453,A3,APOE3
TG O-56:3|TG O-20:0_18:1_18:2(M+NH4)_42.16,EtherTG,Abundance asymptote,0.8418946630508097,0.0313678253687435,A3,APOE3
AHexCer 46:1;O3|AHexCer (O-15:0)31:1;O3(M+H-[H2O])_39.35,AHexCer,Abundance asymptote,0.3843136695778884,0.1490612505261229,A4,APOE4
AHexCer 55:6;O3|AHexCer (O-18:1)37:5;O3(M+H-[H2O])_39.74,AHexCer,Abundance asymptote,0.3955822908439794,0.211984163987287,A4,APOE4
AHexCer 59:8;O2|AHexCer (O-15:0)44:8;O2(M+H-[H2O])_39.23,AHexCer,Abundance asymptote,0.3697091666499615,0.1322015887601359,A4,APOE4
C18-Sphingosine(M+H)_18,C18-Sphingosine(M+H)_18,Abundance asymptote,0.3603142990518216,0.0523999832776697,A4,APOE4
CAR 16:0(M+H)_16.86,CAR,Abundance asymptote,0.819997474553902,0.025150551009767,A4,APOE4
CAR 18:0(M+H)_19.78,CAR,Abundance asymptote,0.7140031319863701,0.0401620188151789,A4,APOE4
CE 18:2(M+NH4)_41,CE,Abundance asymptote,0.997748204465361,0.1967542278973132,A4,APOE4
CE 18:3(M+NH4)_40.5,CE,Abundance asymptote,1.0031858336485917,0.1789670104641292,A4,APOE4
CE 20:4(M+NH4)_40.75,CE,Abundance asymptote,0.6796999538727849,0.0271815414860787,A4,APOE4
CE 22:6(M+NH4)_40.4,CE,Abundance asymptote,0.7432833181089683,1.4499444718748196,A4,APOE4
CL 70:4|CL 34:2_36:2(M+NH4)_39.1,CL,Abundance asymptote,0.5820101519603155,0.280031351583375,A4,APOE4
CL 72:4|CL 18:1_18:1_18:1_18:1(M-H)_39.36,CL,Abundance asymptote,0.3309210112501159,0.5111014532622613,A4,APOE4
CL 72:5|CL 18:1_18:1_18:1_18:2(M-H)_39.11,CL,Abundance asymptote,0.2299908958317824,0.0604862213788223,A4,APOE4
CL 72:5|CL 36:2_36:3(M+NH4)_39.22,CL,Abundance asymptote,0.2299908958317824,0.0604862213788223,A4,APOE4
CL 72:7|CL 16:1_18:1_18:1_20:4(M-H)_38.85,CL,Abundance asymptote,0.496842554329846,0.048659663536606,A4,APOE4
CL 74:7|CL 18:1_18:1_18:1_20:4(M-H)_39.11,CL,Abundance asymptote,0.1764943909457167,0.0234864428278678,A4,APOE4
CL 74:7|CL 36:2_38:5(M+NH4)_39.1,CL,Abundance asymptote,0.1764943909457167,0.0234864428278678,A4,APOE4
CL 76:5|CL 39:1_37:4(M-H)_35.04,CL,Abundance asymptote,0.8628614941252543,0.0516847550226747,A4,APOE4
CL 76:9|CL 18:1_18:1_18:1_22:6(M-H)_38.98,CL,Abundance asymptote,0.0948434869303454,0.0413306181946681,A4,APOE4
CL 76:9|CL 36:2_40:7(M+NH4)_38.98,CL,Abundance asymptote,0.0948434869303454,0.0413306181946681,A4,APOE4
CL 78:7|CL 41:2_37:5(M-H)_35.04,CL,Abundance asymptote,1.1041686557317043,0.1324618027252183,A4,APOE4
CL 79:6|CL 36:1_43:5(M-H)_34.4,CL,Abundance asymptote,1.1971038336934698,0.2148856448872846,A4,APOE4
CL 79:9|CL 38:4_41:5(M-H)_32.37,CL,Abundance asymptote,0.9966259447296008,0.0144683875023079,A4,APOE4
CL 80:6|CL 36:1_44:5(M-H)_34.4,CL,Abundance asymptote,0.9847432446925248,0.0715602295675598,A4,APOE4
Cer 36:1;O2|Cer 18:1;O2/18:0(M+H-[H2O])_38.34,Cer_NS,Abundance asymptote,0.3264583558651346,0.0601602841913578,A4,APOE4
Cer 36:2;O2|Cer 18:2;O2/18:0(M+H-[H2O])_34.9,Cer_NS,Abundance asymptote,1.1577820949040512,0.2654902392262745,A4,APOE4
Cer 38:1;O2|Cer 20:1;O2/18:0(M+H-[H2O])_37.58,Cer_NS,Abundance asymptote,0.913499069279394,0.080271246960615,A4,APOE4
Cer 41:1;O2|Cer 18:1;O2/23:0(M+H)_38.47,Cer_NS,Abundance asymptote,0.7058217854141916,0.1864848252066752,A4,APOE4
Cer 41:1;O4|Cer 26:0;O3(FA 15:0)(M-H)_38.22,Cer_EODS,Abundance asymptote,0.6862146613401685,0.0782177959297135,A4,APOE4
Cer 42:2;O2|Cer 18:1;O2/24:1(M+H-[H2O])_39.23,Cer_NS,Abundance asymptote,0.4607668579469134,0.2509154790751387,A4,APOE4
Cer 56:11;O4|Cer 38:9;O3(FA 18:1)(+C2H3O2-)_38.48,Cer_EOS,Abundance asymptote,1.0148396625847438,1.2312176447934804,A4,APOE4
DG 18:2(M+Na)_6.94,DG,Abundance asymptote,0.2823548353382521,0.0542917157525699,A4,APOE4
DG 19:2(M+Na)_14.69,DG,Abundance asymptote,0.2100228304920043,0.0219659733225253,A4,APOE4
DG 20:4(M+Na)_7.45,DG,Abundance asymptote,0.1403750544618565,0.0989597945448871,A4,APOE4
DG 34:0|DG 16:0_18:0(M+NH4)_37.96,DG,Abundance asymptote,0.3778050325512562,0.0195351438364941,A4,APOE4
DG 34:1|DG 16:0_18:1(M+NH4)_37.32,DG,Abundance asymptote,0.8416427068038865,0.0660712578245063,A4,APOE4
DG 36:1|DG 18:0_18:1(M+NH4)_37.97,DG,Abundance asymptote,0.9415942115686952,0.110830700083573,A4,APOE4
DG 38:4|DG 18:0_20:4(M+NH4)_37.32,DG,Abundance asymptote,0.941276155345902,0.0383255347422151,A4,APOE4
DG 38:6(M+Na)_35.54,DG,Abundance asymptote,0.8710300988582326,0.0282710131599854,A4,APOE4
DG 38:6|DG 16:0_22:6(M+NH4)_35.54,DG,Abundance asymptote,0.8710300988582326,0.0282710131599854,A4,APOE4
DG 40:4|DG 18:0_22:4(M+NH4)_37.83,DG,Abundance asymptote,0.8818868195226841,0.1044339144104711,A4,APOE4
DG 40:6(M+Na)_37.07,DG,Abundance asymptote,0.8197963458561509,0.0475150506242985,A4,APOE4
DG 40:6|DG 18:0_22:6(M+NH4)_37.07,DG,Abundance asymptote,0.8197963458561509,0.0475150506242985,A4,APOE4
DG 47:11(M+Na)_35.67,DG,Abundance asymptote,0.4462145045832022,0.0546882288037611,A4,APOE4
DG 52:1(M+Na)_42.16,DG,Abundance asymptote,0.8182683675054419,0.0282870787724008,A4,APOE4
DLCL 36:3(M-H)_29.32,DLCL,Abundance asymptote,0.9019390250392688,0.0322140104368703,A4,APOE4
DLCL 42:1(M-H)_20.42,DLCL,Abundance asymptote,0.4236195699028219,0.1068535391202913,A4,APOE4
DLCL 42:11(M-H)_29.32,DLCL,Abundance asymptote,0.9163363145444589,0.031157193720234,A4,APOE4
FA 18:1(M-H)_22.7,FA,Abundance asymptote,0.5944393235684231,0.3556439666433242,A4,APOE4
HexCer 36:1;O2|HexCer 18:1;O2/18:0(M+H)_34.91,HexCer_NS,Abundance asymptote,0.3184105583973967,0.1163613272067734,A4,APOE4
HexCer 38:1;O2(M+H)_36.69,HexCer_NDS,Abundance asymptote,0.5783203818797413,0.6013763933598376,A4,APOE4
HexCer 43:1;O3|HexCer 18:1;O2/25:0;O(M+H)_38.24,HexCer_HS,Abundance asymptote,0.5069742199143087,4.296161576579553,A4,APOE4
LPC 14:0(M+H)_8.21,LPC,Abundance asymptote,0.8991151468938642,0.0179959356639277,A4,APOE4
LPC 14:0/0:0(M+H)_9.86,LPC,Abundance asymptote,0.9120460117330904,0.0296564035723125,A4,APOE4
LPC 16:0(M+H)_16.35,LPC,Abundance asymptote,0.895881414218484,0.0193821303506441,A4,APOE4
LPC 16:0/0:0(M+H)_17.11,LPC,Abundance asymptote,0.9079172757425544,0.0169124815177273,A4,APOE4
LPC 16:1(M+H)_10.88,LPC,Abundance asymptote,0.7885539119412575,0.0330429086130878,A4,APOE4
LPC 16:1(M+H)_12.53,LPC,Abundance asymptote,0.8173647435840565,0.0105357259861094,A4,APOE4
LPC 16:1(M+Na)_10.87,LPC,Abundance asymptote,0.7885539119412575,0.0330429086130878,A4,APOE4
LPC 17:0/0:0(M+H)_18.76,LPC,Abundance asymptote,0.8088495986892185,0.1129885880089099,A4,APOE4
LPC 18:0(M+H)_20.29,LPC,Abundance asymptote,1.0057500597992757,0.0516367194756136,A4,APOE4
LPC 18:2(M+H)_13.93,LPC,Abundance asymptote,0.6993080008465454,0.0281693771673435,A4,APOE4
LPC 18:2(M+H)_15.2,LPC,Abundance asymptote,0.7254474321228312,0.0365403404151649,A4,APOE4
LPC 18:3(M+H)_16.35,LPC,Abundance asymptote,1.0370719296744395,0.0662336799952555,A4,APOE4
LPC 18:3/0:0(M+H)_17.11,LPC,Abundance asymptote,0.9795910527653088,0.0341251018466585,A4,APOE4
LPC 19:0/0:0(M+H)_21.81,LPC,Abundance asymptote,0.6139459674212382,0.2249551627639185,A4,APOE4
LPC 20:0/0:0(M+H)_23.34,LPC,Abundance asymptote,0.3487352567602078,0.030030248975956,A4,APOE4
LPC 20:1(M+Na)_20.66,LPC,Abundance asymptote,0.8598418486449813,0.058399614962134,A4,APOE4
LPC 20:4(M+H)_14.06,LPC,Abundance asymptote,1.033252031199553,0.1081667642660478,A4,APOE4
LPC 22:0/0:0(M+H)_26.39,LPC,Abundance asymptote,0.4564826413811891,0.1502663945367531,A4,APOE4
LPC 22:1(M+H)_23.46,LPC,Abundance asymptote,0.7109043216982333,0.0582037739529322,A4,APOE4
LPC 22:4(M+H)_17.49,LPC,Abundance asymptote,0.8917593783023684,0.0379007083689033,A4,APOE4
LPC 22:6(M+H)_13.81,LPC,Abundance asymptote,0.8468619567172279,0.0499895762506511,A4,APOE4
LPC 22:6(M+Na)_13.8,LPC,Abundance asymptote,0.8468619567172279,0.0499895762506511,A4,APOE4
LPC 22:6(M+Na)_14.81,LPC,Abundance asymptote,0.536764136250807,0.0230188611212015,A4,APOE4
LPC 24:1(M+H)_25.76,LPC,Abundance asymptote,0.5559226623793929,0.0747875788392706,A4,APOE4
LPC 24:4(M+H)_19.65,LPC,Abundance asymptote,0.768032095661851,0.0942156085603979,A4,APOE4
LPC O-16:0(M+H)_18.25,EtherLPC,Abundance asymptote,0.8029399236360645,0.0187203092967848,A4,APOE4
LPE 16:0(M+H)_16.48,LPE,Abundance asymptote,0.812259764124069,0.0437976977019185,A4,APOE4
LPE 16:0(M-H)_16.48,LPE,Abundance asymptote,0.812259764124069,0.0437976977019185,A4,APOE4
LPE 16:1(M+H)_10.62,LPE,Abundance asymptote,0.5416829439992857,0.0684629257307367,A4,APOE4
LPE 16:1(M+H)_12.41,LPE,Abundance asymptote,0.8354965903296124,0.1231640974374222,A4,APOE4
LPE 16:1(M-H)_10.63,LPE,Abundance asymptote,0.5416829439992857,0.0684629257307367,A4,APOE4
LPE 16:1(M-H)_12.53,LPE,Abundance asymptote,0.8354965903296124,0.1231640974374222,A4,APOE4
LPE 18:0(M+H)_20.67,LPE,Abundance asymptote,0.973935501979714,0.0417998791529017,A4,APOE4
LPE 18:0(M-H)_20.68,LPE,Abundance asymptote,0.973935501979714,0.0417998791529017,A4,APOE4
LPE 18:2(M+H)_13.95,LPE,Abundance asymptote,0.4209511367569077,0.0276571707154706,A4,APOE4
LPE 18:2(M-H)_14.06,LPE,Abundance asymptote,0.4209511367569077,0.0276571707154706,A4,APOE4
LPE 18:2(M-H)_15.34,LPE,Abundance asymptote,1.05828080713321,0.3684394419471208,A4,APOE4
LPE 19:1(M-H)_19.02,LPE,Abundance asymptote,0.3997491182086599,0.1326248797999548,A4,APOE4
LPE 20:0(M+H)_23.21,LPE,Abundance asymptote,0.5368944991873532,0.3274832997817851,A4,APOE4
LPE 20:0(M-H)_23.22,LPE,Abundance asymptote,0.5368944991873532,0.3274832997817851,A4,APOE4
LPE 20:1(M+H)_20.41,LPE,Abundance asymptote,0.8848989226306371,0.9611768425079248,A4,APOE4
LPE 20:2(M+H)_18.5,LPE,Abundance asymptote,0.5104937574841478,0.0781829569457541,A4,APOE4
LPE 20:2(M-H)_18.51,LPE,Abundance asymptote,0.5104937574841478,0.0781829569457541,A4,APOE4
LPE 20:3(M+H)_17.36,LPE,Abundance asymptote,0.6089168432396997,0.0800645136554431,A4,APOE4
LPE 20:5(M+H)_9.61,LPE,Abundance asymptote,0.578007751926934,0.0569885388201865,A4,APOE4
LPE 20:5(M-H)_9.74,LPE,Abundance asymptote,0.578007751926934,0.0569885388201865,A4,APOE4
LPE 22:1(M+H)_23.34,LPE,Abundance asymptote,0.4638311977622213,0.0500948162918558,A4,APOE4
LPE 22:1(M-H)_23.35,LPE,Abundance asymptote,0.4638311977622213,0.0500948162918558,A4,APOE4
LPE 22:2(M-H)_21.19,LPE,Abundance asymptote,0.4554490381362958,0.1526099962750426,A4,APOE4
LPE 22:6(M-H)_13.94,LPE,Abundance asymptote,0.6343476405957396,0.1365670878379574,A4,APOE4
LPE 24:4(M+H)_20.03,LPE,Abundance asymptote,0.7870702230351546,0.2849805916339544,A4,APOE4
LPE 24:4(M-H)_20.04,LPE,Abundance asymptote,0.7870702230351546,0.2849805916339544,A4,APOE4
LPE 24:5(M+H)_18.76,LPE,Abundance asymptote,0.675737805278624,0.4403686682711605,A4,APOE4
LPE 24:5(M-H)_18.77,LPE,Abundance asymptote,0.675737805278624,0.4403686682711605,A4,APOE4
LPE 24:6(M+H)_17.24,LPE,Abundance asymptote,0.5032743355608825,0.1315541139478734,A4,APOE4
LPE 24:6(M-H)_17.24,LPE,Abundance asymptote,0.5032743355608825,0.1315541139478734,A4,APOE4
LPE O-16:0(M-H)_18.64,EtherLPE,Abundance asymptote,0.8449862248270877,0.0195571035193981,A4,APOE4
LPE O-18:0(M+H)_22.07,EtherLPE,Abundance asymptote,0.9147142974935356,0.0466055195502321,A4,APOE4
LPE O-18:0(M-H)_22.08,EtherLPE,Abundance asymptote,0.9147142974935356,0.0466055195502321,A4,APOE4
LPE P-18:1(M+H)_20.67,EtherLPE,Abundance asymptote,0.8688631135224586,0.0790683418349782,A4,APOE4
LPG 16:0(M-H)_14.06,LPG,Abundance asymptote,0.9623240624076328,0.0335304408563446,A4,APOE4
LPG 18:1(M-H)_14.19,LPG,Abundance asymptote,0.8761327673941772,0.0178708513459383,A4,APOE4
LPG 20:4(M-H)_9.36,LPG,Abundance asymptote,0.991609441343896,0.0660562861560287,A4,APOE4
LPG O-20:1(M-H)_20.17,EtherLPG,Abundance asymptote,0.1804392423977524,0.0411618660925314,A4,APOE4
LPI 16:0(M-H)_10.25,LPI,Abundance asymptote,0.863795144726278,0.0418861005674762,A4,APOE4
LPI 18:0(M-H)_17.62,LPI,Abundance asymptote,0.93182736672072,0.0120359617503798,A4,APOE4
LPI 20:4(M-H)_6.83,LPI,Abundance asymptote,0.8327320809722145,0.0217579062912191,A4,APOE4
LPI 22:6(M-H)_6.95,LPI,Abundance asymptote,0.7964925541567438,0.0572077749903002,A4,APOE4
LPS 18:0(M-H)_17.75,LPS,Abundance asymptote,0.9175309702965908,0.0444689480546635,A4,APOE4
LPS 18:1(M-H)_11.26,LPS,Abundance asymptote,0.6369430899976084,0.0560468001869818,A4,APOE4
LPS 18:1(M-H)_13.43,LPS,Abundance asymptote,0.7135806172502678,0.0188847944564367,A4,APOE4
LPS 20:4(M-H)_7.08,LPS,Abundance asymptote,0.7484737838210539,0.0757437985195971,A4,APOE4
LPS 22:4(M-H)_13.18,LPS,Abundance asymptote,1.136871821549491,0.3360548368725648,A4,APOE4
LPS 22:4(M-H)_14.57,LPS,Abundance asymptote,0.8553352936746448,0.4297984544112206,A4,APOE4
LPS 22:6(M-H)_7.08,LPS,Abundance asymptote,1.0649452989362749,0.0674865010191142,A4,APOE4
MMPE 42:2|MMPE 20:1_22:1(M-H)_37.19,MMPE,Abundance asymptote,0.4315211413048592,1.6280989158914052,A4,APOE4
PC 22:0(M+H)_22.96,PC,Abundance asymptote,0.9195845110402892,0.1534997732442936,A4,APOE4
PC 23:0(M+H)_23.47,PC,Abundance asymptote,1.0117633255556464,0.0491290225984057,A4,APOE4
PC 30:0|PC 14:0_16:0(M+H)_31.98,PC,Abundance asymptote,0.9031941267170231,0.0193076000897672,A4,APOE4
PC 31:0|PC 15:0_16:0(M+H)_33.12,PC,Abundance asymptote,0.4409023307588474,0.0397399499862619,A4,APOE4
PC 31:2(M+H)_33.12,PC,Abundance asymptote,0.9352226616067848,0.0373207518939515,A4,APOE4
PC 32:0|PC 16:0_16:0(M+H)_34.14,PC,Abundance asymptote,0.9717487907343152,0.0250616764421378,A4,APOE4
PC 32:1|PC 16:0_16:1(M+H)_32.24,PC,Abundance asymptote,0.9425593967270458,0.0178168385845189,A4,APOE4
PC 32:2(M+H)_30.34,PC,Abundance asymptote,0.7960614962356489,0.0237491872606607,A4,APOE4
PC 33:0|PC 16:0_17:0(M+H)_35.16,PC,Abundance asymptote,0.3974283208912126,0.06353610994818,A4,APOE4
PC 33:1|PC 16:0_17:1(M+H)_33.38,PC,Abundance asymptote,0.9071338391836704,0.0560273915409648,A4,APOE4
PC 34:0|PC 16:0_18:0(M+H)_36.17,PC,Abundance asymptote,0.3968940901924507,0.0652455839819888,A4,APOE4
PC 34:1(M+H)_34.4,PC,Abundance asymptote,0.9075416250461792,0.0191671369473639,A4,APOE4
PC 34:2|PC 16:1_18:1(M+H)_32.74,PC,Abundance asymptote,0.9546654205933264,0.0203039981516683,A4,APOE4
PC 35:1|PC 17:0_18:1(M+H)_35.29,PC,Abundance asymptote,0.8076540011035503,0.040596096482711,A4,APOE4
PC 36:1|PC 9:0_27:1(M+H)_36.3,PC,Abundance asymptote,1.1139917719469603,0.1241482501524184,A4,APOE4
PC 36:2|PC 18:1_18:1(M+H)_34.65,PC,Abundance asymptote,0.8613222247900226,0.0418153973355948,A4,APOE4
PC 36:3(M+H)_32.49,PC,Abundance asymptote,0.144570794277766,0.0071185583734428,A4,APOE4
PC 36:4|PC 18:2_18:2(M+H)_32.36,PC,Abundance asymptote,0.955821830620646,0.0092746098326103,A4,APOE4
PC 36:6(M+H)_29.44,PC,Abundance asymptote,0.8358065907021571,0.0286240575946114,A4,APOE4
PC 38:1(M+H)_37.2,PC,Abundance asymptote,0.886996707926033,0.0993981328615544,A4,APOE4
PC 38:4|PC 16:0_22:4(M+H)_34.64,PC,Abundance asymptote,0.8656844908385455,0.0294926505336488,A4,APOE4
PC 38:5|PC 18:0_20:5(M+H)_32.61,PC,Abundance asymptote,0.1083582712566775,0.0166524229079538,A4,APOE4
PC 38:6(M+H)_31.74,PC,Abundance asymptote,0.9756706574955084,0.0185180147843919,A4,APOE4
PC 38:7|PC 16:1_22:6(M+H)_29.81,PC,Abundance asymptote,0.806860125052205,0.010281854486752,A4,APOE4
PC 38:7|PC 18:3_20:4(M+H)_32.36,PC,Abundance asymptote,0.7148339257451053,0.049752661364575,A4,APOE4
PC 39:6|PC 17:0_22:6(M+H)_32.87,PC,Abundance asymptote,0.7292992466151264,0.0192339101402614,A4,APOE4
PC 40:1(M+H)_37.96,PC,Abundance asymptote,0.6991156265064336,0.2996279842847829,A4,APOE4
PC 40:2|PC 20:1_20:1(M+H)_37.2,PC,Abundance asymptote,0.6511479552916782,0.1582610239637869,A4,APOE4
PC 40:4(M+H)_35.91,PC,Abundance asymptote,1.0557782903323225,0.0658074271005992,A4,APOE4
PC 40:6(M+Na)_33.99,PC,Abundance asymptote,0.958820056844562,0.0177844317939573,A4,APOE4
PC 40:6|PC 18:0_22:6(M+H)_33.89,PC,Abundance asymptote,0.958820056844562,0.0177844317939573,A4,APOE4
PC 40:7(M+Na)_31.98,PC,Abundance asymptote,0.8293433100130877,0.0597773338665676,A4,APOE4
PC 40:7|PC 18:1_22:6(M+H)_31.98,PC,Abundance asymptote,0.8293433100130877,0.0597773338665676,A4,APOE4
PC 40:9|PC 18:3_22:6(M+H)_31.86,PC,Abundance asymptote,0.8894421479246012,0.0245130054520298,A4,APOE4
PC 41:1(M+H)_38.24,PC,Abundance asymptote,0.6434387402984371,0.3682002771786063,A4,APOE4
PC 42:10(M+H)_29.7,PC,Abundance asymptote,0.5951040755361726,0.1018769561895183,A4,APOE4
PC 42:1|PC 24:0_18:1(M+H)_38.47,PC,Abundance asymptote,0.7516652791888971,0.5606870897918299,A4,APOE4
PC 42:4(M+H)_36.94,PC,Abundance asymptote,0.9513167621378392,0.0555793114383173,A4,APOE4
PC 42:7(M+H)_33.89,PC,Abundance asymptote,0.8542554790332284,0.0607386974821472,A4,APOE4
PC 43:1(M+H)_38.72,PC,Abundance asymptote,0.2683872837058031,0.0217906392344636,A4,APOE4
PC 44:12|PC 22:6_22:6(M+H)_29.19,PC,Abundance asymptote,0.5100337132362068,0.0585196196747417,A4,APOE4
PC 52:4(M+H)_39.35,PC,Abundance asymptote,0.347518643953333,0.0432100608581433,A4,APOE4
PC 52:5(M+H)_38.98,PC,Abundance asymptote,0.6658685640915986,0.0818127277865313,A4,APOE4
PC 54:6(M+H)_39.1,PC,Abundance asymptote,0.5149738007158936,0.0456636592618157,A4,APOE4
PC O-32:0|PC O-16:0_16:0(M+H)_35.54,EtherPC,Abundance asymptote,1.0392116523663897,0.059319316284638,A4,APOE4
PC O-34:0|PC O-18:0_16:0(M+H)_36.94,EtherPC,Abundance asymptote,0.2915665399899091,0.0174020267439208,A4,APOE4
PC O-34:1|PC O-18:1_16:0(M+H)_35.54,EtherPC,Abundance asymptote,0.9248553666568284,0.0295874299096383,A4,APOE4
PC O-35:4|PC O-13:0_22:4(M+H)_35.8,EtherPC,Abundance asymptote,0.9428178285859112,0.0244556803832987,A4,APOE4
PC O-36:4|PC O-16:0_20:4(M+H)_33.76,EtherPC,Abundance asymptote,0.9198399009063436,0.0181334182801248,A4,APOE4
PC O-38:6|PC O-16:0_22:6(M+H)_33.12,EtherPC,Abundance asymptote,0.8134978146006415,0.0262939546818691,A4,APOE4
PE 21:0(M+H)_22.58,PE,Abundance asymptote,0.856853880264019,0.028605057708986,A4,APOE4
PE 32:0|PE 16:0_16:0(M+H)_34.78,PE,Abundance asymptote,0.946657956728678,0.0262807971314091,A4,APOE4
PE 34:1|PE 16:0_18:1(M+H)_34.9,PE,Abundance asymptote,0.9222521728712326,0.0195049330588936,A4,APOE4
PE 34:1|PE 16:0_18:1(M-H)_34.91,PE,Abundance asymptote,0.9222521728712326,0.0195049330588936,A4,APOE4
PE 34:2|PE 16:0_18:2(M-H)_33,PE,Abundance asymptote,0.960978885250968,0.0450220975404277,A4,APOE4
PE 36:1|PE 18:0_18:1(M+H)_36.56,PE,Abundance asymptote,1.1044916958431137,0.1333295866470502,A4,APOE4
PE 36:1|PE 18:0_18:1(M-H)_36.57,PE,Abundance asymptote,1.1044916958431137,0.1333295866470502,A4,APOE4
PE 36:2|PE 18:1_18:1(M+H)_35.03,PE,Abundance asymptote,0.9001716228273268,0.020566431834301,A4,APOE4
PE 36:2|PE 18:1_18:1(M-H)_35.04,PE,Abundance asymptote,0.9001716228273268,0.020566431834301,A4,APOE4
PE 36:4|PE 16:0_20:4(M+H)_32.99,PE,Abundance asymptote,0.9450343201416052,0.0139387063005373,A4,APOE4
PE 36:4|PE 16:0_20:4(M-H)_32.88,PE,Abundance asymptote,0.9450343201416052,0.0139387063005373,A4,APOE4
PE 36:5(M+H)_30.97,PE,Abundance asymptote,0.8380852736820992,0.0322452647355793,A4,APOE4
PE 38:1|PE 18:0_20:1(M-H)_37.46,PE,Abundance asymptote,0.1537103320492483,0.0257242106398686,A4,APOE4
PE 38:4|PE 18:0_20:4(M+H)_35.03,PE,Abundance asymptote,1.103086488235461,0.0803475842162907,A4,APOE4
PE 38:4|PE 18:0_20:4(M-H)_35.04,PE,Abundance asymptote,1.103086488235461,0.0803475842162907,A4,APOE4
PE 38:5|PE 18:1_20:4(M+H)_33.12,PE,Abundance asymptote,0.2405369133338053,0.0130516686903938,A4,APOE4
PE 38:5|PE 18:1_20:4(M-H)_33.13,PE,Abundance asymptote,0.2405369133338053,0.0130516686903938,A4,APOE4
PE 38:6|PE 16:0_22:6(M+H)_32.36,PE,Abundance asymptote,0.923671378683094,0.0110295643089755,A4,APOE4
PE 38:6|PE 16:0_22:6(M-H)_32.37,PE,Abundance asymptote,0.923671378683094,0.0110295643089755,A4,APOE4
PE 39:6(M+H)_33.51,PE,Abundance asymptote,0.6960353161287337,0.0159416395270226,A4,APOE4
PE 40:1|PE 18:0_22:1(M-H)_36.69,PE,Abundance asymptote,0.2511129613594051,0.0562809395913171,A4,APOE4
PE 40:6|PE 18:0_22:6(M+H)_34.63,PE,Abundance asymptote,1.009634507851552,0.0596917305621374,A4,APOE4
PE 40:6|PE 18:0_22:6(M-H)_34.53,PE,Abundance asymptote,1.009634507851552,0.0596917305621374,A4,APOE4
PE 40:7(M+H)_32.5,PE,Abundance asymptote,0.6555016042262887,0.0518679473308671,A4,APOE4
PE 40:7|PE 18:1_22:6(M-H)_32.62,PE,Abundance asymptote,0.6555016042262887,0.0518679473308671,A4,APOE4
PE 44:12|PE 22:6_22:6(M+H)_29.7,PE,Abundance asymptote,0.5229388574253072,0.1089339732045781,A4,APOE4
PE 44:12|PE 22:6_22:6(M-H)_29.7,PE,Abundance asymptote,0.5229388574253072,0.1089339732045781,A4,APOE4
PE O-34:1(M+H)_36.05,EtherPE,Abundance asymptote,0.9471268261379682,0.0206359755789638,A4,APOE4
PE O-34:1|PE O-18:1_16:0(M-H)_36.06,EtherPE,Abundance asymptote,0.9471268261379682,0.0206359755789638,A4,APOE4
PE O-36:2|PE O-18:1_18:1(M-H)_37.2,EtherPE,Abundance asymptote,0.765667008295768,0.0412129555784806,A4,APOE4
PE O-38:4|PE O-16:0_22:4(M-H)_35.8,EtherPE,Abundance asymptote,0.9549704124103922,0.0407587825048672,A4,APOE4
PE O-38:6|PE O-16:0_22:6(M-H)_33.77,EtherPE,Abundance asymptote,0.9555901817083928,0.0359845545493803,A4,APOE4
PE O-40:4|PE O-18:0_22:4(M-H)_37.08,EtherPE,Abundance asymptote,0.956772477000403,0.038378194500248,A4,APOE4
PE P-38:5|PE P-18:1_20:4(M+H)_33.76,EtherPE,Abundance asymptote,0.8973277992438737,0.03006804654295,A4,APOE4
PE P-40:5(M+H)_35.8,EtherPE,Abundance asymptote,0.7727334131971425,0.1137423272916127,A4,APOE4
PG 34:1|PG 16:0_18:1(M-H)_31.73,PG,Abundance asymptote,0.951186644139838,0.0233975836995017,A4,APOE4
PG 38:2|PG 18:1_20:1(M-H)_35.67,PG,Abundance asymptote,0.5535279243615702,0.106101635070379,A4,APOE4
PI 33:1(d7)|PI 15:0_18:1(d7)(M-H)_33.26,PI,Abundance asymptote,0.1809242308967769,0.0353499464737713,A4,APOE4
PI 36:4(M+NH4)_29.44,PI,Abundance asymptote,0.8799516639520577,0.0274135540934569,A4,APOE4
PI 36:4|PI 16:0_20:4(M-H)_29.32,PI,Abundance asymptote,0.8799516639520577,0.0274135540934569,A4,APOE4
PI 38:4(M+NH4)_31.6,PI,Abundance asymptote,0.9550678341084394,0.018824404646886,A4,APOE4
PI 38:4|PI 18:0_20:4(M-H)_31.61,PI,Abundance asymptote,0.9550678341084394,0.018824404646886,A4,APOE4
PI 38:5(M+NH4)_29.57,PI,Abundance asymptote,0.8088144138086295,0.0264647240297577,A4,APOE4
PI 38:5|PI 18:1_20:4(M-H)_29.57,PI,Abundance asymptote,0.8088144138086295,0.0264647240297577,A4,APOE4
PI 38:6(M+NH4)_28.82,PI,Abundance asymptote,0.7405127361697768,0.0443690361625203,A4,APOE4
PI 40:6(M+NH4)_31.09,PI,Abundance asymptote,0.8930985498556762,0.0243594600311454,A4,APOE4
PI 40:6|PI 18:0_22:6(M-H)_31.1,PI,Abundance asymptote,0.8930985498556762,0.0243594600311454,A4,APOE4
PS 34:1(M+H)_31.73,PS,Abundance asymptote,0.8173942313773761,0.0296504749214131,A4,APOE4
PS 36:0;O3|PS 18:0_18:0;O3(M-H)_32.12,OxPS,Abundance asymptote,0.2161302583878851,0.0290912402179217,A4,APOE4
PS 36:1|PS 18:0_18:1(M+H)_33.76,PS,Abundance asymptote,0.9094412918153468,0.7629577967354377,A4,APOE4
PS 36:1|PS 18:0_18:1(M-H)_33.77,PS,Abundance asymptote,0.9094412918153468,0.7629577967354377,A4,APOE4
PS 36:2|PS 18:1_18:1(M+H)_31.98,PS,Abundance asymptote,0.7883625339353726,0.0151403732226016,A4,APOE4
PS 36:2|PS 18:1_18:1(M-H)_32.12,PS,Abundance asymptote,0.6667886355806729,0.0586654337812809,A4,APOE4
PS 38:4(M+H)_31.99,PS,Abundance asymptote,0.9119811160789844,0.1280679021339315,A4,APOE4
PS 38:4|PS 18:0_20:4(M-H)_32.24,PS,Abundance asymptote,0.6810907334103253,0.0435527459402462,A4,APOE4
PS 38:5;O3|PS 18:0_20:5;O3(M-H)_31.35,OxPS,Abundance asymptote,0.7650811021337895,0.0437067195342188,A4,APOE4
PS 40:6(M+Na)_31.34,PS,Abundance asymptote,0.8973114397669745,0.0536387460461907,A4,APOE4
PS 40:6|PS 18:0_22:6(M+H)_31.35,PS,Abundance asymptote,0.8973114397669745,0.0536387460461907,A4,APOE4
PS 40:6|PS 18:0_22:6(M-H)_31.35,PS,Abundance asymptote,0.8973114397669745,0.0536387460461907,A4,APOE4
PS 40:6|PS 18:0_22:6(M-H)_35.17,PS,Abundance asymptote,0.8658837965567288,0.0900044482795346,A4,APOE4
PS 40:7(M+H)_29.32,PS,Abundance asymptote,0.68470826191014,0.0204497596002162,A4,APOE4
PS 40:7|PS 18:1_22:6(M-H)_29.32,PS,Abundance asymptote,0.68470826191014,0.0204497596002162,A4,APOE4
PS 44:10|PS 22:4_22:6(M+H)_28.81,PS,Abundance asymptote,0.6036745438641137,0.0004497357512699,A4,APOE4
PS 44:12|PS 22:6_22:6(M+H)_26.51,PS,Abundance asymptote,0.4924185523958794,0.0581539960592019,A4,APOE4
PS 44:12|PS 22:6_22:6(M-H)_26.52,PS,Abundance asymptote,0.4924185523958794,0.0581539960592019,A4,APOE4
SM 34:1;O2|SM 18:1;O2/16:0(M+H)_32.11,SM,Abundance asymptote,0.994306814725511,0.1897358581586323,A4,APOE4
SM 34:1;O3(M+H)_31.22,SM,Abundance asymptote,0.943231198573542,0.1163123589116871,A4,APOE4
SM 34:2;O2(M+H)_30.08,SM,Abundance asymptote,0.7387218843517153,0.0273048951194087,A4,APOE4
SM 36:2;O2(M+H)_32.49,SM,Abundance asymptote,1.1036964877004825,0.2240867010877123,A4,APOE4
SM 40:2;O2(M+H)_36.43,SM,Abundance asymptote,0.6560914912357182,0.0483454833865535,A4,APOE4
SM 42:3;O2|SM 18:1;O2/24:2(M+H)_36.43,SM,Abundance asymptote,0.6338478128349893,0.0614438133986391,A4,APOE4
SM 43:4;O2(M+H)_24.36,SM,Abundance asymptote,0.4759669925238498,0.4234652032921654,A4,APOE4
ST 27:1;O(M+H-[H2O])_41,ST,Abundance asymptote,0.3969885280197018,0.0995748287861554,A4,APOE4
TG 48:0|TG 16:0_16:0_16:0(M+NH4)_40.75,TG,Abundance asymptote,0.4542002249111572,0.0408631103566114,A4,APOE4
TG 48:2|TG 16:0_16:1_16:1(M+NH4)_39.76,TG,Abundance asymptote,0.4621081655328247,0.151769276853099,A4,APOE4
TG 50:4|TG 16:1_16:1_18:2(M+NH4)_39.48,TG,Abundance asymptote,0.6750087446521349,0.5114778431950713,A4,APOE4
TG 54:0|TG 18:0_18:0_18:0(M+NH4)_42.53,TG,Abundance asymptote,0.0907163756141541,0.0214985965629562,A4,APOE4
TG 60:12|TG 16:0_22:6_22:6(M+NH4)_39.35,TG,Abundance asymptote,0.6439628728848409,0.0247076026931633,A4,APOE4
TG O-50:0|TG O-18:0_16:0_16:0(M+NH4)_42.28,EtherTG,Abundance asymptote,0.3301686419245207,0.0197479151273817,A4,APOE4
TG O-50:2|TG O-16:0_16:0_18:2(M+NH4)_41.12,EtherTG,Abundance asymptote,0.783489736064026,0.0483353053799517,A4,APOE4
TG O-52:2|TG O-18:0_16:0_18:2(M+NH4)_41.64,EtherTG,Abundance asymptote,0.5231049468457794,0.0907705726894544,A4,APOE4
TG O-52:3|TG O-16:0_18:1_18:2(M+NH4)_41.01,EtherTG,Abundance asymptote,0.8229027085912831,0.037476843241218,A4,APOE4
TG O-54:2|TG O-20:0_16:0_18:2(M+NH4)_42.28,EtherTG,Abundance asymptote,0.5730496180766418,0.091634656325376,A4,APOE4
TG O-54:4|TG O-18:0_18:2_18:2(M+NH4)_41.13,EtherTG,Abundance asymptote,0.9274928973621048,0.1925325740720492,A4,APOE4
TG O-56:3|TG O-20:0_18:1_18:2(M+NH4)_42.16,EtherTG,Abundance asymptote,0.8942456924352238,0.0612770270657949,A4,APOE4
AHexCer 46:1;O3|AHexCer (O-15:0)31:1;O3(M+H-[H2O])_39.35,AHexCer,Abundance rate,0.1158864467314099,0.0400777041728947,A2,APOE2
AHexCer 55:6;O3|AHexCer (O-18:1)37:5;O3(M+H-[H2O])_39.74,AHexCer,Abundance rate,0.2079696362993426,0.0614980652362674,A2,APOE2
AHexCer 56:1;O3|AHexCer (O-16:0)40:1;O3(M+H-[H2O])_39.48,AHexCer,Abundance rate,0.0100922737067447,0.0432584465460942,A2,APOE2
C18-Sphingosine(M+H)_18,C18-Sphingosine(M+H)_18,Abundance rate,0.146390076183464,0.0755208748957659,A2,APOE2
CAR 16:0(M+H)_16.86,CAR,Abundance rate,0.2866649204342275,0.0492804248187846,A2,APOE2
CAR 18:0(M+H)_19.78,CAR,Abundance rate,0.1807417200092255,0.0431237080177996,A2,APOE2
CE 18:2(M+NH4)_41,CE,Abundance rate,0.0791388526827134,0.0130035628562829,A2,APOE2
CE 18:3(M+NH4)_40.5,CE,Abundance rate,0.0945626880637131,0.0210050125566812,A2,APOE2
CE 20:4(M+NH4)_40.75,CE,Abundance rate,0.06774742641008,0.0166005525526956,A2,APOE2
CE 22:6(M+NH4)_40.4,CE,Abundance rate,0.0296998542652733,0.0382487046692351,A2,APOE2
CL 70:4|CL 34:2_36:2(M+NH4)_39.1,CL,Abundance rate,0.0506606463543296,0.0549971100936011,A2,APOE2
CL 72:5|CL 18:1_18:1_18:1_18:2(M-H)_39.11,CL,Abundance rate,0.1614911942953156,0.1181861437201226,A2,APOE2
CL 72:5|CL 36:2_36:3(M+NH4)_39.22,CL,Abundance rate,0.1614911942953156,0.1181861437201226,A2,APOE2
CL 76:5|CL 39:1_37:4(M-H)_35.04,CL,Abundance rate,0.1002713198468678,0.0323408527407528,A2,APOE2
CL 78:7|CL 41:2_37:5(M-H)_35.04,CL,Abundance rate,0.0499307186104149,0.0153027503879554,A2,APOE2
CL 79:6|CL 36:1_43:5(M-H)_34.4,CL,Abundance rate,0.1430435641827595,0.0537008331409404,A2,APOE2
CL 79:9|CL 38:4_41:5(M-H)_32.37,CL,Abundance rate,0.2558814863003448,0.0250370778778559,A2,APOE2
CL 80:6|CL 36:1_44:5(M-H)_34.4,CL,Abundance rate,0.138594130241964,0.0404353637268059,A2,APOE2
Cer 38:1;O2|Cer 20:1;O2/18:0(M+H-[H2O])_37.58,Cer_NS,Abundance rate,0.0411020620449132,0.0102694722383748,A2,APOE2
Cer 38:1;O2|Cer 20:1;O2/18:0(M+H-[H2O])_38.85,Cer_NS,Abundance rate,0.0350464955160021,0.0093105481503255,A2,APOE2
Cer 41:1;O2|Cer 18:1;O2/23:0(M+H)_38.47,Cer_NS,Abundance rate,0.0505401362424853,0.0127364472537586,A2,APOE2
Cer 41:1;O4|Cer 26:0;O3(FA 15:0)(M-H)_38.22,Cer_EODS,Abundance rate,0.1115448298354018,0.0091217287473311,A2,APOE2
Cer 42:2;O2|Cer 18:1;O2/24:1(M+H)_38.09,Cer_NS,Abundance rate,0.0292256076240701,0.0139597785760467,A2,APOE2
Cer 42:2;O2|Cer 18:1;O2/24:1(M+H-[H2O])_38.2,Cer_NS,Abundance rate,0.0292256076240701,0.0139597785760467,A2,APOE2
Cer 42:2;O2|Cer 18:1;O2/24:1(M+H-[H2O])_39.23,Cer_NS,Abundance rate,0.0654088408370974,0.021359440828199,A2,APOE2
CoQ9(M+H)_38.85,CoQ,Abundance rate,0.0538143175625667,0.011686958239358,A2,APOE2
DG 18:2(M+Na)_6.94,DG,Abundance rate,0.1724432108510032,0.0916884719941726,A2,APOE2
DG 19:2(M+Na)_14.69,DG,Abundance rate,0.4475963740748876,0.2987585642164142,A2,APOE2
DG 19:2(M+Na)_16.1,DG,Abundance rate,0.1363406298817688,0.1068435533447051,A2,APOE2
DG 21:4(M+Na)_15.33,DG,Abundance rate,0.1415038564258625,0.0759364748366266,A2,APOE2
DG 34:1|DG 16:0_18:1(M+NH4)_37.32,DG,Abundance rate,0.139876923567337,0.0240995270034711,A2,APOE2
DG 36:1|DG 18:0_18:1(M+NH4)_37.97,DG,Abundance rate,0.0388340181529307,0.0062344789153705,A2,APOE2
DG 36:2|DG 18:1_18:1(M+NH4)_37.33,DG,Abundance rate,0.1161764698830062,0.0577890757871592,A2,APOE2
DG 38:4|DG 18:0_20:4(M+NH4)_37.32,DG,Abundance rate,0.0821211567749468,0.010306517271521,A2,APOE2
DG 38:5|DG 18:1_20:4(M+NH4)_36.29,DG,Abundance rate,0.0070377182844107,0.038394946144813,A2,APOE2
DG 38:6(M+Na)_35.54,DG,Abundance rate,0.287661714166873,0.0301409299271251,A2,APOE2
DG 38:6|DG 16:0_22:6(M+NH4)_35.54,DG,Abundance rate,0.287661714166873,0.0301409299271251,A2,APOE2
DG 40:4|DG 18:0_22:4(M+NH4)_37.83,DG,Abundance rate,0.1316486037615818,0.0217405366582646,A2,APOE2
DG 40:6(M+Na)_37.07,DG,Abundance rate,0.059287386248457,0.0085128516818836,A2,APOE2
DG 40:6|DG 18:0_22:6(M+NH4)_37.07,DG,Abundance rate,0.059287386248457,0.0085128516818836,A2,APOE2
DG 40:7|DG 18:1_22:6(M+NH4)_35.67,DG,Abundance rate,0.067592274792188,0.1316293097770609,A2,APOE2
DG 47:11(M+Na)_35.67,DG,Abundance rate,0.0145786942015255,0.0098360141655211,A2,APOE2
DG 52:1(M+Na)_42.16,DG,Abundance rate,0.1642539372333899,0.0521290681743665,A2,APOE2
DLCL 36:3(M-H)_29.32,DLCL,Abundance rate,0.6021183269505438,0.123437639500378,A2,APOE2
DLCL 42:11(M-H)_29.32,DLCL,Abundance rate,0.408998936720472,0.0908012657004764,A2,APOE2
DLCL 44:12(M-H)_29.57,DLCL,Abundance rate,0.685041955185593,0.2901377331539987,A2,APOE2
FA 18:1(M-H)_22.7,FA,Abundance rate,0.0651814948021152,0.0303837397729835,A2,APOE2
GM3 36:1;O2(M-H)_30.85,GM3,Abundance rate,0.0290392422191815,0.0083162287442832,A2,APOE2
HexCer 36:1;O2|HexCer 18:1;O2/18:0(M+H)_34.91,HexCer_NS,Abundance rate,0.081543894892021,0.0424679056996823,A2,APOE2
HexCer 38:1;O2(M+H)_36.69,HexCer_NDS,Abundance rate,0.0183174682842927,0.02267573742436,A2,APOE2
LPC 14:0(M+H)_8.21,LPC,Abundance rate,0.1494251081507537,0.0133677030930672,A2,APOE2
LPC 14:0/0:0(M+H)_9.86,LPC,Abundance rate,0.1643137933516818,0.0233697864866675,A2,APOE2
LPC 16:0(M+H)_16.35,LPC,Abundance rate,0.090686587283785,0.0112285802548414,A2,APOE2
LPC 16:0/0:0(M+H)_17.11,LPC,Abundance rate,0.0894999858106255,0.0068423571375753,A2,APOE2
LPC 16:1(M+H)_10.88,LPC,Abundance rate,0.0863568996488596,0.0121623186419105,A2,APOE2
LPC 16:1(M+H)_12.53,LPC,Abundance rate,0.113817516550054,0.0122304464254664,A2,APOE2
LPC 16:1(M+Na)_10.87,LPC,Abundance rate,0.0863568996488596,0.0121623186419105,A2,APOE2
LPC 17:0/0:0(M+H)_18.76,LPC,Abundance rate,0.0919702167544548,0.0116551014027751,A2,APOE2
LPC 18:0(M+H)_20.29,LPC,Abundance rate,0.0438037778274461,0.0066002794576204,A2,APOE2
LPC 18:2(M+H)_13.93,LPC,Abundance rate,0.1927405649295479,0.0358506731309288,A2,APOE2
LPC 18:2(M+H)_15.2,LPC,Abundance rate,0.1214603569504206,0.0238093943479822,A2,APOE2
LPC 18:3(M+H)_16.35,LPC,Abundance rate,0.0570098473883289,0.0100174535706677,A2,APOE2
LPC 18:3/0:0(M+H)_17.11,LPC,Abundance rate,0.0904978140892005,0.0124759850330344,A2,APOE2
LPC 20:0/0:0(M+H)_23.34,LPC,Abundance rate,0.1285750122297035,0.0493175355808071,A2,APOE2
LPC 20:1(M+Na)_20.66,LPC,Abundance rate,0.0788048466798913,0.0121761541828281,A2,APOE2
LPC 20:3(M+H)_15.97,LPC,Abundance rate,0.155252163312463,0.0222502673801698,A2,APOE2
LPC 20:4(M+H)_14.06,LPC,Abundance rate,0.0508825697668731,0.0158599901880228,A2,APOE2
LPC 20:5(M+H)_9.86,LPC,Abundance rate,0.2018222314325114,0.043113079014655,A2,APOE2
LPC 22:0/0:0(M+H)_26.39,LPC,Abundance rate,0.0631170558408315,0.0230779705481535,A2,APOE2
LPC 22:1(M+H)_23.46,LPC,Abundance rate,0.0413927320021415,0.0182899974232111,A2,APOE2
LPC 22:4(M+H)_17.49,LPC,Abundance rate,0.0597907646752791,0.0127397137360398,A2,APOE2
LPC 22:6(M+H)_13.81,LPC,Abundance rate,0.0765007497520807,0.0168163062631877,A2,APOE2
LPC 22:6(M+Na)_13.8,LPC,Abundance rate,0.0765007497520807,0.0168163062631877,A2,APOE2
LPC 22:6(M+Na)_14.81,LPC,Abundance rate,0.169542649730471,0.0438842213643302,A2,APOE2
LPC 24:1(M+H)_25.76,LPC,Abundance rate,0.1367483845450435,0.0401064590551134,A2,APOE2
LPC 24:4(M+H)_19.65,LPC,Abundance rate,0.0641828241060436,0.014437088809475,A2,APOE2
LPC O-16:0(M+H)_18.25,EtherLPC,Abundance rate,0.0672491022965102,0.0076795395400021,A2,APOE2
LPE 16:0(M+H)_16.48,LPE,Abundance rate,0.0635266095069277,0.0108191167927651,A2,APOE2
LPE 16:0(M-H)_16.48,LPE,Abundance rate,0.0635266095069277,0.0108191167927651,A2,APOE2
LPE 16:1(M+H)_10.62,LPE,Abundance rate,0.037060623113419,0.0092787866895256,A2,APOE2
LPE 16:1(M+H)_12.41,LPE,Abundance rate,0.0832905968277762,0.0114178976819122,A2,APOE2
LPE 16:1(M-H)_10.63,LPE,Abundance rate,0.037060623113419,0.0092787866895256,A2,APOE2
LPE 16:1(M-H)_12.53,LPE,Abundance rate,0.0832905968277762,0.0114178976819122,A2,APOE2
LPE 18:0(M+H)_20.67,LPE,Abundance rate,0.0398599619817658,0.003690534688631,A2,APOE2
LPE 18:0(M-H)_20.68,LPE,Abundance rate,0.0398599619817658,0.003690534688631,A2,APOE2
LPE 18:2(M+H)_13.95,LPE,Abundance rate,0.0450177178484951,0.0192552390677753,A2,APOE2
LPE 18:2(M-H)_14.06,LPE,Abundance rate,0.0450177178484951,0.0192552390677753,A2,APOE2
LPE 19:1(M-H)_19.02,LPE,Abundance rate,0.0411381588175259,0.0316528827963386,A2,APOE2
LPE 20:0(M+H)_23.21,LPE,Abundance rate,0.0788016497935966,0.0366226212286901,A2,APOE2
LPE 20:0(M-H)_23.22,LPE,Abundance rate,0.0788016497935966,0.0366226212286901,A2,APOE2
LPE 20:3(M+H)_17.36,LPE,Abundance rate,0.026863055761083,0.0152390531190177,A2,APOE2
LPE 20:5(M+H)_9.61,LPE,Abundance rate,0.3883256356387526,0.1904161436067443,A2,APOE2
LPE 20:5(M-H)_9.74,LPE,Abundance rate,0.3883256356387526,0.1904161436067443,A2,APOE2
LPE 22:1(M+H)_23.34,LPE,Abundance rate,0.0521687486641302,0.0218470136139721,A2,APOE2
LPE 22:1(M-H)_23.35,LPE,Abundance rate,0.0521687486641302,0.0218470136139721,A2,APOE2
LPE O-16:0(M-H)_18.64,EtherLPE,Abundance rate,0.0897690581122379,0.007944292731147,A2,APOE2
LPE O-18:0(M+H)_22.07,EtherLPE,Abundance rate,0.0670128030663629,0.0097267733254884,A2,APOE2
LPE O-18:0(M-H)_22.08,EtherLPE,Abundance rate,0.0670128030663629,0.0097267733254884,A2,APOE2
LPG 16:0(M-H)_14.06,LPG,Abundance rate,0.581372880777476,0.0395216154963824,A2,APOE2
LPG 18:1(M-H)_14.19,LPG,Abundance rate,0.428143883874105,0.0573827424763742,A2,APOE2
LPG 20:4(M-H)_9.36,LPG,Abundance rate,0.5949396992768876,0.1883149518432134,A2,APOE2
LPG 22:6(M-H)_9.36,LPG,Abundance rate,0.3081609276955773,0.0584027049658606,A2,APOE2
LPG O-20:1(M-H)_20.17,EtherLPG,Abundance rate,0.0287458400139103,0.0192497574955667,A2,APOE2
LPI 16:0(M-H)_10.25,LPI,Abundance rate,0.2773420808935915,0.0500593793524415,A2,APOE2
LPI 18:0(M-H)_17.62,LPI,Abundance rate,0.4832692281322624,0.0410048732710072,A2,APOE2
LPI 20:4(M-H)_6.83,LPI,Abundance rate,0.115758571063637,0.0197463351066957,A2,APOE2
LPI 22:6(M-H)_6.95,LPI,Abundance rate,0.2708752720844032,0.102138765087044,A2,APOE2
LPS 18:1(M-H)_11.26,LPS,Abundance rate,0.0535411845430804,0.0140341699520315,A2,APOE2
LPS 18:1(M-H)_13.43,LPS,Abundance rate,0.078884069027803,0.0195775270016421,A2,APOE2
LPS 20:4(M-H)_7.08,LPS,Abundance rate,0.0733316043853978,0.0176457641606536,A2,APOE2
MMPE 42:2|MMPE 20:1_22:1(M-H)_37.19,MMPE,Abundance rate,0.0455085806012807,0.0138526829903891,A2,APOE2
NAE 16:0(M+H)_19.66,NAE,Abundance rate,0.1449656600857061,0.0479406390283078,A2,APOE2
NAE 18:0(M+H)_22.83,NAE,Abundance rate,0.1092567951322149,0.069238996734721,A2,APOE2
PC 22:0(M+H)_22.96,PC,Abundance rate,0.075356840048811,0.0058157701439296,A2,APOE2
PC 23:0(M+H)_23.47,PC,Abundance rate,0.1555576022692109,0.0244952580791782,A2,APOE2
PC 30:0|PC 14:0_16:0(M+H)_31.98,PC,Abundance rate,0.1102158385725821,0.0143738201480037,A2,APOE2
PC 31:0|PC 15:0_16:0(M+H)_33.12,PC,Abundance rate,0.1514482497753805,0.0479089190661535,A2,APOE2
PC 31:2(M+H)_33.12,PC,Abundance rate,0.4115147625792553,0.07818782238149,A2,APOE2
PC 32:0|PC 16:0_16:0(M+H)_34.14,PC,Abundance rate,0.0800301803213251,0.0053128911962455,A2,APOE2
PC 32:1|PC 16:0_16:1(M+H)_32.24,PC,Abundance rate,0.1384546965239814,0.0125843391919989,A2,APOE2
PC 32:2(M+H)_30.34,PC,Abundance rate,0.2894870466881766,0.0393163357729476,A2,APOE2
PC 33:0|PC 16:0_17:0(M+H)_35.16,PC,Abundance rate,0.1968385666090704,0.077373771320551,A2,APOE2
PC 33:1|PC 16:0_17:1(M+H)_33.38,PC,Abundance rate,0.0958868103839485,0.0148870611876574,A2,APOE2
PC 34:0|PC 16:0_18:0(M+H)_36.17,PC,Abundance rate,0.1938993119881469,0.0727255355455335,A2,APOE2
PC 34:1(M+H)_34.4,PC,Abundance rate,0.1177215178166816,0.0105840624721231,A2,APOE2
PC 34:2|PC 16:1_18:1(M+H)_32.74,PC,Abundance rate,0.1498183353543687,0.0151811485360577,A2,APOE2
PC 35:1|PC 17:0_18:1(M+H)_35.29,PC,Abundance rate,0.0425751352761055,0.0099939361401007,A2,APOE2
PC 35:2(M+H)_33.63,PC,Abundance rate,0.5534420637563892,0.167271114516092,A2,APOE2
PC 36:1|PC 9:0_27:1(M+H)_36.3,PC,Abundance rate,0.0430618055151387,0.0087129993696048,A2,APOE2
PC 36:2|PC 18:1_18:1(M+H)_34.65,PC,Abundance rate,0.0629426313295504,0.0119221479510406,A2,APOE2
PC 36:3(M+H)_32.49,PC,Abundance rate,0.2193535713151244,0.2417543586616982,A2,APOE2
PC 36:4|PC 18:2_18:2(M+H)_32.36,PC,Abundance rate,0.1201844322214506,0.0118767014647364,A2,APOE2
PC 38:1(M+H)_37.2,PC,Abundance rate,0.0509854587363228,0.0168126030728372,A2,APOE2
PC 38:4|PC 16:0_22:4(M+H)_34.64,PC,Abundance rate,0.0528360736818934,0.0053153591492688,A2,APOE2
PC 38:6(M+H)_31.74,PC,Abundance rate,0.2009039075688566,0.0203231972489272,A2,APOE2
PC 38:7|PC 16:1_22:6(M+H)_29.81,PC,Abundance rate,0.193962879667363,0.0402790795114639,A2,APOE2
PC 39:6|PC 17:0_22:6(M+H)_32.87,PC,Abundance rate,0.0853579548404145,0.0118481982706435,A2,APOE2
PC 40:1(M+H)_37.96,PC,Abundance rate,0.0221786896619007,0.0150302287447411,A2,APOE2
PC 40:2|PC 20:1_20:1(M+H)_37.2,PC,Abundance rate,0.0664475430610296,0.021657403743807,A2,APOE2
PC 40:4(M+H)_35.91,PC,Abundance rate,0.0662254148885385,0.0096565833956371,A2,APOE2
PC 40:6(M+Na)_33.99,PC,Abundance rate,0.0679926479244902,0.0054156595686353,A2,APOE2
PC 40:6|PC 18:0_22:6(M+H)_33.89,PC,Abundance rate,0.0679926479244902,0.0054156595686353,A2,APOE2
PC 40:7(M+Na)_31.98,PC,Abundance rate,0.0989423899100589,0.0192982956408712,A2,APOE2
PC 40:7|PC 18:1_22:6(M+H)_31.98,PC,Abundance rate,0.0989423899100589,0.0192982956408712,A2,APOE2
PC 40:8|PC 18:2_22:6(M+H)_30.21,PC,Abundance rate,0.0611730122580727,0.08012128781499,A2,APOE2
PC 40:9|PC 18:3_22:6(M+H)_31.86,PC,Abundance rate,0.1824781418753165,0.0263521040433716,A2,APOE2
PC 42:10(M+H)_29.7,PC,Abundance rate,0.0522253273208805,0.020266488361893,A2,APOE2
PC 42:2|PC 18:1_24:1(M+H)_37.96,PC,Abundance rate,0.0164699999330061,0.0147584947256582,A2,APOE2
PC 42:4(M+H)_36.94,PC,Abundance rate,0.0642415118353405,0.0076831627357772,A2,APOE2
PC 42:7(M+H)_33.89,PC,Abundance rate,0.0693747163901038,0.014112022113209,A2,APOE2
PC 43:1(M+H)_38.72,PC,Abundance rate,0.0140600555021426,0.0731926103103816,A2,APOE2
PC 44:10(M+H)_31.47,PC,Abundance rate,0.1587904950773766,0.0419491325387923,A2,APOE2
PC 52:4(M+H)_39.35,PC,Abundance rate,0.0878066188940644,0.0202764364493665,A2,APOE2
PC 54:6(M+H)_39.1,PC,Abundance rate,0.0689423558022639,0.0241189424700548,A2,APOE2
PC O-32:0|PC O-16:0_16:0(M+H)_35.54,EtherPC,Abundance rate,0.046873008489611,0.0079176263117829,A2,APOE2
PC O-34:1|PC O-18:1_16:0(M+H)_35.54,EtherPC,Abundance rate,0.0617138516779155,0.0067729931664722,A2,APOE2
PC O-35:4|PC O-13:0_22:4(M+H)_35.8,EtherPC,Abundance rate,0.0599086906215814,0.0076559249359419,A2,APOE2
PC O-36:4|PC O-16:0_20:4(M+H)_33.76,EtherPC,Abundance rate,0.1343026316408883,0.0185932980962165,A2,APOE2
PC O-38:6|PC O-16:0_22:6(M+H)_33.12,EtherPC,Abundance rate,0.1952252503819055,0.0219722712832561,A2,APOE2
PE 32:0|PE 16:0_16:0(M+H)_34.78,PE,Abundance rate,0.3727863498132143,0.0550832802197231,A2,APOE2
PE 34:0|PE 16:0_18:0(M-H)_36.57,PE,Abundance rate,0.7221933429912978,0.2097559122947062,A2,APOE2
PE 34:1|PE 16:0_18:1(M+H)_34.9,PE,Abundance rate,0.1423992787204097,0.0166459733596501,A2,APOE2
PE 34:1|PE 16:0_18:1(M-H)_34.91,PE,Abundance rate,0.1423992787204097,0.0166459733596501,A2,APOE2
PE 34:2|PE 16:0_18:2(M-H)_33,PE,Abundance rate,0.2227803408130222,0.0261277516296681,A2,APOE2
PE 36:2|PE 18:1_18:1(M+H)_35.03,PE,Abundance rate,0.0756595337047706,0.0073124163825774,A2,APOE2
PE 36:2|PE 18:1_18:1(M-H)_35.04,PE,Abundance rate,0.0756595337047706,0.0073124163825774,A2,APOE2
PE 36:4|PE 16:0_20:4(M+H)_32.99,PE,Abundance rate,0.1200201011753017,0.0092448667992204,A2,APOE2
PE 36:4|PE 16:0_20:4(M-H)_32.88,PE,Abundance rate,0.1200201011753017,0.0092448667992204,A2,APOE2
PE 36:5(M+H)_30.97,PE,Abundance rate,0.2759991382430787,0.0643290485970844,A2,APOE2
PE 38:6|PE 16:0_22:6(M+H)_32.36,PE,Abundance rate,0.1567418598112491,0.0122998531863983,A2,APOE2
PE 38:6|PE 16:0_22:6(M-H)_32.37,PE,Abundance rate,0.1567418598112491,0.0122998531863983,A2,APOE2
PE 39:6(M+H)_33.51,PE,Abundance rate,0.0789481707400124,0.014158620887376,A2,APOE2
PE 40:1|PE 18:0_22:1(M-H)_36.69,PE,Abundance rate,0.071091542643009,0.0258274257026646,A2,APOE2
PE 40:7(M+H)_32.5,PE,Abundance rate,0.1188642138050588,0.0285981410513422,A2,APOE2
PE 40:7|PE 18:1_22:6(M-H)_32.62,PE,Abundance rate,0.1188642138050588,0.0285981410513422,A2,APOE2
PE 44:12|PE 22:6_22:6(M+H)_29.7,PE,Abundance rate,0.3769710346542806,0.2066497195339196,A2,APOE2
PE 44:12|PE 22:6_22:6(M-H)_29.7,PE,Abundance rate,0.3769710346542806,0.2066497195339196,A2,APOE2
PE O-34:1(M+H)_36.05,EtherPE,Abundance rate,0.0919895083634502,0.0094966672463185,A2,APOE2
PE O-34:1|PE O-18:1_16:0(M-H)_36.06,EtherPE,Abundance rate,0.0919895083634502,0.0094966672463185,A2,APOE2
PE O-38:4|PE O-16:0_22:4(M-H)_35.8,EtherPE,Abundance rate,0.0679532365115837,0.0172100170314423,A2,APOE2
PE O-38:6|PE O-16:0_22:6(M-H)_33.77,EtherPE,Abundance rate,0.1031024031486742,0.0115391134223936,A2,APOE2
PE O-40:4|PE O-18:0_22:4(M-H)_37.08,EtherPE,Abundance rate,0.047266270213119,0.0075826020861264,A2,APOE2
PE P-38:5|PE P-18:1_20:4(M+H)_33.76,EtherPE,Abundance rate,0.1018184335804502,0.013244410643183,A2,APOE2
PE P-40:5(M+H)_35.8,EtherPE,Abundance rate,0.1504971523538827,0.0642723972459002,A2,APOE2
PG 34:1|PG 16:0_18:1(M-H)_31.73,PG,Abundance rate,0.4886850574976062,0.0434816796861555,A2,APOE2
PG 38:2|PG 18:1_20:1(M-H)_35.67,PG,Abundance rate,0.066546104152461,0.0424065948097869,A2,APOE2
PG 44:12|PG 22:6_22:6(M-H)_25.5,PG,Abundance rate,0.569258711263191,0.2655373107763314,A2,APOE2
PI 36:4(M+NH4)_29.44,PI,Abundance rate,0.250628164475959,0.0276581469028086,A2,APOE2
PI 36:4|PI 16:0_20:4(M-H)_29.32,PI,Abundance rate,0.250628164475959,0.0276581469028086,A2,APOE2
PI 38:4(M+NH4)_31.6,PI,Abundance rate,0.0854068477589968,0.0087660402464662,A2,APOE2
PI 38:4|PI 18:0_20:4(M-H)_31.61,PI,Abundance rate,0.0854068477589968,0.0087660402464662,A2,APOE2
PI 38:5(M+NH4)_29.57,PI,Abundance rate,0.3009367121307127,0.073746827131975,A2,APOE2
PI 38:5|PI 18:1_20:4(M-H)_29.57,PI,Abundance rate,0.3009367121307127,0.073746827131975,A2,APOE2
PI 38:6(M+NH4)_28.82,PI,Abundance rate,0.2451124829737331,0.0956832898949174,A2,APOE2
PI 40:6(M+NH4)_31.09,PI,Abundance rate,0.1248529506646979,0.0086747448765508,A2,APOE2
PI 40:6|PI 18:0_22:6(M-H)_31.1,PI,Abundance rate,0.1248529506646979,0.0086747448765508,A2,APOE2
PS 34:1(M+H)_31.73,PS,Abundance rate,0.3511086015602067,0.0639159749261667,A2,APOE2
PS 36:1|PS 18:0_18:1(M+H)_33.76,PS,Abundance rate,0.116232818833504,0.0529719087830204,A2,APOE2
PS 36:1|PS 18:0_18:1(M-H)_33.77,PS,Abundance rate,0.116232818833504,0.0529719087830204,A2,APOE2
PS 36:2|PS 18:1_18:1(M+H)_31.98,PS,Abundance rate,0.0743319665489486,0.0084304325447621,A2,APOE2
PS 36:2|PS 18:1_18:1(M-H)_32.12,PS,Abundance rate,0.1141658782423593,0.0142122851791512,A2,APOE2
PS 38:4(M+H)_31.99,PS,Abundance rate,0.0694956735877756,0.0279637794752502,A2,APOE2
PS 38:4|PS 18:0_20:4(M-H)_32.24,PS,Abundance rate,0.0431689267357141,0.009320157589401,A2,APOE2
PS 38:5;O3|PS 18:0_20:5;O3(M-H)_31.35,OxPS,Abundance rate,0.0457243460328047,0.0106177757330121,A2,APOE2
PS 38:6(M+H)_29.06,PS,Abundance rate,0.5148246983192246,0.1731902227321421,A2,APOE2
PS 38:6|PS 16:0_22:6(M-H)_29.19,PS,Abundance rate,0.5148246983192246,0.1731902227321421,A2,APOE2
PS 40:4|PS 18:0_22:4(M+H)_33.5,PS,Abundance rate,0.0442930616208646,0.0185841498043702,A2,APOE2
PS 40:4|PS 18:0_22:4(M-H)_33.38,PS,Abundance rate,0.0442930616208646,0.0185841498043702,A2,APOE2
PS 40:6(M+Na)_31.34,PS,Abundance rate,0.0549111905085258,0.0114344320895026,A2,APOE2
PS 40:6|PS 18:0_22:6(M+H)_31.35,PS,Abundance rate,0.0549111905085258,0.0114344320895026,A2,APOE2
PS 40:6|PS 18:0_22:6(M-H)_31.35,PS,Abundance rate,0.0549111905085258,0.0114344320895026,A2,APOE2
PS 40:6|PS 18:0_22:6(M-H)_35.17,PS,Abundance rate,0.0367623221689732,0.0045096470388369,A2,APOE2
PS 40:7(M+H)_29.32,PS,Abundance rate,0.1764963297208689,0.0332363857855341,A2,APOE2
PS 40:7|PS 18:1_22:6(M-H)_29.32,PS,Abundance rate,0.1764963297208689,0.0332363857855341,A2,APOE2
PS 42:10|PS 20:4_22:6(M-H)_27.15,PS,Abundance rate,0.0722221916023812,0.0558357803560961,A2,APOE2
PS 44:10|PS 22:4_22:6(M+H)_28.81,PS,Abundance rate,0.1058027487427567,0.0183064171178964,A2,APOE2
PS 44:12|PS 22:6_22:6(M+H)_26.51,PS,Abundance rate,0.0752533373741014,0.0239898720188363,A2,APOE2
PS 44:12|PS 22:6_22:6(M-H)_26.52,PS,Abundance rate,0.0752533373741014,0.0239898720188363,A2,APOE2
SM 34:1;O2|SM 18:1;O2/16:0(M+H)_32.11,SM,Abundance rate,0.0451012817138909,0.0136421567794115,A2,APOE2
SM 34:1;O3(M+H)_31.22,SM,Abundance rate,0.071232548648223,0.0241654340999369,A2,APOE2
SM 34:2;O2(M+H)_30.08,SM,Abundance rate,0.0843658132987555,0.0123696583463354,A2,APOE2
SM 40:1;O2|SM 18:1;O2/22:0(M+H)_37.45,SM,Abundance rate,0.072183110019581,0.0292006529742399,A2,APOE2
SM 40:2;O2(M+H)_36.43,SM,Abundance rate,0.1074530010627087,0.0254733479965514,A2,APOE2
SM 42:3;O2|SM 18:1;O2/24:2(M+H)_36.43,SM,Abundance rate,0.1910346546473018,0.102824994072817,A2,APOE2
SM 43:4;O2(M+H)_24.36,SM,Abundance rate,0.3041555340107906,0.4069883942884238,A2,APOE2
ST 27:2;O(M+H-[H2O])_28.3,ST,Abundance rate,0.0276939842243346,0.0508911073097611,A2,APOE2
TG 48:2|TG 16:0_16:1_16:1(M+NH4)_39.76,TG,Abundance rate,0.0680736474752135,0.0344570065567139,A2,APOE2
TG 50:0|TG 16:0_16:0_18:0(M+NH4)_41.26,TG,Abundance rate,0.0305640779286722,0.0360613709674624,A2,APOE2
TG 50:1|TG 16:0_16:0_18:1(M+NH4)_40.63,TG,Abundance rate,0.2854504382045731,0.1930972768085316,A2,APOE2
TG 50:2|TG 16:0_16:1_18:1(M+NH4)_40.24,TG,Abundance rate,0.0675647858336439,0.036241165587272,A2,APOE2
TG 50:3|TG 16:0_16:1_18:2(M+NH4)_39.86,TG,Abundance rate,0.0491948868991609,0.0297350790818882,A2,APOE2
TG 50:4|TG 16:1_16:1_18:2(M+NH4)_39.48,TG,Abundance rate,0.0479486748802175,0.0258160945390861,A2,APOE2
TG 52:2|TG 16:0_18:1_18:1(M+NH4)_40.63,TG,Abundance rate,0.1374884895375245,0.083100710235752,A2,APOE2
TG 52:4|TG 16:1_18:1_18:2(M+NH4)_39.86,TG,Abundance rate,0.0371991962379223,0.0259468639624269,A2,APOE2
TG 52:5|TG 16:1_18:2_18:2(M+NH4)_39.5,TG,Abundance rate,0.0289917790291238,0.02340789193086,A2,APOE2
TG 54:0|TG 18:0_18:0_18:0(M+NH4)_42.53,TG,Abundance rate,0.0375275855722671,0.1159276972055919,A2,APOE2
TG 54:3|TG 18:1_18:1_18:1(M+NH4)_40.62,TG,Abundance rate,0.0841592672143465,0.0409305862068338,A2,APOE2
TG 54:4|TG 18:1_18:1_18:2(M+NH4)_40.24,TG,Abundance rate,0.0513052145727165,0.0372096308369561,A2,APOE2
TG 60:12|TG 16:0_22:6_22:6(M+NH4)_39.35,TG,Abundance rate,0.309523838264707,0.2186021850508872,A2,APOE2
TG O-50:0|TG O-18:0_16:0_16:0(M+NH4)_42.28,EtherTG,Abundance rate,0.0482262474507366,0.0909419340759326,A2,APOE2
TG O-50:2|TG O-16:0_16:0_18:2(M+NH4)_41.12,EtherTG,Abundance rate,0.3421214383250592,0.0516455333850234,A2,APOE2
TG O-52:1|TG O-18:0_16:0_18:1(M+NH4)_42.16,EtherTG,Abundance rate,0.6318300970146745,0.4943656772068874,A2,APOE2
TG O-52:2|TG O-18:0_16:0_18:2(M+NH4)_41.64,EtherTG,Abundance rate,0.5592180946740648,0.1797469548638773,A2,APOE2
TG O-52:3|TG O-16:0_18:1_18:2(M+NH4)_41.01,EtherTG,Abundance rate,0.5208221160969114,0.0464460071189481,A2,APOE2
TG O-54:2|TG O-20:0_16:0_18:2(M+NH4)_42.28,EtherTG,Abundance rate,0.722254485031349,0.5377439128884274,A2,APOE2
TG O-56:3|TG O-20:0_18:1_18:2(M+NH4)_42.16,EtherTG,Abundance rate,0.4148747467083907,0.111010480742942,A2,APOE2
AHexCer 46:1;O3|AHexCer (O-15:0)31:1;O3(M+H-[H2O])_39.35,AHexCer,Abundance rate,0.0755283736218206,0.051693617612625,A3,APOE3
AHexCer 55:6;O3|AHexCer (O-18:1)37:5;O3(M+H-[H2O])_39.74,AHexCer,Abundance rate,0.1179765020200382,0.0595234126142006,A3,APOE3
C18-Sphingosine(M+H)_18,C18-Sphingosine(M+H)_18,Abundance rate,0.2279850521050197,0.0578917694012863,A3,APOE3
CAR 16:0(M+H)_16.86,CAR,Abundance rate,0.310186381290912,0.0458627150471745,A3,APOE3
CAR 18:0(M+H)_19.78,CAR,Abundance rate,0.1731347421259345,0.0344432889409272,A3,APOE3
CE 18:2(M+NH4)_41,CE,Abundance rate,0.0852655963914573,0.0153757842734115,A3,APOE3
CE 18:3(M+NH4)_40.5,CE,Abundance rate,0.1344003986180814,0.0660659137150524,A3,APOE3
CE 20:4(M+NH4)_40.75,CE,Abundance rate,0.2019288303332505,0.031955725283627,A3,APOE3
CL 70:4|CL 34:2_36:2(M+NH4)_39.1,CL,Abundance rate,0.1050186385854176,0.0165945821486468,A3,APOE3
CL 72:4|CL 18:1_18:1_18:1_18:1(M-H)_39.36,CL,Abundance rate,0.0502219144229214,0.0682221518588799,A3,APOE3
CL 72:5|CL 18:1_18:1_18:1_18:2(M-H)_39.11,CL,Abundance rate,0.1094724461395697,0.0596744243641595,A3,APOE3
CL 72:5|CL 36:2_36:3(M+NH4)_39.22,CL,Abundance rate,0.1094724461395697,0.0596744243641595,A3,APOE3
CL 72:7|CL 16:1_18:1_18:1_20:4(M-H)_38.85,CL,Abundance rate,0.1613817851751399,0.0100571420834254,A3,APOE3
CL 74:8|CL 18:1_18:2_18:1_20:4(M-H)_38.97,CL,Abundance rate,0.1760519200398773,0.2134626675652518,A3,APOE3
CL 76:5|CL 39:1_37:4(M-H)_35.04,CL,Abundance rate,0.1114615422148856,0.027900465973367,A3,APOE3
CL 79:6|CL 36:1_43:5(M-H)_34.4,CL,Abundance rate,0.105581597367422,0.0086900360563564,A3,APOE3
CL 79:9|CL 38:4_41:5(M-H)_32.37,CL,Abundance rate,0.2669879137381067,0.0165337398155023,A3,APOE3
Cer 36:1;O2|Cer 18:1;O2/18:0(M+H-[H2O])_38.34,Cer_NS,Abundance rate,0.0615999188931404,0.0415642727773364,A3,APOE3
Cer 36:2;O2|Cer 18:2;O2/18:0(M+H-[H2O])_34.9,Cer_NS,Abundance rate,0.0388068718258461,0.0097654722945666,A3,APOE3
Cer 38:1;O2|Cer 20:1;O2/18:0(M+H-[H2O])_37.58,Cer_NS,Abundance rate,0.0581856296367866,0.0171012815465154,A3,APOE3
Cer 41:1;O2|Cer 18:1;O2/23:0(M+H)_38.47,Cer_NS,Abundance rate,0.0750394803549196,0.0153796968563999,A3,APOE3
Cer 41:1;O4|Cer 26:0;O3(FA 15:0)(M-H)_38.22,Cer_EODS,Abundance rate,0.1272686771886909,0.0196072618276866,A3,APOE3
Cer 42:2;O2|Cer 18:1;O2/24:1(M+H)_38.09,Cer_NS,Abundance rate,0.0892058856312676,0.029682275919474,A3,APOE3
Cer 42:2;O2|Cer 18:1;O2/24:1(M+H-[H2O])_38.2,Cer_NS,Abundance rate,0.0892058856312676,0.029682275919474,A3,APOE3
Cer 42:2;O2|Cer 18:1;O2/24:1(M+H-[H2O])_39.23,Cer_NS,Abundance rate,0.121185795849517,0.0526300453843024,A3,APOE3
CoQ9(M+H)_38.85,CoQ,Abundance rate,0.0607609161576855,0.0277798258929867,A3,APOE3
DG 18:2(M+Na)_10.61,DG,Abundance rate,0.0699022308765239,0.039877552932476,A3,APOE3
DG 18:2(M+Na)_6.94,DG,Abundance rate,0.168533067890755,0.0665351393631551,A3,APOE3
DG 20:4(M+Na)_7.45,DG,Abundance rate,0.1435536209132896,0.0851893489216126,A3,APOE3
DG 34:0|DG 16:0_18:0(M+NH4)_37.96,DG,Abundance rate,0.923468871453432,0.3168004554076887,A3,APOE3
DG 34:1|DG 16:0_18:1(M+NH4)_37.32,DG,Abundance rate,0.1024448844327717,0.0156081456685834,A3,APOE3
DG 36:1|DG 18:0_18:1(M+NH4)_37.97,DG,Abundance rate,0.0471589189088562,0.006591583175984,A3,APOE3
DG 38:4|DG 18:0_20:4(M+NH4)_37.32,DG,Abundance rate,0.1037030986265421,0.0091195389972285,A3,APOE3
DG 38:6(M+Na)_35.54,DG,Abundance rate,0.3303336076437257,0.045202019029842,A3,APOE3
DG 38:6|DG 16:0_22:6(M+NH4)_35.54,DG,Abundance rate,0.3303336076437257,0.045202019029842,A3,APOE3
DG 40:4|DG 18:0_22:4(M+NH4)_37.83,DG,Abundance rate,0.1309713987672174,0.0148868063246338,A3,APOE3
DG 40:6(M+Na)_37.07,DG,Abundance rate,0.0740133064326019,0.0078474991250242,A3,APOE3
DG 40:6|DG 18:0_22:6(M+NH4)_37.07,DG,Abundance rate,0.0740133064326019,0.0078474991250242,A3,APOE3
DLCL 36:3(M-H)_29.32,DLCL,Abundance rate,0.3462925454125588,0.0588787785567819,A3,APOE3
DLCL 42:11(M-H)_29.32,DLCL,Abundance rate,0.2757094336460544,0.0552059858350464,A3,APOE3
DLCL 44:12(M-H)_29.57,DLCL,Abundance rate,0.4437017111692331,0.1835713185195649,A3,APOE3
HexCer 36:1;O2|HexCer 18:1;O2/18:0(M+H)_34.91,HexCer_NS,Abundance rate,0.0332132724289795,0.0349427818962626,A3,APOE3
HexCer 38:1;O2(M+H)_36.69,HexCer_NDS,Abundance rate,0.0412621404454531,0.0376601854961611,A3,APOE3
HexCer 43:2;O3|HexCer 18:1;O2/25:1;O(M+H)_37.7,HexCer_HS,Abundance rate,0.0501980796639789,0.0387408841866406,A3,APOE3
LPC 14:0(M+H)_8.21,LPC,Abundance rate,0.1787363777416613,0.0174485234274235,A3,APOE3
LPC 16:0(M+H)_16.35,LPC,Abundance rate,0.0828730786348174,0.0088586151955003,A3,APOE3
LPC 16:0/0:0(M+H)_17.11,LPC,Abundance rate,0.1169499982432491,0.0129797879099349,A3,APOE3
LPC 16:1(M+H)_10.88,LPC,Abundance rate,0.1019826171873703,0.0120941685446858,A3,APOE3
LPC 16:1(M+H)_12.53,LPC,Abundance rate,0.0630489723316797,0.0101658646341747,A3,APOE3
LPC 16:1(M+Na)_10.87,LPC,Abundance rate,0.1019826171873703,0.0120941685446858,A3,APOE3
LPC 18:0(M+H)_20.29,LPC,Abundance rate,0.0441913896846165,0.0064863784885423,A3,APOE3
LPC 18:2(M+H)_13.93,LPC,Abundance rate,0.1704929259060309,0.0337667182149245,A3,APOE3
LPC 18:2(M+H)_15.2,LPC,Abundance rate,0.1765529542289979,0.0530829259813157,A3,APOE3
LPC 18:3(M+H)_16.35,LPC,Abundance rate,0.05777469756802,0.010179656458256,A3,APOE3
LPC 18:3/0:0(M+H)_17.11,LPC,Abundance rate,0.0993027803988546,0.0134088855169137,A3,APOE3
LPC 19:0/0:0(M+H)_21.81,LPC,Abundance rate,0.1254019840401111,0.0457687769481784,A3,APOE3
LPC 20:0/0:0(M+H)_23.34,LPC,Abundance rate,0.110402743636269,0.0338126784780948,A3,APOE3
LPC 20:1(M+Na)_20.66,LPC,Abundance rate,0.0720084961159505,0.0086702715573043,A3,APOE3
LPC 20:3(M+H)_15.97,LPC,Abundance rate,0.2104542883098198,0.0666475322843513,A3,APOE3
LPC 20:4(M+H)_14.06,LPC,Abundance rate,0.0492491488329151,0.0131949661064618,A3,APOE3
LPC 22:0/0:0(M+H)_26.39,LPC,Abundance rate,0.0170544688576354,0.0222315923448807,A3,APOE3
LPC 22:1(M+H)_23.46,LPC,Abundance rate,0.0456892623271108,0.0215188888843158,A3,APOE3
LPC 22:4(M+H)_17.49,LPC,Abundance rate,0.0676055116976914,0.0093915256193863,A3,APOE3
LPC 22:6(M+H)_13.81,LPC,Abundance rate,0.085157261677222,0.0134536563282136,A3,APOE3
LPC 22:6(M+Na)_13.8,LPC,Abundance rate,0.085157261677222,0.0134536563282136,A3,APOE3
LPC 22:6(M+Na)_14.81,LPC,Abundance rate,0.095950497009405,0.013918498548121,A3,APOE3
LPC 24:1(M+H)_25.76,LPC,Abundance rate,0.0569690142022491,0.0380653334023659,A3,APOE3
LPC 24:4(M+H)_19.65,LPC,Abundance rate,0.1176856221871628,0.023158642180193,A3,APOE3
LPC O-16:0(M+H)_18.25,EtherLPC,Abundance rate,0.1035848973628539,0.0093223112070948,A3,APOE3
LPE 16:0(M+H)_16.48,LPE,Abundance rate,0.0455415542619073,0.007304653526885,A3,APOE3
LPE 16:0(M-H)_16.48,LPE,Abundance rate,0.0455415542619073,0.007304653526885,A3,APOE3
LPE 16:1(M+H)_10.62,LPE,Abundance rate,0.0331649760407665,0.0091765901828225,A3,APOE3
LPE 16:1(M-H)_10.63,LPE,Abundance rate,0.0331649760407665,0.0091765901828225,A3,APOE3
LPE 18:2(M+H)_13.95,LPE,Abundance rate,0.0482364431269528,0.0187029389066867,A3,APOE3
LPE 18:2(M-H)_14.06,LPE,Abundance rate,0.0482364431269528,0.0187029389066867,A3,APOE3
LPE 18:2(M-H)_15.34,LPE,Abundance rate,0.0469715755279997,0.071941411156044,A3,APOE3
LPE 20:5(M+H)_9.61,LPE,Abundance rate,0.0669836434414711,0.0194830698970804,A3,APOE3
LPE 20:5(M-H)_9.74,LPE,Abundance rate,0.0669836434414711,0.0194830698970804,A3,APOE3
LPE 24:5(M+H)_18.76,LPE,Abundance rate,0.0443007597594764,0.01706147489351,A3,APOE3
LPE 24:5(M-H)_18.77,LPE,Abundance rate,0.0443007597594764,0.01706147489351,A3,APOE3
LPE O-16:0(M-H)_18.64,EtherLPE,Abundance rate,0.1011380686603113,0.0088919621107684,A3,APOE3
LPE O-18:0(M+H)_22.07,EtherLPE,Abundance rate,0.0762812549471667,0.0139334752306214,A3,APOE3
LPE O-18:0(M-H)_22.08,EtherLPE,Abundance rate,0.0762812549471667,0.0139334752306214,A3,APOE3
LPE P-18:1(M+H)_20.67,EtherLPE,Abundance rate,0.0391384259829039,0.0084442067360628,A3,APOE3
LPG 16:0(M-H)_14.06,LPG,Abundance rate,0.3979778723650993,0.0619443381654269,A3,APOE3
LPG 18:1(M-H)_14.19,LPG,Abundance rate,0.3814309786725838,0.0643175194458391,A3,APOE3
LPG O-20:1(M-H)_20.17,EtherLPG,Abundance rate,0.0209976508881269,0.020450610701481,A3,APOE3
LPI 16:0(M-H)_10.25,LPI,Abundance rate,0.2702848869694529,0.0376505692843684,A3,APOE3
LPI 18:0(M-H)_17.62,LPI,Abundance rate,0.1284281389736482,0.027355196448535,A3,APOE3
LPI 20:4(M-H)_6.83,LPI,Abundance rate,0.1548704754848847,0.0225424261179029,A3,APOE3
LPI 22:6(M-H)_6.95,LPI,Abundance rate,0.2911306997632851,0.0569021237861986,A3,APOE3
LPS 18:1(M-H)_11.26,LPS,Abundance rate,0.0422534860603096,0.0171109251870631,A3,APOE3
LPS 18:1(M-H)_13.43,LPS,Abundance rate,0.0631988073176926,0.0180359042022193,A3,APOE3
LPS 20:4(M-H)_7.08,LPS,Abundance rate,0.0933780287185063,0.0135106954998259,A3,APOE3
LPS 22:6(M-H)_7.08,LPS,Abundance rate,0.0479708154417337,0.007178607823067,A3,APOE3
MMPE 42:2|MMPE 20:1_22:1(M-H)_37.19,MMPE,Abundance rate,0.0413144947391277,0.0232299120676413,A3,APOE3
NAE 18:1(M+H)_20.16,NAE,Abundance rate,0.0674235910862902,0.0192976584326421,A3,APOE3
PC 22:0(M+H)_22.96,PC,Abundance rate,0.0950570153039528,0.0095263531258289,A3,APOE3
PC 30:0|PC 14:0_16:0(M+H)_31.98,PC,Abundance rate,0.0974223365668547,0.0130181910402835,A3,APOE3
PC 31:0|PC 15:0_16:0(M+H)_33.12,PC,Abundance rate,0.1619126974381858,0.0461664126510232,A3,APOE3
PC 31:2(M+H)_33.12,PC,Abundance rate,0.2365342171350866,0.0608714307932428,A3,APOE3
PC 32:0|PC 16:0_16:0(M+H)_34.14,PC,Abundance rate,0.0754475585151686,0.0052490295202368,A3,APOE3
PC 32:1|PC 16:0_16:1(M+H)_32.24,PC,Abundance rate,0.1297541115102634,0.0145302405489128,A3,APOE3
PC 32:2(M+H)_30.34,PC,Abundance rate,0.3270689353879495,0.0487561510706914,A3,APOE3
PC 33:0|PC 16:0_17:0(M+H)_35.16,PC,Abundance rate,0.1483207611694952,0.065744468422842,A3,APOE3
PC 33:1|PC 16:0_17:1(M+H)_33.38,PC,Abundance rate,0.0857192444389515,0.0135388123166201,A3,APOE3
PC 34:0|PC 16:0_18:0(M+H)_36.17,PC,Abundance rate,0.2192906925333654,0.0908330906690442,A3,APOE3
PC 34:1(M+H)_34.4,PC,Abundance rate,0.0995335182548177,0.0129192481544267,A3,APOE3
PC 34:2|PC 16:1_18:1(M+H)_32.74,PC,Abundance rate,0.1433966729159916,0.0167544014272632,A3,APOE3
PC 35:1|PC 17:0_18:1(M+H)_35.29,PC,Abundance rate,0.0552750008621504,0.0073582859799442,A3,APOE3
PC 36:1|PC 9:0_27:1(M+H)_36.3,PC,Abundance rate,0.0376372982442971,0.0065018549557682,A3,APOE3
PC 36:2|PC 18:1_18:1(M+H)_34.65,PC,Abundance rate,0.1250540475766813,0.0640380482902978,A3,APOE3
PC 36:3(M+H)_32.49,PC,Abundance rate,0.0758244839416037,0.0850257025646541,A3,APOE3
PC 36:4|PC 18:2_18:2(M+H)_32.36,PC,Abundance rate,0.1468139599821494,0.0125708824997131,A3,APOE3
PC 38:2|PC 18:1_20:1(M+H)_36.31,PC,Abundance rate,0.0522517143747499,0.0386242817180836,A3,APOE3
PC 38:4|PC 16:0_22:4(M+H)_34.64,PC,Abundance rate,0.0659343288242284,0.0073646207770684,A3,APOE3
PC 38:5|PC 18:0_20:5(M+H)_32.61,PC,Abundance rate,0.0791981615383619,0.0736669595924793,A3,APOE3
PC 38:6(M+H)_31.74,PC,Abundance rate,0.1824428892200478,0.0176786882937994,A3,APOE3
PC 38:7|PC 16:1_22:6(M+H)_29.81,PC,Abundance rate,0.1885755458023203,0.0329491382599983,A3,APOE3
PC 39:6|PC 17:0_22:6(M+H)_32.87,PC,Abundance rate,0.083782923241797,0.0129195861231905,A3,APOE3
PC 40:2|PC 20:1_20:1(M+H)_37.2,PC,Abundance rate,0.0660741100333518,0.0474000578600209,A3,APOE3
PC 40:4(M+H)_35.91,PC,Abundance rate,0.0570286626666127,0.0091841650205325,A3,APOE3
PC 40:6(M+Na)_33.99,PC,Abundance rate,0.0691617526540498,0.004752280489458,A3,APOE3
PC 40:6|PC 18:0_22:6(M+H)_33.89,PC,Abundance rate,0.0691617526540498,0.004752280489458,A3,APOE3
PC 40:7(M+Na)_31.98,PC,Abundance rate,0.0787836139748765,0.014449519359124,A3,APOE3
PC 40:7|PC 18:1_22:6(M+H)_31.98,PC,Abundance rate,0.0787836139748765,0.014449519359124,A3,APOE3
PC 40:9|PC 18:3_22:6(M+H)_31.86,PC,Abundance rate,0.1624272019743158,0.018689593508625,A3,APOE3
PC 42:10(M+H)_29.7,PC,Abundance rate,0.0306091410940862,0.0381554950528133,A3,APOE3
PC 42:4(M+H)_36.94,PC,Abundance rate,0.0550416448358988,0.0101048008377026,A3,APOE3
PC 42:7(M+H)_33.89,PC,Abundance rate,0.0722136897207131,0.0123762836186734,A3,APOE3
PC 42:9(M+H)_30.84,PC,Abundance rate,0.1500689673990413,0.0536033194319128,A3,APOE3
PC 43:1(M+H)_38.72,PC,Abundance rate,0.1115013316863283,0.0122328377676321,A3,APOE3
PC 44:10(M+H)_31.47,PC,Abundance rate,0.1755346561076096,0.0631816980016506,A3,APOE3
PC 44:12|PC 22:6_22:6(M+H)_29.19,PC,Abundance rate,0.0629339120399726,0.0319115287446769,A3,APOE3
PC 52:4(M+H)_39.35,PC,Abundance rate,0.1260932948335753,0.0458768241294358,A3,APOE3
PC 52:5(M+H)_38.98,PC,Abundance rate,0.0310542224925013,0.0212946445166783,A3,APOE3
PC 54:6(M+H)_39.1,PC,Abundance rate,0.0487995254390831,0.0313439456754091,A3,APOE3
PC O-32:0|PC O-16:0_16:0(M+H)_35.54,EtherPC,Abundance rate,0.0540539796131979,0.010748423524116,A3,APOE3
PC O-34:0|PC O-18:0_16:0(M+H)_36.94,EtherPC,Abundance rate,0.0998842697025372,0.0345974291847123,A3,APOE3
PC O-34:1|PC O-18:1_16:0(M+H)_35.54,EtherPC,Abundance rate,0.0867203797629664,0.0154128133928966,A3,APOE3
PC O-34:2|PC O-15:2_19:0(M+H)_34.52,EtherPC,Abundance rate,0.0109548045115281,0.0355566760123407,A3,APOE3
PC O-35:4|PC O-13:0_22:4(M+H)_35.8,EtherPC,Abundance rate,0.0621185802871567,0.0049516507619034,A3,APOE3
PC O-36:4|PC O-16:0_20:4(M+H)_33.76,EtherPC,Abundance rate,0.1543434479801242,0.0131500345555142,A3,APOE3
PC O-38:6|PC O-16:0_22:6(M+H)_33.12,EtherPC,Abundance rate,0.2967332772589418,0.0296304871386177,A3,APOE3
PE 32:0|PE 16:0_16:0(M+H)_34.78,PE,Abundance rate,0.4464748358100923,0.0799164811553213,A3,APOE3
PE 34:0|PE 16:0_18:0(M-H)_36.57,PE,Abundance rate,0.7121992357138499,0.2574777590073503,A3,APOE3
PE 34:1|PE 16:0_18:1(M+H)_34.9,PE,Abundance rate,0.1412396921323878,0.0188473651460432,A3,APOE3
PE 34:1|PE 16:0_18:1(M-H)_34.91,PE,Abundance rate,0.1412396921323878,0.0188473651460432,A3,APOE3
PE 34:2|PE 16:0_18:2(M-H)_33,PE,Abundance rate,0.24671017768468,0.0368205252389024,A3,APOE3
PE 36:2|PE 18:1_18:1(M+H)_35.03,PE,Abundance rate,0.0637323258820582,0.0080322562520516,A3,APOE3
PE 36:2|PE 18:1_18:1(M-H)_35.04,PE,Abundance rate,0.0637323258820582,0.0080322562520516,A3,APOE3
PE 36:4|PE 16:0_20:4(M+H)_32.99,PE,Abundance rate,0.1493716840223239,0.0089805747051284,A3,APOE3
PE 36:4|PE 16:0_20:4(M-H)_32.88,PE,Abundance rate,0.1493716840223239,0.0089805747051284,A3,APOE3
PE 36:5(M+H)_30.97,PE,Abundance rate,0.3380995676868318,0.0596887315544668,A3,APOE3
PE 38:5|PE 18:1_20:4(M+H)_33.12,PE,Abundance rate,0.4382123227349397,0.29429713448424,A3,APOE3
PE 38:5|PE 18:1_20:4(M-H)_33.13,PE,Abundance rate,0.4382123227349397,0.29429713448424,A3,APOE3
PE 38:6|PE 16:0_22:6(M+H)_32.36,PE,Abundance rate,0.1686577496974541,0.0139125723995067,A3,APOE3
PE 38:6|PE 16:0_22:6(M-H)_32.37,PE,Abundance rate,0.1686577496974541,0.0139125723995067,A3,APOE3
PE 38:7|PE 16:1_22:6(M+H)_30.35,PE,Abundance rate,0.1284939826533256,0.0933727423147108,A3,APOE3
PE 39:6(M+H)_33.51,PE,Abundance rate,0.129297910434595,0.025188908499005,A3,APOE3
PE 40:7(M+H)_32.5,PE,Abundance rate,0.047849384435946,0.0235750228185893,A3,APOE3
PE 40:7|PE 18:1_22:6(M-H)_32.62,PE,Abundance rate,0.047849384435946,0.0235750228185893,A3,APOE3
PE 44:12|PE 22:6_22:6(M+H)_29.7,PE,Abundance rate,0.1756619676265342,0.0696263826837915,A3,APOE3
PE 44:12|PE 22:6_22:6(M-H)_29.7,PE,Abundance rate,0.1756619676265342,0.0696263826837915,A3,APOE3
PE O-34:1(M+H)_36.05,EtherPE,Abundance rate,0.0945062032870819,0.0084131262258202,A3,APOE3
PE O-34:1|PE O-18:1_16:0(M-H)_36.06,EtherPE,Abundance rate,0.0945062032870819,0.0084131262258202,A3,APOE3
PE O-36:2|PE O-18:1_18:1(M-H)_37.2,EtherPE,Abundance rate,0.0343374854929774,0.0116678894224331,A3,APOE3
PE O-38:4|PE O-16:0_22:4(M-H)_35.8,EtherPE,Abundance rate,0.0945380153049082,0.0132937285239244,A3,APOE3
PE O-38:6|PE O-16:0_22:6(M-H)_33.77,EtherPE,Abundance rate,0.1288678160937275,0.0096972048289732,A3,APOE3
PE O-40:7|PE O-18:1_22:6(M-H)_35.53,EtherPE,Abundance rate,0.1354484461108778,0.0620404157028556,A3,APOE3
PE P-38:5|PE P-18:1_20:4(M+H)_33.76,EtherPE,Abundance rate,0.0970538109348885,0.0091850608989852,A3,APOE3
PE P-40:5(M+H)_35.8,EtherPE,Abundance rate,0.1274247010047602,0.0783874503654507,A3,APOE3
PG 32:0|PG 16:0_16:0(M-H)_31.61,PG,Abundance rate,0.4513336488219707,0.0353854054591225,A3,APOE3
PG 34:1|PG 16:0_18:1(M-H)_31.73,PG,Abundance rate,0.4944671031297111,0.0698742973069301,A3,APOE3
PG 44:12|PG 22:6_22:6(M-H)_25.5,PG,Abundance rate,0.334354675057201,0.1291900476809727,A3,APOE3
PI 36:4(M+NH4)_29.44,PI,Abundance rate,0.321937256596328,0.0481747764818464,A3,APOE3
PI 36:4|PI 16:0_20:4(M-H)_29.32,PI,Abundance rate,0.321937256596328,0.0481747764818464,A3,APOE3
PI 38:4(M+NH4)_31.6,PI,Abundance rate,0.0907135335403502,0.0088730220101198,A3,APOE3
PI 38:4|PI 18:0_20:4(M-H)_31.61,PI,Abundance rate,0.0907135335403502,0.0088730220101198,A3,APOE3
PI 38:5(M+NH4)_29.57,PI,Abundance rate,0.1985456342165747,0.031409190283274,A3,APOE3
PI 38:5|PI 18:1_20:4(M-H)_29.57,PI,Abundance rate,0.1985456342165747,0.031409190283274,A3,APOE3
PI 40:6(M+NH4)_31.09,PI,Abundance rate,0.097170467385155,0.0074970909203543,A3,APOE3
PI 40:6|PI 18:0_22:6(M-H)_31.1,PI,Abundance rate,0.097170467385155,0.0074970909203543,A3,APOE3
PS 34:1(M+H)_31.73,PS,Abundance rate,0.3007689987768788,0.034648414942673,A3,APOE3
PS 36:0;O3|PS 18:0_18:0;O3(M-H)_32.12,OxPS,Abundance rate,0.6352688160554376,0.5157859078267149,A3,APOE3
PS 36:1|PS 18:0_18:1(M+H)_33.76,PS,Abundance rate,0.0213803360623079,0.0127759596063159,A3,APOE3
PS 36:1|PS 18:0_18:1(M-H)_33.77,PS,Abundance rate,0.0213803360623079,0.0127759596063159,A3,APOE3
PS 36:2|PS 18:1_18:1(M+H)_31.98,PS,Abundance rate,0.07300151928161,0.0083931558403961,A3,APOE3
PS 38:4(M+H)_31.99,PS,Abundance rate,0.0708322187424318,0.0089420176266409,A3,APOE3
PS 38:4|PS 18:0_20:4(M-H)_32.24,PS,Abundance rate,0.0956963658502027,0.0084491015459184,A3,APOE3
PS 38:5;O3|PS 18:0_20:5;O3(M-H)_31.35,OxPS,Abundance rate,0.0584669348960931,0.0052648090016986,A3,APOE3
PS 38:6(M+H)_29.06,PS,Abundance rate,0.5525686944581315,0.1055805983941655,A3,APOE3
PS 38:6|PS 16:0_22:6(M-H)_29.19,PS,Abundance rate,0.5525686944581315,0.1055805983941655,A3,APOE3
PS 40:4|PS 18:0_22:4(M+H)_33.5,PS,Abundance rate,0.0432165073821608,0.0097361533997608,A3,APOE3
PS 40:4|PS 18:0_22:4(M-H)_33.38,PS,Abundance rate,0.0432165073821608,0.0097361533997608,A3,APOE3
PS 40:6(M+Na)_31.34,PS,Abundance rate,0.0433101626411548,0.0049751594514537,A3,APOE3
PS 40:6|PS 18:0_22:6(M+H)_31.35,PS,Abundance rate,0.0433101626411548,0.0049751594514537,A3,APOE3
PS 40:6|PS 18:0_22:6(M-H)_31.35,PS,Abundance rate,0.0433101626411548,0.0049751594514537,A3,APOE3
PS 40:7(M+H)_29.32,PS,Abundance rate,0.1825192955087557,0.0314416933267228,A3,APOE3
PS 40:7|PS 18:1_22:6(M-H)_29.32,PS,Abundance rate,0.1825192955087557,0.0314416933267228,A3,APOE3
PS 42:10|PS 20:4_22:6(M-H)_27.15,PS,Abundance rate,0.3637701460236057,0.1525340363579516,A3,APOE3
PS 42:11;O3|PS 22:6_20:5;O3(M-H)_26.52,OxPS,Abundance rate,0.0346518749012538,0.0052943132174146,A3,APOE3
PS 44:10|PS 22:4_22:6(M+H)_28.81,PS,Abundance rate,0.0979032240978559,0.0266209738677068,A3,APOE3
SM 34:1;O2|SM 18:1;O2/16:0(M+H)_32.11,SM,Abundance rate,0.0477488004867778,0.0128260427053673,A3,APOE3
SM 34:1;O3(M+H)_31.22,SM,Abundance rate,0.0463109035295088,0.0158036206195855,A3,APOE3
SM 34:2;O2(M+H)_30.08,SM,Abundance rate,0.0623756175304512,0.0071348132791176,A3,APOE3
SM 40:1;O2|SM 18:1;O2/22:0(M+H)_37.45,SM,Abundance rate,0.0806105436165546,0.0378096884898175,A3,APOE3
SM 40:2;O2(M+H)_36.43,SM,Abundance rate,0.0463191583305881,0.023866698194719,A3,APOE3
SM 42:2;O2|SM 18:1;O2/24:1(M+H)_37.32,SM,Abundance rate,0.0205368410173546,0.0514948031296482,A3,APOE3
SM 42:3;O2|SM 18:1;O2/24:2(M+H)_36.43,SM,Abundance rate,0.1735847603847688,0.0596099448850162,A3,APOE3
SM 43:4;O2(M+H)_24.36,SM,Abundance rate,0.0290877774408564,0.0494455354746818,A3,APOE3
ST 27:1;O(M+H-[H2O])_41,ST,Abundance rate,0.1152666841040119,0.0319003089600483,A3,APOE3
TG 50:1|TG 16:0_16:0_18:1(M+NH4)_40.63,TG,Abundance rate,0.2694017380998623,0.1390357284164689,A3,APOE3
TG 50:2|TG 16:0_16:1_18:1(M+NH4)_40.24,TG,Abundance rate,0.053682613001787,0.0372174129226815,A3,APOE3
TG 50:3|TG 16:0_16:1_18:2(M+NH4)_39.86,TG,Abundance rate,0.0314545012389337,0.0316688178472996,A3,APOE3
TG 50:4|TG 16:1_16:1_18:2(M+NH4)_39.48,TG,Abundance rate,0.0251784649039832,0.033883961116039,A3,APOE3
TG 52:2|TG 16:0_18:1_18:1(M+NH4)_40.63,TG,Abundance rate,0.0364861056463921,0.0425117511887811,A3,APOE3
TG 52:4|TG 16:1_18:1_18:2(M+NH4)_39.86,TG,Abundance rate,0.0436352139449166,0.0278852675777601,A3,APOE3
TG 52:5|TG 16:1_18:2_18:2(M+NH4)_39.5,TG,Abundance rate,0.0527996766957244,0.0306318598139394,A3,APOE3
TG 54:3|TG 18:1_18:1_18:1(M+NH4)_40.62,TG,Abundance rate,0.0539517308584664,0.0374015501431804,A3,APOE3
TG 54:4|TG 18:1_18:1_18:2(M+NH4)_40.24,TG,Abundance rate,0.0644825748337687,0.0457549029747361,A3,APOE3
TG 60:12|TG 16:0_22:6_22:6(M+NH4)_39.35,TG,Abundance rate,0.0804851825041002,0.05887535211014,A3,APOE3
TG O-50:2|TG O-16:0_16:0_18:2(M+NH4)_41.12,EtherTG,Abundance rate,0.3470414945848596,0.0662370217345047,A3,APOE3
TG O-52:1|TG O-18:0_16:0_18:1(M+NH4)_42.16,EtherTG,Abundance rate,0.0616454417064872,0.0725952563529646,A3,APOE3
TG O-52:2|TG O-18:0_16:0_18:2(M+NH4)_41.64,EtherTG,Abundance rate,0.3626734422735427,0.0776175234705677,A3,APOE3
TG O-52:3|TG O-16:0_18:1_18:2(M+NH4)_41.01,EtherTG,Abundance rate,0.193712351548114,0.0240630961574783,A3,APOE3
TG O-54:2|TG O-20:0_16:0_18:2(M+NH4)_42.28,EtherTG,Abundance rate,0.3128652000686417,0.0531732052000178,A3,APOE3
TG O-54:3|TG O-18:0_18:1_18:2(M+NH4)_41.64,EtherTG,Abundance rate,0.4761388595071602,0.1088763383580602,A3,APOE3
TG O-54:4|TG O-18:0_18:2_18:2(M+NH4)_41.13,EtherTG,Abundance rate,0.4482919554250372,0.2793527652449439,A3,APOE3
TG O-56:3|TG O-20:0_18:1_18:2(M+NH4)_42.16,EtherTG,Abundance rate,0.3399776387534118,0.0474269815179614,A3,APOE3
AHexCer 46:1;O3|AHexCer (O-15:0)31:1;O3(M+H-[H2O])_39.35,AHexCer,Abundance rate,0.0398090464144188,0.0274699248556918,A4,APOE4
AHexCer 55:6;O3|AHexCer (O-18:1)37:5;O3(M+H-[H2O])_39.74,AHexCer,Abundance rate,0.0654790828108182,0.079546095791081,A4,APOE4
AHexCer 59:8;O2|AHexCer (O-15:0)44:8;O2(M+H-[H2O])_39.23,AHexCer,Abundance rate,0.0643257553328011,0.0549003929429593,A4,APOE4
C18-Sphingosine(M+H)_18,C18-Sphingosine(M+H)_18,Abundance rate,0.1382240757041417,0.1186073116771838,A4,APOE4
CAR 16:0(M+H)_16.86,CAR,Abundance rate,0.3185212869184845,0.0360737303990801,A4,APOE4
CAR 18:0(M+H)_19.78,CAR,Abundance rate,0.1778366422585224,0.0389695262730384,A4,APOE4
CE 18:2(M+NH4)_41,CE,Abundance rate,0.0376724544121259,0.0128257266470796,A4,APOE4
CE 18:3(M+NH4)_40.5,CE,Abundance rate,0.0437975992447496,0.0160505786550998,A4,APOE4
CE 20:4(M+NH4)_40.75,CE,Abundance rate,0.0859460346196086,0.0117481721342537,A4,APOE4
CE 22:6(M+NH4)_40.4,CE,Abundance rate,0.0138025745861153,0.0333487892969582,A4,APOE4
CL 70:4|CL 34:2_36:2(M+NH4)_39.1,CL,Abundance rate,0.0666888941851073,0.0528133041492035,A4,APOE4
CL 72:4|CL 18:1_18:1_18:1_18:1(M-H)_39.36,CL,Abundance rate,0.0229739679436489,0.0505565966316198,A4,APOE4
CL 72:5|CL 18:1_18:1_18:1_18:2(M-H)_39.11,CL,Abundance rate,0.1471070336745108,0.1579503554261373,A4,APOE4
CL 72:5|CL 36:2_36:3(M+NH4)_39.22,CL,Abundance rate,0.1471070336745108,0.1579503554261373,A4,APOE4
CL 72:7|CL 16:1_18:1_18:1_20:4(M-H)_38.85,CL,Abundance rate,0.0711413391365066,0.0179279998677641,A4,APOE4
CL 74:7|CL 18:1_18:1_18:1_20:4(M-H)_39.11,CL,Abundance rate,0.1378679712351999,0.0976845444822637,A4,APOE4
CL 74:7|CL 36:2_38:5(M+NH4)_39.1,CL,Abundance rate,0.1378679712351999,0.0976845444822637,A4,APOE4
CL 76:5|CL 39:1_37:4(M-H)_35.04,CL,Abundance rate,0.1099466103545701,0.0220537242119248,A4,APOE4
CL 76:9|CL 18:1_18:1_18:1_22:6(M-H)_38.98,CL,Abundance rate,0.0743730420084413,0.0892780740793538,A4,APOE4
CL 76:9|CL 36:2_40:7(M+NH4)_38.98,CL,Abundance rate,0.0743730420084413,0.0892780740793538,A4,APOE4
CL 78:7|CL 41:2_37:5(M-H)_35.04,CL,Abundance rate,0.0542343396453543,0.0138774543069224,A4,APOE4
CL 79:6|CL 36:1_43:5(M-H)_34.4,CL,Abundance rate,0.0670690330159945,0.0187629037607654,A4,APOE4
CL 79:9|CL 38:4_41:5(M-H)_32.37,CL,Abundance rate,0.2407636859232211,0.0126848327942584,A4,APOE4
CL 80:6|CL 36:1_44:5(M-H)_34.4,CL,Abundance rate,0.1149331436390161,0.0294444129291158,A4,APOE4
Cer 36:1;O2|Cer 18:1;O2/18:0(M+H-[H2O])_38.34,Cer_NS,Abundance rate,0.0850858382931034,0.0551639674129206,A4,APOE4
Cer 36:2;O2|Cer 18:2;O2/18:0(M+H-[H2O])_34.9,Cer_NS,Abundance rate,0.0266021942750159,0.009019300292321,A4,APOE4
Cer 38:1;O2|Cer 20:1;O2/18:0(M+H-[H2O])_37.58,Cer_NS,Abundance rate,0.0433129462686598,0.0070834203965842,A4,APOE4
Cer 41:1;O2|Cer 18:1;O2/23:0(M+H)_38.47,Cer_NS,Abundance rate,0.0348842405539351,0.0148514021166336,A4,APOE4
Cer 41:1;O4|Cer 26:0;O3(FA 15:0)(M-H)_38.22,Cer_EODS,Abundance rate,0.0597156183598483,0.0154604415110915,A4,APOE4
Cer 42:2;O2|Cer 18:1;O2/24:1(M+H-[H2O])_39.23,Cer_NS,Abundance rate,0.0310118349030104,0.0265973301236542,A4,APOE4
Cer 56:11;O4|Cer 38:9;O3(FA 18:1)(+C2H3O2-)_38.48,Cer_EOS,Abundance rate,0.0104933429327473,0.0147680079323743,A4,APOE4
DG 18:2(M+Na)_6.94,DG,Abundance rate,0.092689808820101,0.0532729808711138,A4,APOE4
DG 19:2(M+Na)_14.69,DG,Abundance rate,0.4726357874275602,0.2650577306851661,A4,APOE4
DG 20:4(M+Na)_7.45,DG,Abundance rate,0.0267720332283762,0.0283459895782764,A4,APOE4
DG 34:0|DG 16:0_18:0(M+NH4)_37.96,DG,Abundance rate,0.9401474551755205,0.2642772821105775,A4,APOE4
DG 34:1|DG 16:0_18:1(M+NH4)_37.32,DG,Abundance rate,0.105239302705301,0.0270120808901689,A4,APOE4
DG 36:1|DG 18:0_18:1(M+NH4)_37.97,DG,Abundance rate,0.0551161717740635,0.0131955738741051,A4,APOE4
DG 38:4|DG 18:0_20:4(M+NH4)_37.32,DG,Abundance rate,0.0972898382018339,0.013371943389486,A4,APOE4
DG 38:6(M+Na)_35.54,DG,Abundance rate,0.2390397096460835,0.031184260397375,A4,APOE4
DG 38:6|DG 16:0_22:6(M+NH4)_35.54,DG,Abundance rate,0.2390397096460835,0.031184260397375,A4,APOE4
DG 40:4|DG 18:0_22:4(M+NH4)_37.83,DG,Abundance rate,0.0791334107230195,0.0215874701893187,A4,APOE4
DG 40:6(M+Na)_37.07,DG,Abundance rate,0.0715213628857872,0.0104547658699883,A4,APOE4
DG 40:6|DG 18:0_22:6(M+NH4)_37.07,DG,Abundance rate,0.0715213628857872,0.0104547658699883,A4,APOE4
DG 47:11(M+Na)_35.67,DG,Abundance rate,0.0757261096338945,0.0260867752416472,A4,APOE4
DG 52:1(M+Na)_42.16,DG,Abundance rate,0.1600306020107337,0.0305812623944783,A4,APOE4
DLCL 36:3(M-H)_29.32,DLCL,Abundance rate,0.3415363340737504,0.0535678999446365,A4,APOE4
DLCL 42:1(M-H)_20.42,DLCL,Abundance rate,0.055982939717476,0.0297243395887771,A4,APOE4
DLCL 42:11(M-H)_29.32,DLCL,Abundance rate,0.4449615501957699,0.0538480018984163,A4,APOE4
FA 18:1(M-H)_22.7,FA,Abundance rate,0.0261334165276683,0.0215899219162203,A4,APOE4
HexCer 36:1;O2|HexCer 18:1;O2/18:0(M+H)_34.91,HexCer_NS,Abundance rate,0.041210808709996,0.0272539826106737,A4,APOE4
HexCer 38:1;O2(M+H)_36.69,HexCer_NDS,Abundance rate,0.0177962136055076,0.0240819795251841,A4,APOE4
HexCer 43:1;O3|HexCer 18:1;O2/25:0;O(M+H)_38.24,HexCer_HS,Abundance rate,0.0054033945851132,0.0495636500849593,A4,APOE4
LPC 14:0(M+H)_8.21,LPC,Abundance rate,0.1719982839100742,0.012764479333941,A4,APOE4
LPC 14:0/0:0(M+H)_9.86,LPC,Abundance rate,0.2226693999649648,0.02603421055365,A4,APOE4
LPC 16:0(M+H)_16.35,LPC,Abundance rate,0.0970188260744551,0.006555148814946,A4,APOE4
LPC 16:0/0:0(M+H)_17.11,LPC,Abundance rate,0.1238949144565935,0.0081620185998387,A4,APOE4
LPC 16:1(M+H)_10.88,LPC,Abundance rate,0.1218682992403409,0.0151601432677012,A4,APOE4
LPC 16:1(M+H)_12.53,LPC,Abundance rate,0.1548469777038191,0.0075870603884977,A4,APOE4
LPC 16:1(M+Na)_10.87,LPC,Abundance rate,0.1218682992403409,0.0151601432677012,A4,APOE4
LPC 17:0/0:0(M+H)_18.76,LPC,Abundance rate,0.0904318432676516,0.0241610372029328,A4,APOE4
LPC 18:0(M+H)_20.29,LPC,Abundance rate,0.0572293639081803,0.0064880527864476,A4,APOE4
LPC 18:2(M+H)_13.93,LPC,Abundance rate,0.2181968374973726,0.0424675517493689,A4,APOE4
LPC 18:2(M+H)_15.2,LPC,Abundance rate,0.1544372861949021,0.026594231534059,A4,APOE4
LPC 18:3(M+H)_16.35,LPC,Abundance rate,0.0747506555247915,0.0126138583502697,A4,APOE4
LPC 18:3/0:0(M+H)_17.11,LPC,Abundance rate,0.1039254062522585,0.0117575523534263,A4,APOE4
LPC 19:0/0:0(M+H)_21.81,LPC,Abundance rate,0.0662729065720314,0.041317548434777,A4,APOE4
LPC 20:0/0:0(M+H)_23.34,LPC,Abundance rate,0.1401395803690373,0.044519000439341,A4,APOE4
LPC 20:1(M+Na)_20.66,LPC,Abundance rate,0.0713465493648987,0.0130191440580546,A4,APOE4
LPC 20:4(M+H)_14.06,LPC,Abundance rate,0.0834947402405597,0.0248604694078967,A4,APOE4
LPC 22:0/0:0(M+H)_26.39,LPC,Abundance rate,0.0516067628580621,0.0304365401631073,A4,APOE4
LPC 22:1(M+H)_23.46,LPC,Abundance rate,0.0695440476549543,0.013281001194902,A4,APOE4
LPC 22:4(M+H)_17.49,LPC,Abundance rate,0.1102714810251006,0.0157032547908323,A4,APOE4
LPC 22:6(M+H)_13.81,LPC,Abundance rate,0.1306428423143936,0.0264868791318473,A4,APOE4
LPC 22:6(M+Na)_13.8,LPC,Abundance rate,0.1306428423143936,0.0264868791318473,A4,APOE4
LPC 22:6(M+Na)_14.81,LPC,Abundance rate,0.1607824995338,0.0225573021895828,A4,APOE4
LPC 24:1(M+H)_25.76,LPC,Abundance rate,0.0752390916870997,0.025865709014449,A4,APOE4
LPC 24:4(M+H)_19.65,LPC,Abundance rate,0.1602380930612449,0.0410139679066913,A4,APOE4
LPC O-16:0(M+H)_18.25,EtherLPC,Abundance rate,0.1033512308485335,0.0078014633673628,A4,APOE4
LPE 16:0(M+H)_16.48,LPE,Abundance rate,0.1137226364185044,0.0208720261107457,A4,APOE4
LPE 16:0(M-H)_16.48,LPE,Abundance rate,0.1137226364185044,0.0208720261107457,A4,APOE4
LPE 16:1(M+H)_10.62,LPE,Abundance rate,0.1044827732925446,0.0430278800867062,A4,APOE4
LPE 16:1(M+H)_12.41,LPE,Abundance rate,0.0476757089715071,0.0152317197807613,A4,APOE4
LPE 16:1(M-H)_10.63,LPE,Abundance rate,0.1044827732925446,0.0430278800867062,A4,APOE4
LPE 16:1(M-H)_12.53,LPE,Abundance rate,0.0476757089715071,0.0152317197807613,A4,APOE4
LPE 18:0(M+H)_20.67,LPE,Abundance rate,0.0598882155691117,0.0058482513671681,A4,APOE4
LPE 18:0(M-H)_20.68,LPE,Abundance rate,0.0598882155691117,0.0058482513671681,A4,APOE4
LPE 18:2(M+H)_13.95,LPE,Abundance rate,0.2478485909413352,0.0792537382088067,A4,APOE4
LPE 18:2(M-H)_14.06,LPE,Abundance rate,0.2478485909413352,0.0792537382088067,A4,APOE4
LPE 18:2(M-H)_15.34,LPE,Abundance rate,0.042201647514283,0.025952123606562,A4,APOE4
LPE 19:1(M-H)_19.02,LPE,Abundance rate,0.0400642971671988,0.0231106526998766,A4,APOE4
LPE 20:0(M+H)_23.21,LPE,Abundance rate,0.0443143505893998,0.0378785955778727,A4,APOE4
LPE 20:0(M-H)_23.22,LPE,Abundance rate,0.0443143505893998,0.0378785955778727,A4,APOE4
LPE 20:1(M+H)_20.41,LPE,Abundance rate,0.0133943780816035,0.0177538894397907,A4,APOE4
LPE 20:2(M+H)_18.5,LPE,Abundance rate,0.0440715771679357,0.0126879885889502,A4,APOE4
LPE 20:2(M-H)_18.51,LPE,Abundance rate,0.0440715771679357,0.0126879885889502,A4,APOE4
LPE 20:3(M+H)_17.36,LPE,Abundance rate,0.0666527204102378,0.0222636563282258,A4,APOE4
LPE 20:5(M+H)_9.61,LPE,Abundance rate,0.1615991930581469,0.0620154403882679,A4,APOE4
LPE 20:5(M-H)_9.74,LPE,Abundance rate,0.1615991930581469,0.0620154403882679,A4,APOE4
LPE 22:1(M+H)_23.34,LPE,Abundance rate,0.0854857927229263,0.0266690267986155,A4,APOE4
LPE 22:1(M-H)_23.35,LPE,Abundance rate,0.0854857927229263,0.0266690267986155,A4,APOE4
LPE 22:2(M-H)_21.19,LPE,Abundance rate,0.0860149602349829,0.0715672952241224,A4,APOE4
LPE 22:6(M-H)_13.94,LPE,Abundance rate,0.046879296625985,0.0196645892537679,A4,APOE4
LPE 24:4(M+H)_20.03,LPE,Abundance rate,0.0307525188962896,0.0179034813178888,A4,APOE4
LPE 24:4(M-H)_20.04,LPE,Abundance rate,0.0307525188962896,0.0179034813178888,A4,APOE4
LPE 24:5(M+H)_18.76,LPE,Abundance rate,0.0356783808686169,0.0387819884867565,A4,APOE4
LPE 24:5(M-H)_18.77,LPE,Abundance rate,0.0356783808686169,0.0387819884867565,A4,APOE4
LPE 24:6(M+H)_17.24,LPE,Abundance rate,0.1143053515303486,0.1265212402399802,A4,APOE4
LPE 24:6(M-H)_17.24,LPE,Abundance rate,0.1143053515303486,0.1265212402399802,A4,APOE4
LPE O-16:0(M-H)_18.64,EtherLPE,Abundance rate,0.1287766612254306,0.0109008305224648,A4,APOE4
LPE O-18:0(M+H)_22.07,EtherLPE,Abundance rate,0.0729600732523492,0.0093400398082712,A4,APOE4
LPE O-18:0(M-H)_22.08,EtherLPE,Abundance rate,0.0729600732523492,0.0093400398082712,A4,APOE4
LPE P-18:1(M+H)_20.67,EtherLPE,Abundance rate,0.0739442425475752,0.016284773349841,A4,APOE4
LPG 16:0(M-H)_14.06,LPG,Abundance rate,0.3680928318371469,0.0440820375753758,A4,APOE4
LPG 18:1(M-H)_14.19,LPG,Abundance rate,0.4621823157158514,0.1253610134451968,A4,APOE4
LPG 20:4(M-H)_9.36,LPG,Abundance rate,0.2638739456529865,0.0720662686713657,A4,APOE4
LPG O-20:1(M-H)_20.17,EtherLPG,Abundance rate,0.2017540853093579,0.145482497841696,A4,APOE4
LPI 16:0(M-H)_10.25,LPI,Abundance rate,0.3134527317943622,0.0473510275943169,A4,APOE4
LPI 18:0(M-H)_17.62,LPI,Abundance rate,0.138954904669103,0.0072343410962997,A4,APOE4
LPI 20:4(M-H)_6.83,LPI,Abundance rate,0.1671030574552993,0.0168930459859959,A4,APOE4
LPI 22:6(M-H)_6.95,LPI,Abundance rate,0.273787555151781,0.0766659299864642,A4,APOE4
LPS 18:0(M-H)_17.75,LPS,Abundance rate,0.0542911140868412,0.0056153266081932,A4,APOE4
LPS 18:1(M-H)_11.26,LPS,Abundance rate,0.0570561053946052,0.0110660695976501,A4,APOE4
LPS 18:1(M-H)_13.43,LPS,Abundance rate,0.0861845857566436,0.0066244009773943,A4,APOE4
LPS 20:4(M-H)_7.08,LPS,Abundance rate,0.0983567865349254,0.0266974789929276,A4,APOE4
LPS 22:4(M-H)_13.18,LPS,Abundance rate,0.0366226941446014,0.0167769658894854,A4,APOE4
LPS 22:4(M-H)_14.57,LPS,Abundance rate,0.0424544121477394,0.038231190428198,A4,APOE4
LPS 22:6(M-H)_7.08,LPS,Abundance rate,0.0749300746965898,0.0125700681933738,A4,APOE4
MMPE 42:2|MMPE 20:1_22:1(M-H)_37.19,MMPE,Abundance rate,0.0109348075414875,0.0485128177528482,A4,APOE4
PC 22:0(M+H)_22.96,PC,Abundance rate,0.0774052895089548,0.0321015644162162,A4,APOE4
PC 23:0(M+H)_23.47,PC,Abundance rate,0.1515470876192983,0.0180788568430119,A4,APOE4
PC 30:0|PC 14:0_16:0(M+H)_31.98,PC,Abundance rate,0.1252131149195026,0.0095077939851056,A4,APOE4
PC 31:0|PC 15:0_16:0(M+H)_33.12,PC,Abundance rate,0.2200059597966785,0.0727896486210151,A4,APOE4
PC 31:2(M+H)_33.12,PC,Abundance rate,0.2536101047629746,0.044042499131831,A4,APOE4
PC 32:0|PC 16:0_16:0(M+H)_34.14,PC,Abundance rate,0.087655996617732,0.0069977065585664,A4,APOE4
PC 32:1|PC 16:0_16:1(M+H)_32.24,PC,Abundance rate,0.1466004435824863,0.012163044934817,A4,APOE4
PC 32:2(M+H)_30.34,PC,Abundance rate,0.4524376068013894,0.0621927189778438,A4,APOE4
PC 33:0|PC 16:0_17:0(M+H)_35.16,PC,Abundance rate,0.2407221266430192,0.1528272753937778,A4,APOE4
PC 33:1|PC 16:0_17:1(M+H)_33.38,PC,Abundance rate,0.0824634611914398,0.0151354031150392,A4,APOE4
PC 34:0|PC 16:0_18:0(M+H)_36.17,PC,Abundance rate,0.2292179360455556,0.1227866905582291,A4,APOE4
PC 34:1(M+H)_34.4,PC,Abundance rate,0.1130071915650798,0.0089774202148427,A4,APOE4
PC 34:2|PC 16:1_18:1(M+H)_32.74,PC,Abundance rate,0.158482285074208,0.0125073724951448,A4,APOE4
PC 35:1|PC 17:0_18:1(M+H)_35.29,PC,Abundance rate,0.0812958764547192,0.010456643459479,A4,APOE4
PC 36:1|PC 9:0_27:1(M+H)_36.3,PC,Abundance rate,0.0392076567436218,0.0077012732515603,A4,APOE4
PC 36:2|PC 18:1_18:1(M+H)_34.65,PC,Abundance rate,0.0757617707051753,0.0098066895593908,A4,APOE4
PC 36:3(M+H)_32.49,PC,Abundance rate,0.271942842407686,0.288884170828378,A4,APOE4
PC 36:4|PC 18:2_18:2(M+H)_32.36,PC,Abundance rate,0.1553393874541186,0.0067863507559619,A4,APOE4
PC 36:6(M+H)_29.44,PC,Abundance rate,0.3501238743475303,0.0655047844032125,A4,APOE4
PC 38:1(M+H)_37.2,PC,Abundance rate,0.039304953192299,0.0074951760540979,A4,APOE4
PC 38:4|PC 16:0_22:4(M+H)_34.64,PC,Abundance rate,0.0863708391557821,0.0086146977872662,A4,APOE4
PC 38:5|PC 18:0_20:5(M+H)_32.61,PC,Abundance rate,0.2248643743840501,0.60064425271967,A4,APOE4
PC 38:6(M+H)_31.74,PC,Abundance rate,0.1691349213866392,0.012415112784068,A4,APOE4
PC 38:7|PC 16:1_22:6(M+H)_29.81,PC,Abundance rate,0.1408255458934424,0.0076008266215675,A4,APOE4
PC 38:7|PC 18:3_20:4(M+H)_32.36,PC,Abundance rate,0.1970330293784869,0.0584977660942808,A4,APOE4
PC 39:6|PC 17:0_22:6(M+H)_32.87,PC,Abundance rate,0.1150187688411755,0.0103882181632417,A4,APOE4
PC 40:1(M+H)_37.96,PC,Abundance rate,0.0249811368880497,0.0154760623752699,A4,APOE4
PC 40:2|PC 20:1_20:1(M+H)_37.2,PC,Abundance rate,0.054982568918136,0.0203444136752687,A4,APOE4
PC 40:4(M+H)_35.91,PC,Abundance rate,0.0700402758788588,0.0102248106780112,A4,APOE4
PC 40:6(M+Na)_33.99,PC,Abundance rate,0.0785974455807412,0.0040742627566542,A4,APOE4
PC 40:6|PC 18:0_22:6(M+H)_33.89,PC,Abundance rate,0.0785974455807412,0.0040742627566542,A4,APOE4
PC 40:7(M+Na)_31.98,PC,Abundance rate,0.115106772956514,0.0274822570189208,A4,APOE4
PC 40:7|PC 18:1_22:6(M+H)_31.98,PC,Abundance rate,0.115106772956514,0.0274822570189208,A4,APOE4
PC 40:9|PC 18:3_22:6(M+H)_31.86,PC,Abundance rate,0.165051616980947,0.014889948790823,A4,APOE4
PC 41:1(M+H)_38.24,PC,Abundance rate,0.022215298425,0.0178276172978249,A4,APOE4
PC 42:10(M+H)_29.7,PC,Abundance rate,0.1080426540432966,0.0602284850323967,A4,APOE4
PC 42:1|PC 24:0_18:1(M+H)_38.47,PC,Abundance rate,0.0187564042884058,0.01846473136249,A4,APOE4
PC 42:4(M+H)_36.94,PC,Abundance rate,0.0748853704082985,0.0150588521312996,A4,APOE4
PC 42:7(M+H)_33.89,PC,Abundance rate,0.0688680926763626,0.0118557378341974,A4,APOE4
PC 43:1(M+H)_38.72,PC,Abundance rate,0.1542820698049435,0.0465306575423325,A4,APOE4
PC 44:12|PC 22:6_22:6(M+H)_29.19,PC,Abundance rate,0.1329402302636553,0.0604019625515367,A4,APOE4
PC 52:4(M+H)_39.35,PC,Abundance rate,0.1614880723442124,0.0769974538093255,A4,APOE4
PC 52:5(M+H)_38.98,PC,Abundance rate,0.0856708192434061,0.0304604213691777,A4,APOE4
PC 54:6(M+H)_39.1,PC,Abundance rate,0.0869894039062315,0.0273733712247648,A4,APOE4
PC O-32:0|PC O-16:0_16:0(M+H)_35.54,EtherPC,Abundance rate,0.054830381152818,0.0071240689663336,A4,APOE4
PC O-34:0|PC O-18:0_16:0(M+H)_36.94,EtherPC,Abundance rate,0.1550046093095184,0.0351766650111413,A4,APOE4
PC O-34:1|PC O-18:1_16:0(M+H)_35.54,EtherPC,Abundance rate,0.0770164996730859,0.0066422005199755,A4,APOE4
PC O-35:4|PC O-13:0_22:4(M+H)_35.8,EtherPC,Abundance rate,0.0910622694444684,0.0071035191624481,A4,APOE4
PC O-36:4|PC O-16:0_20:4(M+H)_33.76,EtherPC,Abundance rate,0.17150805865307,0.0118187593886079,A4,APOE4
PC O-38:6|PC O-16:0_22:6(M+H)_33.12,EtherPC,Abundance rate,0.2273958761557177,0.0269456044433731,A4,APOE4
PE 21:0(M+H)_22.58,PE,Abundance rate,0.1131535750616404,0.0115290890968147,A4,APOE4
PE 32:0|PE 16:0_16:0(M+H)_34.78,PE,Abundance rate,0.3132760947600851,0.0248469606619308,A4,APOE4
PE 34:1|PE 16:0_18:1(M+H)_34.9,PE,Abundance rate,0.1670552839066017,0.0143898487748263,A4,APOE4
PE 34:1|PE 16:0_18:1(M-H)_34.91,PE,Abundance rate,0.1670552839066017,0.0143898487748263,A4,APOE4
PE 34:2|PE 16:0_18:2(M-H)_33,PE,Abundance rate,0.2175603612411045,0.030650402133151,A4,APOE4
PE 36:1|PE 18:0_18:1(M+H)_36.56,PE,Abundance rate,0.034206438395454,0.0067977953413732,A4,APOE4
PE 36:1|PE 18:0_18:1(M-H)_36.57,PE,Abundance rate,0.034206438395454,0.0067977953413732,A4,APOE4
PE 36:2|PE 18:1_18:1(M+H)_35.03,PE,Abundance rate,0.0954902277404772,0.0064509402916916,A4,APOE4
PE 36:2|PE 18:1_18:1(M-H)_35.04,PE,Abundance rate,0.0954902277404772,0.0064509402916916,A4,APOE4
PE 36:4|PE 16:0_20:4(M+H)_32.99,PE,Abundance rate,0.1379049860879977,0.0074925308255746,A4,APOE4
PE 36:4|PE 16:0_20:4(M-H)_32.88,PE,Abundance rate,0.1379049860879977,0.0074925308255746,A4,APOE4
PE 36:5(M+H)_30.97,PE,Abundance rate,0.2710045724516591,0.0573519045139733,A4,APOE4
PE 38:1|PE 18:0_20:1(M-H)_37.46,PE,Abundance rate,0.1288512706787997,0.0775992610602671,A4,APOE4
PE 38:4|PE 18:0_20:4(M+H)_35.03,PE,Abundance rate,0.0456187891916102,0.0063714780394892,A4,APOE4
PE 38:4|PE 18:0_20:4(M-H)_35.04,PE,Abundance rate,0.0456187891916102,0.0063714780394892,A4,APOE4
PE 38:5|PE 18:1_20:4(M+H)_33.12,PE,Abundance rate,0.3268601032779861,0.446111773489089,A4,APOE4
PE 38:5|PE 18:1_20:4(M-H)_33.13,PE,Abundance rate,0.3268601032779861,0.446111773489089,A4,APOE4
PE 38:6|PE 16:0_22:6(M+H)_32.36,PE,Abundance rate,0.1804251386379662,0.0084866982553956,A4,APOE4
PE 38:6|PE 16:0_22:6(M-H)_32.37,PE,Abundance rate,0.1804251386379662,0.0084866982553956,A4,APOE4
PE 39:6(M+H)_33.51,PE,Abundance rate,0.1124613989256302,0.0094800167090792,A4,APOE4
PE 40:1|PE 18:0_22:1(M-H)_36.69,PE,Abundance rate,0.0579743874328595,0.0279633485459388,A4,APOE4
PE 40:6|PE 18:0_22:6(M+H)_34.63,PE,Abundance rate,0.0606877667942084,0.0082359721486363,A4,APOE4
PE 40:6|PE 18:0_22:6(M-H)_34.53,PE,Abundance rate,0.0606877667942084,0.0082359721486363,A4,APOE4
PE 40:7(M+H)_32.5,PE,Abundance rate,0.1767121334888239,0.045975266685699,A4,APOE4
PE 40:7|PE 18:1_22:6(M-H)_32.62,PE,Abundance rate,0.1767121334888239,0.045975266685699,A4,APOE4
PE 44:12|PE 22:6_22:6(M+H)_29.7,PE,Abundance rate,0.1603790317972587,0.1528162802530119,A4,APOE4
PE 44:12|PE 22:6_22:6(M-H)_29.7,PE,Abundance rate,0.1603790317972587,0.1528162802530119,A4,APOE4
PE O-34:1(M+H)_36.05,EtherPE,Abundance rate,0.1023610000972029,0.0073040156068838,A4,APOE4
PE O-34:1|PE O-18:1_16:0(M-H)_36.06,EtherPE,Abundance rate,0.1023610000972029,0.0073040156068838,A4,APOE4
PE O-36:2|PE O-18:1_18:1(M-H)_37.2,EtherPE,Abundance rate,0.137360120162452,0.0320522207509482,A4,APOE4
PE O-38:4|PE O-16:0_22:4(M-H)_35.8,EtherPE,Abundance rate,0.1140457141085175,0.0172984978089951,A4,APOE4
PE O-38:6|PE O-16:0_22:6(M-H)_33.77,EtherPE,Abundance rate,0.13517108916302,0.0214757138153645,A4,APOE4
PE O-40:4|PE O-18:0_22:4(M-H)_37.08,EtherPE,Abundance rate,0.0569221346613431,0.0050244901966927,A4,APOE4
PE P-38:5|PE P-18:1_20:4(M+H)_33.76,EtherPE,Abundance rate,0.1329288122935677,0.0161884904541674,A4,APOE4
PE P-40:5(M+H)_35.8,EtherPE,Abundance rate,0.336866625989796,0.1884321038969623,A4,APOE4
PG 34:1|PG 16:0_18:1(M-H)_31.73,PG,Abundance rate,0.3043163083454225,0.0297407880427129,A4,APOE4
PG 38:2|PG 18:1_20:1(M-H)_35.67,PG,Abundance rate,0.109907616326375,0.0635369805410789,A4,APOE4
PI 33:1(d7)|PI 15:0_18:1(d7)(M-H)_33.26,PI,Abundance rate,0.1247092362430327,0.1026470870734311,A4,APOE4
PI 36:4(M+NH4)_29.44,PI,Abundance rate,0.2796854265280816,0.0328532832414015,A4,APOE4
PI 36:4|PI 16:0_20:4(M-H)_29.32,PI,Abundance rate,0.2796854265280816,0.0328532832414015,A4,APOE4
PI 38:4(M+NH4)_31.6,PI,Abundance rate,0.1243839899052896,0.0098329419589053,A4,APOE4
PI 38:4|PI 18:0_20:4(M-H)_31.61,PI,Abundance rate,0.1243839899052896,0.0098329419589053,A4,APOE4
PI 38:5(M+NH4)_29.57,PI,Abundance rate,0.2661907774969934,0.046925464317109,A4,APOE4
PI 38:5|PI 18:1_20:4(M-H)_29.57,PI,Abundance rate,0.2661907774969934,0.046925464317109,A4,APOE4
PI 38:6(M+NH4)_28.82,PI,Abundance rate,0.4910603512089611,0.1369731731677999,A4,APOE4
PI 40:6(M+NH4)_31.09,PI,Abundance rate,0.1041442436052315,0.0088026659723491,A4,APOE4
PI 40:6|PI 18:0_22:6(M-H)_31.1,PI,Abundance rate,0.1041442436052315,0.0088026659723491,A4,APOE4
PS 34:1(M+H)_31.73,PS,Abundance rate,0.3140340251688469,0.0422855886273399,A4,APOE4
PS 36:0;O3|PS 18:0_18:0;O3(M-H)_32.12,OxPS,Abundance rate,0.3807967070321575,0.1952299664366841,A4,APOE4
PS 36:1|PS 18:0_18:1(M+H)_33.76,PS,Abundance rate,0.0215968483642569,0.0249227452433447,A4,APOE4
PS 36:1|PS 18:0_18:1(M-H)_33.77,PS,Abundance rate,0.0215968483642569,0.0249227452433447,A4,APOE4
PS 36:2|PS 18:1_18:1(M+H)_31.98,PS,Abundance rate,0.1083121859966426,0.00725828921568,A4,APOE4
PS 36:2|PS 18:1_18:1(M-H)_32.12,PS,Abundance rate,0.1044132802443564,0.02878583039676,A4,APOE4
PS 38:4(M+H)_31.99,PS,Abundance rate,0.0545261428789721,0.0163873314655886,A4,APOE4
PS 38:4|PS 18:0_20:4(M-H)_32.24,PS,Abundance rate,0.0987250004426235,0.0191215516324557,A4,APOE4
PS 38:5;O3|PS 18:0_20:5;O3(M-H)_31.35,OxPS,Abundance rate,0.0900859555706479,0.016531593175624,A4,APOE4
PS 40:6(M+Na)_31.34,PS,Abundance rate,0.0686642447251469,0.0098233484458553,A4,APOE4
PS 40:6|PS 18:0_22:6(M+H)_31.35,PS,Abundance rate,0.0686642447251469,0.0098233484458553,A4,APOE4
PS 40:6|PS 18:0_22:6(M-H)_31.35,PS,Abundance rate,0.0686642447251469,0.0098233484458553,A4,APOE4
PS 40:6|PS 18:0_22:6(M-H)_35.17,PS,Abundance rate,0.0543119845068304,0.012052123085859,A4,APOE4
PS 40:7(M+H)_29.32,PS,Abundance rate,0.1217449958946014,0.0180352595291129,A4,APOE4
PS 40:7|PS 18:1_22:6(M-H)_29.32,PS,Abundance rate,0.1217449958946014,0.0180352595291129,A4,APOE4
PS 44:10|PS 22:4_22:6(M+H)_28.81,PS,Abundance rate,0.119717310189311,0.0002886201969913,A4,APOE4
PS 44:12|PS 22:6_22:6(M+H)_26.51,PS,Abundance rate,0.0981038756551979,0.0292746463210976,A4,APOE4
PS 44:12|PS 22:6_22:6(M-H)_26.52,PS,Abundance rate,0.0981038756551979,0.0292746463210976,A4,APOE4
SM 34:1;O2|SM 18:1;O2/16:0(M+H)_32.11,SM,Abundance rate,0.0344067576378118,0.0108385304862558,A4,APOE4
SM 34:1;O3(M+H)_31.22,SM,Abundance rate,0.0377477367137152,0.007770885300177,A4,APOE4
SM 34:2;O2(M+H)_30.08,SM,Abundance rate,0.0827318965346369,0.0084939298377321,A4,APOE4
SM 36:2;O2(M+H)_32.49,SM,Abundance rate,0.0307715118343939,0.0098039396121122,A4,APOE4
SM 40:2;O2(M+H)_36.43,SM,Abundance rate,0.1008247959118713,0.033255353674794,A4,APOE4
SM 42:3;O2|SM 18:1;O2/24:2(M+H)_36.43,SM,Abundance rate,0.1017173561521418,0.0311295837616251,A4,APOE4
SM 43:4;O2(M+H)_24.36,SM,Abundance rate,0.0295119526674255,0.0397771495857701,A4,APOE4
ST 27:1;O(M+H-[H2O])_41,ST,Abundance rate,0.0888116646930908,0.0658750280598529,A4,APOE4
TG 48:0|TG 16:0_16:0_16:0(M+NH4)_40.75,TG,Abundance rate,0.8534105298510573,0.372327810513713,A4,APOE4
TG 48:2|TG 16:0_16:1_16:1(M+NH4)_39.76,TG,Abundance rate,0.0687538253418645,0.052522282218887,A4,APOE4
TG 50:4|TG 16:1_16:1_18:2(M+NH4)_39.48,TG,Abundance rate,0.0309176129575814,0.0347210146491892,A4,APOE4
TG 54:0|TG 18:0_18:0_18:0(M+NH4)_42.53,TG,Abundance rate,0.2923184780294581,0.4015564277750116,A4,APOE4
TG 60:12|TG 16:0_22:6_22:6(M+NH4)_39.35,TG,Abundance rate,0.1432039659395073,0.0291542025017706,A4,APOE4
TG O-50:0|TG O-18:0_16:0_16:0(M+NH4)_42.28,EtherTG,Abundance rate,0.8255841406765685,0.1567141669675848,A4,APOE4
TG O-50:2|TG O-16:0_16:0_18:2(M+NH4)_41.12,EtherTG,Abundance rate,0.2397093837069674,0.0566864429669319,A4,APOE4
TG O-52:2|TG O-18:0_16:0_18:2(M+NH4)_41.64,EtherTG,Abundance rate,0.4132895142133224,0.2156115439541565,A4,APOE4
TG O-52:3|TG O-16:0_18:1_18:2(M+NH4)_41.01,EtherTG,Abundance rate,0.3150331790511811,0.0522618702979173,A4,APOE4
TG O-54:2|TG O-20:0_16:0_18:2(M+NH4)_42.28,EtherTG,Abundance rate,0.7284133929185991,0.4972993398084379,A4,APOE4
TG O-54:4|TG O-18:0_18:2_18:2(M+NH4)_41.13,EtherTG,Abundance rate,0.160645292746377,0.1282671327579538,A4,APOE4
TG O-56:3|TG O-20:0_18:1_18:2(M+NH4)_42.16,EtherTG,Abundance rate,0.4113498307000219,0.1097742980871104,A4,APOE4
25-hydroxycholecalciferol(M+H)_24.36,Vitamin_D,abundance_mean,33882261.14545942,8631810.480569862,A2,APOE2
AHexCer 46:1;O3|AHexCer (O-15:0)31:1;O3(M+H-[H2O])_39.35,AHexCer,abundance_mean,22330774.844575275,3766717.233060733,A2,APOE2
AHexCer 55:6;O3|AHexCer (O-18:1)37:5;O3(M+H-[H2O])_39.74,AHexCer,abundance_mean,1603442.0025723674,391836.1463182378,A2,APOE2
AHexCer 56:1;O3|AHexCer (O-16:0)40:1;O3(M+H-[H2O])_39.48,AHexCer,abundance_mean,3654820.049524557,303679.86675894324,A2,APOE2
AHexCer 57:1;O3|AHexCer (O-16:0)18:1;O2/23:0;O(M+H)_39.64,AHexCer,abundance_mean,2964791.2989866287,238862.34395788464,A2,APOE2
AHexCer 58:1;O3|AHexCer (O-16:0)42:1;O3(M+H)_39.86,AHexCer,abundance_mean,6711390.981485994,737297.6866680048,A2,APOE2
AHexCer 58:1;O3|AHexCer (O-17:0)41:1;O3(M+H-[H2O])_39.62,AHexCer,abundance_mean,19146331.034772467,2408546.1370719383,A2,APOE2
AHexCer 58:2;O3|AHexCer (O-18:1)40:1;O3(M+H)_39.48,AHexCer,abundance_mean,7473126.3572414,616800.5555408334,A2,APOE2
AHexCer 59:1;O3|AHexCer (O-18:0)41:1;O3(M+H)_39.99,AHexCer,abundance_mean,2483962.2837073333,203715.71763738443,A2,APOE2
AHexCer 59:8;O2|AHexCer (O-15:0)44:8;O2(M+H-[H2O])_39.23,AHexCer,abundance_mean,6098468.233026222,982049.1089322568,A2,APOE2
AHexCer 60:1;O3|AHexCer (O-18:0)42:1;O3(M+H)_40.12,AHexCer,abundance_mean,2748223.504141496,311772.07680274034,A2,APOE2
AHexCer 60:2;O3|AHexCer (O-18:1)18:1;O2/24:0;O(M+H)_39.86,AHexCer,abundance_mean,4567458.819526604,420672.5272099892,A2,APOE2
CAR 16:0(M+H)_16.86,CAR,abundance_mean,10181803.798088232,1161091.155665128,A2,APOE2
CAR 18:0(M+H)_19.78,CAR,abundance_mean,4078932.144653005,494236.3167708276,A2,APOE2
CE 18:1(d7)(M+NH4)_41.64,CE,abundance_mean,154215956.38095862,12025694.38469257,A2,APOE2
CE 18:3(M+NH4)_40.5,CE,abundance_mean,1191012.561457224,242617.25250355856,A2,APOE2
CE 20:4(M+NH4)_40.75,CE,abundance_mean,6204982.512040494,1306384.8928844056,A2,APOE2
CE 22:6(M+NH4)_40.4,CE,abundance_mean,20230893.68658475,5008662.802323001,A2,APOE2
CL 70:4|CL 34:2_36:2(M+NH4)_39.1,CL,abundance_mean,1330033.8823323047,208164.47952349976,A2,APOE2
CL 72:4|CL 18:1_18:1_18:1_18:1(M-H)_39.36,CL,abundance_mean,439763.0695447757,86076.56476694882,A2,APOE2
CL 72:5|CL 18:1_18:1_18:1_18:2(M-H)_39.11,CL,abundance_mean,414368.0782467207,76637.14286877116,A2,APOE2
CL 72:5|CL 36:2_36:3(M+NH4)_39.22,CL,abundance_mean,2203856.031857191,291659.2435109226,A2,APOE2
CL 72:7|CL 16:1_18:1_18:1_20:4(M-H)_38.85,CL,abundance_mean,370780.0976726207,80521.67734855515,A2,APOE2
CL 74:7|CL 18:1_18:1_18:1_20:4(M-H)_39.11,CL,abundance_mean,430153.757442321,89941.20406901088,A2,APOE2
CL 74:7|CL 36:2_38:5(M+NH4)_39.1,CL,abundance_mean,2230191.670297916,353992.11999048566,A2,APOE2
CL 74:8|CL 18:1_18:2_18:1_20:4(M-H)_38.97,CL,abundance_mean,447381.5529487886,84354.38531963198,A2,APOE2
CL 76:10|CL 18:1_20:4_18:1_20:4(M-H)_38.85,CL,abundance_mean,451251.3294826257,82511.23063682855,A2,APOE2
CL 76:5|CL 39:1_37:4(M-H)_35.04,CL,abundance_mean,2758994.725355025,362432.0483423514,A2,APOE2
CL 76:9|CL 18:1_18:1_18:1_22:6(M-H)_38.98,CL,abundance_mean,431430.2105049146,78431.06710476699,A2,APOE2
CL 76:9|CL 36:2_40:7(M+NH4)_38.98,CL,abundance_mean,2124232.5268038022,370216.8372992877,A2,APOE2
CL 78:7|CL 41:2_37:5(M-H)_35.04,CL,abundance_mean,6050039.0196105335,922491.929255344,A2,APOE2
CL 79:5(M+NH4)_34.52,CL,abundance_mean,10922281.619305836,2024821.4189062987,A2,APOE2
CL 79:6|CL 36:1_43:5(M-H)_34.4,CL,abundance_mean,4029862.517902956,609602.2221042841,A2,APOE2
CL 79:9|CL 38:4_41:5(M-H)_32.37,CL,abundance_mean,2435369.8965205546,426912.5892088938,A2,APOE2
CL 80:6|CL 36:1_44:5(M-H)_34.4,CL,abundance_mean,6892795.365755782,1161983.3602924438,A2,APOE2
CL 90:18|CL 46:6_44:12(M-H)_30.21,CL,abundance_mean,1511325.2316296506,156878.3770440213,A2,APOE2
Cer 36:1;O2|Cer 18:1;O2/18:0(M+H-[H2O])_36.56,Cer_NS,abundance_mean,138791048.90672618,16659046.598655963,A2,APOE2
Cer 36:1;O2|Cer 18:1;O2/18:0(M+H-[H2O])_38.34,Cer_NS,abundance_mean,128849155.4292206,27287419.84668341,A2,APOE2
Cer 36:1;O2|Cer 18:1;O2/18:0(M-H)_36.56,Cer_NS,abundance_mean,5189616.545565373,505826.6955140969,A2,APOE2
Cer 36:2;O2|Cer 18:2;O2/18:0(M+H-[H2O])_34.9,Cer_NS,abundance_mean,19194209.15209767,2071245.6291691293,A2,APOE2
Cer 37:1;O4|Cer 18:0;O3/19:1(2OH)(M-H)_36.56,Cer_AP,abundance_mean,149218617.8232106,14075677.835475037,A2,APOE2
Cer 38:1;O2|Cer 20:1;O2/18:0(M+H-[H2O])_37.58,Cer_NS,abundance_mean,11031002.95163932,1775932.9632459937,A2,APOE2
Cer 38:1;O2|Cer 20:1;O2/18:0(M+H-[H2O])_38.85,Cer_NS,abundance_mean,1167147.724513468,298480.22079789994,A2,APOE2
Cer 41:1;O2|Cer 18:1;O2/23:0(M+H)_38.47,Cer_NS,abundance_mean,6019571.681644114,516694.1172584954,A2,APOE2
Cer 41:1;O4|Cer 26:0;O3(FA 15:0)(M-H)_38.22,Cer_EODS,abundance_mean,5867369.267621191,592026.089060879,A2,APOE2
Cer 42:1;O2|Cer 26:1;O2/16:0(M+Na)_38.98,Cer_NS,abundance_mean,2841453.263546242,246490.55243911923,A2,APOE2
Cer 42:2;O2|Cer 18:1;O2/24:1(M+H)_38.09,Cer_NS,abundance_mean,47048178.25800465,4320216.085851152,A2,APOE2
Cer 42:2;O2|Cer 18:1;O2/24:1(M+H-[H2O])_38.2,Cer_NS,abundance_mean,30179179.870810244,4256892.682303402,A2,APOE2
Cer 42:2;O2|Cer 18:1;O2/24:1(M+H-[H2O])_39.23,Cer_NS,abundance_mean,11506802.03915711,2974008.111409065,A2,APOE2
Cer 56:11;O4|Cer 38:9;O3(FA 18:1)(+C2H3O2-)_38.48,Cer_EOS,abundance_mean,3154884.483870006,255179.77561951644,A2,APOE2
CoQ10(M+H)_39.35,CoQ,abundance_mean,3279272.5175600187,514482.4616635773,A2,APOE2
CoQ9(M+H)_38.85,CoQ,abundance_mean,10271114.862633849,2000649.8290220264,A2,APOE2
DG 18:2(M+Na)_10.61,DG,abundance_mean,2413672.2249705098,378046.1823294111,A2,APOE2
DG 18:2(M+Na)_6.94,DG,abundance_mean,4494534.9225246245,991513.2983197316,A2,APOE2
DG 19:2(M+Na)_14.69,DG,abundance_mean,2402271.7300291504,437050.1414417978,A2,APOE2
DG 19:2(M+Na)_16.1,DG,abundance_mean,1948045.461525089,282806.4807555071,A2,APOE2
DG 20:4(M+Na)_10.88,DG,abundance_mean,4868903.775789358,683305.9272023683,A2,APOE2
DG 20:4(M+Na)_7.45,DG,abundance_mean,3182886.9965370125,1294051.9271630654,A2,APOE2
DG 21:4(M+Na)_15.33,DG,abundance_mean,1305507.5626316748,274803.0875048868,A2,APOE2
DG 23:2(M+Na)_25.88,DG,abundance_mean,3943404.639278265,912340.2661525948,A2,APOE2
DG 28:2(M+Na)_30.08,DG,abundance_mean,12893267.789230336,4548179.569766926,A2,APOE2
DG 30:5(M+Na)_29.95,DG,abundance_mean,446977.8419976258,115343.03409120937,A2,APOE2
DG 33:1(d7)|DG 15:0_18:1(d7)(M+NH4)_36.81,DG,abundance_mean,147650137.14114347,21225656.0915206,A2,APOE2
DG 34:0|DG 16:0_18:0(M+NH4)_37.96,DG,abundance_mean,6525359.798089191,1030590.1762347996,A2,APOE2
DG 34:1|DG 16:0_18:1(M+NH4)_37.32,DG,abundance_mean,15457367.7105577,3073596.137783674,A2,APOE2
DG 36:0|DG 18:0_18:0(M+NH4)_38.47,DG,abundance_mean,7209143.541347648,1277379.8118343523,A2,APOE2
DG 36:1|DG 18:0_18:1(M+NH4)_37.97,DG,abundance_mean,23669295.26727104,2955028.579506103,A2,APOE2
DG 36:2|DG 18:1_18:1(M+NH4)_37.33,DG,abundance_mean,10539738.062655892,1968412.3518632045,A2,APOE2
DG 36:4|DG 16:0_20:4(M+NH4)_36.06,DG,abundance_mean,8774907.77479433,1455741.3819270204,A2,APOE2
DG 38:4|DG 18:0_20:4(M+NH4)_37.32,DG,abundance_mean,164853143.10908908,31472069.825147964,A2,APOE2
DG 38:5|DG 18:1_20:4(M+NH4)_36.29,DG,abundance_mean,11821601.067807851,2981993.086236373,A2,APOE2
DG 38:6(M+Na)_35.54,DG,abundance_mean,2664730.5113112847,773851.4655902225,A2,APOE2
DG 38:6|DG 16:0_22:6(M+NH4)_35.54,DG,abundance_mean,16926288.22430205,3386399.747550948,A2,APOE2
DG 40:2(M+Na)_38.6,DG,abundance_mean,30106314.14611133,5529144.489859687,A2,APOE2
DG 40:4|DG 18:0_22:4(M+NH4)_37.83,DG,abundance_mean,8829794.408125067,1579495.8398373846,A2,APOE2
DG 40:6(M+Na)_37.07,DG,abundance_mean,7878695.576234521,1762653.7293419174,A2,APOE2
DG 40:6|DG 18:0_22:6(M+NH4)_37.07,DG,abundance_mean,65063755.79010563,15128512.88647346,A2,APOE2
DG 40:7|DG 18:1_22:6(M+NH4)_35.67,DG,abundance_mean,9679693.9501994,1804248.616041976,A2,APOE2
DG 45:10(M+Na)_35.54,DG,abundance_mean,6806755.36651093,1379155.4880875389,A2,APOE2
DG 47:11(M+Na)_35.67,DG,abundance_mean,25394407.40757483,2603412.073881357,A2,APOE2
DG 47:12(M+Na)_30.46,DG,abundance_mean,4584247.325689135,714425.763059782,A2,APOE2
DG 51:9(M+Na)_38.85,DG,abundance_mean,2441401.226000183,483121.63255281287,A2,APOE2
DG 52:1(M+Na)_42.16,DG,abundance_mean,1498516.578550832,418034.96046663466,A2,APOE2
DG O-37:1|DG O-19:1_18:0(M+NH4)_37.7,EtherDG,abundance_mean,1481320.0035762636,151688.48069407998,A2,APOE2
DLCL 36:3(M-H)_29.32,DLCL,abundance_mean,1348445.22484387,196793.03862417355,A2,APOE2
DLCL 42:1(M-H)_20.42,DLCL,abundance_mean,1408670.44806103,630447.7352260156,A2,APOE2
DLCL 42:11(M-H)_29.32,DLCL,abundance_mean,1784605.3845345755,228189.77892427417,A2,APOE2
DLCL 44:12(M-H)_29.57,DLCL,abundance_mean,1733264.9830823035,275553.29689728946,A2,APOE2
Diisodecyl phthalate (also known as the production of plastic)(M+H)_29.19,Others,abundance_mean,6378197.57939026,547944.0348528781,A2,APOE2
Dioctyl phthalate (also known as the production of plastic)(M+H)_24.1,Others,abundance_mean,16024685.136042671,1213804.9502648667,A2,APOE2
FA 18:1(M-H)_22.7,FA,abundance_mean,5488098.557834444,378525.519111543,A2,APOE2
GM3 36:1;O2(M-H)_30.85,GM3,abundance_mean,580122.6485110344,69681.99671394884,A2,APOE2
HexCer 36:1;O2|HexCer 18:1;O2/18:0(M+H)_34.91,HexCer_NS,abundance_mean,17411305.171669044,1596247.918236966,A2,APOE2
HexCer 38:1;O2(M+H)_36.69,HexCer_NDS,abundance_mean,11104627.893285764,813922.2708417586,A2,APOE2
HexCer 38:1;O3|HexCer 18:1;O2/20:0;O(M+H)_36.31,HexCer_HS,abundance_mean,16765279.643185075,1464051.536163518,A2,APOE2
HexCer 40:1;O2(M+H)_37.58,HexCer_NDS,abundance_mean,46109376.1800391,2736754.1903793323,A2,APOE2
HexCer 40:1;O3(M+H)_37.33,HexCer_HS,abundance_mean,156615548.37342626,10035737.484639002,A2,APOE2
HexCer 40:1;O3|HexCer 18:1;O2/22:0;O(M-H)_37.44,HexCer_HS,abundance_mean,19215685.30550609,1399931.6318969245,A2,APOE2
HexCer 40:2;O2|HexCer 18:2;O2/22:0(M+H)_37.44,HexCer_NS,abundance_mean,51250452.32238741,4189988.1828826633,A2,APOE2
HexCer 41:1;O3(M+H)_37.7,HexCer_HS,abundance_mean,181652979.11149675,10609546.62640464,A2,APOE2
HexCer 41:1;O3|HexCer 21:1;O2/20:0;O(M-H)_37.71,HexCer_HS,abundance_mean,13868833.235859858,1079288.6934386762,A2,APOE2
HexCer 41:2;O2|HexCer 18:1;O2/23:1(M+H)_37.7,HexCer_NS,abundance_mean,43759409.29575406,4878487.924874091,A2,APOE2
HexCer 42:1;O2(M+H)_38.09,HexCer_NDS,abundance_mean,133852352.926169,8631321.955115164,A2,APOE2
HexCer 42:1;O2(M+H-[H2O])_38.21,HexCer_NDS,abundance_mean,16808971.10928344,1501950.577282301,A2,APOE2
HexCer 42:1;O3(M+H)_37.97,HexCer_HS,abundance_mean,246174249.35574904,13790271.99070926,A2,APOE2
HexCer 42:1;O3|HexCer 18:1;O2/24:0;O(M-H)_38.08,HexCer_HS,abundance_mean,17063904.239036243,1254328.262169157,A2,APOE2
HexCer 42:2;O2|HexCer 18:1;O2/24:1(M+H)_37.58,HexCer_NS,abundance_mean,417938490.73549217,19642353.642965328,A2,APOE2
HexCer 42:2;O2|HexCer 18:1;O2/24:1(M+H-[H2O])_37.58,HexCer_NS,abundance_mean,62302072.19940274,9267922.431028098,A2,APOE2
HexCer 42:2;O3|HexCer 18:1;O2/24:1;O(M+H)_37.32,HexCer_HS,abundance_mean,153746453.84437108,7968990.460218881,A2,APOE2
HexCer 42:3;O2|HexCer 18:2;O2/24:1(M+H)_37.32,HexCer_NS,abundance_mean,36490538.92974349,4852447.572514972,A2,APOE2
HexCer 43:1;O3|HexCer 18:1;O2/25:0;O(M+H)_38.24,HexCer_HS,abundance_mean,26764565.60637557,1671236.30906251,A2,APOE2
HexCer 43:1;O3|HexCer 18:1;O2/25:0;O(M+H-[H2O])_37.83,HexCer_HS,abundance_mean,25326524.58503595,1368773.1323066235,A2,APOE2
HexCer 43:2;O3|HexCer 18:1;O2/25:1;O(M+H)_37.7,HexCer_HS,abundance_mean,12731703.935461508,666761.3680917507,A2,APOE2
LPA 19:5(M-H)_17.24,LPA,abundance_mean,9393188.354056396,1009803.2591861632,A2,APOE2
LPC 14:0(M+H)_8.21,LPC,abundance_mean,7973740.827792131,1043048.9185682944,A2,APOE2
LPC 14:0/0:0(M+H)_9.86,LPC,abundance_mean,1998293.9539776803,495062.03454719577,A2,APOE2
LPC 16:0(M+H)_16.35,LPC,abundance_mean,894341944.8552845,134599154.04661515,A2,APOE2
LPC 16:0/0:0(M+H)_17.11,LPC,abundance_mean,623473284.883251,96240136.0162583,A2,APOE2
LPC 16:1(M+H)_10.88,LPC,abundance_mean,24742515.876140263,3216763.459592302,A2,APOE2
LPC 16:1(M+H)_12.53,LPC,abundance_mean,10967533.972607931,1194473.453709816,A2,APOE2
LPC 16:1(M+Na)_10.87,LPC,abundance_mean,1177678.0777528312,220813.23367641043,A2,APOE2
LPC 17:0/0:0(M+H)_18.76,LPC,abundance_mean,5386414.147247017,1119168.7932440331,A2,APOE2
LPC 17:3(M+H)_20.67,LPC,abundance_mean,5820124.349324056,1243194.8422721473,A2,APOE2
LPC 18:0(M+H)_20.29,LPC,abundance_mean,478308541.56029147,42185140.952303804,A2,APOE2
LPC 18:2(M+H)_13.93,LPC,abundance_mean,26188976.76993442,1719996.3061062016,A2,APOE2
LPC 18:2(M+H)_15.2,LPC,abundance_mean,32212116.37686466,3367494.0329822246,A2,APOE2
LPC 18:3(M+H)_16.35,LPC,abundance_mean,38996788.34567352,4845526.384573185,A2,APOE2
LPC 18:3/0:0(M+H)_17.11,LPC,abundance_mean,7223902.520102543,1744399.688360897,A2,APOE2
LPC 19:0/0:0(M+H)_21.81,LPC,abundance_mean,1339620.9760085307,114449.26830608925,A2,APOE2
LPC 20:0/0:0(M+H)_23.34,LPC,abundance_mean,3052252.0091977334,564829.855290444,A2,APOE2
LPC 20:1(M+Na)_20.66,LPC,abundance_mean,5424445.342677774,1029716.307194489,A2,APOE2
LPC 20:3(M+H)_15.97,LPC,abundance_mean,15566403.111502688,1906398.242910128,A2,APOE2
LPC 20:4(M+H)_14.06,LPC,abundance_mean,327641461.0623279,37884985.47135946,A2,APOE2
LPC 20:5(M+H)_9.86,LPC,abundance_mean,765375.9620192967,165828.10608496607,A2,APOE2
LPC 22:0/0:0(M+H)_26.39,LPC,abundance_mean,1872891.559611152,137103.26859662653,A2,APOE2
LPC 22:1(M+H)_23.46,LPC,abundance_mean,2992486.9830575967,172401.82357584537,A2,APOE2
LPC 22:4(M+H)_17.49,LPC,abundance_mean,31814617.981558084,4438863.986499818,A2,APOE2
LPC 22:6(M+H)_13.81,LPC,abundance_mean,323520208.16352135,43525557.54014684,A2,APOE2
LPC 22:6(M+Na)_13.8,LPC,abundance_mean,13857096.289028462,1534799.3247245282,A2,APOE2
LPC 22:6(M+Na)_14.81,LPC,abundance_mean,7296753.457688883,2018393.165660064,A2,APOE2
LPC 24:1(M+H)_25.76,LPC,abundance_mean,1865110.921741148,114810.53475913544,A2,APOE2
LPC 24:4(M+H)_19.65,LPC,abundance_mean,2383017.8086748,347765.76898918586,A2,APOE2
LPC O-16:0(M+H)_18.25,EtherLPC,abundance_mean,15366723.405887188,1596191.9819057472,A2,APOE2
LPE 15:0(M-H)_14.57,LPE,abundance_mean,3909979.137705741,297638.81168848183,A2,APOE2
LPE 16:0(M+H)_16.48,LPE,abundance_mean,46626789.73011069,5780534.582125691,A2,APOE2
LPE 16:0(M-H)_16.48,LPE,abundance_mean,9081496.433765804,629772.2714400479,A2,APOE2
LPE 16:1(M+H)_10.62,LPE,abundance_mean,2771700.797872115,429016.7432580767,A2,APOE2
LPE 16:1(M+H)_12.41,LPE,abundance_mean,894496.8743736532,252646.3046542624,A2,APOE2
LPE 16:1(M-H)_10.63,LPE,abundance_mean,2867572.424555906,302746.63510860724,A2,APOE2
LPE 16:1(M-H)_12.53,LPE,abundance_mean,141694.69102425766,26314.4412059098,A2,APOE2
LPE 18:0(M+H)_20.67,LPE,abundance_mean,84079843.53624444,8010317.653866874,A2,APOE2
LPE 18:0(M-H)_20.68,LPE,abundance_mean,52419847.23211084,4493857.416027399,A2,APOE2
LPE 18:1(M+H)_17.49,LPE,abundance_mean,116423213.21551631,28598118.64594448,A2,APOE2
LPE 18:1(d7)(M-H)_17.37,LPE,abundance_mean,5656759.523376568,436155.8703153779,A2,APOE2
LPE 18:2(M+H)_13.95,LPE,abundance_mean,2938245.4350887844,127502.41984765348,A2,APOE2
LPE 18:2(M-H)_14.06,LPE,abundance_mean,1840349.9431458488,109008.85758585966,A2,APOE2
LPE 18:2(M-H)_15.34,LPE,abundance_mean,1457087.8270977947,227094.56118312012,A2,APOE2
LPE 19:1(M-H)_19.02,LPE,abundance_mean,983991.5736105412,235378.59664191303,A2,APOE2
LPE 20:0(M+H)_23.21,LPE,abundance_mean,1032572.210513976,324850.57571252383,A2,APOE2
LPE 20:0(M-H)_23.22,LPE,abundance_mean,1450465.1362787208,248111.44085418657,A2,APOE2
LPE 20:1(M+H)_20.41,LPE,abundance_mean,45536910.36354626,16621615.450251564,A2,APOE2
LPE 20:2(M+H)_18.5,LPE,abundance_mean,5519822.231274885,648069.6616294677,A2,APOE2
LPE 20:2(M-H)_18.51,LPE,abundance_mean,4279872.522938191,404622.4201879524,A2,APOE2
LPE 20:3(M+H)_16.35,LPE,abundance_mean,5971970.382220393,1342339.4602356765,A2,APOE2
LPE 20:3(M+H)_17.36,LPE,abundance_mean,2686540.061594727,407011.6716866192,A2,APOE2
LPE 20:3(M-H)_16.35,LPE,abundance_mean,6253146.713539451,1298514.76510314,A2,APOE2
LPE 20:4(M+H)_14.19,LPE,abundance_mean,196031577.395386,23033036.95124564,A2,APOE2
LPE 20:4(M-H)_14.19,LPE,abundance_mean,75031399.88083391,4806090.200380943,A2,APOE2
LPE 20:5(M+H)_9.61,LPE,abundance_mean,974056.7080832308,146983.73430918116,A2,APOE2
LPE 20:5(M-H)_9.74,LPE,abundance_mean,889738.555295027,95315.47226774112,A2,APOE2
LPE 21:1(M-H)_21.82,LPE,abundance_mean,412097.97119895526,97617.86330606496,A2,APOE2
LPE 22:1(M+H)_23.34,LPE,abundance_mean,2450469.1353596784,538449.6940479417,A2,APOE2
LPE 22:1(M-H)_23.35,LPE,abundance_mean,1953610.8231446669,383330.1045123442,A2,APOE2
LPE 22:2(M-H)_21.19,LPE,abundance_mean,1467711.5303890505,157363.80529718907,A2,APOE2
LPE 22:3(M-H)_19.64,LPE,abundance_mean,1494576.101042983,285092.2610096828,A2,APOE2
LPE 22:4(M+H)_17.74,LPE,abundance_mean,119318949.19654869,25997727.515405037,A2,APOE2
LPE 22:5(M+H)_15.59,LPE,abundance_mean,32413417.60233562,7529713.007477654,A2,APOE2
LPE 22:6(M-H)_13.94,LPE,abundance_mean,160047784.17678288,11408610.994599286,A2,APOE2
LPE 23:1(M-H)_24.73,LPE,abundance_mean,374101.5446585327,81296.24692464822,A2,APOE2
LPE 24:1(M+H)_26.26,LPE,abundance_mean,338633.6877525433,74944.03415765204,A2,APOE2
LPE 24:1(M-H)_26.27,LPE,abundance_mean,288910.8021489706,80145.12576046788,A2,APOE2
LPE 24:4(M+H)_20.03,LPE,abundance_mean,3429457.5214824635,821080.930029164,A2,APOE2
LPE 24:4(M-H)_20.04,LPE,abundance_mean,3456229.0892495685,452793.9715893159,A2,APOE2
LPE 24:5(M+H)_18.76,LPE,abundance_mean,2463510.035189537,513087.98700527794,A2,APOE2
LPE 24:5(M-H)_18.77,LPE,abundance_mean,1622389.9724423562,297045.7056865741,A2,APOE2
LPE 24:6(M+H)_17.24,LPE,abundance_mean,2381640.219735821,421058.694333534,A2,APOE2
LPE 24:6(M-H)_17.24,LPE,abundance_mean,2177803.8406634755,435049.5681597189,A2,APOE2
LPE O-16:0(M-H)_18.64,EtherLPE,abundance_mean,4139598.127776396,370370.421948944,A2,APOE2
LPE O-18:0(M+H)_22.07,EtherLPE,abundance_mean,3674172.70709686,323621.6811763529,A2,APOE2
LPE O-18:0(M-H)_22.08,EtherLPE,abundance_mean,3648325.579701463,235555.46451739944,A2,APOE2
LPE P-18:1(M+H)_20.67,EtherLPE,abundance_mean,3173694.162661429,294441.5445553625,A2,APOE2
LPG 15:0(M-H)_9.35,LPG,abundance_mean,7642038.248618389,490532.3930655538,A2,APOE2
LPG 16:0(M-H)_14.06,LPG,abundance_mean,1933612.7891975115,252568.9298314416,A2,APOE2
LPG 18:1(M-H)_14.19,LPG,abundance_mean,2542579.69088222,316039.0004016243,A2,APOE2
LPG 20:4(M-H)_9.36,LPG,abundance_mean,746659.8307151085,69309.11071147122,A2,APOE2
LPG 22:6(M-H)_9.36,LPG,abundance_mean,987121.8057538582,175288.9691955895,A2,APOE2
LPG O-20:1(M-H)_20.17,EtherLPG,abundance_mean,2209929.1443415754,237418.3539509648,A2,APOE2
LPI 15:0(M-H)_6.82,LPI,abundance_mean,8515638.393297892,453932.4820883904,A2,APOE2
LPI 16:0(M-H)_10.25,LPI,abundance_mean,2496663.3298212043,237981.93681171504,A2,APOE2
LPI 18:0(M-H)_17.62,LPI,abundance_mean,14271633.091241436,1189544.0313311818,A2,APOE2
LPI 20:4(M-H)_6.83,LPI,abundance_mean,23896921.8148512,2747519.8900723816,A2,APOE2
LPI 22:6(M-H)_6.95,LPI,abundance_mean,3468968.7313459325,490613.1882229984,A2,APOE2
LPS 15:0(M-H)_6.95,LPS,abundance_mean,3305062.5469609858,174679.12101820274,A2,APOE2
LPS 18:0(M-H)_17.75,LPS,abundance_mean,24618248.984021235,1604764.515509282,A2,APOE2
LPS 18:1(M-H)_11.26,LPS,abundance_mean,10591153.572051998,823136.0830759265,A2,APOE2
LPS 18:1(M-H)_13.43,LPS,abundance_mean,6458152.983894603,531114.6215435881,A2,APOE2
LPS 20:4(M-H)_7.08,LPS,abundance_mean,2584713.915433196,173443.95643888492,A2,APOE2
LPS 22:4(M-H)_13.18,LPS,abundance_mean,1989833.726980652,133099.02235342638,A2,APOE2
LPS 22:4(M-H)_14.57,LPS,abundance_mean,14977687.290629975,6743802.208847506,A2,APOE2
LPS 22:6(M-H)_7.08,LPS,abundance_mean,34324198.18430732,3906914.9836090743,A2,APOE2
MG 38:1(M+NH4)_38.98,MG,abundance_mean,2137042.002290293,443315.95869064046,A2,APOE2
MGDG 36:1|MGDG 16:0_20:1(M+NH4)_36.82,MGDG,abundance_mean,25552672.344672557,1790276.4019917275,A2,APOE2
MMPE 42:2|MMPE 20:1_22:1(M-H)_37.19,MMPE,abundance_mean,6256175.699220823,550369.8920786363,A2,APOE2
NAE 16:0(M+H)_19.66,NAE,abundance_mean,5090480.512119862,381317.4603352967,A2,APOE2
NAE 18:0(M+H)_22.83,NAE,abundance_mean,3891278.0027295686,692478.7044706794,A2,APOE2
NAE 18:1(M+H)_20.16,NAE,abundance_mean,2703348.9448518897,326195.39951857243,A2,APOE2
NAE 26:5(M+H)_22.33,NAE,abundance_mean,2339068.4345592204,468543.04862873297,A2,APOE2
PA 33:1(d7)|PA 15:0_18:1(d7)(M-H)_33.5,PA,abundance_mean,7011573.539786224,467339.7907532101,A2,APOE2
PA 33:1(d7)|PA 15:0_18:1(d7)(M-H)_35.55,PA,abundance_mean,4868258.610820631,279409.23151070427,A2,APOE2
PA 33:1(d7)|PA 15:0_18:1(d7)(M-H)_41.65,PA,abundance_mean,3026925.404905286,229152.1208463109,A2,APOE2
PC 22:0(M+H)_22.96,PC,abundance_mean,1395980.2308170744,433882.2562225305,A2,APOE2
PC 23:0(M+H)_23.47,PC,abundance_mean,720292.8347849005,249888.92527568148,A2,APOE2
PC 30:0|PC 14:0_16:0(M+H)_31.98,PC,abundance_mean,102703157.56761254,16507223.068945847,A2,APOE2
PC 31:0|PC 15:0_16:0(M+H)_33.12,PC,abundance_mean,55160886.308125794,5812862.16343021,A2,APOE2
PC 31:2(M+H)_33.12,PC,abundance_mean,8950673.526620062,1153615.062512608,A2,APOE2
PC 32:0|PC 16:0_16:0(M+H)_34.14,PC,abundance_mean,716681324.9969018,115209474.5788455,A2,APOE2
PC 32:1|PC 16:0_16:1(M+H)_32.24,PC,abundance_mean,329092019.7317453,51177051.31869237,A2,APOE2
PC 32:2(M+H)_30.34,PC,abundance_mean,3627084.38773904,510785.8170179302,A2,APOE2
PC 33:0|PC 16:0_17:0(M+H)_35.16,PC,abundance_mean,66988186.28393098,4151634.3460237794,A2,APOE2
PC 33:1(d7)|PC 15:0_18:1(d7)(M+H)_33.25,PC,abundance_mean,102077319.385219,10493039.505930573,A2,APOE2
PC 33:1|PC 16:0_17:1(M+H)_33.38,PC,abundance_mean,39948947.34106026,6013119.274017486,A2,APOE2
PC 34:0|PC 16:0_18:0(M+H)_36.17,PC,abundance_mean,677651711.2113944,57468438.02963003,A2,APOE2
PC 34:1(M+H)_34.4,PC,abundance_mean,1062026664.3288878,150663636.954565,A2,APOE2
PC 34:2|PC 16:1_18:1(M+H)_32.74,PC,abundance_mean,274388317.4983518,28126907.39855019,A2,APOE2
PC 34:3(M+H)_30.59,PC,abundance_mean,42710669.05388303,4220615.346500331,A2,APOE2
PC 34:4(M+H)_30.48,PC,abundance_mean,3234029.380565709,602411.7400578888,A2,APOE2
PC 35:0|PC 16:0_19:0(M+H)_36.69,PC,abundance_mean,8767437.696560774,1230614.1938396876,A2,APOE2
PC 35:1|PC 17:0_18:1(M+H)_35.29,PC,abundance_mean,108160184.35157084,10139556.411195071,A2,APOE2
PC 35:2(M+H)_33.63,PC,abundance_mean,17564116.246617284,4870522.588029093,A2,APOE2
PC 36:1|PC 9:0_27:1(M+H)_36.3,PC,abundance_mean,1122960160.0022123,120424040.578173,A2,APOE2
PC 36:2|PC 18:1_18:1(M+H)_34.65,PC,abundance_mean,281560444.8794773,31162750.52268397,A2,APOE2
PC 36:3(M+H)_32.49,PC,abundance_mean,301824349.4245047,64440523.87501684,A2,APOE2
PC 36:4|PC 18:2_18:2(M+H)_32.36,PC,abundance_mean,723095613.072488,98807309.77189502,A2,APOE2
PC 36:6(M+H)_29.44,PC,abundance_mean,1572529.8512207996,413460.30499900016,A2,APOE2
PC 37:4|PC 17:0_20:4(M+H)_33.51,PC,abundance_mean,8575538.786782768,3359614.9368566964,A2,APOE2
PC 38:1(M+H)_37.2,PC,abundance_mean,123394703.32305044,10774936.293365486,A2,APOE2
PC 38:2|PC 18:1_20:1(M+H)_36.31,PC,abundance_mean,73540897.37377386,11230558.208176736,A2,APOE2
PC 38:3|PC 18:0_20:3(M+H)_35.28,PC,abundance_mean,126235275.1378246,20969028.482569423,A2,APOE2
PC 38:4|PC 16:0_22:4(M+H)_34.64,PC,abundance_mean,303040761.3543244,43940028.81488836,A2,APOE2
PC 38:5|PC 18:0_20:5(M+H)_32.61,PC,abundance_mean,442033487.23076105,87603032.31173868,A2,APOE2
PC 38:6(M+H)_31.74,PC,abundance_mean,785773165.1683737,112200227.59694272,A2,APOE2
PC 38:7|PC 16:1_22:6(M+H)_29.81,PC,abundance_mean,8365454.106040911,1960812.8066733896,A2,APOE2
PC 38:7|PC 18:3_20:4(M+H)_32.36,PC,abundance_mean,9282030.176398996,2248722.611800223,A2,APOE2
PC 39:6|PC 17:0_22:6(M+H)_32.87,PC,abundance_mean,13908320.717581073,1865869.8388205976,A2,APOE2
PC 40:1(M+H)_37.96,PC,abundance_mean,35263712.385803446,2163398.5553816976,A2,APOE2
PC 40:2|PC 20:1_20:1(M+H)_37.2,PC,abundance_mean,26142389.584231604,1394087.221047777,A2,APOE2
PC 40:4(M+H)_35.91,PC,abundance_mean,119074030.65739676,16258027.493088515,A2,APOE2
PC 40:6(M+Na)_33.99,PC,abundance_mean,3855921.825032897,1226611.457472513,A2,APOE2
PC 40:6|PC 18:0_22:6(M+H)_33.89,PC,abundance_mean,483867486.3120179,69131766.84875885,A2,APOE2
PC 40:7(M+Na)_31.98,PC,abundance_mean,766599.4655018105,168895.22340376026,A2,APOE2
PC 40:7|PC 18:1_22:6(M+H)_31.98,PC,abundance_mean,169287207.69790825,28931704.266526133,A2,APOE2
PC 40:8|PC 18:2_22:6(M+H)_30.21,PC,abundance_mean,53567478.32307548,4584793.460461302,A2,APOE2
PC 40:9|PC 18:3_22:6(M+H)_31.86,PC,abundance_mean,8340684.698728739,1676597.3182443343,A2,APOE2
PC 41:1(M+H)_38.24,PC,abundance_mean,16418263.57065005,1006176.4126966865,A2,APOE2
PC 42:10(M+H)_29.7,PC,abundance_mean,46207744.38635664,11385885.8892799,A2,APOE2
PC 42:1|PC 24:0_18:1(M+H)_38.47,PC,abundance_mean,29816300.45020473,2621517.1713284827,A2,APOE2
PC 42:2|PC 18:1_24:1(M+H)_37.96,PC,abundance_mean,28547106.30577557,2039487.894266761,A2,APOE2
PC 42:4(M+H)_36.94,PC,abundance_mean,8614526.692509232,1266989.2909403003,A2,APOE2
PC 42:7(M+H)_33.89,PC,abundance_mean,10363360.569124024,1388582.0773872926,A2,APOE2
PC 42:7(M+H)_35.91,PC,abundance_mean,713346.9963778455,205379.69232495865,A2,APOE2
PC 42:9(M+H)_30.84,PC,abundance_mean,8445480.575560661,3433594.6796737933,A2,APOE2
PC 43:1(M+H)_38.72,PC,abundance_mean,3755244.818828185,266063.4681678526,A2,APOE2
PC 44:10(M+H)_31.47,PC,abundance_mean,43720383.924942,14434381.496840203,A2,APOE2
PC 44:12|PC 22:6_22:6(M+H)_29.19,PC,abundance_mean,43916719.51003804,10606942.566119714,A2,APOE2
PC 52:4(M+H)_39.35,PC,abundance_mean,4336218.681749372,818647.0714376346,A2,APOE2
PC 52:5(M+H)_38.98,PC,abundance_mean,2909072.9741107067,441539.008281365,A2,APOE2
PC 54:6(M+H)_39.1,PC,abundance_mean,4444630.271059858,886893.588355206,A2,APOE2
PC O-32:0|PC O-16:0_16:0(M+H)_35.54,EtherPC,abundance_mean,72109554.44859162,9922535.563144768,A2,APOE2
PC O-34:0|PC O-18:0_16:0(M+H)_36.94,EtherPC,abundance_mean,73046931.2402639,6194792.639857021,A2,APOE2
PC O-34:1|PC O-18:1_16:0(M+H)_35.54,EtherPC,abundance_mean,173534537.04309985,20053258.74831064,A2,APOE2
PC O-34:2|PC O-15:2_19:0(M+H)_34.52,EtherPC,abundance_mean,3361166.154093493,596192.1436572504,A2,APOE2
PC O-35:4|PC O-13:0_22:4(M+H)_35.8,EtherPC,abundance_mean,12042762.171702478,1676049.1353504471,A2,APOE2
PC O-36:4|PC O-16:0_20:4(M+H)_33.76,EtherPC,abundance_mean,17006306.99276654,2532803.399934606,A2,APOE2
PC O-37:5(M+H)_35.8,EtherPC,abundance_mean,18714936.18766244,2548509.7419978594,A2,APOE2
PC O-38:1(M+H)_37.58,EtherPC,abundance_mean,41570136.31231213,2328808.663472771,A2,APOE2
PC O-38:6|PC O-16:0_22:6(M+H)_33.12,EtherPC,abundance_mean,10513293.146521872,1708496.131289479,A2,APOE2
PC O-40:11(M+H)_16.6,EtherPC,abundance_mean,940623.4948056716,176136.43236413764,A2,APOE2
PC O-40:1|PC O-15:1_25:0(M+H)_38.09,EtherPC,abundance_mean,53202646.130139805,3202231.2471574047,A2,APOE2
PC O-41:5(M+H)_37.82,EtherPC,abundance_mean,14456130.692271767,2218514.2207833184,A2,APOE2
PE 21:0(M+H)_22.58,PE,abundance_mean,654027.4865321703,199730.8023959028,A2,APOE2
PE 32:0|PE 16:0_16:0(M+H)_34.78,PE,abundance_mean,1569444.39445309,413902.54070281686,A2,APOE2
PE 33:1(d7)|PE 15:0_18:1(d7)(M+H)_33.76,PE,abundance_mean,125227804.91396546,11702461.73317819,A2,APOE2
PE 33:1(d7)|PE 15:0_18:1(d7)(M-H)_33.77,PE,abundance_mean,29313630.875381656,1807816.279655759,A2,APOE2
PE 34:0|PE 16:0_18:0(M-H)_36.57,PE,abundance_mean,5609409.906811272,1217371.4252512546,A2,APOE2
PE 34:1|PE 16:0_18:1(M+H)_34.9,PE,abundance_mean,73710459.61841695,10236242.932875792,A2,APOE2
PE 34:1|PE 16:0_18:1(M-H)_34.91,PE,abundance_mean,25221980.964546926,2948133.846589589,A2,APOE2
PE 36:1|PE 18:0_18:1(M+H)_36.56,PE,abundance_mean,123725242.26056509,11494118.336832777,A2,APOE2
PE 36:1|PE 18:0_18:1(M-H)_36.57,PE,abundance_mean,43173964.27041384,3666186.775622522,A2,APOE2
PE 36:2|PE 18:1_18:1(M+H)_35.03,PE,abundance_mean,73110092.92221536,8794552.073949318,A2,APOE2
PE 36:2|PE 18:1_18:1(M-H)_35.04,PE,abundance_mean,21696093.15503686,2153324.6421168232,A2,APOE2
PE 36:3|PE 18:1_18:2(M-H)_33.14,PE,abundance_mean,7257814.475344092,1094253.0909358729,A2,APOE2
PE 36:4|PE 16:0_20:4(M+H)_32.99,PE,abundance_mean,75283874.46242186,11140200.94418274,A2,APOE2
PE 36:4|PE 16:0_20:4(M-H)_32.88,PE,abundance_mean,18408286.56581219,2027851.861771994,A2,APOE2
PE 36:5(M+H)_30.97,PE,abundance_mean,2109231.397974262,359475.3427847608,A2,APOE2
PE 38:1|PE 18:0_20:1(M-H)_37.46,PE,abundance_mean,2286915.574266743,369652.6978716506,A2,APOE2
PE 38:2|PE 18:1_20:1(M-H)_36.57,PE,abundance_mean,7557465.74274175,1234136.927252183,A2,APOE2
PE 38:4|PE 18:0_20:4(M+H)_35.03,PE,abundance_mean,287916237.354818,39075436.9751493,A2,APOE2
PE 38:4|PE 18:0_20:4(M-H)_35.04,PE,abundance_mean,92288938.05059338,8719618.023337457,A2,APOE2
PE 38:5|PE 18:1_20:4(M+H)_33.12,PE,abundance_mean,92368704.15683104,12580079.671736572,A2,APOE2
PE 38:5|PE 18:1_20:4(M-H)_33.13,PE,abundance_mean,55894093.64741872,9054259.577633357,A2,APOE2
PE 38:6|PE 16:0_22:6(M+H)_32.36,PE,abundance_mean,165444712.6239481,28316870.246202663,A2,APOE2
PE 38:6|PE 16:0_22:6(M-H)_32.37,PE,abundance_mean,108064510.53614144,12532041.793155082,A2,APOE2
PE 38:7|PE 16:1_22:6(M+H)_30.35,PE,abundance_mean,1398813.9558137942,291954.99900740915,A2,APOE2
PE 39:6(M+H)_33.51,PE,abundance_mean,8106696.00413388,1158717.3931062468,A2,APOE2
PE 40:1|PE 18:0_22:1(M-H)_36.69,PE,abundance_mean,4241360.350177308,341538.9732327559,A2,APOE2
PE 40:4|PE 18:0_22:4(M+H)_36.3,PE,abundance_mean,44893481.42256749,5747160.419946955,A2,APOE2
PE 40:4|PE 18:0_22:4(M-H)_36.31,PE,abundance_mean,25475513.03308767,1904147.0352704555,A2,APOE2
PE 40:6|PE 18:0_22:6(M+H)_34.63,PE,abundance_mean,266833433.73266563,41322288.96791984,A2,APOE2
PE 40:6|PE 18:0_22:6(M-H)_34.53,PE,abundance_mean,101034700.09071024,10118752.395932095,A2,APOE2
PE 40:7(M+H)_32.5,PE,abundance_mean,48279901.37216456,8813317.003005678,A2,APOE2
PE 40:7|PE 18:1_22:6(M-H)_32.62,PE,abundance_mean,15056995.13669607,1133126.952151091,A2,APOE2
PE 44:10(M+H)_32.09,PE,abundance_mean,28137410.90883044,8224849.062533542,A2,APOE2
PE 44:12|PE 22:6_22:6(M+H)_29.7,PE,abundance_mean,6844967.54642967,1647405.4322312009,A2,APOE2
PE 44:12|PE 22:6_22:6(M-H)_29.7,PE,abundance_mean,2190910.8326900518,329147.49265107914,A2,APOE2
PE O-34:1(M+H)_36.05,EtherPE,abundance_mean,4110885.6144661335,591000.8763277428,A2,APOE2
PE O-34:1|PE O-18:1_16:0(M-H)_36.06,EtherPE,abundance_mean,3953088.161765825,445214.1461892465,A2,APOE2
PE O-36:2|PE O-18:1_18:1(M-H)_37.2,EtherPE,abundance_mean,1420056.8910795895,152072.644541598,A2,APOE2
PE O-37:3|PE O-22:3_15:0(M-H)_30.59,EtherPE,abundance_mean,56520345.89169381,3161211.5034544696,A2,APOE2
PE O-38:4|PE O-16:0_22:4(M-H)_35.8,EtherPE,abundance_mean,4859204.151252243,489954.60902178986,A2,APOE2
PE O-38:6|PE O-16:0_22:6(M-H)_33.77,EtherPE,abundance_mean,7698875.815636797,892429.441083236,A2,APOE2
PE O-40:4|PE O-18:0_22:4(M-H)_37.08,EtherPE,abundance_mean,6775989.95890352,634993.7445887399,A2,APOE2
PE O-40:6|PE O-18:0_22:6(M-H)_35.8,EtherPE,abundance_mean,9023558.244416056,1498045.1156883668,A2,APOE2
PE O-40:7|PE O-18:1_22:6(M-H)_35.53,EtherPE,abundance_mean,2597569.205622276,249875.35163564415,A2,APOE2
PE P-38:5|PE P-18:1_20:4(M+H)_33.76,EtherPE,abundance_mean,30554199.549208675,5087162.232133103,A2,APOE2
PE P-40:5(M+H)_35.8,EtherPE,abundance_mean,31425794.350484826,4687855.315031686,A2,APOE2
PG 32:0|PG 16:0_16:0(M-H)_31.61,PG,abundance_mean,946951.294784229,165221.4344509905,A2,APOE2
PG 33:1(d7)|PG 15:0_18:1(d7)(M+NH4)_30.59,PG,abundance_mean,41156037.54863726,13297518.61174701,A2,APOE2
PG 34:1|PG 16:0_18:1(M-H)_31.73,PG,abundance_mean,2946567.025600512,442532.6527121718,A2,APOE2
PG 38:2|PG 18:1_20:1(M-H)_35.67,PG,abundance_mean,2980155.7918916377,295668.9969357633,A2,APOE2
PG 44:12|PG 22:6_22:6(M-H)_25.5,PG,abundance_mean,925342.3532435412,150902.29232566993,A2,APOE2
PI 32:0|PI 16:0_16:0(M-H)_31.24,PI,abundance_mean,1455631.8736609728,162299.14653081988,A2,APOE2
PI 33:1(d7)|PI 15:0_18:1(d7)(M+NH4)_30.2,PI,abundance_mean,41062345.53988815,3612453.675409069,A2,APOE2
PI 33:1(d7)|PI 15:0_18:1(d7)(M-H)_30.21,PI,abundance_mean,63943711.7184554,3496172.605433217,A2,APOE2
PI 33:1(d7)|PI 15:0_18:1(d7)(M-H)_33.26,PI,abundance_mean,12426046.390215378,1034495.3724599028,A2,APOE2
PI 36:4(M+NH4)_29.44,PI,abundance_mean,13607381.763549471,2571516.740728703,A2,APOE2
PI 36:4|PI 16:0_20:4(M-H)_29.32,PI,abundance_mean,14145192.239977676,1941874.6423517608,A2,APOE2
PI 38:4(M+NH4)_31.6,PI,abundance_mean,51959873.98298942,7534384.364594173,A2,APOE2
PI 38:4|PI 18:0_20:4(M-H)_31.61,PI,abundance_mean,39286051.58465739,4031171.21203244,A2,APOE2
PI 38:5(M+NH4)_29.57,PI,abundance_mean,12710197.87130419,2444132.7480209097,A2,APOE2
PI 38:5|PI 18:1_20:4(M-H)_29.57,PI,abundance_mean,12074979.463444823,2088287.1983666436,A2,APOE2
PI 38:6(M+NH4)_28.82,PI,abundance_mean,2610785.0998952603,565035.5791789963,A2,APOE2
PI 40:6(M+NH4)_31.09,PI,abundance_mean,6971883.634804008,1426171.8688822717,A2,APOE2
PI 40:6|PI 18:0_22:6(M-H)_31.1,PI,abundance_mean,5554860.080093755,903578.594037684,A2,APOE2
PS 33:1(d7)|PS 15:0_18:1(d7)(M-H)_30.57,PS,abundance_mean,25696243.44771632,1203666.2352183517,A2,APOE2
PS 34:1(M+H)_31.73,PS,abundance_mean,9405443.897041043,1399516.2626082462,A2,APOE2
PS 36:0;O3|PS 18:0_18:0;O3(M-H)_32.12,OxPS,abundance_mean,8471515.341032658,1474970.0009191204,A2,APOE2
PS 36:1|PS 18:0_18:1(M+H)_33.76,PS,abundance_mean,79341302.08244821,6634461.663558708,A2,APOE2
PS 36:1|PS 18:0_18:1(M-H)_33.77,PS,abundance_mean,36328425.53773097,5657741.414359315,A2,APOE2
PS 36:2|PS 18:1_18:1(M+H)_31.98,PS,abundance_mean,50674160.79878628,5873735.625785162,A2,APOE2
PS 36:2|PS 18:1_18:1(M-H)_32.12,PS,abundance_mean,26701743.120277856,2695823.134218815,A2,APOE2
PS 38:4(M+H)_31.99,PS,abundance_mean,20730298.048242927,2704313.9875380206,A2,APOE2
PS 38:4|PS 18:0_20:4(M-H)_32.24,PS,abundance_mean,15625928.040920973,1225610.6426146002,A2,APOE2
PS 38:5(M+H)_29.95,PS,abundance_mean,5487238.135845634,725429.39554539,A2,APOE2
PS 38:5;O3|PS 18:0_20:5;O3(M-H)_31.35,OxPS,abundance_mean,3987046.7085973984,345196.9128196808,A2,APOE2
PS 38:6(M+H)_29.06,PS,abundance_mean,4166990.924693701,913132.4632560164,A2,APOE2
PS 38:6|PS 16:0_22:6(M-H)_29.19,PS,abundance_mean,1983853.2585949048,457283.4310753843,A2,APOE2
PS 40:4|PS 18:0_22:4(M+H)_33.5,PS,abundance_mean,47918524.22259394,9034284.20319586,A2,APOE2
PS 40:4|PS 18:0_22:4(M-H)_33.38,PS,abundance_mean,30662859.734770417,6796803.686581512,A2,APOE2
PS 40:6(M+Na)_31.34,PS,abundance_mean,9638772.281022262,1217121.5438458696,A2,APOE2
PS 40:6|PS 18:0_22:6(M+H)_31.35,PS,abundance_mean,341573255.8256592,58605315.1288284,A2,APOE2
PS 40:6|PS 18:0_22:6(M-H)_31.35,PS,abundance_mean,98097102.04952832,11684680.136516532,A2,APOE2
PS 40:6|PS 18:0_22:6(M-H)_35.17,PS,abundance_mean,7953258.831091364,770285.3783160186,A2,APOE2
PS 40:7(M+H)_29.32,PS,abundance_mean,9192368.051008532,1710993.2060512195,A2,APOE2
PS 40:7|PS 18:1_22:6(M-H)_29.32,PS,abundance_mean,3179171.4622863093,504875.5833805548,A2,APOE2
PS 42:10|PS 20:4_22:6(M-H)_27.15,PS,abundance_mean,650840.03743912,114515.29498775752,A2,APOE2
PS 42:11;O3|PS 22:6_20:5;O3(M-H)_26.52,OxPS,abundance_mean,575466.7583208877,108191.24009307624,A2,APOE2
PS 44:10|PS 22:4_22:6(M+H)_28.81,PS,abundance_mean,6706850.604595997,1475852.3773038697,A2,APOE2
PS 44:12|PS 22:6_22:6(M+H)_26.51,PS,abundance_mean,4109648.5577807664,1027128.0951611146,A2,APOE2
PS 44:12|PS 22:6_22:6(M-H)_26.52,PS,abundance_mean,2913981.837591178,591160.0735845246,A2,APOE2
SM 30:5;O3(M+H)_21.68,SM,abundance_mean,13972079.177935457,3486224.603128915,A2,APOE2
SM 34:1;O2|SM 18:1;O2/16:0(M+H)_32.11,SM,abundance_mean,87763813.26191731,11192031.175073314,A2,APOE2
SM 34:1;O3(M+H)_31.22,SM,abundance_mean,2016718.9619942256,313747.52064073546,A2,APOE2
SM 34:2;O2(M+H)_30.08,SM,abundance_mean,3294352.1582045867,475887.7210049512,A2,APOE2
SM 35:1;O2(M+H)_33.25,SM,abundance_mean,10575053.5271171,839525.5179023363,A2,APOE2
SM 36:0;O3(M+H)_36.94,SM,abundance_mean,46570597.10643445,5476406.584703551,A2,APOE2
SM 36:1;O2|SM 18:1;O2/18:0(M+H)_34.4,SM,abundance_mean,164609547.01266828,18959682.63652909,A2,APOE2
SM 36:2;O2(M+H)_32.49,SM,abundance_mean,80084477.40051325,12314645.75346355,A2,APOE2
SM 37:4;O3(M+H)_30.58,SM,abundance_mean,94935331.65777986,8943404.027282922,A2,APOE2
SM 38:1;O2|SM 20:1;O2/18:0(M+H)_36.3,SM,abundance_mean,47320402.64454146,4830096.841876681,A2,APOE2
SM 40:1;O2|SM 18:1;O2/22:0(M+H)_37.45,SM,abundance_mean,51265439.28747205,3849257.275054953,A2,APOE2
SM 40:2;O2(M+H)_36.43,SM,abundance_mean,10494073.501394885,1063129.9323526567,A2,APOE2
SM 40:7;O2(M+H)_27.67,SM,abundance_mean,3180382.5272485325,500254.902654439,A2,APOE2
SM 42:2;O2|SM 18:1;O2/24:1(M+H)_37.32,SM,abundance_mean,229943564.89895397,14231818.319194697,A2,APOE2
SM 42:3;O2|SM 18:1;O2/24:2(M+H)_36.43,SM,abundance_mean,9929551.22989032,887532.107096518,A2,APOE2
SM 43:4;O2(M+H)_24.36,SM,abundance_mean,456554.9992513129,250500.56023399145,A2,APOE2
ST 27:1;O(M+H-[H2O])_32.24,ST,abundance_mean,21669461.86924204,2830048.3845680514,A2,APOE2
ST 27:2;O(M+H)_31.1,ST,abundance_mean,25222650.45854179,4518616.11668422,A2,APOE2
ST 27:2;O(M+H-[H2O])_28.3,ST,abundance_mean,9880984.302142212,1912589.3238101893,A2,APOE2
TG 48:0|TG 16:0_16:0_16:0(M+NH4)_40.75,TG,abundance_mean,7893509.433015292,1617273.6314867695,A2,APOE2
TG 48:1(d7)|TG 15:0_18:1(d7)_15:0(M+NH4)_40.24,TG,abundance_mean,40316321.52784954,3573756.876077359,A2,APOE2
TG 48:2|TG 16:0_16:1_16:1(M+NH4)_39.76,TG,abundance_mean,7280805.937710798,1203385.0123530745,A2,APOE2
TG 50:0|TG 16:0_16:0_18:0(M+NH4)_41.26,TG,abundance_mean,16773364.578745168,4204706.008590807,A2,APOE2
TG 50:1|TG 16:0_16:0_18:1(M+NH4)_40.63,TG,abundance_mean,32499701.733221803,7483778.396691787,A2,APOE2
TG 50:2|TG 16:0_16:1_18:1(M+NH4)_40.24,TG,abundance_mean,40422475.84680551,8670844.3293182,A2,APOE2
TG 50:3|TG 16:0_16:1_18:2(M+NH4)_39.86,TG,abundance_mean,27360333.31068716,5847728.256325505,A2,APOE2
TG 50:4|TG 16:1_16:1_18:2(M+NH4)_39.48,TG,abundance_mean,8815898.514361998,1964271.6232488656,A2,APOE2
TG 52:0|TG 16:0_18:0_18:0(M+NH4)_41.89,TG,abundance_mean,7027501.575195292,1637317.5447520122,A2,APOE2
TG 52:1|TG 16:0_18:0_18:1(M+NH4)_41.26,TG,abundance_mean,36134408.928889655,11564492.284804383,A2,APOE2
TG 52:2|TG 16:0_18:1_18:1(M+NH4)_40.63,TG,abundance_mean,74346328.32399054,18977859.199567378,A2,APOE2
TG 52:3|TG 16:0_18:1_18:2(M+NH4)_40.24,TG,abundance_mean,128504542.03365809,29851972.292010773,A2,APOE2
TG 52:4|TG 16:1_18:1_18:2(M+NH4)_39.86,TG,abundance_mean,80602828.60580944,19949560.34990001,A2,APOE2
TG 52:5|TG 16:1_18:2_18:2(M+NH4)_39.5,TG,abundance_mean,28100611.669281688,7391000.42071468,A2,APOE2
TG 54:0|TG 18:0_18:0_18:0(M+NH4)_42.53,TG,abundance_mean,2636026.989252839,532908.3203574655,A2,APOE2
TG 54:1|TG 16:0_18:0_20:1(M+NH4)_41.78,TG,abundance_mean,10480124.25709565,2243325.5273482227,A2,APOE2
TG 54:2|TG 18:0_18:1_18:1(M+NH4)_40.74,TG,abundance_mean,19192574.027434792,4477265.427959889,A2,APOE2
TG 54:3|TG 18:1_18:1_18:1(M+NH4)_40.62,TG,abundance_mean,60656932.69948746,14022148.021775777,A2,APOE2
TG 54:4|TG 18:1_18:1_18:2(M+NH4)_40.24,TG,abundance_mean,105453725.1575584,26284133.871497747,A2,APOE2
TG 54:6|TG 18:1_18:2_18:3(M+NH4)_39.86,TG,abundance_mean,51229587.22537595,15123602.202331789,A2,APOE2
TG 60:12|TG 16:0_22:6_22:6(M+NH4)_39.35,TG,abundance_mean,6097677.675992003,1343463.9474663862,A2,APOE2
TG O-50:0|TG O-18:0_16:0_16:0(M+NH4)_42.28,EtherTG,abundance_mean,1474037.4779253765,272291.03751435445,A2,APOE2
TG O-50:2|TG O-16:0_16:0_18:2(M+NH4)_41.12,EtherTG,abundance_mean,3985967.860579018,1092335.462770427,A2,APOE2
TG O-52:1|TG O-18:0_16:0_18:1(M+NH4)_42.16,EtherTG,abundance_mean,4862945.940699921,1220485.1304019643,A2,APOE2
TG O-52:2|TG O-18:0_16:0_18:2(M+NH4)_41.64,EtherTG,abundance_mean,7900639.873319855,2729669.854808191,A2,APOE2
TG O-52:3|TG O-16:0_18:1_18:2(M+NH4)_41.01,EtherTG,abundance_mean,3570256.9353203285,942843.4184379756,A2,APOE2
TG O-54:2|TG O-20:0_16:0_18:2(M+NH4)_42.28,EtherTG,abundance_mean,7087973.053174538,2606662.680011107,A2,APOE2
TG O-54:3|TG O-18:0_18:1_18:2(M+NH4)_41.64,EtherTG,abundance_mean,4649513.016744834,974213.7938953292,A2,APOE2
TG O-54:4|TG O-18:0_18:2_18:2(M+NH4)_41.13,EtherTG,abundance_mean,2071550.3482067247,605071.2064310117,A2,APOE2
TG O-56:3|TG O-20:0_18:1_18:2(M+NH4)_42.16,EtherTG,abundance_mean,2042515.39062816,610122.8008798758,A2,APOE2
25-hydroxycholecalciferol(M+H)_24.36,Vitamin_D,abundance_mean,70279490.9841516,14489274.724735636,A3,APOE3
AHexCer 46:1;O3|AHexCer (O-15:0)31:1;O3(M+H-[H2O])_39.35,AHexCer,abundance_mean,23669798.62226868,4677818.927585438,A3,APOE3
AHexCer 55:6;O3|AHexCer (O-18:1)37:5;O3(M+H-[H2O])_39.74,AHexCer,abundance_mean,1912759.9843358211,468571.95253268274,A3,APOE3
AHexCer 56:1;O3|AHexCer (O-16:0)40:1;O3(M+H-[H2O])_39.48,AHexCer,abundance_mean,2100086.996532255,361323.78545903886,A3,APOE3
AHexCer 57:1;O3|AHexCer (O-16:0)18:1;O2/23:0;O(M+H)_39.64,AHexCer,abundance_mean,2080166.5388071164,356904.9249176371,A3,APOE3
AHexCer 58:1;O3|AHexCer (O-16:0)42:1;O3(M+H)_39.86,AHexCer,abundance_mean,6455240.844246318,1116895.795501558,A3,APOE3
AHexCer 58:1;O3|AHexCer (O-17:0)41:1;O3(M+H-[H2O])_39.62,AHexCer,abundance_mean,5373276.54168539,1233184.050245287,A3,APOE3
AHexCer 58:2;O3|AHexCer (O-18:1)40:1;O3(M+H)_39.48,AHexCer,abundance_mean,5268042.510180317,759433.5897754297,A3,APOE3
AHexCer 59:1;O3|AHexCer (O-18:0)41:1;O3(M+H)_39.99,AHexCer,abundance_mean,1666946.0104979018,315054.4115868774,A3,APOE3
AHexCer 59:8;O2|AHexCer (O-15:0)44:8;O2(M+H-[H2O])_39.23,AHexCer,abundance_mean,4279597.846598607,930736.5944989044,A3,APOE3
AHexCer 60:1;O3|AHexCer (O-18:0)42:1;O3(M+H)_40.12,AHexCer,abundance_mean,2767308.911140772,532338.8206413223,A3,APOE3
AHexCer 60:2;O3|AHexCer (O-18:1)18:1;O2/24:0;O(M+H)_39.86,AHexCer,abundance_mean,3534621.11625574,546917.2111309336,A3,APOE3
CAR 16:0(M+H)_16.86,CAR,abundance_mean,8172462.828391802,1197407.3751343037,A3,APOE3
CAR 18:0(M+H)_19.78,CAR,abundance_mean,3474685.995410014,578134.9587085702,A3,APOE3
CE 18:1(d7)(M+NH4)_41.64,CE,abundance_mean,160954238.13081086,19561831.832874965,A3,APOE3
CE 18:3(M+NH4)_40.5,CE,abundance_mean,1318182.3221548842,231296.5929124675,A3,APOE3
CE 20:4(M+NH4)_40.75,CE,abundance_mean,5969839.355197995,1147540.1537376123,A3,APOE3
CE 22:6(M+NH4)_40.4,CE,abundance_mean,18730088.192151017,4548312.522244985,A3,APOE3
CL 70:4|CL 34:2_36:2(M+NH4)_39.1,CL,abundance_mean,1533708.349256239,543574.781716152,A3,APOE3
CL 72:4|CL 18:1_18:1_18:1_18:1(M-H)_39.36,CL,abundance_mean,659028.6451323419,95354.03198137664,A3,APOE3
CL 72:5|CL 18:1_18:1_18:1_18:2(M-H)_39.11,CL,abundance_mean,548269.1215354283,73697.23625932429,A3,APOE3
CL 72:5|CL 36:2_36:3(M+NH4)_39.22,CL,abundance_mean,2543893.9108283427,869178.7719705224,A3,APOE3
CL 72:7|CL 16:1_18:1_18:1_20:4(M-H)_38.85,CL,abundance_mean,472019.6504153927,79319.74585633841,A3,APOE3
CL 74:7|CL 18:1_18:1_18:1_20:4(M-H)_39.11,CL,abundance_mean,671311.5862113257,108380.64304638488,A3,APOE3
CL 74:7|CL 36:2_38:5(M+NH4)_39.1,CL,abundance_mean,2795193.2749720262,1000724.144410177,A3,APOE3
CL 74:8|CL 18:1_18:2_18:1_20:4(M-H)_38.97,CL,abundance_mean,645748.350289833,107214.6901815694,A3,APOE3
CL 76:10|CL 18:1_20:4_18:1_20:4(M-H)_38.85,CL,abundance_mean,655522.30611481,124719.41329432264,A3,APOE3
CL 76:5|CL 39:1_37:4(M-H)_35.04,CL,abundance_mean,1125289.706245314,166224.2236696181,A3,APOE3
CL 76:9|CL 18:1_18:1_18:1_22:6(M-H)_38.98,CL,abundance_mean,669143.6247691135,119262.84902548694,A3,APOE3
CL 76:9|CL 36:2_40:7(M+NH4)_38.98,CL,abundance_mean,2831791.5255087423,1068852.1523880942,A3,APOE3
CL 78:7|CL 41:2_37:5(M-H)_35.04,CL,abundance_mean,2890923.500341811,451392.49906234985,A3,APOE3
CL 79:5(M+NH4)_34.52,CL,abundance_mean,9198314.846578809,1970586.32426135,A3,APOE3
CL 79:6|CL 36:1_43:5(M-H)_34.4,CL,abundance_mean,2041752.3579106464,323113.477669233,A3,APOE3
CL 79:9|CL 38:4_41:5(M-H)_32.37,CL,abundance_mean,1146744.0705025175,213232.360022405,A3,APOE3
CL 80:6|CL 36:1_44:5(M-H)_34.4,CL,abundance_mean,3281820.606721048,600171.0472791315,A3,APOE3
CL 90:18|CL 46:6_44:12(M-H)_30.21,CL,abundance_mean,879531.1296102258,91884.81242799333,A3,APOE3
Cer 36:1;O2|Cer 18:1;O2/18:0(M+H-[H2O])_36.56,Cer_NS,abundance_mean,139983860.2510511,20804622.0134138,A3,APOE3
Cer 36:1;O2|Cer 18:1;O2/18:0(M+H-[H2O])_38.34,Cer_NS,abundance_mean,21435662.90183417,7739464.710977844,A3,APOE3
Cer 36:1;O2|Cer 18:1;O2/18:0(M-H)_36.56,Cer_NS,abundance_mean,2203360.808907174,263514.0031402817,A3,APOE3
Cer 36:2;O2|Cer 18:2;O2/18:0(M+H-[H2O])_34.9,Cer_NS,abundance_mean,15569561.589071557,2316903.714338944,A3,APOE3
Cer 37:1;O4|Cer 18:0;O3/19:1(2OH)(M-H)_36.56,Cer_AP,abundance_mean,127787159.81383169,15742730.831426837,A3,APOE3
Cer 38:1;O2|Cer 20:1;O2/18:0(M+H-[H2O])_37.58,Cer_NS,abundance_mean,11169357.041789353,1785112.2695186292,A3,APOE3
Cer 38:1;O2|Cer 20:1;O2/18:0(M+H-[H2O])_38.85,Cer_NS,abundance_mean,779375.9014686291,653671.1727560177,A3,APOE3
Cer 41:1;O2|Cer 18:1;O2/23:0(M+H)_38.47,Cer_NS,abundance_mean,5526345.714678047,730689.1142309302,A3,APOE3
Cer 41:1;O4|Cer 26:0;O3(FA 15:0)(M-H)_38.22,Cer_EODS,abundance_mean,2483134.525771453,250425.23599033628,A3,APOE3
Cer 42:1;O2|Cer 26:1;O2/16:0(M+Na)_38.98,Cer_NS,abundance_mean,4336349.180579028,516071.15968993807,A3,APOE3
Cer 42:2;O2|Cer 18:1;O2/24:1(M+H)_38.09,Cer_NS,abundance_mean,29326996.78404478,4268727.912684739,A3,APOE3
Cer 42:2;O2|Cer 18:1;O2/24:1(M+H-[H2O])_38.2,Cer_NS,abundance_mean,13497329.626291525,1801970.6434433465,A3,APOE3
Cer 42:2;O2|Cer 18:1;O2/24:1(M+H-[H2O])_39.23,Cer_NS,abundance_mean,6689413.125981437,889302.154073099,A3,APOE3
Cer 56:11;O4|Cer 38:9;O3(FA 18:1)(+C2H3O2-)_38.48,Cer_EOS,abundance_mean,1081909.2110205092,183911.0620200656,A3,APOE3
CoQ10(M+H)_39.35,CoQ,abundance_mean,3100774.076760608,602769.6591557354,A3,APOE3
CoQ9(M+H)_38.85,CoQ,abundance_mean,10231631.41260164,2101819.8000790663,A3,APOE3
DG 18:2(M+Na)_10.61,DG,abundance_mean,4680496.374794808,1562495.335682985,A3,APOE3
DG 18:2(M+Na)_6.94,DG,abundance_mean,3694347.212481035,892550.4768155111,A3,APOE3
DG 19:2(M+Na)_14.69,DG,abundance_mean,1808594.4391846235,601106.5883151379,A3,APOE3
DG 19:2(M+Na)_16.1,DG,abundance_mean,3086487.886770899,685062.597225771,A3,APOE3
DG 20:4(M+Na)_10.88,DG,abundance_mean,2636265.668407841,384893.6097012252,A3,APOE3
DG 20:4(M+Na)_7.45,DG,abundance_mean,3970575.376253105,998389.0710184048,A3,APOE3
DG 21:4(M+Na)_15.33,DG,abundance_mean,4677628.419912936,1294585.9817750214,A3,APOE3
DG 23:2(M+Na)_25.88,DG,abundance_mean,3385822.982760892,682074.276604916,A3,APOE3
DG 28:2(M+Na)_30.08,DG,abundance_mean,41466252.42932737,20811074.958278418,A3,APOE3
DG 30:5(M+Na)_29.95,DG,abundance_mean,4106935.8073159647,2250768.6795428665,A3,APOE3
DG 33:1(d7)|DG 15:0_18:1(d7)(M+NH4)_36.81,DG,abundance_mean,155976850.45783928,21072005.310206678,A3,APOE3
DG 34:0|DG 16:0_18:0(M+NH4)_37.96,DG,abundance_mean,8226427.6671358785,1624922.067151972,A3,APOE3
DG 34:1|DG 16:0_18:1(M+NH4)_37.32,DG,abundance_mean,20953213.84319894,4280062.295991856,A3,APOE3
DG 36:0|DG 18:0_18:0(M+NH4)_38.47,DG,abundance_mean,21517374.17232829,3457524.538441821,A3,APOE3
DG 36:1|DG 18:0_18:1(M+NH4)_37.97,DG,abundance_mean,23265594.849651963,4437568.309753727,A3,APOE3
DG 36:2|DG 18:1_18:1(M+NH4)_37.33,DG,abundance_mean,10302300.25153946,1893102.0339999227,A3,APOE3
DG 36:4|DG 16:0_20:4(M+NH4)_36.06,DG,abundance_mean,9788455.35966938,1541369.992638198,A3,APOE3
DG 38:4|DG 18:0_20:4(M+NH4)_37.32,DG,abundance_mean,158365846.17456365,26836221.49627012,A3,APOE3
DG 38:5|DG 18:1_20:4(M+NH4)_36.29,DG,abundance_mean,10191349.517721424,1693354.319975141,A3,APOE3
DG 38:6(M+Na)_35.54,DG,abundance_mean,3794917.8178809993,1014303.4178329712,A3,APOE3
DG 38:6|DG 16:0_22:6(M+NH4)_35.54,DG,abundance_mean,14541599.132664427,3240443.1176810768,A3,APOE3
DG 40:2(M+Na)_38.6,DG,abundance_mean,31356058.249352768,4846740.90835151,A3,APOE3
DG 40:4|DG 18:0_22:4(M+NH4)_37.83,DG,abundance_mean,6110255.080535706,1033945.3835694124,A3,APOE3
DG 40:6(M+Na)_37.07,DG,abundance_mean,9284638.768093178,2474979.3449566006,A3,APOE3
DG 40:6|DG 18:0_22:6(M+NH4)_37.07,DG,abundance_mean,41878839.960112,8477579.631909288,A3,APOE3
DG 40:7|DG 18:1_22:6(M+NH4)_35.67,DG,abundance_mean,7746200.079220198,1852190.9130498688,A3,APOE3
DG 45:10(M+Na)_35.54,DG,abundance_mean,3736109.873808023,884672.3650139894,A3,APOE3
DG 47:11(M+Na)_35.67,DG,abundance_mean,18077989.568383064,2979711.3347822246,A3,APOE3
DG 47:12(M+Na)_30.46,DG,abundance_mean,4718511.016042087,818898.2845227678,A3,APOE3
DG 51:9(M+Na)_38.85,DG,abundance_mean,2756267.1088764844,528556.9772636453,A3,APOE3
DG 52:1(M+Na)_42.16,DG,abundance_mean,1173398.6401410084,294862.1114214502,A3,APOE3
DG O-37:1|DG O-19:1_18:0(M+NH4)_37.7,EtherDG,abundance_mean,1433347.3333787068,227098.55167764117,A3,APOE3
DLCL 36:3(M-H)_29.32,DLCL,abundance_mean,638936.0531303667,74396.67875025731,A3,APOE3
DLCL 42:1(M-H)_20.42,DLCL,abundance_mean,1415393.3809940864,263919.0074015594,A3,APOE3
DLCL 42:11(M-H)_29.32,DLCL,abundance_mean,637142.6901456513,82873.99401999316,A3,APOE3
DLCL 44:12(M-H)_29.57,DLCL,abundance_mean,684965.1192065643,94230.94158703934,A3,APOE3
Diisodecyl phthalate (also known as the production of plastic)(M+H)_29.19,Others,abundance_mean,5838630.523577903,687527.7512559247,A3,APOE3
Dioctyl phthalate (also known as the production of plastic)(M+H)_24.1,Others,abundance_mean,14418914.636303335,1500414.339710941,A3,APOE3
FA 18:1(M-H)_22.7,FA,abundance_mean,2393730.690107883,441243.9042369365,A3,APOE3
GM3 36:1;O2(M-H)_30.85,GM3,abundance_mean,283036.64998084743,30559.56627106659,A3,APOE3
HexCer 36:1;O2|HexCer 18:1;O2/18:0(M+H)_34.91,HexCer_NS,abundance_mean,16471520.864888584,2030082.1490051472,A3,APOE3
HexCer 38:1;O2(M+H)_36.69,HexCer_NDS,abundance_mean,9747949.435633125,1261169.6387662804,A3,APOE3
HexCer 38:1;O3|HexCer 18:1;O2/20:0;O(M+H)_36.31,HexCer_HS,abundance_mean,15881620.59390299,2037053.1287701584,A3,APOE3
HexCer 40:1;O2(M+H)_37.58,HexCer_NDS,abundance_mean,42284058.42423938,6068731.610516804,A3,APOE3
HexCer 40:1;O3(M+H)_37.33,HexCer_HS,abundance_mean,154117198.4227094,21614104.571618795,A3,APOE3
HexCer 40:1;O3|HexCer 18:1;O2/22:0;O(M-H)_37.44,HexCer_HS,abundance_mean,11815958.625750773,1378473.2933862086,A3,APOE3
HexCer 40:2;O2|HexCer 18:2;O2/22:0(M+H)_37.44,HexCer_NS,abundance_mean,50300608.12369073,6574739.849022337,A3,APOE3
HexCer 41:1;O3(M+H)_37.7,HexCer_HS,abundance_mean,160298265.13596106,29681170.71902216,A3,APOE3
HexCer 41:1;O3|HexCer 21:1;O2/20:0;O(M-H)_37.71,HexCer_HS,abundance_mean,6949678.01680111,800180.9536730751,A3,APOE3
HexCer 41:2;O2|HexCer 18:1;O2/23:1(M+H)_37.7,HexCer_NS,abundance_mean,39375451.23622181,5706462.017010476,A3,APOE3
HexCer 42:1;O2(M+H)_38.09,HexCer_NDS,abundance_mean,107454040.64535049,19013775.56447416,A3,APOE3
HexCer 42:1;O2(M+H-[H2O])_38.21,HexCer_NDS,abundance_mean,13720836.208974171,2393433.8958200966,A3,APOE3
HexCer 42:1;O3(M+H)_37.97,HexCer_HS,abundance_mean,220604461.14133164,32222268.870004464,A3,APOE3
HexCer 42:1;O3|HexCer 18:1;O2/24:0;O(M-H)_38.08,HexCer_HS,abundance_mean,10245116.92588369,1292908.7312802302,A3,APOE3
HexCer 42:2;O2|HexCer 18:1;O2/24:1(M+H)_37.58,HexCer_NS,abundance_mean,310146895.5325307,46398696.84341516,A3,APOE3
HexCer 42:2;O2|HexCer 18:1;O2/24:1(M+H-[H2O])_37.58,HexCer_NS,abundance_mean,25257092.718464237,3215240.555445348,A3,APOE3
HexCer 42:2;O3|HexCer 18:1;O2/24:1;O(M+H)_37.32,HexCer_HS,abundance_mean,117715150.29675874,14212971.445385884,A3,APOE3
HexCer 42:3;O2|HexCer 18:2;O2/24:1(M+H)_37.32,HexCer_NS,abundance_mean,30661019.695752308,4819049.515702092,A3,APOE3
HexCer 43:1;O3|HexCer 18:1;O2/25:0;O(M+H)_38.24,HexCer_HS,abundance_mean,20275048.20387489,3498084.4733161363,A3,APOE3
HexCer 43:1;O3|HexCer 18:1;O2/25:0;O(M+H-[H2O])_37.83,HexCer_HS,abundance_mean,15524757.486966329,2245502.763076932,A3,APOE3
HexCer 43:2;O3|HexCer 18:1;O2/25:1;O(M+H)_37.7,HexCer_HS,abundance_mean,8126105.907891417,1061737.4406009056,A3,APOE3
LPA 19:5(M-H)_17.24,LPA,abundance_mean,9255346.893144406,2477367.593558072,A3,APOE3
LPC 14:0(M+H)_8.21,LPC,abundance_mean,5382080.478112986,665018.6232649654,A3,APOE3
LPC 14:0/0:0(M+H)_9.86,LPC,abundance_mean,314017.1963404934,183388.51962749532,A3,APOE3
LPC 16:0(M+H)_16.35,LPC,abundance_mean,844174480.3044322,88069034.16426714,A3,APOE3
LPC 16:0/0:0(M+H)_17.11,LPC,abundance_mean,581111159.7525632,58774816.81796787,A3,APOE3
LPC 16:1(M+H)_10.88,LPC,abundance_mean,13197878.197543493,1863431.9716711252,A3,APOE3
LPC 16:1(M+H)_12.53,LPC,abundance_mean,2209638.492602906,648842.4085394755,A3,APOE3
LPC 16:1(M+Na)_10.87,LPC,abundance_mean,502486.7830678401,97141.4517277376,A3,APOE3
LPC 17:0/0:0(M+H)_18.76,LPC,abundance_mean,2909917.469088911,755063.8537416324,A3,APOE3
LPC 17:3(M+H)_20.67,LPC,abundance_mean,5125444.853268228,1001535.6519995856,A3,APOE3
LPC 18:0(M+H)_20.29,LPC,abundance_mean,340749981.284995,38351628.08494098,A3,APOE3
LPC 18:2(M+H)_13.93,LPC,abundance_mean,17177704.003269166,1073738.7070005385,A3,APOE3
LPC 18:2(M+H)_15.2,LPC,abundance_mean,11534489.151566315,2222291.1850281977,A3,APOE3
LPC 18:3(M+H)_16.35,LPC,abundance_mean,53804769.34667767,11561029.407015236,A3,APOE3
LPC 18:3/0:0(M+H)_17.11,LPC,abundance_mean,31380409.56980897,7023715.141925725,A3,APOE3
LPC 19:0/0:0(M+H)_21.81,LPC,abundance_mean,851250.5574596685,91152.64740348508,A3,APOE3
LPC 20:0/0:0(M+H)_23.34,LPC,abundance_mean,1689437.2227628513,382682.0138298955,A3,APOE3
LPC 20:1(M+Na)_20.66,LPC,abundance_mean,1956768.5826654525,366556.46290747327,A3,APOE3
LPC 20:3(M+H)_15.97,LPC,abundance_mean,6759489.511828162,2335146.0387025373,A3,APOE3
LPC 20:4(M+H)_14.06,LPC,abundance_mean,231513143.02298197,25206177.99616556,A3,APOE3
LPC 20:5(M+H)_9.86,LPC,abundance_mean,262459.27530031704,75303.90850763765,A3,APOE3
LPC 22:0/0:0(M+H)_26.39,LPC,abundance_mean,1090925.2102964818,132260.90658294756,A3,APOE3
LPC 22:1(M+H)_23.46,LPC,abundance_mean,1541783.9877473789,269412.8950519122,A3,APOE3
LPC 22:4(M+H)_17.49,LPC,abundance_mean,23932328.830537565,3182345.5299666324,A3,APOE3
LPC 22:6(M+H)_13.81,LPC,abundance_mean,218982444.22374865,27533292.960388143,A3,APOE3
LPC 22:6(M+Na)_13.8,LPC,abundance_mean,8555243.439718844,1243485.8292298082,A3,APOE3
LPC 22:6(M+Na)_14.81,LPC,abundance_mean,7401229.740155419,1165561.1630251396,A3,APOE3
LPC 24:1(M+H)_25.76,LPC,abundance_mean,976705.927689263,193317.62189728825,A3,APOE3
LPC 24:4(M+H)_19.65,LPC,abundance_mean,1552340.0945298178,194964.898154518,A3,APOE3
LPC O-16:0(M+H)_18.25,EtherLPC,abundance_mean,8545365.912750533,1028488.9927238316,A3,APOE3
LPE 15:0(M-H)_14.57,LPE,abundance_mean,2149352.597431381,227114.47104028845,A3,APOE3
LPE 16:0(M+H)_16.48,LPE,abundance_mean,24521439.172451477,6207976.419158488,A3,APOE3
LPE 16:0(M-H)_16.48,LPE,abundance_mean,3946345.310201381,563125.0760022902,A3,APOE3
LPE 16:1(M+H)_10.62,LPE,abundance_mean,2581437.975091732,457118.9179291045,A3,APOE3
LPE 16:1(M+H)_12.41,LPE,abundance_mean,332333.1532446554,92995.4089053971,A3,APOE3
LPE 16:1(M-H)_10.63,LPE,abundance_mean,1280412.221550956,148881.17963102963,A3,APOE3
LPE 16:1(M-H)_12.53,LPE,abundance_mean,77921.09804608111,8793.6729846201,A3,APOE3
LPE 18:0(M+H)_20.67,LPE,abundance_mean,55743460.23576409,5952458.460670173,A3,APOE3
LPE 18:0(M-H)_20.68,LPE,abundance_mean,40793332.11315451,5025311.304765175,A3,APOE3
LPE 18:1(M+H)_17.49,LPE,abundance_mean,157351377.68486348,26335695.909560647,A3,APOE3
LPE 18:1(d7)(M-H)_17.37,LPE,abundance_mean,4699336.651760877,618693.0977950265,A3,APOE3
LPE 18:2(M+H)_13.95,LPE,abundance_mean,2131748.9275037204,330106.37339882494,A3,APOE3
LPE 18:2(M-H)_14.06,LPE,abundance_mean,803736.0149554767,70182.06295312595,A3,APOE3
LPE 18:2(M-H)_15.34,LPE,abundance_mean,392165.98231970175,59689.03849209053,A3,APOE3
LPE 19:1(M-H)_19.02,LPE,abundance_mean,747795.8211232714,103832.15450918653,A3,APOE3
LPE 20:0(M+H)_23.21,LPE,abundance_mean,1515836.2256211864,789995.914124752,A3,APOE3
LPE 20:0(M-H)_23.22,LPE,abundance_mean,687603.8893331969,258225.40204230504,A3,APOE3
LPE 20:1(M+H)_20.41,LPE,abundance_mean,81546346.58784735,14265769.223542774,A3,APOE3
LPE 20:2(M+H)_18.5,LPE,abundance_mean,5302369.306067467,1234511.486340815,A3,APOE3
LPE 20:2(M-H)_18.51,LPE,abundance_mean,2216139.316895541,233763.13379824848,A3,APOE3
LPE 20:3(M+H)_16.35,LPE,abundance_mean,5973197.126332225,1380959.7472535828,A3,APOE3
LPE 20:3(M+H)_17.36,LPE,abundance_mean,2022519.278658024,473254.0235024311,A3,APOE3
LPE 20:3(M-H)_16.35,LPE,abundance_mean,2452996.779202383,772906.0588161438,A3,APOE3
LPE 20:4(M+H)_14.19,LPE,abundance_mean,187097379.04386115,29186406.93252519,A3,APOE3
LPE 20:4(M-H)_14.19,LPE,abundance_mean,76277698.04541552,7233140.18052818,A3,APOE3
LPE 20:5(M+H)_9.61,LPE,abundance_mean,882053.8269582577,162641.20043102314,A3,APOE3
LPE 20:5(M-H)_9.74,LPE,abundance_mean,377782.16511806106,45908.9677889962,A3,APOE3
LPE 21:1(M-H)_21.82,LPE,abundance_mean,252110.26696736767,34145.499831550485,A3,APOE3
LPE 22:1(M+H)_23.34,LPE,abundance_mean,3324622.1089400672,671626.3812830409,A3,APOE3
LPE 22:1(M-H)_23.35,LPE,abundance_mean,1391172.247064767,199283.7455696955,A3,APOE3
LPE 22:2(M-H)_21.19,LPE,abundance_mean,755722.9695814869,96141.27264345207,A3,APOE3
LPE 22:3(M-H)_19.64,LPE,abundance_mean,199168.2528309116,105884.17402868829,A3,APOE3
LPE 22:4(M+H)_17.74,LPE,abundance_mean,152135778.75203922,23461958.27777112,A3,APOE3
LPE 22:5(M+H)_15.59,LPE,abundance_mean,9098345.797889631,1738039.5989388512,A3,APOE3
LPE 22:6(M-H)_13.94,LPE,abundance_mean,191239507.06860545,18810231.26512764,A3,APOE3
LPE 23:1(M-H)_24.73,LPE,abundance_mean,182465.1146806455,23108.919911896417,A3,APOE3
LPE 24:1(M+H)_26.26,LPE,abundance_mean,389212.8708683502,72312.23732254647,A3,APOE3
LPE 24:1(M-H)_26.27,LPE,abundance_mean,196104.6374136396,30789.572018891828,A3,APOE3
LPE 24:4(M+H)_20.03,LPE,abundance_mean,4121012.816818556,592319.8904523246,A3,APOE3
LPE 24:4(M-H)_20.04,LPE,abundance_mean,2198004.86284013,247694.41248781173,A3,APOE3
LPE 24:5(M+H)_18.76,LPE,abundance_mean,3352630.416315978,889922.6220085977,A3,APOE3
LPE 24:5(M-H)_18.77,LPE,abundance_mean,1111329.335062204,146878.8115911012,A3,APOE3
LPE 24:6(M+H)_17.24,LPE,abundance_mean,2412294.9207674856,500006.6863519905,A3,APOE3
LPE 24:6(M-H)_17.24,LPE,abundance_mean,1542927.976100613,196627.5509103193,A3,APOE3
LPE O-16:0(M-H)_18.64,EtherLPE,abundance_mean,1871875.430000118,261274.52151961235,A3,APOE3
LPE O-18:0(M+H)_22.07,EtherLPE,abundance_mean,2158106.301527206,235723.62497236583,A3,APOE3
LPE O-18:0(M-H)_22.08,EtherLPE,abundance_mean,1761803.9041070729,229558.22514453388,A3,APOE3
LPE P-18:1(M+H)_20.67,EtherLPE,abundance_mean,2037915.3529129224,211055.01459300157,A3,APOE3
LPG 15:0(M-H)_9.35,LPG,abundance_mean,5417773.980614155,538538.0658468863,A3,APOE3
LPG 16:0(M-H)_14.06,LPG,abundance_mean,963212.1876845042,157820.8734388518,A3,APOE3
LPG 18:1(M-H)_14.19,LPG,abundance_mean,1374213.3082458284,233375.0656559172,A3,APOE3
LPG 20:4(M-H)_9.36,LPG,abundance_mean,293971.81913262367,37637.44684287505,A3,APOE3
LPG 22:6(M-H)_9.36,LPG,abundance_mean,647891.4583477296,186240.88868696557,A3,APOE3
LPG O-20:1(M-H)_20.17,EtherLPG,abundance_mean,1288317.7928940584,220839.2564564017,A3,APOE3
LPI 15:0(M-H)_6.82,LPI,abundance_mean,7228149.249907638,666456.7208911927,A3,APOE3
LPI 16:0(M-H)_10.25,LPI,abundance_mean,1153402.839058555,151749.52100495115,A3,APOE3
LPI 18:0(M-H)_17.62,LPI,abundance_mean,12367323.10449494,1531011.7323868845,A3,APOE3
LPI 20:4(M-H)_6.83,LPI,abundance_mean,18534136.05122352,3106625.1067834683,A3,APOE3
LPI 22:6(M-H)_6.95,LPI,abundance_mean,1898196.4405254005,405059.9458507836,A3,APOE3
LPS 15:0(M-H)_6.95,LPS,abundance_mean,2911619.465520256,259131.87067245936,A3,APOE3
LPS 18:0(M-H)_17.75,LPS,abundance_mean,27456146.012985725,3698760.163787765,A3,APOE3
LPS 18:1(M-H)_11.26,LPS,abundance_mean,8942071.637865048,1302291.9752178914,A3,APOE3
LPS 18:1(M-H)_13.43,LPS,abundance_mean,3294785.870203762,713032.5014026256,A3,APOE3
LPS 20:4(M-H)_7.08,LPS,abundance_mean,1314605.9040631598,195154.53190825123,A3,APOE3
LPS 22:4(M-H)_13.18,LPS,abundance_mean,378205.24470872176,93807.18773806038,A3,APOE3
LPS 22:4(M-H)_14.57,LPS,abundance_mean,10737254.545131307,4966281.769220864,A3,APOE3
LPS 22:6(M-H)_7.08,LPS,abundance_mean,28983914.37828436,5348392.198466415,A3,APOE3
MG 38:1(M+NH4)_38.98,MG,abundance_mean,1924677.075309191,399156.4062143781,A3,APOE3
MGDG 36:1|MGDG 16:0_20:1(M+NH4)_36.82,MGDG,abundance_mean,17222418.055344254,3530353.391674813,A3,APOE3
MMPE 42:2|MMPE 20:1_22:1(M-H)_37.19,MMPE,abundance_mean,2293404.450003864,262485.5155910638,A3,APOE3
NAE 16:0(M+H)_19.66,NAE,abundance_mean,5528824.068227007,1514050.6091058622,A3,APOE3
NAE 18:0(M+H)_22.83,NAE,abundance_mean,7693761.870377028,2671835.738268003,A3,APOE3
NAE 18:1(M+H)_20.16,NAE,abundance_mean,1488171.041330303,223844.06156408915,A3,APOE3
NAE 26:5(M+H)_22.33,NAE,abundance_mean,3099526.722149296,786063.9602834765,A3,APOE3
PA 33:1(d7)|PA 15:0_18:1(d7)(M-H)_33.5,PA,abundance_mean,6929495.202035209,494618.8968375291,A3,APOE3
PA 33:1(d7)|PA 15:0_18:1(d7)(M-H)_35.55,PA,abundance_mean,6135077.168872774,397935.8163545675,A3,APOE3
PA 33:1(d7)|PA 15:0_18:1(d7)(M-H)_41.65,PA,abundance_mean,3976389.9765554834,280558.1246650005,A3,APOE3
PC 22:0(M+H)_22.96,PC,abundance_mean,1005860.0869689548,321516.19596762944,A3,APOE3
PC 23:0(M+H)_23.47,PC,abundance_mean,497737.8190578293,165190.89099674433,A3,APOE3
PC 30:0|PC 14:0_16:0(M+H)_31.98,PC,abundance_mean,98746882.4861202,18379553.877580825,A3,APOE3
PC 31:0|PC 15:0_16:0(M+H)_33.12,PC,abundance_mean,41784782.19094942,7010163.961084709,A3,APOE3
PC 31:2(M+H)_33.12,PC,abundance_mean,7905223.69497206,2417149.8420456406,A3,APOE3
PC 32:0|PC 16:0_16:0(M+H)_34.14,PC,abundance_mean,833556435.9617414,158108398.42818838,A3,APOE3
PC 32:1|PC 16:0_16:1(M+H)_32.24,PC,abundance_mean,285757932.8898209,59320305.57308663,A3,APOE3
PC 32:2(M+H)_30.34,PC,abundance_mean,3592211.051780639,990131.110364056,A3,APOE3
PC 33:0|PC 16:0_17:0(M+H)_35.16,PC,abundance_mean,52649136.20989416,8406495.58475553,A3,APOE3
PC 33:1(d7)|PC 15:0_18:1(d7)(M+H)_33.25,PC,abundance_mean,91069545.65740424,11081148.277513083,A3,APOE3
PC 33:1|PC 16:0_17:1(M+H)_33.38,PC,abundance_mean,23557149.30015747,7909679.760864793,A3,APOE3
PC 34:0|PC 16:0_18:0(M+H)_36.17,PC,abundance_mean,661439697.232588,118224489.66213591,A3,APOE3
PC 34:1(M+H)_34.4,PC,abundance_mean,1218088616.324885,262351710.4753244,A3,APOE3
PC 34:2|PC 16:1_18:1(M+H)_32.74,PC,abundance_mean,230874779.2578282,42994848.87213776,A3,APOE3
PC 34:3(M+H)_30.59,PC,abundance_mean,42006606.958793975,5544223.504310043,A3,APOE3
PC 34:4(M+H)_30.48,PC,abundance_mean,4783184.629298305,1008646.7000890834,A3,APOE3
PC 35:0|PC 16:0_19:0(M+H)_36.69,PC,abundance_mean,7594197.95840364,2403398.686785297,A3,APOE3
PC 35:1|PC 17:0_18:1(M+H)_35.29,PC,abundance_mean,78133919.13494372,15451461.904543629,A3,APOE3
PC 35:2(M+H)_33.63,PC,abundance_mean,14194584.176354032,3796112.509014697,A3,APOE3
PC 36:1|PC 9:0_27:1(M+H)_36.3,PC,abundance_mean,1134740374.9342084,229170484.60099903,A3,APOE3
PC 36:2|PC 18:1_18:1(M+H)_34.65,PC,abundance_mean,274726123.9622662,69716033.02973247,A3,APOE3
PC 36:3(M+H)_32.49,PC,abundance_mean,224816256.5984092,53926077.010577776,A3,APOE3
PC 36:4|PC 18:2_18:2(M+H)_32.36,PC,abundance_mean,769847326.8588578,150727828.9497394,A3,APOE3
PC 36:6(M+H)_29.44,PC,abundance_mean,1100846.5498974705,404109.3369721432,A3,APOE3
PC 37:4|PC 17:0_20:4(M+H)_33.51,PC,abundance_mean,3089422.4567857464,2875710.033412843,A3,APOE3
PC 38:1(M+H)_37.2,PC,abundance_mean,103482952.8144112,21664764.84079732,A3,APOE3
PC 38:2|PC 18:1_20:1(M+H)_36.31,PC,abundance_mean,71659135.08277158,18958062.19854499,A3,APOE3
PC 38:3|PC 18:0_20:3(M+H)_35.28,PC,abundance_mean,99506123.9675986,18384046.88491289,A3,APOE3
PC 38:4|PC 16:0_22:4(M+H)_34.64,PC,abundance_mean,307369737.6128541,56289118.17412581,A3,APOE3
PC 38:5|PC 18:0_20:5(M+H)_32.61,PC,abundance_mean,344058431.79921305,74804592.41952465,A3,APOE3
PC 38:6(M+H)_31.74,PC,abundance_mean,798304150.8906612,180259289.6063873,A3,APOE3
PC 38:7|PC 16:1_22:6(M+H)_29.81,PC,abundance_mean,5426567.980848081,2021328.1320136895,A3,APOE3
PC 38:7|PC 18:3_20:4(M+H)_32.36,PC,abundance_mean,14401975.83578101,3497172.4041282623,A3,APOE3
PC 39:6|PC 17:0_22:6(M+H)_32.87,PC,abundance_mean,10535507.23474704,2001285.8093842536,A3,APOE3
PC 40:1(M+H)_37.96,PC,abundance_mean,24409230.53209925,3899045.815523267,A3,APOE3
PC 40:2|PC 20:1_20:1(M+H)_37.2,PC,abundance_mean,18547616.81719702,3306557.8957708576,A3,APOE3
PC 40:4(M+H)_35.91,PC,abundance_mean,85212450.53325564,16051588.710964786,A3,APOE3
PC 40:6(M+Na)_33.99,PC,abundance_mean,6475269.161764051,1622078.9187336308,A3,APOE3
PC 40:6|PC 18:0_22:6(M+H)_33.89,PC,abundance_mean,459928257.7486393,77802042.67834093,A3,APOE3
PC 40:7(M+Na)_31.98,PC,abundance_mean,2448472.787486972,979948.198786912,A3,APOE3
PC 40:7|PC 18:1_22:6(M+H)_31.98,PC,abundance_mean,175945891.18536952,38898961.99956025,A3,APOE3
PC 40:8|PC 18:2_22:6(M+H)_30.21,PC,abundance_mean,59286880.80274389,7805162.683550441,A3,APOE3
PC 40:9|PC 18:3_22:6(M+H)_31.86,PC,abundance_mean,12113575.596403329,3092826.1594168115,A3,APOE3
PC 41:1(M+H)_38.24,PC,abundance_mean,10066349.020044217,1700378.6492738363,A3,APOE3
PC 42:10(M+H)_29.7,PC,abundance_mean,24078105.516319904,6084003.836105293,A3,APOE3
PC 42:1|PC 24:0_18:1(M+H)_38.47,PC,abundance_mean,20462042.84500968,3709694.8183529032,A3,APOE3
PC 42:2|PC 18:1_24:1(M+H)_37.96,PC,abundance_mean,18002204.509404976,2996085.160257757,A3,APOE3
PC 42:4(M+H)_36.94,PC,abundance_mean,5952735.163215137,1185457.539246122,A3,APOE3
PC 42:7(M+H)_33.89,PC,abundance_mean,9567335.83076248,1834639.076522361,A3,APOE3
PC 42:7(M+H)_35.91,PC,abundance_mean,974404.8976057288,700400.2337135802,A3,APOE3
PC 42:9(M+H)_30.84,PC,abundance_mean,2576965.108098363,1112812.1742844004,A3,APOE3
PC 43:1(M+H)_38.72,PC,abundance_mean,2352126.747024468,401214.4310713894,A3,APOE3
PC 44:10(M+H)_31.47,PC,abundance_mean,18523017.49213836,5809563.757539445,A3,APOE3
PC 44:12|PC 22:6_22:6(M+H)_29.19,PC,abundance_mean,27201135.834533133,7490534.460570169,A3,APOE3
PC 52:4(M+H)_39.35,PC,abundance_mean,3230949.56060622,772279.8138523614,A3,APOE3
PC 52:5(M+H)_38.98,PC,abundance_mean,2371003.04620733,564170.7497909996,A3,APOE3
PC 54:6(M+H)_39.1,PC,abundance_mean,3449986.789884338,862837.8733238808,A3,APOE3
PC O-32:0|PC O-16:0_16:0(M+H)_35.54,EtherPC,abundance_mean,59441069.38247243,10478496.814208902,A3,APOE3
PC O-34:0|PC O-18:0_16:0(M+H)_36.94,EtherPC,abundance_mean,54850217.59734425,7316999.646215897,A3,APOE3
PC O-34:1|PC O-18:1_16:0(M+H)_35.54,EtherPC,abundance_mean,128812923.79345104,21147814.856603928,A3,APOE3
PC O-34:2|PC O-15:2_19:0(M+H)_34.52,EtherPC,abundance_mean,3830176.509814345,699901.1422402785,A3,APOE3
PC O-35:4|PC O-13:0_22:4(M+H)_35.8,EtherPC,abundance_mean,8878195.662317175,1543783.7314689683,A3,APOE3
PC O-36:4|PC O-16:0_20:4(M+H)_33.76,EtherPC,abundance_mean,12934531.05328258,2085474.82430191,A3,APOE3
PC O-37:5(M+H)_35.8,EtherPC,abundance_mean,12597480.13436918,2088008.994108713,A3,APOE3
PC O-38:1(M+H)_37.58,EtherPC,abundance_mean,40609299.21563422,8344722.176251928,A3,APOE3
PC O-38:6|PC O-16:0_22:6(M+H)_33.12,EtherPC,abundance_mean,8537846.460959261,1578632.6894764325,A3,APOE3
PC O-40:11(M+H)_16.6,EtherPC,abundance_mean,4150151.1000174326,1917009.6225947004,A3,APOE3
PC O-40:1|PC O-15:1_25:0(M+H)_38.09,EtherPC,abundance_mean,48140235.92754623,8852727.73712903,A3,APOE3
PC O-41:5(M+H)_37.82,EtherPC,abundance_mean,18841514.579713147,3275984.229357077,A3,APOE3
PE 21:0(M+H)_22.58,PE,abundance_mean,430166.3463945154,125330.3510089768,A3,APOE3
PE 32:0|PE 16:0_16:0(M+H)_34.78,PE,abundance_mean,1318388.5447151142,499397.32117647777,A3,APOE3
PE 33:1(d7)|PE 15:0_18:1(d7)(M+H)_33.76,PE,abundance_mean,113035036.55915152,13067665.060336277,A3,APOE3
PE 33:1(d7)|PE 15:0_18:1(d7)(M-H)_33.77,PE,abundance_mean,24317224.10862669,2438404.238377792,A3,APOE3
PE 34:0|PE 16:0_18:0(M-H)_36.57,PE,abundance_mean,2703001.246516382,665805.7797259068,A3,APOE3
PE 34:1|PE 16:0_18:1(M+H)_34.9,PE,abundance_mean,64367990.99905457,12688694.16228295,A3,APOE3
PE 34:1|PE 16:0_18:1(M-H)_34.91,PE,abundance_mean,16573926.484661143,2140238.3718486363,A3,APOE3
PE 36:1|PE 18:0_18:1(M+H)_36.56,PE,abundance_mean,98347977.84728758,16902106.641460393,A3,APOE3
PE 36:1|PE 18:0_18:1(M-H)_36.57,PE,abundance_mean,29170497.08990665,2913853.4911310216,A3,APOE3
PE 36:2|PE 18:1_18:1(M+H)_35.03,PE,abundance_mean,67437010.11731595,15198693.052520918,A3,APOE3
PE 36:2|PE 18:1_18:1(M-H)_35.04,PE,abundance_mean,13823695.126791684,1578004.3519347946,A3,APOE3
PE 36:3|PE 18:1_18:2(M-H)_33.14,PE,abundance_mean,4053795.878416097,735415.5852984576,A3,APOE3
PE 36:4|PE 16:0_20:4(M+H)_32.99,PE,abundance_mean,56078510.910844944,10840675.58400503,A3,APOE3
PE 36:4|PE 16:0_20:4(M-H)_32.88,PE,abundance_mean,11576211.235591795,1407762.8528319197,A3,APOE3
PE 36:5(M+H)_30.97,PE,abundance_mean,1736410.8417590235,436095.7403827683,A3,APOE3
PE 38:1|PE 18:0_20:1(M-H)_37.46,PE,abundance_mean,727404.8962625648,146755.7996390638,A3,APOE3
PE 38:2|PE 18:1_20:1(M-H)_36.57,PE,abundance_mean,3963613.243817174,902724.4002318536,A3,APOE3
PE 38:4|PE 18:0_20:4(M+H)_35.03,PE,abundance_mean,263362716.06164628,48343525.47637984,A3,APOE3
PE 38:4|PE 18:0_20:4(M-H)_35.04,PE,abundance_mean,78249162.73209801,8182930.834219002,A3,APOE3
PE 38:5|PE 18:1_20:4(M+H)_33.12,PE,abundance_mean,73624455.18118887,20991746.031047314,A3,APOE3
PE 38:5|PE 18:1_20:4(M-H)_33.13,PE,abundance_mean,54319820.1545177,11472333.506708607,A3,APOE3
PE 38:6|PE 16:0_22:6(M+H)_32.36,PE,abundance_mean,190112231.9581588,40263219.60712801,A3,APOE3
PE 38:6|PE 16:0_22:6(M-H)_32.37,PE,abundance_mean,106854336.83049384,18744056.21197777,A3,APOE3
PE 38:7|PE 16:1_22:6(M+H)_30.35,PE,abundance_mean,1246174.9274218967,383171.6630240007,A3,APOE3
PE 39:6(M+H)_33.51,PE,abundance_mean,5600760.405529726,996983.0279797864,A3,APOE3
PE 40:1|PE 18:0_22:1(M-H)_36.69,PE,abundance_mean,2264963.6315534227,252037.7512040903,A3,APOE3
PE 40:4|PE 18:0_22:4(M+H)_36.3,PE,abundance_mean,38548908.13845078,6817237.038283418,A3,APOE3
PE 40:4|PE 18:0_22:4(M-H)_36.31,PE,abundance_mean,15942703.372293266,1653415.4495746335,A3,APOE3
PE 40:6|PE 18:0_22:6(M+H)_34.63,PE,abundance_mean,281159678.9665795,51909632.06446801,A3,APOE3
PE 40:6|PE 18:0_22:6(M-H)_34.53,PE,abundance_mean,94049284.4509104,10544366.964068905,A3,APOE3
PE 40:7(M+H)_32.5,PE,abundance_mean,55729351.62736384,12375510.275572382,A3,APOE3
PE 40:7|PE 18:1_22:6(M-H)_32.62,PE,abundance_mean,12045479.421810009,1405973.744452031,A3,APOE3
PE 44:10(M+H)_32.09,PE,abundance_mean,23688583.658618867,5733341.643836565,A3,APOE3
PE 44:12|PE 22:6_22:6(M+H)_29.7,PE,abundance_mean,7035551.731523582,2359786.571501415,A3,APOE3
PE 44:12|PE 22:6_22:6(M-H)_29.7,PE,abundance_mean,1507339.4315850728,366901.4933963595,A3,APOE3
PE O-34:1(M+H)_36.05,EtherPE,abundance_mean,3559771.6397545678,730066.8390361819,A3,APOE3
PE O-34:1|PE O-18:1_16:0(M-H)_36.06,EtherPE,abundance_mean,1723777.076555319,206840.58816413177,A3,APOE3
PE O-36:2|PE O-18:1_18:1(M-H)_37.2,EtherPE,abundance_mean,496483.236198987,57822.855483604166,A3,APOE3
PE O-37:3|PE O-22:3_15:0(M-H)_30.59,EtherPE,abundance_mean,56678127.214906216,4288796.914481515,A3,APOE3
PE O-38:4|PE O-16:0_22:4(M-H)_35.8,EtherPE,abundance_mean,2235187.6581117413,259001.91473692743,A3,APOE3
PE O-38:6|PE O-16:0_22:6(M-H)_33.77,EtherPE,abundance_mean,4061532.4794317847,534126.3565900474,A3,APOE3
PE O-40:4|PE O-18:0_22:4(M-H)_37.08,EtherPE,abundance_mean,3503792.1595410053,409857.9785351518,A3,APOE3
PE O-40:6|PE O-18:0_22:6(M-H)_35.8,EtherPE,abundance_mean,5507678.136615007,778616.7309584072,A3,APOE3
PE O-40:7|PE O-18:1_22:6(M-H)_35.53,EtherPE,abundance_mean,1343481.9199203649,170549.359845989,A3,APOE3
PE P-38:5|PE P-18:1_20:4(M+H)_33.76,EtherPE,abundance_mean,23367725.357185517,4428696.204177743,A3,APOE3
PE P-40:5(M+H)_35.8,EtherPE,abundance_mean,23843582.332112424,4619746.03667893,A3,APOE3
PG 32:0|PG 16:0_16:0(M-H)_31.61,PG,abundance_mean,456991.3642097504,74456.28958008943,A3,APOE3
PG 33:1(d7)|PG 15:0_18:1(d7)(M+NH4)_30.59,PG,abundance_mean,70379034.31000777,13002118.75824966,A3,APOE3
PG 34:1|PG 16:0_18:1(M-H)_31.73,PG,abundance_mean,1551842.361982213,212146.1383765272,A3,APOE3
PG 38:2|PG 18:1_20:1(M-H)_35.67,PG,abundance_mean,1032681.8830118756,139632.1710354667,A3,APOE3
PG 44:12|PG 22:6_22:6(M-H)_25.5,PG,abundance_mean,1095101.9645334466,359113.921634674,A3,APOE3
PI 32:0|PI 16:0_16:0(M-H)_31.24,PI,abundance_mean,606935.0727230246,70037.26267285047,A3,APOE3
PI 33:1(d7)|PI 15:0_18:1(d7)(M+NH4)_30.2,PI,abundance_mean,41990868.39542096,4925404.644843621,A3,APOE3
PI 33:1(d7)|PI 15:0_18:1(d7)(M-H)_30.21,PI,abundance_mean,67791709.39287516,5149891.048328102,A3,APOE3
PI 33:1(d7)|PI 15:0_18:1(d7)(M-H)_33.26,PI,abundance_mean,6890706.098869327,972660.056816611,A3,APOE3
PI 36:4(M+NH4)_29.44,PI,abundance_mean,10353356.995937685,2312451.156554093,A3,APOE3
PI 36:4|PI 16:0_20:4(M-H)_29.32,PI,abundance_mean,8284903.529234684,1078142.0473653332,A3,APOE3
PI 38:4(M+NH4)_31.6,PI,abundance_mean,50620390.12879549,11176525.338729424,A3,APOE3
PI 38:4|PI 18:0_20:4(M-H)_31.61,PI,abundance_mean,33008479.152818028,3509930.946047994,A3,APOE3
PI 38:5(M+NH4)_29.57,PI,abundance_mean,10226670.788394911,2340148.226311336,A3,APOE3
PI 38:5|PI 18:1_20:4(M-H)_29.57,PI,abundance_mean,7939116.735888766,1123736.7452424152,A3,APOE3
PI 38:6(M+NH4)_28.82,PI,abundance_mean,2475371.9711473547,706713.0438489255,A3,APOE3
PI 40:6(M+NH4)_31.09,PI,abundance_mean,4928896.027427756,1073764.3987671265,A3,APOE3
PI 40:6|PI 18:0_22:6(M-H)_31.1,PI,abundance_mean,2985908.4587667314,439421.8524477893,A3,APOE3
PS 33:1(d7)|PS 15:0_18:1(d7)(M-H)_30.57,PS,abundance_mean,29845604.8984434,1633657.3926784918,A3,APOE3
PS 34:1(M+H)_31.73,PS,abundance_mean,9300006.400330923,3058509.262760496,A3,APOE3
PS 36:0;O3|PS 18:0_18:0;O3(M-H)_32.12,OxPS,abundance_mean,6051337.211699202,1530988.5091647354,A3,APOE3
PS 36:1|PS 18:0_18:1(M+H)_33.76,PS,abundance_mean,45484394.85356664,10959526.973734291,A3,APOE3
PS 36:1|PS 18:0_18:1(M-H)_33.77,PS,abundance_mean,18274542.05478905,2161621.205823641,A3,APOE3
PS 36:2|PS 18:1_18:1(M+H)_31.98,PS,abundance_mean,52701834.029389024,18098652.31867279,A3,APOE3
PS 36:2|PS 18:1_18:1(M-H)_32.12,PS,abundance_mean,13448726.001985714,2419191.168690076,A3,APOE3
PS 38:4(M+H)_31.99,PS,abundance_mean,22189621.82481848,6140094.013268204,A3,APOE3
PS 38:4|PS 18:0_20:4(M-H)_32.24,PS,abundance_mean,7356851.310823295,1289599.3251354548,A3,APOE3
PS 38:5(M+H)_29.95,PS,abundance_mean,3158760.208759852,1020187.319469292,A3,APOE3
PS 38:5;O3|PS 18:0_20:5;O3(M-H)_31.35,OxPS,abundance_mean,2690880.7100420687,280523.9764614166,A3,APOE3
PS 38:6(M+H)_29.06,PS,abundance_mean,2858240.410711076,705623.1454133358,A3,APOE3
PS 38:6|PS 16:0_22:6(M-H)_29.19,PS,abundance_mean,805917.9268355997,202890.7606530924,A3,APOE3
PS 40:4|PS 18:0_22:4(M+H)_33.5,PS,abundance_mean,27621307.74291502,6286751.9707879005,A3,APOE3
PS 40:4|PS 18:0_22:4(M-H)_33.38,PS,abundance_mean,10087078.50176724,1738921.9607520022,A3,APOE3
PS 40:6(M+Na)_31.34,PS,abundance_mean,8455972.505773477,2013508.5259258908,A3,APOE3
PS 40:6|PS 18:0_22:6(M+H)_31.35,PS,abundance_mean,301878379.4763855,76784249.11718196,A3,APOE3
PS 40:6|PS 18:0_22:6(M-H)_31.35,PS,abundance_mean,111475148.71467648,12805265.710343374,A3,APOE3
PS 40:6|PS 18:0_22:6(M-H)_35.17,PS,abundance_mean,5055928.49740692,543916.1618548691,A3,APOE3
PS 40:7(M+H)_29.32,PS,abundance_mean,7499393.931165794,2018990.363988045,A3,APOE3
PS 40:7|PS 18:1_22:6(M-H)_29.32,PS,abundance_mean,1722721.7136945631,284611.8629063127,A3,APOE3
PS 42:10|PS 20:4_22:6(M-H)_27.15,PS,abundance_mean,271310.185289465,54572.07332305906,A3,APOE3
PS 42:11;O3|PS 22:6_20:5;O3(M-H)_26.52,OxPS,abundance_mean,236709.41202539057,51488.99330177088,A3,APOE3
PS 44:10|PS 22:4_22:6(M+H)_28.81,PS,abundance_mean,5746774.97355477,1488961.6556934053,A3,APOE3
PS 44:12|PS 22:6_22:6(M+H)_26.51,PS,abundance_mean,4229618.957738495,1344766.4349586284,A3,APOE3
PS 44:12|PS 22:6_22:6(M-H)_26.52,PS,abundance_mean,1729217.437242753,439137.4324928742,A3,APOE3
SM 30:5;O3(M+H)_21.68,SM,abundance_mean,6051047.071163534,1519616.8011516617,A3,APOE3
SM 34:1;O2|SM 18:1;O2/16:0(M+H)_32.11,SM,abundance_mean,77784048.29237382,12297254.40375254,A3,APOE3
SM 34:1;O3(M+H)_31.22,SM,abundance_mean,1783988.7749187776,387072.5834508276,A3,APOE3
SM 34:2;O2(M+H)_30.08,SM,abundance_mean,1827626.0300557765,449726.2890683233,A3,APOE3
SM 35:1;O2(M+H)_33.25,SM,abundance_mean,6819549.496412517,1029904.014881664,A3,APOE3
SM 36:0;O3(M+H)_36.94,SM,abundance_mean,32947215.64758621,4487865.30416847,A3,APOE3
SM 36:1;O2|SM 18:1;O2/18:0(M+H)_34.4,SM,abundance_mean,179060691.4525679,31151863.88925112,A3,APOE3
SM 36:2;O2(M+H)_32.49,SM,abundance_mean,74499351.30536713,13935243.418096628,A3,APOE3
SM 37:4;O3(M+H)_30.58,SM,abundance_mean,93020378.46231592,11415211.589233316,A3,APOE3
SM 38:1;O2|SM 20:1;O2/18:0(M+H)_36.3,SM,abundance_mean,52584229.05103229,9373246.839541806,A3,APOE3
SM 40:1;O2|SM 18:1;O2/22:0(M+H)_37.45,SM,abundance_mean,50221281.79420707,8207520.86441583,A3,APOE3
SM 40:2;O2(M+H)_36.43,SM,abundance_mean,11405056.863964653,2918625.2650068877,A3,APOE3
SM 40:7;O2(M+H)_27.67,SM,abundance_mean,5927324.70206252,2012947.825494598,A3,APOE3
SM 42:2;O2|SM 18:1;O2/24:1(M+H)_37.32,SM,abundance_mean,172805233.7308329,24935663.77417256,A3,APOE3
SM 42:3;O2|SM 18:1;O2/24:2(M+H)_36.43,SM,abundance_mean,9028701.339130744,1473707.9992962717,A3,APOE3
SM 43:4;O2(M+H)_24.36,SM,abundance_mean,2251101.572694221,676618.0291686999,A3,APOE3
ST 27:1;O(M+H-[H2O])_32.24,ST,abundance_mean,15884661.24912612,2582203.301882372,A3,APOE3
ST 27:2;O(M+H)_31.1,ST,abundance_mean,12509003.23217072,1834434.5312452088,A3,APOE3
ST 27:2;O(M+H-[H2O])_28.3,ST,abundance_mean,7577920.36991528,1690437.2074862414,A3,APOE3
TG 48:0|TG 16:0_16:0_16:0(M+NH4)_40.75,TG,abundance_mean,10285057.993204698,2517229.113719807,A3,APOE3
TG 48:1(d7)|TG 15:0_18:1(d7)_15:0(M+NH4)_40.24,TG,abundance_mean,39519012.17149144,4972011.55365377,A3,APOE3
TG 48:2|TG 16:0_16:1_16:1(M+NH4)_39.76,TG,abundance_mean,6096845.253053645,931906.3426892963,A3,APOE3
TG 50:0|TG 16:0_16:0_18:0(M+NH4)_41.26,TG,abundance_mean,23794000.718817838,5656215.663638306,A3,APOE3
TG 50:1|TG 16:0_16:0_18:1(M+NH4)_40.63,TG,abundance_mean,31439252.453853138,6308114.075065589,A3,APOE3
TG 50:2|TG 16:0_16:1_18:1(M+NH4)_40.24,TG,abundance_mean,32511918.78917067,6335627.480022176,A3,APOE3
TG 50:3|TG 16:0_16:1_18:2(M+NH4)_39.86,TG,abundance_mean,19899081.20053628,4147355.349099789,A3,APOE3
TG 50:4|TG 16:1_16:1_18:2(M+NH4)_39.48,TG,abundance_mean,6030242.245114259,1503669.922146736,A3,APOE3
TG 52:0|TG 16:0_18:0_18:0(M+NH4)_41.89,TG,abundance_mean,6966894.334388579,1342055.0098283624,A3,APOE3
TG 52:1|TG 16:0_18:0_18:1(M+NH4)_41.26,TG,abundance_mean,42179091.39849533,10146082.928159906,A3,APOE3
TG 52:2|TG 16:0_18:1_18:1(M+NH4)_40.63,TG,abundance_mean,61714489.717920005,13638179.31191376,A3,APOE3
TG 52:3|TG 16:0_18:1_18:2(M+NH4)_40.24,TG,abundance_mean,91049988.75872576,21396178.348200053,A3,APOE3
TG 52:4|TG 16:1_18:1_18:2(M+NH4)_39.86,TG,abundance_mean,56681439.65782742,14573872.613819236,A3,APOE3
TG 52:5|TG 16:1_18:2_18:2(M+NH4)_39.5,TG,abundance_mean,18492601.738886133,5633337.500484199,A3,APOE3
TG 54:0|TG 18:0_18:0_18:0(M+NH4)_42.53,TG,abundance_mean,3893549.36042489,547463.2424633189,A3,APOE3
TG 54:1|TG 16:0_18:0_20:1(M+NH4)_41.78,TG,abundance_mean,7804479.610946708,1890655.2738270827,A3,APOE3
TG 54:2|TG 18:0_18:1_18:1(M+NH4)_40.74,TG,abundance_mean,14614024.797888968,4512169.596916751,A3,APOE3
TG 54:3|TG 18:1_18:1_18:1(M+NH4)_40.62,TG,abundance_mean,43819098.110320106,11176192.39219086,A3,APOE3
TG 54:4|TG 18:1_18:1_18:2(M+NH4)_40.24,TG,abundance_mean,74059739.86235107,20680182.979583032,A3,APOE3
TG 54:6|TG 18:1_18:2_18:3(M+NH4)_39.86,TG,abundance_mean,35682281.29505602,13106133.205880174,A3,APOE3
TG 60:12|TG 16:0_22:6_22:6(M+NH4)_39.35,TG,abundance_mean,6082275.096451329,1263556.8533315868,A3,APOE3
TG O-50:0|TG O-18:0_16:0_16:0(M+NH4)_42.28,EtherTG,abundance_mean,1556035.101839906,360072.5636946567,A3,APOE3
TG O-50:2|TG O-16:0_16:0_18:2(M+NH4)_41.12,EtherTG,abundance_mean,2944614.689217817,681599.6515174648,A3,APOE3
TG O-52:1|TG O-18:0_16:0_18:1(M+NH4)_42.16,EtherTG,abundance_mean,3580686.554556312,886119.3899399551,A3,APOE3
TG O-52:2|TG O-18:0_16:0_18:2(M+NH4)_41.64,EtherTG,abundance_mean,6598552.344190221,2219692.318785039,A3,APOE3
TG O-52:3|TG O-16:0_18:1_18:2(M+NH4)_41.01,EtherTG,abundance_mean,2680893.045028298,647503.9684515815,A3,APOE3
TG O-54:2|TG O-20:0_16:0_18:2(M+NH4)_42.28,EtherTG,abundance_mean,6368001.465438601,1864243.233056304,A3,APOE3
TG O-54:3|TG O-18:0_18:1_18:2(M+NH4)_41.64,EtherTG,abundance_mean,3633218.7744589215,1184107.5640760656,A3,APOE3
TG O-54:4|TG O-18:0_18:2_18:2(M+NH4)_41.13,EtherTG,abundance_mean,1719962.5152938992,437340.4892963666,A3,APOE3
TG O-56:3|TG O-20:0_18:1_18:2(M+NH4)_42.16,EtherTG,abundance_mean,1684467.0032562595,442305.2828073918,A3,APOE3
25-hydroxycholecalciferol(M+H)_24.36,Vitamin_D,abundance_mean,70279490.9841516,14489274.724735636,A3,APOE3
AHexCer 46:1;O3|AHexCer (O-15:0)31:1;O3(M+H-[H2O])_39.35,AHexCer,abundance_mean,23669798.62226868,4677818.927585438,A3,APOE3
AHexCer 55:6;O3|AHexCer (O-18:1)37:5;O3(M+H-[H2O])_39.74,AHexCer,abundance_mean,1912759.9843358211,468571.95253268274,A3,APOE3
AHexCer 56:1;O3|AHexCer (O-16:0)40:1;O3(M+H-[H2O])_39.48,AHexCer,abundance_mean,2100086.996532255,361323.78545903886,A3,APOE3
AHexCer 57:1;O3|AHexCer (O-16:0)18:1;O2/23:0;O(M+H)_39.64,AHexCer,abundance_mean,2080166.5388071164,356904.9249176371,A3,APOE3
AHexCer 58:1;O3|AHexCer (O-16:0)42:1;O3(M+H)_39.86,AHexCer,abundance_mean,6455240.844246318,1116895.795501558,A3,APOE3
AHexCer 58:1;O3|AHexCer (O-17:0)41:1;O3(M+H-[H2O])_39.62,AHexCer,abundance_mean,5373276.54168539,1233184.050245287,A3,APOE3
AHexCer 58:2;O3|AHexCer (O-18:1)40:1;O3(M+H)_39.48,AHexCer,abundance_mean,5268042.510180317,759433.5897754297,A3,APOE3
AHexCer 59:1;O3|AHexCer (O-18:0)41:1;O3(M+H)_39.99,AHexCer,abundance_mean,1666946.0104979018,315054.4115868774,A3,APOE3
AHexCer 59:8;O2|AHexCer (O-15:0)44:8;O2(M+H-[H2O])_39.23,AHexCer,abundance_mean,4279597.846598607,930736.5944989044,A3,APOE3
AHexCer 60:1;O3|AHexCer (O-18:0)42:1;O3(M+H)_40.12,AHexCer,abundance_mean,2767308.911140772,532338.8206413223,A3,APOE3
AHexCer 60:2;O3|AHexCer (O-18:1)18:1;O2/24:0;O(M+H)_39.86,AHexCer,abundance_mean,3534621.11625574,546917.2111309336,A3,APOE3
CAR 16:0(M+H)_16.86,CAR,abundance_mean,8172462.828391802,1197407.3751343037,A3,APOE3
CAR 18:0(M+H)_19.78,CAR,abundance_mean,3474685.995410014,578134.9587085702,A3,APOE3
CE 18:1(d7)(M+NH4)_41.64,CE,abundance_mean,160954238.13081086,19561831.832874965,A3,APOE3
CE 18:3(M+NH4)_40.5,CE,abundance_mean,1318182.3221548842,231296.5929124675,A3,APOE3
CE 20:4(M+NH4)_40.75,CE,abundance_mean,5969839.355197995,1147540.1537376123,A3,APOE3
CE 22:6(M+NH4)_40.4,CE,abundance_mean,18730088.192151017,4548312.522244985,A3,APOE3
CL 70:4|CL 34:2_36:2(M+NH4)_39.1,CL,abundance_mean,1533708.349256239,543574.781716152,A3,APOE3
CL 72:4|CL 18:1_18:1_18:1_18:1(M-H)_39.36,CL,abundance_mean,659028.6451323419,95354.03198137664,A3,APOE3
CL 72:5|CL 18:1_18:1_18:1_18:2(M-H)_39.11,CL,abundance_mean,548269.1215354283,73697.23625932429,A3,APOE3
CL 72:5|CL 36:2_36:3(M+NH4)_39.22,CL,abundance_mean,2543893.9108283427,869178.7719705224,A3,APOE3
CL 72:7|CL 16:1_18:1_18:1_20:4(M-H)_38.85,CL,abundance_mean,472019.6504153927,79319.74585633841,A3,APOE3
CL 74:7|CL 18:1_18:1_18:1_20:4(M-H)_39.11,CL,abundance_mean,671311.5862113257,108380.64304638488,A3,APOE3
CL 74:7|CL 36:2_38:5(M+NH4)_39.1,CL,abundance_mean,2795193.2749720262,1000724.144410177,A3,APOE3
CL 74:8|CL 18:1_18:2_18:1_20:4(M-H)_38.97,CL,abundance_mean,645748.350289833,107214.6901815694,A3,APOE3
CL 76:10|CL 18:1_20:4_18:1_20:4(M-H)_38.85,CL,abundance_mean,655522.30611481,124719.41329432264,A3,APOE3
CL 76:5|CL 39:1_37:4(M-H)_35.04,CL,abundance_mean,1125289.706245314,166224.2236696181,A3,APOE3
CL 76:9|CL 18:1_18:1_18:1_22:6(M-H)_38.98,CL,abundance_mean,669143.6247691135,119262.84902548694,A3,APOE3
CL 76:9|CL 36:2_40:7(M+NH4)_38.98,CL,abundance_mean,2831791.5255087423,1068852.1523880942,A3,APOE3
CL 78:7|CL 41:2_37:5(M-H)_35.04,CL,abundance_mean,2890923.500341811,451392.49906234985,A3,APOE3
CL 79:5(M+NH4)_34.52,CL,abundance_mean,9198314.846578809,1970586.32426135,A3,APOE3
CL 79:6|CL 36:1_43:5(M-H)_34.4,CL,abundance_mean,2041752.3579106464,323113.477669233,A3,APOE3
CL 79:9|CL 38:4_41:5(M-H)_32.37,CL,abundance_mean,1146744.0705025175,213232.360022405,A3,APOE3
CL 80:6|CL 36:1_44:5(M-H)_34.4,CL,abundance_mean,3281820.606721048,600171.0472791315,A3,APOE3
CL 90:18|CL 46:6_44:12(M-H)_30.21,CL,abundance_mean,879531.1296102258,91884.81242799333,A3,APOE3
Cer 36:1;O2|Cer 18:1;O2/18:0(M+H-[H2O])_36.56,Cer_NS,abundance_mean,139983860.2510511,20804622.0134138,A3,APOE3
Cer 36:1;O2|Cer 18:1;O2/18:0(M+H-[H2O])_38.34,Cer_NS,abundance_mean,21435662.90183417,7739464.710977844,A3,APOE3
Cer 36:1;O2|Cer 18:1;O2/18:0(M-H)_36.56,Cer_NS,abundance_mean,2203360.808907174,263514.0031402817,A3,APOE3
Cer 36:2;O2|Cer 18:2;O2/18:0(M+H-[H2O])_34.9,Cer_NS,abundance_mean,15569561.589071557,2316903.714338944,A3,APOE3
Cer 37:1;O4|Cer 18:0;O3/19:1(2OH)(M-H)_36.56,Cer_AP,abundance_mean,127787159.81383169,15742730.831426837,A3,APOE3
Cer 38:1;O2|Cer 20:1;O2/18:0(M+H-[H2O])_37.58,Cer_NS,abundance_mean,11169357.041789353,1785112.2695186292,A3,APOE3
Cer 38:1;O2|Cer 20:1;O2/18:0(M+H-[H2O])_38.85,Cer_NS,abundance_mean,779375.9014686291,653671.1727560177,A3,APOE3
Cer 41:1;O2|Cer 18:1;O2/23:0(M+H)_38.47,Cer_NS,abundance_mean,5526345.714678047,730689.1142309302,A3,APOE3
Cer 41:1;O4|Cer 26:0;O3(FA 15:0)(M-H)_38.22,Cer_EODS,abundance_mean,2483134.525771453,250425.23599033628,A3,APOE3
Cer 42:1;O2|Cer 26:1;O2/16:0(M+Na)_38.98,Cer_NS,abundance_mean,4336349.180579028,516071.15968993807,A3,APOE3
Cer 42:2;O2|Cer 18:1;O2/24:1(M+H)_38.09,Cer_NS,abundance_mean,29326996.78404478,4268727.912684739,A3,APOE3
Cer 42:2;O2|Cer 18:1;O2/24:1(M+H-[H2O])_38.2,Cer_NS,abundance_mean,13497329.626291525,1801970.6434433465,A3,APOE3
Cer 42:2;O2|Cer 18:1;O2/24:1(M+H-[H2O])_39.23,Cer_NS,abundance_mean,6689413.125981437,889302.154073099,A3,APOE3
Cer 56:11;O4|Cer 38:9;O3(FA 18:1)(+C2H3O2-)_38.48,Cer_EOS,abundance_mean,1081909.2110205092,183911.0620200656,A3,APOE3
CoQ10(M+H)_39.35,CoQ,abundance_mean,3100774.076760608,602769.6591557354,A3,APOE3
CoQ9(M+H)_38.85,CoQ,abundance_mean,10231631.41260164,2101819.8000790663,A3,APOE3
DG 18:2(M+Na)_10.61,DG,abundance_mean,4680496.374794808,1562495.335682985,A3,APOE3
DG 18:2(M+Na)_6.94,DG,abundance_mean,3694347.212481035,892550.4768155111,A3,APOE3
DG 19:2(M+Na)_14.69,DG,abundance_mean,1808594.4391846235,601106.5883151379,A3,APOE3
DG 19:2(M+Na)_16.1,DG,abundance_mean,3086487.886770899,685062.597225771,A3,APOE3
DG 20:4(M+Na)_10.88,DG,abundance_mean,2636265.668407841,384893.6097012252,A3,APOE3
DG 20:4(M+Na)_7.45,DG,abundance_mean,3970575.376253105,998389.0710184048,A3,APOE3
DG 21:4(M+Na)_15.33,DG,abundance_mean,4677628.419912936,1294585.9817750214,A3,APOE3
DG 23:2(M+Na)_25.88,DG,abundance_mean,3385822.982760892,682074.276604916,A3,APOE3
DG 28:2(M+Na)_30.08,DG,abundance_mean,41466252.42932737,20811074.958278418,A3,APOE3
DG 30:5(M+Na)_29.95,DG,abundance_mean,4106935.8073159647,2250768.6795428665,A3,APOE3
DG 33:1(d7)|DG 15:0_18:1(d7)(M+NH4)_36.81,DG,abundance_mean,155976850.45783928,21072005.310206678,A3,APOE3
DG 34:0|DG 16:0_18:0(M+NH4)_37.96,DG,abundance_mean,8226427.6671358785,1624922.067151972,A3,APOE3
DG 34:1|DG 16:0_18:1(M+NH4)_37.32,DG,abundance_mean,20953213.84319894,4280062.295991856,A3,APOE3
DG 36:0|DG 18:0_18:0(M+NH4)_38.47,DG,abundance_mean,21517374.17232829,3457524.538441821,A3,APOE3
DG 36:1|DG 18:0_18:1(M+NH4)_37.97,DG,abundance_mean,23265594.849651963,4437568.309753727,A3,APOE3
DG 36:2|DG 18:1_18:1(M+NH4)_37.33,DG,abundance_mean,10302300.25153946,1893102.0339999227,A3,APOE3
DG 36:4|DG 16:0_20:4(M+NH4)_36.06,DG,abundance_mean,9788455.35966938,1541369.992638198,A3,APOE3
DG 38:4|DG 18:0_20:4(M+NH4)_37.32,DG,abundance_mean,158365846.17456365,26836221.49627012,A3,APOE3
DG 38:5|DG 18:1_20:4(M+NH4)_36.29,DG,abundance_mean,10191349.517721424,1693354.319975141,A3,APOE3
DG 38:6(M+Na)_35.54,DG,abundance_mean,3794917.8178809993,1014303.4178329712,A3,APOE3
DG 38:6|DG 16:0_22:6(M+NH4)_35.54,DG,abundance_mean,14541599.132664427,3240443.1176810768,A3,APOE3
DG 40:2(M+Na)_38.6,DG,abundance_mean,31356058.249352768,4846740.90835151,A3,APOE3
DG 40:4|DG 18:0_22:4(M+NH4)_37.83,DG,abundance_mean,6110255.080535706,1033945.3835694124,A3,APOE3
DG 40:6(M+Na)_37.07,DG,abundance_mean,9284638.768093178,2474979.3449566006,A3,APOE3
DG 40:6|DG 18:0_22:6(M+NH4)_37.07,DG,abundance_mean,41878839.960112,8477579.631909288,A3,APOE3
DG 40:7|DG 18:1_22:6(M+NH4)_35.67,DG,abundance_mean,7746200.079220198,1852190.9130498688,A3,APOE3
DG 45:10(M+Na)_35.54,DG,abundance_mean,3736109.873808023,884672.3650139894,A3,APOE3
DG 47:11(M+Na)_35.67,DG,abundance_mean,18077989.568383064,2979711.3347822246,A3,APOE3
DG 47:12(M+Na)_30.46,DG,abundance_mean,4718511.016042087,818898.2845227678,A3,APOE3
DG 51:9(M+Na)_38.85,DG,abundance_mean,2756267.1088764844,528556.9772636453,A3,APOE3
DG 52:1(M+Na)_42.16,DG,abundance_mean,1173398.6401410084,294862.1114214502,A3,APOE3
DG O-37:1|DG O-19:1_18:0(M+NH4)_37.7,EtherDG,abundance_mean,1433347.3333787068,227098.55167764117,A3,APOE3
DLCL 36:3(M-H)_29.32,DLCL,abundance_mean,638936.0531303667,74396.67875025731,A3,APOE3
DLCL 42:1(M-H)_20.42,DLCL,abundance_mean,1415393.3809940864,263919.0074015594,A3,APOE3
DLCL 42:11(M-H)_29.32,DLCL,abundance_mean,637142.6901456513,82873.99401999316,A3,APOE3
DLCL 44:12(M-H)_29.57,DLCL,abundance_mean,684965.1192065643,94230.94158703934,A3,APOE3
Diisodecyl phthalate (also known as the production of plastic)(M+H)_29.19,Others,abundance_mean,5838630.523577903,687527.7512559247,A3,APOE3
Dioctyl phthalate (also known as the production of plastic)(M+H)_24.1,Others,abundance_mean,14418914.636303335,1500414.339710941,A3,APOE3
FA 18:1(M-H)_22.7,FA,abundance_mean,2393730.690107883,441243.9042369365,A3,APOE3
GM3 36:1;O2(M-H)_30.85,GM3,abundance_mean,283036.64998084743,30559.56627106659,A3,APOE3
HexCer 36:1;O2|HexCer 18:1;O2/18:0(M+H)_34.91,HexCer_NS,abundance_mean,16471520.864888584,2030082.1490051472,A3,APOE3
HexCer 38:1;O2(M+H)_36.69,HexCer_NDS,abundance_mean,9747949.435633125,1261169.6387662804,A3,APOE3
HexCer 38:1;O3|HexCer 18:1;O2/20:0;O(M+H)_36.31,HexCer_HS,abundance_mean,15881620.59390299,2037053.1287701584,A3,APOE3
HexCer 40:1;O2(M+H)_37.58,HexCer_NDS,abundance_mean,42284058.42423938,6068731.610516804,A3,APOE3
HexCer 40:1;O3(M+H)_37.33,HexCer_HS,abundance_mean,154117198.4227094,21614104.571618795,A3,APOE3
HexCer 40:1;O3|HexCer 18:1;O2/22:0;O(M-H)_37.44,HexCer_HS,abundance_mean,11815958.625750773,1378473.2933862086,A3,APOE3
HexCer 40:2;O2|HexCer 18:2;O2/22:0(M+H)_37.44,HexCer_NS,abundance_mean,50300608.12369073,6574739.849022337,A3,APOE3
HexCer 41:1;O3(M+H)_37.7,HexCer_HS,abundance_mean,160298265.13596106,29681170.71902216,A3,APOE3
HexCer 41:1;O3|HexCer 21:1;O2/20:0;O(M-H)_37.71,HexCer_HS,abundance_mean,6949678.01680111,800180.9536730751,A3,APOE3
HexCer 41:2;O2|HexCer 18:1;O2/23:1(M+H)_37.7,HexCer_NS,abundance_mean,39375451.23622181,5706462.017010476,A3,APOE3
HexCer 42:1;O2(M+H)_38.09,HexCer_NDS,abundance_mean,107454040.64535049,19013775.56447416,A3,APOE3
HexCer 42:1;O2(M+H-[H2O])_38.21,HexCer_NDS,abundance_mean,13720836.208974171,2393433.8958200966,A3,APOE3
HexCer 42:1;O3(M+H)_37.97,HexCer_HS,abundance_mean,220604461.14133164,32222268.870004464,A3,APOE3
HexCer 42:1;O3|HexCer 18:1;O2/24:0;O(M-H)_38.08,HexCer_HS,abundance_mean,10245116.92588369,1292908.7312802302,A3,APOE3
HexCer 42:2;O2|HexCer 18:1;O2/24:1(M+H)_37.58,HexCer_NS,abundance_mean,310146895.5325307,46398696.84341516,A3,APOE3
HexCer 42:2;O2|HexCer 18:1;O2/24:1(M+H-[H2O])_37.58,HexCer_NS,abundance_mean,25257092.718464237,3215240.555445348,A3,APOE3
HexCer 42:2;O3|HexCer 18:1;O2/24:1;O(M+H)_37.32,HexCer_HS,abundance_mean,117715150.29675874,14212971.445385884,A3,APOE3
HexCer 42:3;O2|HexCer 18:2;O2/24:1(M+H)_37.32,HexCer_NS,abundance_mean,30661019.695752308,4819049.515702092,A3,APOE3
HexCer 43:1;O3|HexCer 18:1;O2/25:0;O(M+H)_38.24,HexCer_HS,abundance_mean,20275048.20387489,3498084.4733161363,A3,APOE3
HexCer 43:1;O3|HexCer 18:1;O2/25:0;O(M+H-[H2O])_37.83,HexCer_HS,abundance_mean,15524757.486966329,2245502.763076932,A3,APOE3
HexCer 43:2;O3|HexCer 18:1;O2/25:1;O(M+H)_37.7,HexCer_HS,abundance_mean,8126105.907891417,1061737.4406009056,A3,APOE3
LPA 19:5(M-H)_17.24,LPA,abundance_mean,9255346.893144406,2477367.593558072,A3,APOE3
LPC 14:0(M+H)_8.21,LPC,abundance_mean,5382080.478112986,665018.6232649654,A3,APOE3
LPC 14:0/0:0(M+H)_9.86,LPC,abundance_mean,314017.1963404934,183388.51962749532,A3,APOE3
LPC 16:0(M+H)_16.35,LPC,abundance_mean,844174480.3044322,88069034.16426714,A3,APOE3
LPC 16:0/0:0(M+H)_17.11,LPC,abundance_mean,581111159.7525632,58774816.81796787,A3,APOE3
LPC 16:1(M+H)_10.88,LPC,abundance_mean,13197878.197543493,1863431.9716711252,A3,APOE3
LPC 16:1(M+H)_12.53,LPC,abundance_mean,2209638.492602906,648842.4085394755,A3,APOE3
LPC 16:1(M+Na)_10.87,LPC,abundance_mean,502486.7830678401,97141.4517277376,A3,APOE3
LPC 17:0/0:0(M+H)_18.76,LPC,abundance_mean,2909917.469088911,755063.8537416324,A3,APOE3
LPC 17:3(M+H)_20.67,LPC,abundance_mean,5125444.853268228,1001535.6519995856,A3,APOE3
LPC 18:0(M+H)_20.29,LPC,abundance_mean,340749981.284995,38351628.08494098,A3,APOE3
LPC 18:2(M+H)_13.93,LPC,abundance_mean,17177704.003269166,1073738.7070005385,A3,APOE3
LPC 18:2(M+H)_15.2,LPC,abundance_mean,11534489.151566315,2222291.1850281977,A3,APOE3
LPC 18:3(M+H)_16.35,LPC,abundance_mean,53804769.34667767,11561029.407015236,A3,APOE3
LPC 18:3/0:0(M+H)_17.11,LPC,abundance_mean,31380409.56980897,7023715.141925725,A3,APOE3
LPC 19:0/0:0(M+H)_21.81,LPC,abundance_mean,851250.5574596685,91152.64740348508,A3,APOE3
LPC 20:0/0:0(M+H)_23.34,LPC,abundance_mean,1689437.2227628513,382682.0138298955,A3,APOE3
LPC 20:1(M+Na)_20.66,LPC,abundance_mean,1956768.5826654525,366556.46290747327,A3,APOE3
LPC 20:3(M+H)_15.97,LPC,abundance_mean,6759489.511828162,2335146.0387025373,A3,APOE3
LPC 20:4(M+H)_14.06,LPC,abundance_mean,231513143.02298197,25206177.99616556,A3,APOE3
LPC 20:5(M+H)_9.86,LPC,abundance_mean,262459.27530031704,75303.90850763765,A3,APOE3
LPC 22:0/0:0(M+H)_26.39,LPC,abundance_mean,1090925.2102964818,132260.90658294756,A3,APOE3
LPC 22:1(M+H)_23.46,LPC,abundance_mean,1541783.9877473789,269412.8950519122,A3,APOE3
LPC 22:4(M+H)_17.49,LPC,abundance_mean,23932328.830537565,3182345.5299666324,A3,APOE3
LPC 22:6(M+H)_13.81,LPC,abundance_mean,218982444.22374865,27533292.960388143,A3,APOE3
LPC 22:6(M+Na)_13.8,LPC,abundance_mean,8555243.439718844,1243485.8292298082,A3,APOE3
LPC 22:6(M+Na)_14.81,LPC,abundance_mean,7401229.740155419,1165561.1630251396,A3,APOE3
LPC 24:1(M+H)_25.76,LPC,abundance_mean,976705.927689263,193317.62189728825,A3,APOE3
LPC 24:4(M+H)_19.65,LPC,abundance_mean,1552340.0945298178,194964.898154518,A3,APOE3
LPC O-16:0(M+H)_18.25,EtherLPC,abundance_mean,8545365.912750533,1028488.9927238316,A3,APOE3
LPE 15:0(M-H)_14.57,LPE,abundance_mean,2149352.597431381,227114.47104028845,A3,APOE3
LPE 16:0(M+H)_16.48,LPE,abundance_mean,24521439.172451477,6207976.419158488,A3,APOE3
LPE 16:0(M-H)_16.48,LPE,abundance_mean,3946345.310201381,563125.0760022902,A3,APOE3
LPE 16:1(M+H)_10.62,LPE,abundance_mean,2581437.975091732,457118.9179291045,A3,APOE3
LPE 16:1(M+H)_12.41,LPE,abundance_mean,332333.1532446554,92995.4089053971,A3,APOE3
LPE 16:1(M-H)_10.63,LPE,abundance_mean,1280412.221550956,148881.17963102963,A3,APOE3
LPE 16:1(M-H)_12.53,LPE,abundance_mean,77921.09804608111,8793.6729846201,A3,APOE3
LPE 18:0(M+H)_20.67,LPE,abundance_mean,55743460.23576409,5952458.460670173,A3,APOE3
LPE 18:0(M-H)_20.68,LPE,abundance_mean,40793332.11315451,5025311.304765175,A3,APOE3
LPE 18:1(M+H)_17.49,LPE,abundance_mean,157351377.68486348,26335695.909560647,A3,APOE3
LPE 18:1(d7)(M-H)_17.37,LPE,abundance_mean,4699336.651760877,618693.0977950265,A3,APOE3
LPE 18:2(M+H)_13.95,LPE,abundance_mean,2131748.9275037204,330106.37339882494,A3,APOE3
LPE 18:2(M-H)_14.06,LPE,abundance_mean,803736.0149554767,70182.06295312595,A3,APOE3
LPE 18:2(M-H)_15.34,LPE,abundance_mean,392165.98231970175,59689.03849209053,A3,APOE3
LPE 19:1(M-H)_19.02,LPE,abundance_mean,747795.8211232714,103832.15450918653,A3,APOE3
LPE 20:0(M+H)_23.21,LPE,abundance_mean,1515836.2256211864,789995.914124752,A3,APOE3
LPE 20:0(M-H)_23.22,LPE,abundance_mean,687603.8893331969,258225.40204230504,A3,APOE3
LPE 20:1(M+H)_20.41,LPE,abundance_mean,81546346.58784735,14265769.223542774,A3,APOE3
LPE 20:2(M+H)_18.5,LPE,abundance_mean,5302369.306067467,1234511.486340815,A3,APOE3
LPE 20:2(M-H)_18.51,LPE,abundance_mean,2216139.316895541,233763.13379824848,A3,APOE3
LPE 20:3(M+H)_16.35,LPE,abundance_mean,5973197.126332225,1380959.7472535828,A3,APOE3
LPE 20:3(M+H)_17.36,LPE,abundance_mean,2022519.278658024,473254.0235024311,A3,APOE3
LPE 20:3(M-H)_16.35,LPE,abundance_mean,2452996.779202383,772906.0588161438,A3,APOE3
LPE 20:4(M+H)_14.19,LPE,abundance_mean,187097379.04386115,29186406.93252519,A3,APOE3
LPE 20:4(M-H)_14.19,LPE,abundance_mean,76277698.04541552,7233140.18052818,A3,APOE3
LPE 20:5(M+H)_9.61,LPE,abundance_mean,882053.8269582577,162641.20043102314,A3,APOE3
LPE 20:5(M-H)_9.74,LPE,abundance_mean,377782.16511806106,45908.9677889962,A3,APOE3
LPE 21:1(M-H)_21.82,LPE,abundance_mean,252110.26696736767,34145.499831550485,A3,APOE3
LPE 22:1(M+H)_23.34,LPE,abundance_mean,3324622.1089400672,671626.3812830409,A3,APOE3
LPE 22:1(M-H)_23.35,LPE,abundance_mean,1391172.247064767,199283.7455696955,A3,APOE3
LPE 22:2(M-H)_21.19,LPE,abundance_mean,755722.9695814869,96141.27264345207,A3,APOE3
LPE 22:3(M-H)_19.64,LPE,abundance_mean,199168.2528309116,105884.17402868829,A3,APOE3
LPE 22:4(M+H)_17.74,LPE,abundance_mean,152135778.75203922,23461958.27777112,A3,APOE3
LPE 22:5(M+H)_15.59,LPE,abundance_mean,9098345.797889631,1738039.5989388512,A3,APOE3
LPE 22:6(M-H)_13.94,LPE,abundance_mean,191239507.06860545,18810231.26512764,A3,APOE3
LPE 23:1(M-H)_24.73,LPE,abundance_mean,182465.1146806455,23108.919911896417,A3,APOE3
LPE 24:1(M+H)_26.26,LPE,abundance_mean,389212.8708683502,72312.23732254647,A3,APOE3
LPE 24:1(M-H)_26.27,LPE,abundance_mean,196104.6374136396,30789.572018891828,A3,APOE3
LPE 24:4(M+H)_20.03,LPE,abundance_mean,4121012.816818556,592319.8904523246,A3,APOE3
LPE 24:4(M-H)_20.04,LPE,abundance_mean,2198004.86284013,247694.41248781173,A3,APOE3
LPE 24:5(M+H)_18.76,LPE,abundance_mean,3352630.416315978,889922.6220085977,A3,APOE3
LPE 24:5(M-H)_18.77,LPE,abundance_mean,1111329.335062204,146878.8115911012,A3,APOE3
LPE 24:6(M+H)_17.24,LPE,abundance_mean,2412294.9207674856,500006.6863519905,A3,APOE3
LPE 24:6(M-H)_17.24,LPE,abundance_mean,1542927.976100613,196627.5509103193,A3,APOE3
LPE O-16:0(M-H)_18.64,EtherLPE,abundance_mean,1871875.430000118,261274.52151961235,A3,APOE3
LPE O-18:0(M+H)_22.07,EtherLPE,abundance_mean,2158106.301527206,235723.62497236583,A3,APOE3
LPE O-18:0(M-H)_22.08,EtherLPE,abundance_mean,1761803.9041070729,229558.22514453388,A3,APOE3
LPE P-18:1(M+H)_20.67,EtherLPE,abundance_mean,2037915.3529129224,211055.01459300157,A3,APOE3
LPG 15:0(M-H)_9.35,LPG,abundance_mean,5417773.980614155,538538.0658468863,A3,APOE3
LPG 16:0(M-H)_14.06,LPG,abundance_mean,963212.1876845042,157820.8734388518,A3,APOE3
LPG 18:1(M-H)_14.19,LPG,abundance_mean,1374213.3082458284,233375.0656559172,A3,APOE3
LPG 20:4(M-H)_9.36,LPG,abundance_mean,293971.81913262367,37637.44684287505,A3,APOE3
LPG 22:6(M-H)_9.36,LPG,abundance_mean,647891.4583477296,186240.88868696557,A3,APOE3
LPG O-20:1(M-H)_20.17,EtherLPG,abundance_mean,1288317.7928940584,220839.2564564017,A3,APOE3
LPI 15:0(M-H)_6.82,LPI,abundance_mean,7228149.249907638,666456.7208911927,A3,APOE3
LPI 16:0(M-H)_10.25,LPI,abundance_mean,1153402.839058555,151749.52100495115,A3,APOE3
LPI 18:0(M-H)_17.62,LPI,abundance_mean,12367323.10449494,1531011.7323868845,A3,APOE3
LPI 20:4(M-H)_6.83,LPI,abundance_mean,18534136.05122352,3106625.1067834683,A3,APOE3
LPI 22:6(M-H)_6.95,LPI,abundance_mean,1898196.4405254005,405059.9458507836,A3,APOE3
LPS 15:0(M-H)_6.95,LPS,abundance_mean,2911619.465520256,259131.87067245936,A3,APOE3
LPS 18:0(M-H)_17.75,LPS,abundance_mean,27456146.012985725,3698760.163787765,A3,APOE3
LPS 18:1(M-H)_11.26,LPS,abundance_mean,8942071.637865048,1302291.9752178914,A3,APOE3
LPS 18:1(M-H)_13.43,LPS,abundance_mean,3294785.870203762,713032.5014026256,A3,APOE3
LPS 20:4(M-H)_7.08,LPS,abundance_mean,1314605.9040631598,195154.53190825123,A3,APOE3
LPS 22:4(M-H)_13.18,LPS,abundance_mean,378205.24470872176,93807.18773806038,A3,APOE3
LPS 22:4(M-H)_14.57,LPS,abundance_mean,10737254.545131307,4966281.769220864,A3,APOE3
LPS 22:6(M-H)_7.08,LPS,abundance_mean,28983914.37828436,5348392.198466415,A3,APOE3
MG 38:1(M+NH4)_38.98,MG,abundance_mean,1924677.075309191,399156.4062143781,A3,APOE3
MGDG 36:1|MGDG 16:0_20:1(M+NH4)_36.82,MGDG,abundance_mean,17222418.055344254,3530353.391674813,A3,APOE3
MMPE 42:2|MMPE 20:1_22:1(M-H)_37.19,MMPE,abundance_mean,2293404.450003864,262485.5155910638,A3,APOE3
NAE 16:0(M+H)_19.66,NAE,abundance_mean,5528824.068227007,1514050.6091058622,A3,APOE3
NAE 18:0(M+H)_22.83,NAE,abundance_mean,7693761.870377028,2671835.738268003,A3,APOE3
NAE 18:1(M+H)_20.16,NAE,abundance_mean,1488171.041330303,223844.06156408915,A3,APOE3
NAE 26:5(M+H)_22.33,NAE,abundance_mean,3099526.722149296,786063.9602834765,A3,APOE3
PA 33:1(d7)|PA 15:0_18:1(d7)(M-H)_33.5,PA,abundance_mean,6929495.202035209,494618.8968375291,A3,APOE3
PA 33:1(d7)|PA 15:0_18:1(d7)(M-H)_35.55,PA,abundance_mean,6135077.168872774,397935.8163545675,A3,APOE3
PA 33:1(d7)|PA 15:0_18:1(d7)(M-H)_41.65,PA,abundance_mean,3976389.9765554834,280558.1246650005,A3,APOE3
PC 22:0(M+H)_22.96,PC,abundance_mean,1005860.0869689548,321516.19596762944,A3,APOE3
PC 23:0(M+H)_23.47,PC,abundance_mean,497737.8190578293,165190.89099674433,A3,APOE3
PC 30:0|PC 14:0_16:0(M+H)_31.98,PC,abundance_mean,98746882.4861202,18379553.877580825,A3,APOE3
PC 31:0|PC 15:0_16:0(M+H)_33.12,PC,abundance_mean,41784782.19094942,7010163.961084709,A3,APOE3
PC 31:2(M+H)_33.12,PC,abundance_mean,7905223.69497206,2417149.8420456406,A3,APOE3
PC 32:0|PC 16:0_16:0(M+H)_34.14,PC,abundance_mean,833556435.9617414,158108398.42818838,A3,APOE3
PC 32:1|PC 16:0_16:1(M+H)_32.24,PC,abundance_mean,285757932.8898209,59320305.57308663,A3,APOE3
PC 32:2(M+H)_30.34,PC,abundance_mean,3592211.051780639,990131.110364056,A3,APOE3
PC 33:0|PC 16:0_17:0(M+H)_35.16,PC,abundance_mean,52649136.20989416,8406495.58475553,A3,APOE3
PC 33:1(d7)|PC 15:0_18:1(d7)(M+H)_33.25,PC,abundance_mean,91069545.65740424,11081148.277513083,A3,APOE3
PC 33:1|PC 16:0_17:1(M+H)_33.38,PC,abundance_mean,23557149.30015747,7909679.760864793,A3,APOE3
PC 34:0|PC 16:0_18:0(M+H)_36.17,PC,abundance_mean,661439697.232588,118224489.66213591,A3,APOE3
PC 34:1(M+H)_34.4,PC,abundance_mean,1218088616.324885,262351710.4753244,A3,APOE3
PC 34:2|PC 16:1_18:1(M+H)_32.74,PC,abundance_mean,230874779.2578282,42994848.87213776,A3,APOE3
PC 34:3(M+H)_30.59,PC,abundance_mean,42006606.958793975,5544223.504310043,A3,APOE3
PC 34:4(M+H)_30.48,PC,abundance_mean,4783184.629298305,1008646.7000890834,A3,APOE3
PC 35:0|PC 16:0_19:0(M+H)_36.69,PC,abundance_mean,7594197.95840364,2403398.686785297,A3,APOE3
PC 35:1|PC 17:0_18:1(M+H)_35.29,PC,abundance_mean,78133919.13494372,15451461.904543629,A3,APOE3
PC 35:2(M+H)_33.63,PC,abundance_mean,14194584.176354032,3796112.509014697,A3,APOE3
PC 36:1|PC 9:0_27:1(M+H)_36.3,PC,abundance_mean,1134740374.9342084,229170484.60099903,A3,APOE3
PC 36:2|PC 18:1_18:1(M+H)_34.65,PC,abundance_mean,274726123.9622662,69716033.02973247,A3,APOE3
PC 36:3(M+H)_32.49,PC,abundance_mean,224816256.5984092,53926077.010577776,A3,APOE3
PC 36:4|PC 18:2_18:2(M+H)_32.36,PC,abundance_mean,769847326.8588578,150727828.9497394,A3,APOE3
PC 36:6(M+H)_29.44,PC,abundance_mean,1100846.5498974705,404109.3369721432,A3,APOE3
PC 37:4|PC 17:0_20:4(M+H)_33.51,PC,abundance_mean,3089422.4567857464,2875710.033412843,A3,APOE3
PC 38:1(M+H)_37.2,PC,abundance_mean,103482952.8144112,21664764.84079732,A3,APOE3
PC 38:2|PC 18:1_20:1(M+H)_36.31,PC,abundance_mean,71659135.08277158,18958062.19854499,A3,APOE3
PC 38:3|PC 18:0_20:3(M+H)_35.28,PC,abundance_mean,99506123.9675986,18384046.88491289,A3,APOE3
PC 38:4|PC 16:0_22:4(M+H)_34.64,PC,abundance_mean,307369737.6128541,56289118.17412581,A3,APOE3
PC 38:5|PC 18:0_20:5(M+H)_32.61,PC,abundance_mean,344058431.79921305,74804592.41952465,A3,APOE3
PC 38:6(M+H)_31.74,PC,abundance_mean,798304150.8906612,180259289.6063873,A3,APOE3
PC 38:7|PC 16:1_22:6(M+H)_29.81,PC,abundance_mean,5426567.980848081,2021328.1320136895,A3,APOE3
PC 38:7|PC 18:3_20:4(M+H)_32.36,PC,abundance_mean,14401975.83578101,3497172.4041282623,A3,APOE3
PC 39:6|PC 17:0_22:6(M+H)_32.87,PC,abundance_mean,10535507.23474704,2001285.8093842536,A3,APOE3
PC 40:1(M+H)_37.96,PC,abundance_mean,24409230.53209925,3899045.815523267,A3,APOE3
PC 40:2|PC 20:1_20:1(M+H)_37.2,PC,abundance_mean,18547616.81719702,3306557.8957708576,A3,APOE3
PC 40:4(M+H)_35.91,PC,abundance_mean,85212450.53325564,16051588.710964786,A3,APOE3
PC 40:6(M+Na)_33.99,PC,abundance_mean,6475269.161764051,1622078.9187336308,A3,APOE3
PC 40:6|PC 18:0_22:6(M+H)_33.89,PC,abundance_mean,459928257.7486393,77802042.67834093,A3,APOE3
PC 40:7(M+Na)_31.98,PC,abundance_mean,2448472.787486972,979948.198786912,A3,APOE3
PC 40:7|PC 18:1_22:6(M+H)_31.98,PC,abundance_mean,175945891.18536952,38898961.99956025,A3,APOE3
PC 40:8|PC 18:2_22:6(M+H)_30.21,PC,abundance_mean,59286880.80274389,7805162.683550441,A3,APOE3
PC 40:9|PC 18:3_22:6(M+H)_31.86,PC,abundance_mean,12113575.596403329,3092826.1594168115,A3,APOE3
PC 41:1(M+H)_38.24,PC,abundance_mean,10066349.020044217,1700378.6492738363,A3,APOE3
PC 42:10(M+H)_29.7,PC,abundance_mean,24078105.516319904,6084003.836105293,A3,APOE3
PC 42:1|PC 24:0_18:1(M+H)_38.47,PC,abundance_mean,20462042.84500968,3709694.8183529032,A3,APOE3
PC 42:2|PC 18:1_24:1(M+H)_37.96,PC,abundance_mean,18002204.509404976,2996085.160257757,A3,APOE3
PC 42:4(M+H)_36.94,PC,abundance_mean,5952735.163215137,1185457.539246122,A3,APOE3
PC 42:7(M+H)_33.89,PC,abundance_mean,9567335.83076248,1834639.076522361,A3,APOE3
PC 42:7(M+H)_35.91,PC,abundance_mean,974404.8976057288,700400.2337135802,A3,APOE3
PC 42:9(M+H)_30.84,PC,abundance_mean,2576965.108098363,1112812.1742844004,A3,APOE3
PC 43:1(M+H)_38.72,PC,abundance_mean,2352126.747024468,401214.4310713894,A3,APOE3
PC 44:10(M+H)_31.47,PC,abundance_mean,18523017.49213836,5809563.757539445,A3,APOE3
PC 44:12|PC 22:6_22:6(M+H)_29.19,PC,abundance_mean,27201135.834533133,7490534.460570169,A3,APOE3
PC 52:4(M+H)_39.35,PC,abundance_mean,3230949.56060622,772279.8138523614,A3,APOE3
PC 52:5(M+H)_38.98,PC,abundance_mean,2371003.04620733,564170.7497909996,A3,APOE3
PC 54:6(M+H)_39.1,PC,abundance_mean,3449986.789884338,862837.8733238808,A3,APOE3
PC O-32:0|PC O-16:0_16:0(M+H)_35.54,EtherPC,abundance_mean,59441069.38247243,10478496.814208902,A3,APOE3
PC O-34:0|PC O-18:0_16:0(M+H)_36.94,EtherPC,abundance_mean,54850217.59734425,7316999.646215897,A3,APOE3
PC O-34:1|PC O-18:1_16:0(M+H)_35.54,EtherPC,abundance_mean,128812923.79345104,21147814.856603928,A3,APOE3
PC O-34:2|PC O-15:2_19:0(M+H)_34.52,EtherPC,abundance_mean,3830176.509814345,699901.1422402785,A3,APOE3
PC O-35:4|PC O-13:0_22:4(M+H)_35.8,EtherPC,abundance_mean,8878195.662317175,1543783.7314689683,A3,APOE3
PC O-36:4|PC O-16:0_20:4(M+H)_33.76,EtherPC,abundance_mean,12934531.05328258,2085474.82430191,A3,APOE3
PC O-37:5(M+H)_35.8,EtherPC,abundance_mean,12597480.13436918,2088008.994108713,A3,APOE3
PC O-38:1(M+H)_37.58,EtherPC,abundance_mean,40609299.21563422,8344722.176251928,A3,APOE3
PC O-38:6|PC O-16:0_22:6(M+H)_33.12,EtherPC,abundance_mean,8537846.460959261,1578632.6894764325,A3,APOE3
PC O-40:11(M+H)_16.6,EtherPC,abundance_mean,4150151.1000174326,1917009.6225947004,A3,APOE3
PC O-40:1|PC O-15:1_25:0(M+H)_38.09,EtherPC,abundance_mean,48140235.92754623,8852727.73712903,A3,APOE3
PC O-41:5(M+H)_37.82,EtherPC,abundance_mean,18841514.579713147,3275984.229357077,A3,APOE3
PE 21:0(M+H)_22.58,PE,abundance_mean,430166.3463945154,125330.3510089768,A3,APOE3
PE 32:0|PE 16:0_16:0(M+H)_34.78,PE,abundance_mean,1318388.5447151142,499397.32117647777,A3,APOE3
PE 33:1(d7)|PE 15:0_18:1(d7)(M+H)_33.76,PE,abundance_mean,113035036.55915152,13067665.060336277,A3,APOE3
PE 33:1(d7)|PE 15:0_18:1(d7)(M-H)_33.77,PE,abundance_mean,24317224.10862669,2438404.238377792,A3,APOE3
PE 34:0|PE 16:0_18:0(M-H)_36.57,PE,abundance_mean,2703001.246516382,665805.7797259068,A3,APOE3
PE 34:1|PE 16:0_18:1(M+H)_34.9,PE,abundance_mean,64367990.99905457,12688694.16228295,A3,APOE3
PE 34:1|PE 16:0_18:1(M-H)_34.91,PE,abundance_mean,16573926.484661143,2140238.3718486363,A3,APOE3
PE 36:1|PE 18:0_18:1(M+H)_36.56,PE,abundance_mean,98347977.84728758,16902106.641460393,A3,APOE3
PE 36:1|PE 18:0_18:1(M-H)_36.57,PE,abundance_mean,29170497.08990665,2913853.4911310216,A3,APOE3
PE 36:2|PE 18:1_18:1(M+H)_35.03,PE,abundance_mean,67437010.11731595,15198693.052520918,A3,APOE3
PE 36:2|PE 18:1_18:1(M-H)_35.04,PE,abundance_mean,13823695.126791684,1578004.3519347946,A3,APOE3
PE 36:3|PE 18:1_18:2(M-H)_33.14,PE,abundance_mean,4053795.878416097,735415.5852984576,A3,APOE3
PE 36:4|PE 16:0_20:4(M+H)_32.99,PE,abundance_mean,56078510.910844944,10840675.58400503,A3,APOE3
PE 36:4|PE 16:0_20:4(M-H)_32.88,PE,abundance_mean,11576211.235591795,1407762.8528319197,A3,APOE3
PE 36:5(M+H)_30.97,PE,abundance_mean,1736410.8417590235,436095.7403827683,A3,APOE3
PE 38:1|PE 18:0_20:1(M-H)_37.46,PE,abundance_mean,727404.8962625648,146755.7996390638,A3,APOE3
PE 38:2|PE 18:1_20:1(M-H)_36.57,PE,abundance_mean,3963613.243817174,902724.4002318536,A3,APOE3
PE 38:4|PE 18:0_20:4(M+H)_35.03,PE,abundance_mean,263362716.06164628,48343525.47637984,A3,APOE3
PE 38:4|PE 18:0_20:4(M-H)_35.04,PE,abundance_mean,78249162.73209801,8182930.834219002,A3,APOE3
PE 38:5|PE 18:1_20:4(M+H)_33.12,PE,abundance_mean,73624455.18118887,20991746.031047314,A3,APOE3
PE 38:5|PE 18:1_20:4(M-H)_33.13,PE,abundance_mean,54319820.1545177,11472333.506708607,A3,APOE3
PE 38:6|PE 16:0_22:6(M+H)_32.36,PE,abundance_mean,190112231.9581588,40263219.60712801,A3,APOE3
PE 38:6|PE 16:0_22:6(M-H)_32.37,PE,abundance_mean,106854336.83049384,18744056.21197777,A3,APOE3
PE 38:7|PE 16:1_22:6(M+H)_30.35,PE,abundance_mean,1246174.9274218967,383171.6630240007,A3,APOE3
PE 39:6(M+H)_33.51,PE,abundance_mean,5600760.405529726,996983.0279797864,A3,APOE3
PE 40:1|PE 18:0_22:1(M-H)_36.69,PE,abundance_mean,2264963.6315534227,252037.7512040903,A3,APOE3
PE 40:4|PE 18:0_22:4(M+H)_36.3,PE,abundance_mean,38548908.13845078,6817237.038283418,A3,APOE3
PE 40:4|PE 18:0_22:4(M-H)_36.31,PE,abundance_mean,15942703.372293266,1653415.4495746335,A3,APOE3
PE 40:6|PE 18:0_22:6(M+H)_34.63,PE,abundance_mean,281159678.9665795,51909632.06446801,A3,APOE3
PE 40:6|PE 18:0_22:6(M-H)_34.53,PE,abundance_mean,94049284.4509104,10544366.964068905,A3,APOE3
PE 40:7(M+H)_32.5,PE,abundance_mean,55729351.62736384,12375510.275572382,A3,APOE3
PE 40:7|PE 18:1_22:6(M-H)_32.62,PE,abundance_mean,12045479.421810009,1405973.744452031,A3,APOE3
PE 44:10(M+H)_32.09,PE,abundance_mean,23688583.658618867,5733341.643836565,A3,APOE3
PE 44:12|PE 22:6_22:6(M+H)_29.7,PE,abundance_mean,7035551.731523582,2359786.571501415,A3,APOE3
PE 44:12|PE 22:6_22:6(M-H)_29.7,PE,abundance_mean,1507339.4315850728,366901.4933963595,A3,APOE3
PE O-34:1(M+H)_36.05,EtherPE,abundance_mean,3559771.6397545678,730066.8390361819,A3,APOE3
PE O-34:1|PE O-18:1_16:0(M-H)_36.06,EtherPE,abundance_mean,1723777.076555319,206840.58816413177,A3,APOE3
PE O-36:2|PE O-18:1_18:1(M-H)_37.2,EtherPE,abundance_mean,496483.236198987,57822.855483604166,A3,APOE3
PE O-37:3|PE O-22:3_15:0(M-H)_30.59,EtherPE,abundance_mean,56678127.214906216,4288796.914481515,A3,APOE3
PE O-38:4|PE O-16:0_22:4(M-H)_35.8,EtherPE,abundance_mean,2235187.6581117413,259001.91473692743,A3,APOE3
PE O-38:6|PE O-16:0_22:6(M-H)_33.77,EtherPE,abundance_mean,4061532.4794317847,534126.3565900474,A3,APOE3
PE O-40:4|PE O-18:0_22:4(M-H)_37.08,EtherPE,abundance_mean,3503792.1595410053,409857.9785351518,A3,APOE3
PE O-40:6|PE O-18:0_22:6(M-H)_35.8,EtherPE,abundance_mean,5507678.136615007,778616.7309584072,A3,APOE3
PE O-40:7|PE O-18:1_22:6(M-H)_35.53,EtherPE,abundance_mean,1343481.9199203649,170549.359845989,A3,APOE3
PE P-38:5|PE P-18:1_20:4(M+H)_33.76,EtherPE,abundance_mean,23367725.357185517,4428696.204177743,A3,APOE3
PE P-40:5(M+H)_35.8,EtherPE,abundance_mean,23843582.332112424,4619746.03667893,A3,APOE3
PG 32:0|PG 16:0_16:0(M-H)_31.61,PG,abundance_mean,456991.3642097504,74456.28958008943,A3,APOE3
PG 33:1(d7)|PG 15:0_18:1(d7)(M+NH4)_30.59,PG,abundance_mean,70379034.31000777,13002118.75824966,A3,APOE3
PG 34:1|PG 16:0_18:1(M-H)_31.73,PG,abundance_mean,1551842.361982213,212146.1383765272,A3,APOE3
PG 38:2|PG 18:1_20:1(M-H)_35.67,PG,abundance_mean,1032681.8830118756,139632.1710354667,A3,APOE3
PG 44:12|PG 22:6_22:6(M-H)_25.5,PG,abundance_mean,1095101.9645334466,359113.921634674,A3,APOE3
PI 32:0|PI 16:0_16:0(M-H)_31.24,PI,abundance_mean,606935.0727230246,70037.26267285047,A3,APOE3
PI 33:1(d7)|PI 15:0_18:1(d7)(M+NH4)_30.2,PI,abundance_mean,41990868.39542096,4925404.644843621,A3,APOE3
PI 33:1(d7)|PI 15:0_18:1(d7)(M-H)_30.21,PI,abundance_mean,67791709.39287516,5149891.048328102,A3,APOE3
PI 33:1(d7)|PI 15:0_18:1(d7)(M-H)_33.26,PI,abundance_mean,6890706.098869327,972660.056816611,A3,APOE3
PI 36:4(M+NH4)_29.44,PI,abundance_mean,10353356.995937685,2312451.156554093,A3,APOE3
PI 36:4|PI 16:0_20:4(M-H)_29.32,PI,abundance_mean,8284903.529234684,1078142.0473653332,A3,APOE3
PI 38:4(M+NH4)_31.6,PI,abundance_mean,50620390.12879549,11176525.338729424,A3,APOE3
PI 38:4|PI 18:0_20:4(M-H)_31.61,PI,abundance_mean,33008479.152818028,3509930.946047994,A3,APOE3
PI 38:5(M+NH4)_29.57,PI,abundance_mean,10226670.788394911,2340148.226311336,A3,APOE3
PI 38:5|PI 18:1_20:4(M-H)_29.57,PI,abundance_mean,7939116.735888766,1123736.7452424152,A3,APOE3
PI 38:6(M+NH4)_28.82,PI,abundance_mean,2475371.9711473547,706713.0438489255,A3,APOE3
PI 40:6(M+NH4)_31.09,PI,abundance_mean,4928896.027427756,1073764.3987671265,A3,APOE3
PI 40:6|PI 18:0_22:6(M-H)_31.1,PI,abundance_mean,2985908.4587667314,439421.8524477893,A3,APOE3
PS 33:1(d7)|PS 15:0_18:1(d7)(M-H)_30.57,PS,abundance_mean,29845604.8984434,1633657.3926784918,A3,APOE3
PS 34:1(M+H)_31.73,PS,abundance_mean,9300006.400330923,3058509.262760496,A3,APOE3
PS 36:0;O3|PS 18:0_18:0;O3(M-H)_32.12,OxPS,abundance_mean,6051337.211699202,1530988.5091647354,A3,APOE3
PS 36:1|PS 18:0_18:1(M+H)_33.76,PS,abundance_mean,45484394.85356664,10959526.973734291,A3,APOE3
PS 36:1|PS 18:0_18:1(M-H)_33.77,PS,abundance_mean,18274542.05478905,2161621.205823641,A3,APOE3
PS 36:2|PS 18:1_18:1(M+H)_31.98,PS,abundance_mean,52701834.029389024,18098652.31867279,A3,APOE3
PS 36:2|PS 18:1_18:1(M-H)_32.12,PS,abundance_mean,13448726.001985714,2419191.168690076,A3,APOE3
PS 38:4(M+H)_31.99,PS,abundance_mean,22189621.82481848,6140094.013268204,A3,APOE3
PS 38:4|PS 18:0_20:4(M-H)_32.24,PS,abundance_mean,7356851.310823295,1289599.3251354548,A3,APOE3
PS 38:5(M+H)_29.95,PS,abundance_mean,3158760.208759852,1020187.319469292,A3,APOE3
PS 38:5;O3|PS 18:0_20:5;O3(M-H)_31.35,OxPS,abundance_mean,2690880.7100420687,280523.9764614166,A3,APOE3
PS 38:6(M+H)_29.06,PS,abundance_mean,2858240.410711076,705623.1454133358,A3,APOE3
PS 38:6|PS 16:0_22:6(M-H)_29.19,PS,abundance_mean,805917.9268355997,202890.7606530924,A3,APOE3
PS 40:4|PS 18:0_22:4(M+H)_33.5,PS,abundance_mean,27621307.74291502,6286751.9707879005,A3,APOE3
PS 40:4|PS 18:0_22:4(M-H)_33.38,PS,abundance_mean,10087078.50176724,1738921.9607520022,A3,APOE3
PS 40:6(M+Na)_31.34,PS,abundance_mean,8455972.505773477,2013508.5259258908,A3,APOE3
PS 40:6|PS 18:0_22:6(M+H)_31.35,PS,abundance_mean,301878379.4763855,76784249.11718196,A3,APOE3
PS 40:6|PS 18:0_22:6(M-H)_31.35,PS,abundance_mean,111475148.71467648,12805265.710343374,A3,APOE3
PS 40:6|PS 18:0_22:6(M-H)_35.17,PS,abundance_mean,5055928.49740692,543916.1618548691,A3,APOE3
PS 40:7(M+H)_29.32,PS,abundance_mean,7499393.931165794,2018990.363988045,A3,APOE3
PS 40:7|PS 18:1_22:6(M-H)_29.32,PS,abundance_mean,1722721.7136945631,284611.8629063127,A3,APOE3
PS 42:10|PS 20:4_22:6(M-H)_27.15,PS,abundance_mean,271310.185289465,54572.07332305906,A3,APOE3
PS 42:11;O3|PS 22:6_20:5;O3(M-H)_26.52,OxPS,abundance_mean,236709.41202539057,51488.99330177088,A3,APOE3
PS 44:10|PS 22:4_22:6(M+H)_28.81,PS,abundance_mean,5746774.97355477,1488961.6556934053,A3,APOE3
PS 44:12|PS 22:6_22:6(M+H)_26.51,PS,abundance_mean,4229618.957738495,1344766.4349586284,A3,APOE3
PS 44:12|PS 22:6_22:6(M-H)_26.52,PS,abundance_mean,1729217.437242753,439137.4324928742,A3,APOE3
SM 30:5;O3(M+H)_21.68,SM,abundance_mean,6051047.071163534,1519616.8011516617,A3,APOE3
SM 34:1;O2|SM 18:1;O2/16:0(M+H)_32.11,SM,abundance_mean,77784048.29237382,12297254.40375254,A3,APOE3
SM 34:1;O3(M+H)_31.22,SM,abundance_mean,1783988.7749187776,387072.5834508276,A3,APOE3
SM 34:2;O2(M+H)_30.08,SM,abundance_mean,1827626.0300557765,449726.2890683233,A3,APOE3
SM 35:1;O2(M+H)_33.25,SM,abundance_mean,6819549.496412517,1029904.014881664,A3,APOE3
SM 36:0;O3(M+H)_36.94,SM,abundance_mean,32947215.64758621,4487865.30416847,A3,APOE3
SM 36:1;O2|SM 18:1;O2/18:0(M+H)_34.4,SM,abundance_mean,179060691.4525679,31151863.88925112,A3,APOE3
SM 36:2;O2(M+H)_32.49,SM,abundance_mean,74499351.30536713,13935243.418096628,A3,APOE3
SM 37:4;O3(M+H)_30.58,SM,abundance_mean,93020378.46231592,11415211.589233316,A3,APOE3
SM 38:1;O2|SM 20:1;O2/18:0(M+H)_36.3,SM,abundance_mean,52584229.05103229,9373246.839541806,A3,APOE3
SM 40:1;O2|SM 18:1;O2/22:0(M+H)_37.45,SM,abundance_mean,50221281.79420707,8207520.86441583,A3,APOE3
SM 40:2;O2(M+H)_36.43,SM,abundance_mean,11405056.863964653,2918625.2650068877,A3,APOE3
SM 40:7;O2(M+H)_27.67,SM,abundance_mean,5927324.70206252,2012947.825494598,A3,APOE3
SM 42:2;O2|SM 18:1;O2/24:1(M+H)_37.32,SM,abundance_mean,172805233.7308329,24935663.77417256,A3,APOE3
SM 42:3;O2|SM 18:1;O2/24:2(M+H)_36.43,SM,abundance_mean,9028701.339130744,1473707.9992962717,A3,APOE3
SM 43:4;O2(M+H)_24.36,SM,abundance_mean,2251101.572694221,676618.0291686999,A3,APOE3
ST 27:1;O(M+H-[H2O])_32.24,ST,abundance_mean,15884661.24912612,2582203.301882372,A3,APOE3
ST 27:2;O(M+H)_31.1,ST,abundance_mean,12509003.23217072,1834434.5312452088,A3,APOE3
ST 27:2;O(M+H-[H2O])_28.3,ST,abundance_mean,7577920.36991528,1690437.2074862414,A3,APOE3
TG 48:0|TG 16:0_16:0_16:0(M+NH4)_40.75,TG,abundance_mean,10285057.993204698,2517229.113719807,A3,APOE3
TG 48:1(d7)|TG 15:0_18:1(d7)_15:0(M+NH4)_40.24,TG,abundance_mean,39519012.17149144,4972011.55365377,A3,APOE3
TG 48:2|TG 16:0_16:1_16:1(M+NH4)_39.76,TG,abundance_mean,6096845.253053645,931906.3426892963,A3,APOE3
TG 50:0|TG 16:0_16:0_18:0(M+NH4)_41.26,TG,abundance_mean,23794000.718817838,5656215.663638306,A3,APOE3
TG 50:1|TG 16:0_16:0_18:1(M+NH4)_40.63,TG,abundance_mean,31439252.453853138,6308114.075065589,A3,APOE3
TG 50:2|TG 16:0_16:1_18:1(M+NH4)_40.24,TG,abundance_mean,32511918.78917067,6335627.480022176,A3,APOE3
TG 50:3|TG 16:0_16:1_18:2(M+NH4)_39.86,TG,abundance_mean,19899081.20053628,4147355.349099789,A3,APOE3
TG 50:4|TG 16:1_16:1_18:2(M+NH4)_39.48,TG,abundance_mean,6030242.245114259,1503669.922146736,A3,APOE3
TG 52:0|TG 16:0_18:0_18:0(M+NH4)_41.89,TG,abundance_mean,6966894.334388579,1342055.0098283624,A3,APOE3
TG 52:1|TG 16:0_18:0_18:1(M+NH4)_41.26,TG,abundance_mean,42179091.39849533,10146082.928159906,A3,APOE3
TG 52:2|TG 16:0_18:1_18:1(M+NH4)_40.63,TG,abundance_mean,61714489.717920005,13638179.31191376,A3,APOE3
TG 52:3|TG 16:0_18:1_18:2(M+NH4)_40.24,TG,abundance_mean,91049988.75872576,21396178.348200053,A3,APOE3
TG 52:4|TG 16:1_18:1_18:2(M+NH4)_39.86,TG,abundance_mean,56681439.65782742,14573872.613819236,A3,APOE3
TG 52:5|TG 16:1_18:2_18:2(M+NH4)_39.5,TG,abundance_mean,18492601.738886133,5633337.500484199,A3,APOE3
TG 54:0|TG 18:0_18:0_18:0(M+NH4)_42.53,TG,abundance_mean,3893549.36042489,547463.2424633189,A3,APOE3
TG 54:1|TG 16:0_18:0_20:1(M+NH4)_41.78,TG,abundance_mean,7804479.610946708,1890655.2738270827,A3,APOE3
TG 54:2|TG 18:0_18:1_18:1(M+NH4)_40.74,TG,abundance_mean,14614024.797888968,4512169.596916751,A3,APOE3
TG 54:3|TG 18:1_18:1_18:1(M+NH4)_40.62,TG,abundance_mean,43819098.110320106,11176192.39219086,A3,APOE3
TG 54:4|TG 18:1_18:1_18:2(M+NH4)_40.24,TG,abundance_mean,74059739.86235107,20680182.979583032,A3,APOE3
TG 54:6|TG 18:1_18:2_18:3(M+NH4)_39.86,TG,abundance_mean,35682281.29505602,13106133.205880174,A3,APOE3
TG 60:12|TG 16:0_22:6_22:6(M+NH4)_39.35,TG,abundance_mean,6082275.096451329,1263556.8533315868,A3,APOE3
TG O-50:0|TG O-18:0_16:0_16:0(M+NH4)_42.28,EtherTG,abundance_mean,1556035.101839906,360072.5636946567,A3,APOE3
TG O-50:2|TG O-16:0_16:0_18:2(M+NH4)_41.12,EtherTG,abundance_mean,2944614.689217817,681599.6515174648,A3,APOE3
TG O-52:1|TG O-18:0_16:0_18:1(M+NH4)_42.16,EtherTG,abundance_mean,3580686.554556312,886119.3899399551,A3,APOE3
TG O-52:2|TG O-18:0_16:0_18:2(M+NH4)_41.64,EtherTG,abundance_mean,6598552.344190221,2219692.318785039,A3,APOE3
TG O-52:3|TG O-16:0_18:1_18:2(M+NH4)_41.01,EtherTG,abundance_mean,2680893.045028298,647503.9684515815,A3,APOE3
TG O-54:2|TG O-20:0_16:0_18:2(M+NH4)_42.28,EtherTG,abundance_mean,6368001.465438601,1864243.233056304,A3,APOE3
TG O-54:3|TG O-18:0_18:1_18:2(M+NH4)_41.64,EtherTG,abundance_mean,3633218.7744589215,1184107.5640760656,A3,APOE3
TG O-54:4|TG O-18:0_18:2_18:2(M+NH4)_41.13,EtherTG,abundance_mean,1719962.5152938992,437340.4892963666,A3,APOE3
TG O-56:3|TG O-20:0_18:1_18:2(M+NH4)_42.16,EtherTG,abundance_mean,1684467.0032562595,442305.2828073918,A3,APOE3
25-hydroxycholecalciferol(M+H)_24.36,Vitamin_D,abundance_mean,70279490.9841516,14489274.724735636,A3,APOE3
AHexCer 46:1;O3|AHexCer (O-15:0)31:1;O3(M+H-[H2O])_39.35,AHexCer,abundance_mean,23669798.62226868,4677818.927585438,A3,APOE3
AHexCer 55:6;O3|AHexCer (O-18:1)37:5;O3(M+H-[H2O])_39.74,AHexCer,abundance_mean,1912759.9843358211,468571.95253268274,A3,APOE3
AHexCer 56:1;O3|AHexCer (O-16:0)40:1;O3(M+H-[H2O])_39.48,AHexCer,abundance_mean,2100086.996532255,361323.78545903886,A3,APOE3
AHexCer 57:1;O3|AHexCer (O-16:0)18:1;O2/23:0;O(M+H)_39.64,AHexCer,abundance_mean,2080166.5388071164,356904.9249176371,A3,APOE3
AHexCer 58:1;O3|AHexCer (O-16:0)42:1;O3(M+H)_39.86,AHexCer,abundance_mean,6455240.844246318,1116895.795501558,A3,APOE3
AHexCer 58:1;O3|AHexCer (O-17:0)41:1;O3(M+H-[H2O])_39.62,AHexCer,abundance_mean,5373276.54168539,1233184.050245287,A3,APOE3
AHexCer 58:2;O3|AHexCer (O-18:1)40:1;O3(M+H)_39.48,AHexCer,abundance_mean,5268042.510180317,759433.5897754297,A3,APOE3
AHexCer 59:1;O3|AHexCer (O-18:0)41:1;O3(M+H)_39.99,AHexCer,abundance_mean,1666946.0104979018,315054.4115868774,A3,APOE3
AHexCer 59:8;O2|AHexCer (O-15:0)44:8;O2(M+H-[H2O])_39.23,AHexCer,abundance_mean,4279597.846598607,930736.5944989044,A3,APOE3
AHexCer 60:1;O3|AHexCer (O-18:0)42:1;O3(M+H)_40.12,AHexCer,abundance_mean,2767308.911140772,532338.8206413223,A3,APOE3
AHexCer 60:2;O3|AHexCer (O-18:1)18:1;O2/24:0;O(M+H)_39.86,AHexCer,abundance_mean,3534621.11625574,546917.2111309336,A3,APOE3
CAR 16:0(M+H)_16.86,CAR,abundance_mean,8172462.828391802,1197407.3751343037,A3,APOE3
CAR 18:0(M+H)_19.78,CAR,abundance_mean,3474685.995410014,578134.9587085702,A3,APOE3
CE 18:1(d7)(M+NH4)_41.64,CE,abundance_mean,160954238.13081086,19561831.832874965,A3,APOE3
CE 18:3(M+NH4)_40.5,CE,abundance_mean,1318182.3221548842,231296.5929124675,A3,APOE3
CE 20:4(M+NH4)_40.75,CE,abundance_mean,5969839.355197995,1147540.1537376123,A3,APOE3
CE 22:6(M+NH4)_40.4,CE,abundance_mean,18730088.192151017,4548312.522244985,A3,APOE3
CL 70:4|CL 34:2_36:2(M+NH4)_39.1,CL,abundance_mean,1533708.349256239,543574.781716152,A3,APOE3
CL 72:4|CL 18:1_18:1_18:1_18:1(M-H)_39.36,CL,abundance_mean,659028.6451323419,95354.03198137664,A3,APOE3
CL 72:5|CL 18:1_18:1_18:1_18:2(M-H)_39.11,CL,abundance_mean,548269.1215354283,73697.23625932429,A3,APOE3
CL 72:5|CL 36:2_36:3(M+NH4)_39.22,CL,abundance_mean,2543893.9108283427,869178.7719705224,A3,APOE3
CL 72:7|CL 16:1_18:1_18:1_20:4(M-H)_38.85,CL,abundance_mean,472019.6504153927,79319.74585633841,A3,APOE3
CL 74:7|CL 18:1_18:1_18:1_20:4(M-H)_39.11,CL,abundance_mean,671311.5862113257,108380.64304638488,A3,APOE3
CL 74:7|CL 36:2_38:5(M+NH4)_39.1,CL,abundance_mean,2795193.2749720262,1000724.144410177,A3,APOE3
CL 74:8|CL 18:1_18:2_18:1_20:4(M-H)_38.97,CL,abundance_mean,645748.350289833,107214.6901815694,A3,APOE3
CL 76:10|CL 18:1_20:4_18:1_20:4(M-H)_38.85,CL,abundance_mean,655522.30611481,124719.41329432264,A3,APOE3
CL 76:5|CL 39:1_37:4(M-H)_35.04,CL,abundance_mean,1125289.706245314,166224.2236696181,A3,APOE3
CL 76:9|CL 18:1_18:1_18:1_22:6(M-H)_38.98,CL,abundance_mean,669143.6247691135,119262.84902548694,A3,APOE3
CL 76:9|CL 36:2_40:7(M+NH4)_38.98,CL,abundance_mean,2831791.5255087423,1068852.1523880942,A3,APOE3
CL 78:7|CL 41:2_37:5(M-H)_35.04,CL,abundance_mean,2890923.500341811,451392.49906234985,A3,APOE3
CL 79:5(M+NH4)_34.52,CL,abundance_mean,9198314.846578809,1970586.32426135,A3,APOE3
CL 79:6|CL 36:1_43:5(M-H)_34.4,CL,abundance_mean,2041752.3579106464,323113.477669233,A3,APOE3
CL 79:9|CL 38:4_41:5(M-H)_32.37,CL,abundance_mean,1146744.0705025175,213232.360022405,A3,APOE3
CL 80:6|CL 36:1_44:5(M-H)_34.4,CL,abundance_mean,3281820.606721048,600171.0472791315,A3,APOE3
CL 90:18|CL 46:6_44:12(M-H)_30.21,CL,abundance_mean,879531.1296102258,91884.81242799333,A3,APOE3
Cer 36:1;O2|Cer 18:1;O2/18:0(M+H-[H2O])_36.56,Cer_NS,abundance_mean,139983860.2510511,20804622.0134138,A3,APOE3
Cer 36:1;O2|Cer 18:1;O2/18:0(M+H-[H2O])_38.34,Cer_NS,abundance_mean,21435662.90183417,7739464.710977844,A3,APOE3
Cer 36:1;O2|Cer 18:1;O2/18:0(M-H)_36.56,Cer_NS,abundance_mean,2203360.808907174,263514.0031402817,A3,APOE3
Cer 36:2;O2|Cer 18:2;O2/18:0(M+H-[H2O])_34.9,Cer_NS,abundance_mean,15569561.589071557,2316903.714338944,A3,APOE3
Cer 37:1;O4|Cer 18:0;O3/19:1(2OH)(M-H)_36.56,Cer_AP,abundance_mean,127787159.81383169,15742730.831426837,A3,APOE3
Cer 38:1;O2|Cer 20:1;O2/18:0(M+H-[H2O])_37.58,Cer_NS,abundance_mean,11169357.041789353,1785112.2695186292,A3,APOE3
Cer 38:1;O2|Cer 20:1;O2/18:0(M+H-[H2O])_38.85,Cer_NS,abundance_mean,779375.9014686291,653671.1727560177,A3,APOE3
Cer 41:1;O2|Cer 18:1;O2/23:0(M+H)_38.47,Cer_NS,abundance_mean,5526345.714678047,730689.1142309302,A3,APOE3
Cer 41:1;O4|Cer 26:0;O3(FA 15:0)(M-H)_38.22,Cer_EODS,abundance_mean,2483134.525771453,250425.23599033628,A3,APOE3
Cer 42:1;O2|Cer 26:1;O2/16:0(M+Na)_38.98,Cer_NS,abundance_mean,4336349.180579028,516071.15968993807,A3,APOE3
Cer 42:2;O2|Cer 18:1;O2/24:1(M+H)_38.09,Cer_NS,abundance_mean,29326996.78404478,4268727.912684739,A3,APOE3
Cer 42:2;O2|Cer 18:1;O2/24:1(M+H-[H2O])_38.2,Cer_NS,abundance_mean,13497329.626291525,1801970.6434433465,A3,APOE3
Cer 42:2;O2|Cer 18:1;O2/24:1(M+H-[H2O])_39.23,Cer_NS,abundance_mean,6689413.125981437,889302.154073099,A3,APOE3
Cer 56:11;O4|Cer 38:9;O3(FA 18:1)(+C2H3O2-)_38.48,Cer_EOS,abundance_mean,1081909.2110205092,183911.0620200656,A3,APOE3
CoQ10(M+H)_39.35,CoQ,abundance_mean,3100774.076760608,602769.6591557354,A3,APOE3
CoQ9(M+H)_38.85,CoQ,abundance_mean,10231631.41260164,2101819.8000790663,A3,APOE3
DG 18:2(M+Na)_10.61,DG,abundance_mean,4680496.374794808,1562495.335682985,A3,APOE3
DG 18:2(M+Na)_6.94,DG,abundance_mean,3694347.212481035,892550.4768155111,A3,APOE3
DG 19:2(M+Na)_14.69,DG,abundance_mean,1808594.4391846235,601106.5883151379,A3,APOE3
DG 19:2(M+Na)_16.1,DG,abundance_mean,3086487.886770899,685062.597225771,A3,APOE3
DG 20:4(M+Na)_10.88,DG,abundance_mean,2636265.668407841,384893.6097012252,A3,APOE3
DG 20:4(M+Na)_7.45,DG,abundance_mean,3970575.376253105,998389.0710184048,A3,APOE3
DG 21:4(M+Na)_15.33,DG,abundance_mean,4677628.419912936,1294585.9817750214,A3,APOE3
DG 23:2(M+Na)_25.88,DG,abundance_mean,3385822.982760892,682074.276604916,A3,APOE3
DG 28:2(M+Na)_30.08,DG,abundance_mean,41466252.42932737,20811074.958278418,A3,APOE3
DG 30:5(M+Na)_29.95,DG,abundance_mean,4106935.8073159647,2250768.6795428665,A3,APOE3
DG 33:1(d7)|DG 15:0_18:1(d7)(M+NH4)_36.81,DG,abundance_mean,155976850.45783928,21072005.310206678,A3,APOE3
DG 34:0|DG 16:0_18:0(M+NH4)_37.96,DG,abundance_mean,8226427.6671358785,1624922.067151972,A3,APOE3
DG 34:1|DG 16:0_18:1(M+NH4)_37.32,DG,abundance_mean,20953213.84319894,4280062.295991856,A3,APOE3
DG 36:0|DG 18:0_18:0(M+NH4)_38.47,DG,abundance_mean,21517374.17232829,3457524.538441821,A3,APOE3
DG 36:1|DG 18:0_18:1(M+NH4)_37.97,DG,abundance_mean,23265594.849651963,4437568.309753727,A3,APOE3
DG 36:2|DG 18:1_18:1(M+NH4)_37.33,DG,abundance_mean,10302300.25153946,1893102.0339999227,A3,APOE3
DG 36:4|DG 16:0_20:4(M+NH4)_36.06,DG,abundance_mean,9788455.35966938,1541369.992638198,A3,APOE3
DG 38:4|DG 18:0_20:4(M+NH4)_37.32,DG,abundance_mean,158365846.17456365,26836221.49627012,A3,APOE3
DG 38:5|DG 18:1_20:4(M+NH4)_36.29,DG,abundance_mean,10191349.517721424,1693354.319975141,A3,APOE3
DG 38:6(M+Na)_35.54,DG,abundance_mean,3794917.8178809993,1014303.4178329712,A3,APOE3
DG 38:6|DG 16:0_22:6(M+NH4)_35.54,DG,abundance_mean,14541599.132664427,3240443.1176810768,A3,APOE3
DG 40:2(M+Na)_38.6,DG,abundance_mean,31356058.249352768,4846740.90835151,A3,APOE3
DG 40:4|DG 18:0_22:4(M+NH4)_37.83,DG,abundance_mean,6110255.080535706,1033945.3835694124,A3,APOE3
DG 40:6(M+Na)_37.07,DG,abundance_mean,9284638.768093178,2474979.3449566006,A3,APOE3
DG 40:6|DG 18:0_22:6(M+NH4)_37.07,DG,abundance_mean,41878839.960112,8477579.631909288,A3,APOE3
DG 40:7|DG 18:1_22:6(M+NH4)_35.67,DG,abundance_mean,7746200.079220198,1852190.9130498688,A3,APOE3
DG 45:10(M+Na)_35.54,DG,abundance_mean,3736109.873808023,884672.3650139894,A3,APOE3
DG 47:11(M+Na)_35.67,DG,abundance_mean,18077989.568383064,2979711.3347822246,A3,APOE3
DG 47:12(M+Na)_30.46,DG,abundance_mean,4718511.016042087,818898.2845227678,A3,APOE3
DG 51:9(M+Na)_38.85,DG,abundance_mean,2756267.1088764844,528556.9772636453,A3,APOE3
DG 52:1(M+Na)_42.16,DG,abundance_mean,1173398.6401410084,294862.1114214502,A3,APOE3
DG O-37:1|DG O-19:1_18:0(M+NH4)_37.7,EtherDG,abundance_mean,1433347.3333787068,227098.55167764117,A3,APOE3
DLCL 36:3(M-H)_29.32,DLCL,abundance_mean,638936.0531303667,74396.67875025731,A3,APOE3
DLCL 42:1(M-H)_20.42,DLCL,abundance_mean,1415393.3809940864,263919.0074015594,A3,APOE3
DLCL 42:11(M-H)_29.32,DLCL,abundance_mean,637142.6901456513,82873.99401999316,A3,APOE3
DLCL 44:12(M-H)_29.57,DLCL,abundance_mean,684965.1192065643,94230.94158703934,A3,APOE3
Diisodecyl phthalate (also known as the production of plastic)(M+H)_29.19,Others,abundance_mean,5838630.523577903,687527.7512559247,A3,APOE3
Dioctyl phthalate (also known as the production of plastic)(M+H)_24.1,Others,abundance_mean,14418914.636303335,1500414.339710941,A3,APOE3
FA 18:1(M-H)_22.7,FA,abundance_mean,2393730.690107883,441243.9042369365,A3,APOE3
GM3 36:1;O2(M-H)_30.85,GM3,abundance_mean,283036.64998084743,30559.56627106659,A3,APOE3
HexCer 36:1;O2|HexCer 18:1;O2/18:0(M+H)_34.91,HexCer_NS,abundance_mean,16471520.864888584,2030082.1490051472,A3,APOE3
HexCer 38:1;O2(M+H)_36.69,HexCer_NDS,abundance_mean,9747949.435633125,1261169.6387662804,A3,APOE3
HexCer 38:1;O3|HexCer 18:1;O2/20:0;O(M+H)_36.31,HexCer_HS,abundance_mean,15881620.59390299,2037053.1287701584,A3,APOE3
HexCer 40:1;O2(M+H)_37.58,HexCer_NDS,abundance_mean,42284058.42423938,6068731.610516804,A3,APOE3
HexCer 40:1;O3(M+H)_37.33,HexCer_HS,abundance_mean,154117198.4227094,21614104.571618795,A3,APOE3
HexCer 40:1;O3|HexCer 18:1;O2/22:0;O(M-H)_37.44,HexCer_HS,abundance_mean,11815958.625750773,1378473.2933862086,A3,APOE3
HexCer 40:2;O2|HexCer 18:2;O2/22:0(M+H)_37.44,HexCer_NS,abundance_mean,50300608.12369073,6574739.849022337,A3,APOE3
HexCer 41:1;O3(M+H)_37.7,HexCer_HS,abundance_mean,160298265.13596106,29681170.71902216,A3,APOE3
HexCer 41:1;O3|HexCer 21:1;O2/20:0;O(M-H)_37.71,HexCer_HS,abundance_mean,6949678.01680111,800180.9536730751,A3,APOE3
HexCer 41:2;O2|HexCer 18:1;O2/23:1(M+H)_37.7,HexCer_NS,abundance_mean,39375451.23622181,5706462.017010476,A3,APOE3
HexCer 42:1;O2(M+H)_38.09,HexCer_NDS,abundance_mean,107454040.64535049,19013775.56447416,A3,APOE3
HexCer 42:1;O2(M+H-[H2O])_38.21,HexCer_NDS,abundance_mean,13720836.208974171,2393433.8958200966,A3,APOE3
HexCer 42:1;O3(M+H)_37.97,HexCer_HS,abundance_mean,220604461.14133164,32222268.870004464,A3,APOE3
HexCer 42:1;O3|HexCer 18:1;O2/24:0;O(M-H)_38.08,HexCer_HS,abundance_mean,10245116.92588369,1292908.7312802302,A3,APOE3
HexCer 42:2;O2|HexCer 18:1;O2/24:1(M+H)_37.58,HexCer_NS,abundance_mean,310146895.5325307,46398696.84341516,A3,APOE3
HexCer 42:2;O2|HexCer 18:1;O2/24:1(M+H-[H2O])_37.58,HexCer_NS,abundance_mean,25257092.718464237,3215240.555445348,A3,APOE3
HexCer 42:2;O3|HexCer 18:1;O2/24:1;O(M+H)_37.32,HexCer_HS,abundance_mean,117715150.29675874,14212971.445385884,A3,APOE3
HexCer 42:3;O2|HexCer 18:2;O2/24:1(M+H)_37.32,HexCer_NS,abundance_mean,30661019.695752308,4819049.515702092,A3,APOE3
HexCer 43:1;O3|HexCer 18:1;O2/25:0;O(M+H)_38.24,HexCer_HS,abundance_mean,20275048.20387489,3498084.4733161363,A3,APOE3
HexCer 43:1;O3|HexCer 18:1;O2/25:0;O(M+H-[H2O])_37.83,HexCer_HS,abundance_mean,15524757.486966329,2245502.763076932,A3,APOE3
HexCer 43:2;O3|HexCer 18:1;O2/25:1;O(M+H)_37.7,HexCer_HS,abundance_mean,8126105.907891417,1061737.4406009056,A3,APOE3
LPA 19:5(M-H)_17.24,LPA,abundance_mean,9255346.893144406,2477367.593558072,A3,APOE3
LPC 14:0(M+H)_8.21,LPC,abundance_mean,5382080.478112986,665018.6232649654,A3,APOE3
LPC 14:0/0:0(M+H)_9.86,LPC,abundance_mean,314017.1963404934,183388.51962749532,A3,APOE3
LPC 16:0(M+H)_16.35,LPC,abundance_mean,844174480.3044322,88069034.16426714,A3,APOE3
LPC 16:0/0:0(M+H)_17.11,LPC,abundance_mean,581111159.7525632,58774816.81796787,A3,APOE3
LPC 16:1(M+H)_10.88,LPC,abundance_mean,13197878.197543493,1863431.9716711252,A3,APOE3
LPC 16:1(M+H)_12.53,LPC,abundance_mean,2209638.492602906,648842.4085394755,A3,APOE3
LPC 16:1(M+Na)_10.87,LPC,abundance_mean,502486.7830678401,97141.4517277376,A3,APOE3
LPC 17:0/0:0(M+H)_18.76,LPC,abundance_mean,2909917.469088911,755063.8537416324,A3,APOE3
LPC 17:3(M+H)_20.67,LPC,abundance_mean,5125444.853268228,1001535.6519995856,A3,APOE3
LPC 18:0(M+H)_20.29,LPC,abundance_mean,340749981.284995,38351628.08494098,A3,APOE3
LPC 18:2(M+H)_13.93,LPC,abundance_mean,17177704.003269166,1073738.7070005385,A3,APOE3
LPC 18:2(M+H)_15.2,LPC,abundance_mean,11534489.151566315,2222291.1850281977,A3,APOE3
LPC 18:3(M+H)_16.35,LPC,abundance_mean,53804769.34667767,11561029.407015236,A3,APOE3
LPC 18:3/0:0(M+H)_17.11,LPC,abundance_mean,31380409.56980897,7023715.141925725,A3,APOE3
LPC 19:0/0:0(M+H)_21.81,LPC,abundance_mean,851250.5574596685,91152.64740348508,A3,APOE3
LPC 20:0/0:0(M+H)_23.34,LPC,abundance_mean,1689437.2227628513,382682.0138298955,A3,APOE3
LPC 20:1(M+Na)_20.66,LPC,abundance_mean,1956768.5826654525,366556.46290747327,A3,APOE3
LPC 20:3(M+H)_15.97,LPC,abundance_mean,6759489.511828162,2335146.0387025373,A3,APOE3
LPC 20:4(M+H)_14.06,LPC,abundance_mean,231513143.02298197,25206177.99616556,A3,APOE3
LPC 20:5(M+H)_9.86,LPC,abundance_mean,262459.27530031704,75303.90850763765,A3,APOE3
LPC 22:0/0:0(M+H)_26.39,LPC,abundance_mean,1090925.2102964818,132260.90658294756,A3,APOE3
LPC 22:1(M+H)_23.46,LPC,abundance_mean,1541783.9877473789,269412.8950519122,A3,APOE3
LPC 22:4(M+H)_17.49,LPC,abundance_mean,23932328.830537565,3182345.5299666324,A3,APOE3
LPC 22:6(M+H)_13.81,LPC,abundance_mean,218982444.22374865,27533292.960388143,A3,APOE3
LPC 22:6(M+Na)_13.8,LPC,abundance_mean,8555243.439718844,1243485.8292298082,A3,APOE3
LPC 22:6(M+Na)_14.81,LPC,abundance_mean,7401229.740155419,1165561.1630251396,A3,APOE3
LPC 24:1(M+H)_25.76,LPC,abundance_mean,976705.927689263,193317.62189728825,A3,APOE3
LPC 24:4(M+H)_19.65,LPC,abundance_mean,1552340.0945298178,194964.898154518,A3,APOE3
LPC O-16:0(M+H)_18.25,EtherLPC,abundance_mean,8545365.912750533,1028488.9927238316,A3,APOE3
LPE 15:0(M-H)_14.57,LPE,abundance_mean,2149352.597431381,227114.47104028845,A3,APOE3
LPE 16:0(M+H)_16.48,LPE,abundance_mean,24521439.172451477,6207976.419158488,A3,APOE3
LPE 16:0(M-H)_16.48,LPE,abundance_mean,3946345.310201381,563125.0760022902,A3,APOE3
LPE 16:1(M+H)_10.62,LPE,abundance_mean,2581437.975091732,457118.9179291045,A3,APOE3
LPE 16:1(M+H)_12.41,LPE,abundance_mean,332333.1532446554,92995.4089053971,A3,APOE3
LPE 16:1(M-H)_10.63,LPE,abundance_mean,1280412.221550956,148881.17963102963,A3,APOE3
LPE 16:1(M-H)_12.53,LPE,abundance_mean,77921.09804608111,8793.6729846201,A3,APOE3
LPE 18:0(M+H)_20.67,LPE,abundance_mean,55743460.23576409,5952458.460670173,A3,APOE3
LPE 18:0(M-H)_20.68,LPE,abundance_mean,40793332.11315451,5025311.304765175,A3,APOE3
LPE 18:1(M+H)_17.49,LPE,abundance_mean,157351377.68486348,26335695.909560647,A3,APOE3
LPE 18:1(d7)(M-H)_17.37,LPE,abundance_mean,4699336.651760877,618693.0977950265,A3,APOE3
LPE 18:2(M+H)_13.95,LPE,abundance_mean,2131748.9275037204,330106.37339882494,A3,APOE3
LPE 18:2(M-H)_14.06,LPE,abundance_mean,803736.0149554767,70182.06295312595,A3,APOE3
LPE 18:2(M-H)_15.34,LPE,abundance_mean,392165.98231970175,59689.03849209053,A3,APOE3
LPE 19:1(M-H)_19.02,LPE,abundance_mean,747795.8211232714,103832.15450918653,A3,APOE3
LPE 20:0(M+H)_23.21,LPE,abundance_mean,1515836.2256211864,789995.914124752,A3,APOE3
LPE 20:0(M-H)_23.22,LPE,abundance_mean,687603.8893331969,258225.40204230504,A3,APOE3
LPE 20:1(M+H)_20.41,LPE,abundance_mean,81546346.58784735,14265769.223542774,A3,APOE3
LPE 20:2(M+H)_18.5,LPE,abundance_mean,5302369.306067467,1234511.486340815,A3,APOE3
LPE 20:2(M-H)_18.51,LPE,abundance_mean,2216139.316895541,233763.13379824848,A3,APOE3
LPE 20:3(M+H)_16.35,LPE,abundance_mean,5973197.126332225,1380959.7472535828,A3,APOE3
LPE 20:3(M+H)_17.36,LPE,abundance_mean,2022519.278658024,473254.0235024311,A3,APOE3
LPE 20:3(M-H)_16.35,LPE,abundance_mean,2452996.779202383,772906.0588161438,A3,APOE3
LPE 20:4(M+H)_14.19,LPE,abundance_mean,187097379.04386115,29186406.93252519,A3,APOE3
LPE 20:4(M-H)_14.19,LPE,abundance_mean,76277698.04541552,7233140.18052818,A3,APOE3
LPE 20:5(M+H)_9.61,LPE,abundance_mean,882053.8269582577,162641.20043102314,A3,APOE3
LPE 20:5(M-H)_9.74,LPE,abundance_mean,377782.16511806106,45908.9677889962,A3,APOE3
LPE 21:1(M-H)_21.82,LPE,abundance_mean,252110.26696736767,34145.499831550485,A3,APOE3
LPE 22:1(M+H)_23.34,LPE,abundance_mean,3324622.1089400672,671626.3812830409,A3,APOE3
LPE 22:1(M-H)_23.35,LPE,abundance_mean,1391172.247064767,199283.7455696955,A3,APOE3
LPE 22:2(M-H)_21.19,LPE,abundance_mean,755722.9695814869,96141.27264345207,A3,APOE3
LPE 22:3(M-H)_19.64,LPE,abundance_mean,199168.2528309116,105884.17402868829,A3,APOE3
LPE 22:4(M+H)_17.74,LPE,abundance_mean,152135778.75203922,23461958.27777112,A3,APOE3
LPE 22:5(M+H)_15.59,LPE,abundance_mean,9098345.797889631,1738039.5989388512,A3,APOE3
LPE 22:6(M-H)_13.94,LPE,abundance_mean,191239507.06860545,18810231.26512764,A3,APOE3
LPE 23:1(M-H)_24.73,LPE,abundance_mean,182465.1146806455,23108.919911896417,A3,APOE3
LPE 24:1(M+H)_26.26,LPE,abundance_mean,389212.8708683502,72312.23732254647,A3,APOE3
LPE 24:1(M-H)_26.27,LPE,abundance_mean,196104.6374136396,30789.572018891828,A3,APOE3
LPE 24:4(M+H)_20.03,LPE,abundance_mean,4121012.816818556,592319.8904523246,A3,APOE3
LPE 24:4(M-H)_20.04,LPE,abundance_mean,2198004.86284013,247694.41248781173,A3,APOE3
LPE 24:5(M+H)_18.76,LPE,abundance_mean,3352630.416315978,889922.6220085977,A3,APOE3
LPE 24:5(M-H)_18.77,LPE,abundance_mean,1111329.335062204,146878.8115911012,A3,APOE3
LPE 24:6(M+H)_17.24,LPE,abundance_mean,2412294.9207674856,500006.6863519905,A3,APOE3
LPE 24:6(M-H)_17.24,LPE,abundance_mean,1542927.976100613,196627.5509103193,A3,APOE3
LPE O-16:0(M-H)_18.64,EtherLPE,abundance_mean,1871875.430000118,261274.52151961235,A3,APOE3
LPE O-18:0(M+H)_22.07,EtherLPE,abundance_mean,2158106.301527206,235723.62497236583,A3,APOE3
LPE O-18:0(M-H)_22.08,EtherLPE,abundance_mean,1761803.9041070729,229558.22514453388,A3,APOE3
LPE P-18:1(M+H)_20.67,EtherLPE,abundance_mean,2037915.3529129224,211055.01459300157,A3,APOE3
LPG 15:0(M-H)_9.35,LPG,abundance_mean,5417773.980614155,538538.0658468863,A3,APOE3
LPG 16:0(M-H)_14.06,LPG,abundance_mean,963212.1876845042,157820.8734388518,A3,APOE3
LPG 18:1(M-H)_14.19,LPG,abundance_mean,1374213.3082458284,233375.0656559172,A3,APOE3
LPG 20:4(M-H)_9.36,LPG,abundance_mean,293971.81913262367,37637.44684287505,A3,APOE3
LPG 22:6(M-H)_9.36,LPG,abundance_mean,647891.4583477296,186240.88868696557,A3,APOE3
LPG O-20:1(M-H)_20.17,EtherLPG,abundance_mean,1288317.7928940584,220839.2564564017,A3,APOE3
LPI 15:0(M-H)_6.82,LPI,abundance_mean,7228149.249907638,666456.7208911927,A3,APOE3
LPI 16:0(M-H)_10.25,LPI,abundance_mean,1153402.839058555,151749.52100495115,A3,APOE3
LPI 18:0(M-H)_17.62,LPI,abundance_mean,12367323.10449494,1531011.7323868845,A3,APOE3
LPI 20:4(M-H)_6.83,LPI,abundance_mean,18534136.05122352,3106625.1067834683,A3,APOE3
LPI 22:6(M-H)_6.95,LPI,abundance_mean,1898196.4405254005,405059.9458507836,A3,APOE3
LPS 15:0(M-H)_6.95,LPS,abundance_mean,2911619.465520256,259131.87067245936,A3,APOE3
LPS 18:0(M-H)_17.75,LPS,abundance_mean,27456146.012985725,3698760.163787765,A3,APOE3
LPS 18:1(M-H)_11.26,LPS,abundance_mean,8942071.637865048,1302291.9752178914,A3,APOE3
LPS 18:1(M-H)_13.43,LPS,abundance_mean,3294785.870203762,713032.5014026256,A3,APOE3
LPS 20:4(M-H)_7.08,LPS,abundance_mean,1314605.9040631598,195154.53190825123,A3,APOE3
LPS 22:4(M-H)_13.18,LPS,abundance_mean,378205.24470872176,93807.18773806038,A3,APOE3
LPS 22:4(M-H)_14.57,LPS,abundance_mean,10737254.545131307,4966281.769220864,A3,APOE3
LPS 22:6(M-H)_7.08,LPS,abundance_mean,28983914.37828436,5348392.198466415,A3,APOE3
MG 38:1(M+NH4)_38.98,MG,abundance_mean,1924677.075309191,399156.4062143781,A3,APOE3
MGDG 36:1|MGDG 16:0_20:1(M+NH4)_36.82,MGDG,abundance_mean,17222418.055344254,3530353.391674813,A3,APOE3
MMPE 42:2|MMPE 20:1_22:1(M-H)_37.19,MMPE,abundance_mean,2293404.450003864,262485.5155910638,A3,APOE3
NAE 16:0(M+H)_19.66,NAE,abundance_mean,5528824.068227007,1514050.6091058622,A3,APOE3
NAE 18:0(M+H)_22.83,NAE,abundance_mean,7693761.870377028,2671835.738268003,A3,APOE3
NAE 18:1(M+H)_20.16,NAE,abundance_mean,1488171.041330303,223844.06156408915,A3,APOE3
NAE 26:5(M+H)_22.33,NAE,abundance_mean,3099526.722149296,786063.9602834765,A3,APOE3
PA 33:1(d7)|PA 15:0_18:1(d7)(M-H)_33.5,PA,abundance_mean,6929495.202035209,494618.8968375291,A3,APOE3
PA 33:1(d7)|PA 15:0_18:1(d7)(M-H)_35.55,PA,abundance_mean,6135077.168872774,397935.8163545675,A3,APOE3
PA 33:1(d7)|PA 15:0_18:1(d7)(M-H)_41.65,PA,abundance_mean,3976389.9765554834,280558.1246650005,A3,APOE3
PC 22:0(M+H)_22.96,PC,abundance_mean,1005860.0869689548,321516.19596762944,A3,APOE3
PC 23:0(M+H)_23.47,PC,abundance_mean,497737.8190578293,165190.89099674433,A3,APOE3
PC 30:0|PC 14:0_16:0(M+H)_31.98,PC,abundance_mean,98746882.4861202,18379553.877580825,A3,APOE3
PC 31:0|PC 15:0_16:0(M+H)_33.12,PC,abundance_mean,41784782.19094942,7010163.961084709,A3,APOE3
PC 31:2(M+H)_33.12,PC,abundance_mean,7905223.69497206,2417149.8420456406,A3,APOE3
PC 32:0|PC 16:0_16:0(M+H)_34.14,PC,abundance_mean,833556435.9617414,158108398.42818838,A3,APOE3
PC 32:1|PC 16:0_16:1(M+H)_32.24,PC,abundance_mean,285757932.8898209,59320305.57308663,A3,APOE3
PC 32:2(M+H)_30.34,PC,abundance_mean,3592211.051780639,990131.110364056,A3,APOE3
PC 33:0|PC 16:0_17:0(M+H)_35.16,PC,abundance_mean,52649136.20989416,8406495.58475553,A3,APOE3
PC 33:1(d7)|PC 15:0_18:1(d7)(M+H)_33.25,PC,abundance_mean,91069545.65740424,11081148.277513083,A3,APOE3
PC 33:1|PC 16:0_17:1(M+H)_33.38,PC,abundance_mean,23557149.30015747,7909679.760864793,A3,APOE3
PC 34:0|PC 16:0_18:0(M+H)_36.17,PC,abundance_mean,661439697.232588,118224489.66213591,A3,APOE3
PC 34:1(M+H)_34.4,PC,abundance_mean,1218088616.324885,262351710.4753244,A3,APOE3
PC 34:2|PC 16:1_18:1(M+H)_32.74,PC,abundance_mean,230874779.2578282,42994848.87213776,A3,APOE3
PC 34:3(M+H)_30.59,PC,abundance_mean,42006606.958793975,5544223.504310043,A3,APOE3
PC 34:4(M+H)_30.48,PC,abundance_mean,4783184.629298305,1008646.7000890834,A3,APOE3
PC 35:0|PC 16:0_19:0(M+H)_36.69,PC,abundance_mean,7594197.95840364,2403398.686785297,A3,APOE3
PC 35:1|PC 17:0_18:1(M+H)_35.29,PC,abundance_mean,78133919.13494372,15451461.904543629,A3,APOE3
PC 35:2(M+H)_33.63,PC,abundance_mean,14194584.176354032,3796112.509014697,A3,APOE3
PC 36:1|PC 9:0_27:1(M+H)_36.3,PC,abundance_mean,1134740374.9342084,229170484.60099903,A3,APOE3
PC 36:2|PC 18:1_18:1(M+H)_34.65,PC,abundance_mean,274726123.9622662,69716033.02973247,A3,APOE3
PC 36:3(M+H)_32.49,PC,abundance_mean,224816256.5984092,53926077.010577776,A3,APOE3
PC 36:4|PC 18:2_18:2(M+H)_32.36,PC,abundance_mean,769847326.8588578,150727828.9497394,A3,APOE3
PC 36:6(M+H)_29.44,PC,abundance_mean,1100846.5498974705,404109.3369721432,A3,APOE3
PC 37:4|PC 17:0_20:4(M+H)_33.51,PC,abundance_mean,3089422.4567857464,2875710.033412843,A3,APOE3
PC 38:1(M+H)_37.2,PC,abundance_mean,103482952.8144112,21664764.84079732,A3,APOE3
PC 38:2|PC 18:1_20:1(M+H)_36.31,PC,abundance_mean,71659135.08277158,18958062.19854499,A3,APOE3
PC 38:3|PC 18:0_20:3(M+H)_35.28,PC,abundance_mean,99506123.9675986,18384046.88491289,A3,APOE3
PC 38:4|PC 16:0_22:4(M+H)_34.64,PC,abundance_mean,307369737.6128541,56289118.17412581,A3,APOE3
PC 38:5|PC 18:0_20:5(M+H)_32.61,PC,abundance_mean,344058431.79921305,74804592.41952465,A3,APOE3
PC 38:6(M+H)_31.74,PC,abundance_mean,798304150.8906612,180259289.6063873,A3,APOE3
PC 38:7|PC 16:1_22:6(M+H)_29.81,PC,abundance_mean,5426567.980848081,2021328.1320136895,A3,APOE3
PC 38:7|PC 18:3_20:4(M+H)_32.36,PC,abundance_mean,14401975.83578101,3497172.4041282623,A3,APOE3
PC 39:6|PC 17:0_22:6(M+H)_32.87,PC,abundance_mean,10535507.23474704,2001285.8093842536,A3,APOE3
PC 40:1(M+H)_37.96,PC,abundance_mean,24409230.53209925,3899045.815523267,A3,APOE3
PC 40:2|PC 20:1_20:1(M+H)_37.2,PC,abundance_mean,18547616.81719702,3306557.8957708576,A3,APOE3
PC 40:4(M+H)_35.91,PC,abundance_mean,85212450.53325564,16051588.710964786,A3,APOE3
PC 40:6(M+Na)_33.99,PC,abundance_mean,6475269.161764051,1622078.9187336308,A3,APOE3
PC 40:6|PC 18:0_22:6(M+H)_33.89,PC,abundance_mean,459928257.7486393,77802042.67834093,A3,APOE3
PC 40:7(M+Na)_31.98,PC,abundance_mean,2448472.787486972,979948.198786912,A3,APOE3
PC 40:7|PC 18:1_22:6(M+H)_31.98,PC,abundance_mean,175945891.18536952,38898961.99956025,A3,APOE3
PC 40:8|PC 18:2_22:6(M+H)_30.21,PC,abundance_mean,59286880.80274389,7805162.683550441,A3,APOE3
PC 40:9|PC 18:3_22:6(M+H)_31.86,PC,abundance_mean,12113575.596403329,3092826.1594168115,A3,APOE3
PC 41:1(M+H)_38.24,PC,abundance_mean,10066349.020044217,1700378.6492738363,A3,APOE3
PC 42:10(M+H)_29.7,PC,abundance_mean,24078105.516319904,6084003.836105293,A3,APOE3
PC 42:1|PC 24:0_18:1(M+H)_38.47,PC,abundance_mean,20462042.84500968,3709694.8183529032,A3,APOE3
PC 42:2|PC 18:1_24:1(M+H)_37.96,PC,abundance_mean,18002204.509404976,2996085.160257757,A3,APOE3
PC 42:4(M+H)_36.94,PC,abundance_mean,5952735.163215137,1185457.539246122,A3,APOE3
PC 42:7(M+H)_33.89,PC,abundance_mean,9567335.83076248,1834639.076522361,A3,APOE3
PC 42:7(M+H)_35.91,PC,abundance_mean,974404.8976057288,700400.2337135802,A3,APOE3
PC 42:9(M+H)_30.84,PC,abundance_mean,2576965.108098363,1112812.1742844004,A3,APOE3
PC 43:1(M+H)_38.72,PC,abundance_mean,2352126.747024468,401214.4310713894,A3,APOE3
PC 44:10(M+H)_31.47,PC,abundance_mean,18523017.49213836,5809563.757539445,A3,APOE3
PC 44:12|PC 22:6_22:6(M+H)_29.19,PC,abundance_mean,27201135.834533133,7490534.460570169,A3,APOE3
PC 52:4(M+H)_39.35,PC,abundance_mean,3230949.56060622,772279.8138523614,A3,APOE3
PC 52:5(M+H)_38.98,PC,abundance_mean,2371003.04620733,564170.7497909996,A3,APOE3
PC 54:6(M+H)_39.1,PC,abundance_mean,3449986.789884338,862837.8733238808,A3,APOE3
PC O-32:0|PC O-16:0_16:0(M+H)_35.54,EtherPC,abundance_mean,59441069.38247243,10478496.814208902,A3,APOE3
PC O-34:0|PC O-18:0_16:0(M+H)_36.94,EtherPC,abundance_mean,54850217.59734425,7316999.646215897,A3,APOE3
PC O-34:1|PC O-18:1_16:0(M+H)_35.54,EtherPC,abundance_mean,128812923.79345104,21147814.856603928,A3,APOE3
PC O-34:2|PC O-15:2_19:0(M+H)_34.52,EtherPC,abundance_mean,3830176.509814345,699901.1422402785,A3,APOE3
PC O-35:4|PC O-13:0_22:4(M+H)_35.8,EtherPC,abundance_mean,8878195.662317175,1543783.7314689683,A3,APOE3
PC O-36:4|PC O-16:0_20:4(M+H)_33.76,EtherPC,abundance_mean,12934531.05328258,2085474.82430191,A3,APOE3
PC O-37:5(M+H)_35.8,EtherPC,abundance_mean,12597480.13436918,2088008.994108713,A3,APOE3
PC O-38:1(M+H)_37.58,EtherPC,abundance_mean,40609299.21563422,8344722.176251928,A3,APOE3
PC O-38:6|PC O-16:0_22:6(M+H)_33.12,EtherPC,abundance_mean,8537846.460959261,1578632.6894764325,A3,APOE3
PC O-40:11(M+H)_16.6,EtherPC,abundance_mean,4150151.1000174326,1917009.6225947004,A3,APOE3
PC O-40:1|PC O-15:1_25:0(M+H)_38.09,EtherPC,abundance_mean,48140235.92754623,8852727.73712903,A3,APOE3
PC O-41:5(M+H)_37.82,EtherPC,abundance_mean,18841514.579713147,3275984.229357077,A3,APOE3
PE 21:0(M+H)_22.58,PE,abundance_mean,430166.3463945154,125330.3510089768,A3,APOE3
PE 32:0|PE 16:0_16:0(M+H)_34.78,PE,abundance_mean,1318388.5447151142,499397.32117647777,A3,APOE3
PE 33:1(d7)|PE 15:0_18:1(d7)(M+H)_33.76,PE,abundance_mean,113035036.55915152,13067665.060336277,A3,APOE3
PE 33:1(d7)|PE 15:0_18:1(d7)(M-H)_33.77,PE,abundance_mean,24317224.10862669,2438404.238377792,A3,APOE3
PE 34:0|PE 16:0_18:0(M-H)_36.57,PE,abundance_mean,2703001.246516382,665805.7797259068,A3,APOE3
PE 34:1|PE 16:0_18:1(M+H)_34.9,PE,abundance_mean,64367990.99905457,12688694.16228295,A3,APOE3
PE 34:1|PE 16:0_18:1(M-H)_34.91,PE,abundance_mean,16573926.484661143,2140238.3718486363,A3,APOE3
PE 36:1|PE 18:0_18:1(M+H)_36.56,PE,abundance_mean,98347977.84728758,16902106.641460393,A3,APOE3
PE 36:1|PE 18:0_18:1(M-H)_36.57,PE,abundance_mean,29170497.08990665,2913853.4911310216,A3,APOE3
PE 36:2|PE 18:1_18:1(M+H)_35.03,PE,abundance_mean,67437010.11731595,15198693.052520918,A3,APOE3
PE 36:2|PE 18:1_18:1(M-H)_35.04,PE,abundance_mean,13823695.126791684,1578004.3519347946,A3,APOE3
PE 36:3|PE 18:1_18:2(M-H)_33.14,PE,abundance_mean,4053795.878416097,735415.5852984576,A3,APOE3
PE 36:4|PE 16:0_20:4(M+H)_32.99,PE,abundance_mean,56078510.910844944,10840675.58400503,A3,APOE3
PE 36:4|PE 16:0_20:4(M-H)_32.88,PE,abundance_mean,11576211.235591795,1407762.8528319197,A3,APOE3
PE 36:5(M+H)_30.97,PE,abundance_mean,1736410.8417590235,436095.7403827683,A3,APOE3
PE 38:1|PE 18:0_20:1(M-H)_37.46,PE,abundance_mean,727404.8962625648,146755.7996390638,A3,APOE3
PE 38:2|PE 18:1_20:1(M-H)_36.57,PE,abundance_mean,3963613.243817174,902724.4002318536,A3,APOE3
PE 38:4|PE 18:0_20:4(M+H)_35.03,PE,abundance_mean,263362716.06164628,48343525.47637984,A3,APOE3
PE 38:4|PE 18:0_20:4(M-H)_35.04,PE,abundance_mean,78249162.73209801,8182930.834219002,A3,APOE3
PE 38:5|PE 18:1_20:4(M+H)_33.12,PE,abundance_mean,73624455.18118887,20991746.031047314,A3,APOE3
PE 38:5|PE 18:1_20:4(M-H)_33.13,PE,abundance_mean,54319820.1545177,11472333.506708607,A3,APOE3
PE 38:6|PE 16:0_22:6(M+H)_32.36,PE,abundance_mean,190112231.9581588,40263219.60712801,A3,APOE3
PE 38:6|PE 16:0_22:6(M-H)_32.37,PE,abundance_mean,106854336.83049384,18744056.21197777,A3,APOE3
PE 38:7|PE 16:1_22:6(M+H)_30.35,PE,abundance_mean,1246174.9274218967,383171.6630240007,A3,APOE3
PE 39:6(M+H)_33.51,PE,abundance_mean,5600760.405529726,996983.0279797864,A3,APOE3
PE 40:1|PE 18:0_22:1(M-H)_36.69,PE,abundance_mean,2264963.6315534227,252037.7512040903,A3,APOE3
PE 40:4|PE 18:0_22:4(M+H)_36.3,PE,abundance_mean,38548908.13845078,6817237.038283418,A3,APOE3
PE 40:4|PE 18:0_22:4(M-H)_36.31,PE,abundance_mean,15942703.372293266,1653415.4495746335,A3,APOE3
PE 40:6|PE 18:0_22:6(M+H)_34.63,PE,abundance_mean,281159678.9665795,51909632.06446801,A3,APOE3
PE 40:6|PE 18:0_22:6(M-H)_34.53,PE,abundance_mean,94049284.4509104,10544366.964068905,A3,APOE3
PE 40:7(M+H)_32.5,PE,abundance_mean,55729351.62736384,12375510.275572382,A3,APOE3
PE 40:7|PE 18:1_22:6(M-H)_32.62,PE,abundance_mean,12045479.421810009,1405973.744452031,A3,APOE3
PE 44:10(M+H)_32.09,PE,abundance_mean,23688583.658618867,5733341.643836565,A3,APOE3
PE 44:12|PE 22:6_22:6(M+H)_29.7,PE,abundance_mean,7035551.731523582,2359786.571501415,A3,APOE3
PE 44:12|PE 22:6_22:6(M-H)_29.7,PE,abundance_mean,1507339.4315850728,366901.4933963595,A3,APOE3
PE O-34:1(M+H)_36.05,EtherPE,abundance_mean,3559771.6397545678,730066.8390361819,A3,APOE3
PE O-34:1|PE O-18:1_16:0(M-H)_36.06,EtherPE,abundance_mean,1723777.076555319,206840.58816413177,A3,APOE3
PE O-36:2|PE O-18:1_18:1(M-H)_37.2,EtherPE,abundance_mean,496483.236198987,57822.855483604166,A3,APOE3
PE O-37:3|PE O-22:3_15:0(M-H)_30.59,EtherPE,abundance_mean,56678127.214906216,4288796.914481515,A3,APOE3
PE O-38:4|PE O-16:0_22:4(M-H)_35.8,EtherPE,abundance_mean,2235187.6581117413,259001.91473692743,A3,APOE3
PE O-38:6|PE O-16:0_22:6(M-H)_33.77,EtherPE,abundance_mean,4061532.4794317847,534126.3565900474,A3,APOE3
PE O-40:4|PE O-18:0_22:4(M-H)_37.08,EtherPE,abundance_mean,3503792.1595410053,409857.9785351518,A3,APOE3
PE O-40:6|PE O-18:0_22:6(M-H)_35.8,EtherPE,abundance_mean,5507678.136615007,778616.7309584072,A3,APOE3
PE O-40:7|PE O-18:1_22:6(M-H)_35.53,EtherPE,abundance_mean,1343481.9199203649,170549.359845989,A3,APOE3
PE P-38:5|PE P-18:1_20:4(M+H)_33.76,EtherPE,abundance_mean,23367725.357185517,4428696.204177743,A3,APOE3
PE P-40:5(M+H)_35.8,EtherPE,abundance_mean,23843582.332112424,4619746.03667893,A3,APOE3
PG 32:0|PG 16:0_16:0(M-H)_31.61,PG,abundance_mean,456991.3642097504,74456.28958008943,A3,APOE3
PG 33:1(d7)|PG 15:0_18:1(d7)(M+NH4)_30.59,PG,abundance_mean,70379034.31000777,13002118.75824966,A3,APOE3
PG 34:1|PG 16:0_18:1(M-H)_31.73,PG,abundance_mean,1551842.361982213,212146.1383765272,A3,APOE3
PG 38:2|PG 18:1_20:1(M-H)_35.67,PG,abundance_mean,1032681.8830118756,139632.1710354667,A3,APOE3
PG 44:12|PG 22:6_22:6(M-H)_25.5,PG,abundance_mean,1095101.9645334466,359113.921634674,A3,APOE3
PI 32:0|PI 16:0_16:0(M-H)_31.24,PI,abundance_mean,606935.0727230246,70037.26267285047,A3,APOE3
PI 33:1(d7)|PI 15:0_18:1(d7)(M+NH4)_30.2,PI,abundance_mean,41990868.39542096,4925404.644843621,A3,APOE3
PI 33:1(d7)|PI 15:0_18:1(d7)(M-H)_30.21,PI,abundance_mean,67791709.39287516,5149891.048328102,A3,APOE3
PI 33:1(d7)|PI 15:0_18:1(d7)(M-H)_33.26,PI,abundance_mean,6890706.098869327,972660.056816611,A3,APOE3
PI 36:4(M+NH4)_29.44,PI,abundance_mean,10353356.995937685,2312451.156554093,A3,APOE3
PI 36:4|PI 16:0_20:4(M-H)_29.32,PI,abundance_mean,8284903.529234684,1078142.0473653332,A3,APOE3
PI 38:4(M+NH4)_31.6,PI,abundance_mean,50620390.12879549,11176525.338729424,A3,APOE3
PI 38:4|PI 18:0_20:4(M-H)_31.61,PI,abundance_mean,33008479.152818028,3509930.946047994,A3,APOE3
PI 38:5(M+NH4)_29.57,PI,abundance_mean,10226670.788394911,2340148.226311336,A3,APOE3
PI 38:5|PI 18:1_20:4(M-H)_29.57,PI,abundance_mean,7939116.735888766,1123736.7452424152,A3,APOE3
PI 38:6(M+NH4)_28.82,PI,abundance_mean,2475371.9711473547,706713.0438489255,A3,APOE3
PI 40:6(M+NH4)_31.09,PI,abundance_mean,4928896.027427756,1073764.3987671265,A3,APOE3
PI 40:6|PI 18:0_22:6(M-H)_31.1,PI,abundance_mean,2985908.4587667314,439421.8524477893,A3,APOE3
PS 33:1(d7)|PS 15:0_18:1(d7)(M-H)_30.57,PS,abundance_mean,29845604.8984434,1633657.3926784918,A3,APOE3
PS 34:1(M+H)_31.73,PS,abundance_mean,9300006.400330923,3058509.262760496,A3,APOE3
PS 36:0;O3|PS 18:0_18:0;O3(M-H)_32.12,OxPS,abundance_mean,6051337.211699202,1530988.5091647354,A3,APOE3
PS 36:1|PS 18:0_18:1(M+H)_33.76,PS,abundance_mean,45484394.85356664,10959526.973734291,A3,APOE3
PS 36:1|PS 18:0_18:1(M-H)_33.77,PS,abundance_mean,18274542.05478905,2161621.205823641,A3,APOE3
PS 36:2|PS 18:1_18:1(M+H)_31.98,PS,abundance_mean,52701834.029389024,18098652.31867279,A3,APOE3
PS 36:2|PS 18:1_18:1(M-H)_32.12,PS,abundance_mean,13448726.001985714,2419191.168690076,A3,APOE3
PS 38:4(M+H)_31.99,PS,abundance_mean,22189621.82481848,6140094.013268204,A3,APOE3
PS 38:4|PS 18:0_20:4(M-H)_32.24,PS,abundance_mean,7356851.310823295,1289599.3251354548,A3,APOE3
PS 38:5(M+H)_29.95,PS,abundance_mean,3158760.208759852,1020187.319469292,A3,APOE3
PS 38:5;O3|PS 18:0_20:5;O3(M-H)_31.35,OxPS,abundance_mean,2690880.7100420687,280523.9764614166,A3,APOE3
PS 38:6(M+H)_29.06,PS,abundance_mean,2858240.410711076,705623.1454133358,A3,APOE3
PS 38:6|PS 16:0_22:6(M-H)_29.19,PS,abundance_mean,805917.9268355997,202890.7606530924,A3,APOE3
PS 40:4|PS 18:0_22:4(M+H)_33.5,PS,abundance_mean,27621307.74291502,6286751.9707879005,A3,APOE3
PS 40:4|PS 18:0_22:4(M-H)_33.38,PS,abundance_mean,10087078.50176724,1738921.9607520022,A3,APOE3
PS 40:6(M+Na)_31.34,PS,abundance_mean,8455972.505773477,2013508.5259258908,A3,APOE3
PS 40:6|PS 18:0_22:6(M+H)_31.35,PS,abundance_mean,301878379.4763855,76784249.11718196,A3,APOE3
PS 40:6|PS 18:0_22:6(M-H)_31.35,PS,abundance_mean,111475148.71467648,12805265.710343374,A3,APOE3
PS 40:6|PS 18:0_22:6(M-H)_35.17,PS,abundance_mean,5055928.49740692,543916.1618548691,A3,APOE3
PS 40:7(M+H)_29.32,PS,abundance_mean,7499393.931165794,2018990.363988045,A3,APOE3
PS 40:7|PS 18:1_22:6(M-H)_29.32,PS,abundance_mean,1722721.7136945631,284611.8629063127,A3,APOE3
PS 42:10|PS 20:4_22:6(M-H)_27.15,PS,abundance_mean,271310.185289465,54572.07332305906,A3,APOE3
PS 42:11;O3|PS 22:6_20:5;O3(M-H)_26.52,OxPS,abundance_mean,236709.41202539057,51488.99330177088,A3,APOE3
PS 44:10|PS 22:4_22:6(M+H)_28.81,PS,abundance_mean,5746774.97355477,1488961.6556934053,A3,APOE3
PS 44:12|PS 22:6_22:6(M+H)_26.51,PS,abundance_mean,4229618.957738495,1344766.4349586284,A3,APOE3
PS 44:12|PS 22:6_22:6(M-H)_26.52,PS,abundance_mean,1729217.437242753,439137.4324928742,A3,APOE3
SM 30:5;O3(M+H)_21.68,SM,abundance_mean,6051047.071163534,1519616.8011516617,A3,APOE3
SM 34:1;O2|SM 18:1;O2/16:0(M+H)_32.11,SM,abundance_mean,77784048.29237382,12297254.40375254,A3,APOE3
SM 34:1;O3(M+H)_31.22,SM,abundance_mean,1783988.7749187776,387072.5834508276,A3,APOE3
SM 34:2;O2(M+H)_30.08,SM,abundance_mean,1827626.0300557765,449726.2890683233,A3,APOE3
SM 35:1;O2(M+H)_33.25,SM,abundance_mean,6819549.496412517,1029904.014881664,A3,APOE3
SM 36:0;O3(M+H)_36.94,SM,abundance_mean,32947215.64758621,4487865.30416847,A3,APOE3
SM 36:1;O2|SM 18:1;O2/18:0(M+H)_34.4,SM,abundance_mean,179060691.4525679,31151863.88925112,A3,APOE3
SM 36:2;O2(M+H)_32.49,SM,abundance_mean,74499351.30536713,13935243.418096628,A3,APOE3
SM 37:4;O3(M+H)_30.58,SM,abundance_mean,93020378.46231592,11415211.589233316,A3,APOE3
SM 38:1;O2|SM 20:1;O2/18:0(M+H)_36.3,SM,abundance_mean,52584229.05103229,9373246.839541806,A3,APOE3
SM 40:1;O2|SM 18:1;O2/22:0(M+H)_37.45,SM,abundance_mean,50221281.79420707,8207520.86441583,A3,APOE3
SM 40:2;O2(M+H)_36.43,SM,abundance_mean,11405056.863964653,2918625.2650068877,A3,APOE3
SM 40:7;O2(M+H)_27.67,SM,abundance_mean,5927324.70206252,2012947.825494598,A3,APOE3
SM 42:2;O2|SM 18:1;O2/24:1(M+H)_37.32,SM,abundance_mean,172805233.7308329,24935663.77417256,A3,APOE3
SM 42:3;O2|SM 18:1;O2/24:2(M+H)_36.43,SM,abundance_mean,9028701.339130744,1473707.9992962717,A3,APOE3
SM 43:4;O2(M+H)_24.36,SM,abundance_mean,2251101.572694221,676618.0291686999,A3,APOE3
ST 27:1;O(M+H-[H2O])_32.24,ST,abundance_mean,15884661.24912612,2582203.301882372,A3,APOE3
ST 27:2;O(M+H)_31.1,ST,abundance_mean,12509003.23217072,1834434.5312452088,A3,APOE3
ST 27:2;O(M+H-[H2O])_28.3,ST,abundance_mean,7577920.36991528,1690437.2074862414,A3,APOE3
TG 48:0|TG 16:0_16:0_16:0(M+NH4)_40.75,TG,abundance_mean,10285057.993204698,2517229.113719807,A3,APOE3
TG 48:1(d7)|TG 15:0_18:1(d7)_15:0(M+NH4)_40.24,TG,abundance_mean,39519012.17149144,4972011.55365377,A3,APOE3
TG 48:2|TG 16:0_16:1_16:1(M+NH4)_39.76,TG,abundance_mean,6096845.253053645,931906.3426892963,A3,APOE3
TG 50:0|TG 16:0_16:0_18:0(M+NH4)_41.26,TG,abundance_mean,23794000.718817838,5656215.663638306,A3,APOE3
TG 50:1|TG 16:0_16:0_18:1(M+NH4)_40.63,TG,abundance_mean,31439252.453853138,6308114.075065589,A3,APOE3
TG 50:2|TG 16:0_16:1_18:1(M+NH4)_40.24,TG,abundance_mean,32511918.78917067,6335627.480022176,A3,APOE3
TG 50:3|TG 16:0_16:1_18:2(M+NH4)_39.86,TG,abundance_mean,19899081.20053628,4147355.349099789,A3,APOE3
TG 50:4|TG 16:1_16:1_18:2(M+NH4)_39.48,TG,abundance_mean,6030242.245114259,1503669.922146736,A3,APOE3
TG 52:0|TG 16:0_18:0_18:0(M+NH4)_41.89,TG,abundance_mean,6966894.334388579,1342055.0098283624,A3,APOE3
TG 52:1|TG 16:0_18:0_18:1(M+NH4)_41.26,TG,abundance_mean,42179091.39849533,10146082.928159906,A3,APOE3
TG 52:2|TG 16:0_18:1_18:1(M+NH4)_40.63,TG,abundance_mean,61714489.717920005,13638179.31191376,A3,APOE3
TG 52:3|TG 16:0_18:1_18:2(M+NH4)_40.24,TG,abundance_mean,91049988.75872576,21396178.348200053,A3,APOE3
TG 52:4|TG 16:1_18:1_18:2(M+NH4)_39.86,TG,abundance_mean,56681439.65782742,14573872.613819236,A3,APOE3
TG 52:5|TG 16:1_18:2_18:2(M+NH4)_39.5,TG,abundance_mean,18492601.738886133,5633337.500484199,A3,APOE3
TG 54:0|TG 18:0_18:0_18:0(M+NH4)_42.53,TG,abundance_mean,3893549.36042489,547463.2424633189,A3,APOE3
TG 54:1|TG 16:0_18:0_20:1(M+NH4)_41.78,TG,abundance_mean,7804479.610946708,1890655.2738270827,A3,APOE3
TG 54:2|TG 18:0_18:1_18:1(M+NH4)_40.74,TG,abundance_mean,14614024.797888968,4512169.596916751,A3,APOE3
TG 54:3|TG 18:1_18:1_18:1(M+NH4)_40.62,TG,abundance_mean,43819098.110320106,11176192.39219086,A3,APOE3
TG 54:4|TG 18:1_18:1_18:2(M+NH4)_40.24,TG,abundance_mean,74059739.86235107,20680182.979583032,A3,APOE3
TG 54:6|TG 18:1_18:2_18:3(M+NH4)_39.86,TG,abundance_mean,35682281.29505602,13106133.205880174,A3,APOE3
TG 60:12|TG 16:0_22:6_22:6(M+NH4)_39.35,TG,abundance_mean,6082275.096451329,1263556.8533315868,A3,APOE3
TG O-50:0|TG O-18:0_16:0_16:0(M+NH4)_42.28,EtherTG,abundance_mean,1556035.101839906,360072.5636946567,A3,APOE3
TG O-50:2|TG O-16:0_16:0_18:2(M+NH4)_41.12,EtherTG,abundance_mean,2944614.689217817,681599.6515174648,A3,APOE3
TG O-52:1|TG O-18:0_16:0_18:1(M+NH4)_42.16,EtherTG,abundance_mean,3580686.554556312,886119.3899399551,A3,APOE3
TG O-52:2|TG O-18:0_16:0_18:2(M+NH4)_41.64,EtherTG,abundance_mean,6598552.344190221,2219692.318785039,A3,APOE3
TG O-52:3|TG O-16:0_18:1_18:2(M+NH4)_41.01,EtherTG,abundance_mean,2680893.045028298,647503.9684515815,A3,APOE3
TG O-54:2|TG O-20:0_16:0_18:2(M+NH4)_42.28,EtherTG,abundance_mean,6368001.465438601,1864243.233056304,A3,APOE3
TG O-54:3|TG O-18:0_18:1_18:2(M+NH4)_41.64,EtherTG,abundance_mean,3633218.7744589215,1184107.5640760656,A3,APOE3
TG O-54:4|TG O-18:0_18:2_18:2(M+NH4)_41.13,EtherTG,abundance_mean,1719962.5152938992,437340.4892963666,A3,APOE3
TG O-56:3|TG O-20:0_18:1_18:2(M+NH4)_42.16,EtherTG,abundance_mean,1684467.0032562595,442305.2828073918,A3,APOE3
25-hydroxycholecalciferol(M+H)_24.36,Vitamin_D,abundance_mean,70279490.9841516,14489274.724735636,A3,APOE3
AHexCer 46:1;O3|AHexCer (O-15:0)31:1;O3(M+H-[H2O])_39.35,AHexCer,abundance_mean,23669798.62226868,4677818.927585438,A3,APOE3
AHexCer 55:6;O3|AHexCer (O-18:1)37:5;O3(M+H-[H2O])_39.74,AHexCer,abundance_mean,1912759.9843358211,468571.95253268274,A3,APOE3
AHexCer 56:1;O3|AHexCer (O-16:0)40:1;O3(M+H-[H2O])_39.48,AHexCer,abundance_mean,2100086.996532255,361323.78545903886,A3,APOE3
AHexCer 57:1;O3|AHexCer (O-16:0)18:1;O2/23:0;O(M+H)_39.64,AHexCer,abundance_mean,2080166.5388071164,356904.9249176371,A3,APOE3
AHexCer 58:1;O3|AHexCer (O-16:0)42:1;O3(M+H)_39.86,AHexCer,abundance_mean,6455240.844246318,1116895.795501558,A3,APOE3
AHexCer 58:1;O3|AHexCer (O-17:0)41:1;O3(M+H-[H2O])_39.62,AHexCer,abundance_mean,5373276.54168539,1233184.050245287,A3,APOE3
AHexCer 58:2;O3|AHexCer (O-18:1)40:1;O3(M+H)_39.48,AHexCer,abundance_mean,5268042.510180317,759433.5897754297,A3,APOE3
AHexCer 59:1;O3|AHexCer (O-18:0)41:1;O3(M+H)_39.99,AHexCer,abundance_mean,1666946.0104979018,315054.4115868774,A3,APOE3
AHexCer 59:8;O2|AHexCer (O-15:0)44:8;O2(M+H-[H2O])_39.23,AHexCer,abundance_mean,4279597.846598607,930736.5944989044,A3,APOE3
AHexCer 60:1;O3|AHexCer (O-18:0)42:1;O3(M+H)_40.12,AHexCer,abundance_mean,2767308.911140772,532338.8206413223,A3,APOE3
AHexCer 60:2;O3|AHexCer (O-18:1)18:1;O2/24:0;O(M+H)_39.86,AHexCer,abundance_mean,3534621.11625574,546917.2111309336,A3,APOE3
CAR 16:0(M+H)_16.86,CAR,abundance_mean,8172462.828391802,1197407.3751343037,A3,APOE3
CAR 18:0(M+H)_19.78,CAR,abundance_mean,3474685.995410014,578134.9587085702,A3,APOE3
CE 18:1(d7)(M+NH4)_41.64,CE,abundance_mean,160954238.13081086,19561831.832874965,A3,APOE3
CE 18:3(M+NH4)_40.5,CE,abundance_mean,1318182.3221548842,231296.5929124675,A3,APOE3
CE 20:4(M+NH4)_40.75,CE,abundance_mean,5969839.355197995,1147540.1537376123,A3,APOE3
CE 22:6(M+NH4)_40.4,CE,abundance_mean,18730088.192151017,4548312.522244985,A3,APOE3
CL 70:4|CL 34:2_36:2(M+NH4)_39.1,CL,abundance_mean,1533708.349256239,543574.781716152,A3,APOE3
CL 72:4|CL 18:1_18:1_18:1_18:1(M-H)_39.36,CL,abundance_mean,659028.6451323419,95354.03198137664,A3,APOE3
CL 72:5|CL 18:1_18:1_18:1_18:2(M-H)_39.11,CL,abundance_mean,548269.1215354283,73697.23625932429,A3,APOE3
CL 72:5|CL 36:2_36:3(M+NH4)_39.22,CL,abundance_mean,2543893.9108283427,869178.7719705224,A3,APOE3
CL 72:7|CL 16:1_18:1_18:1_20:4(M-H)_38.85,CL,abundance_mean,472019.6504153927,79319.74585633841,A3,APOE3
CL 74:7|CL 18:1_18:1_18:1_20:4(M-H)_39.11,CL,abundance_mean,671311.5862113257,108380.64304638488,A3,APOE3
CL 74:7|CL 36:2_38:5(M+NH4)_39.1,CL,abundance_mean,2795193.2749720262,1000724.144410177,A3,APOE3
CL 74:8|CL 18:1_18:2_18:1_20:4(M-H)_38.97,CL,abundance_mean,645748.350289833,107214.6901815694,A3,APOE3
CL 76:10|CL 18:1_20:4_18:1_20:4(M-H)_38.85,CL,abundance_mean,655522.30611481,124719.41329432264,A3,APOE3
CL 76:5|CL 39:1_37:4(M-H)_35.04,CL,abundance_mean,1125289.706245314,166224.2236696181,A3,APOE3
CL 76:9|CL 18:1_18:1_18:1_22:6(M-H)_38.98,CL,abundance_mean,669143.6247691135,119262.84902548694,A3,APOE3
CL 76:9|CL 36:2_40:7(M+NH4)_38.98,CL,abundance_mean,2831791.5255087423,1068852.1523880942,A3,APOE3
CL 78:7|CL 41:2_37:5(M-H)_35.04,CL,abundance_mean,2890923.500341811,451392.49906234985,A3,APOE3
CL 79:5(M+NH4)_34.52,CL,abundance_mean,9198314.846578809,1970586.32426135,A3,APOE3
CL 79:6|CL 36:1_43:5(M-H)_34.4,CL,abundance_mean,2041752.3579106464,323113.477669233,A3,APOE3
CL 79:9|CL 38:4_41:5(M-H)_32.37,CL,abundance_mean,1146744.0705025175,213232.360022405,A3,APOE3
CL 80:6|CL 36:1_44:5(M-H)_34.4,CL,abundance_mean,3281820.606721048,600171.0472791315,A3,APOE3
CL 90:18|CL 46:6_44:12(M-H)_30.21,CL,abundance_mean,879531.1296102258,91884.81242799333,A3,APOE3
Cer 36:1;O2|Cer 18:1;O2/18:0(M+H-[H2O])_36.56,Cer_NS,abundance_mean,139983860.2510511,20804622.0134138,A3,APOE3
Cer 36:1;O2|Cer 18:1;O2/18:0(M+H-[H2O])_38.34,Cer_NS,abundance_mean,21435662.90183417,7739464.710977844,A3,APOE3
Cer 36:1;O2|Cer 18:1;O2/18:0(M-H)_36.56,Cer_NS,abundance_mean,2203360.808907174,263514.0031402817,A3,APOE3
Cer 36:2;O2|Cer 18:2;O2/18:0(M+H-[H2O])_34.9,Cer_NS,abundance_mean,15569561.589071557,2316903.714338944,A3,APOE3
Cer 37:1;O4|Cer 18:0;O3/19:1(2OH)(M-H)_36.56,Cer_AP,abundance_mean,127787159.81383169,15742730.831426837,A3,APOE3
Cer 38:1;O2|Cer 20:1;O2/18:0(M+H-[H2O])_37.58,Cer_NS,abundance_mean,11169357.041789353,1785112.2695186292,A3,APOE3
Cer 38:1;O2|Cer 20:1;O2/18:0(M+H-[H2O])_38.85,Cer_NS,abundance_mean,779375.9014686291,653671.1727560177,A3,APOE3
Cer 41:1;O2|Cer 18:1;O2/23:0(M+H)_38.47,Cer_NS,abundance_mean,5526345.714678047,730689.1142309302,A3,APOE3
Cer 41:1;O4|Cer 26:0;O3(FA 15:0)(M-H)_38.22,Cer_EODS,abundance_mean,2483134.525771453,250425.23599033628,A3,APOE3
Cer 42:1;O2|Cer 26:1;O2/16:0(M+Na)_38.98,Cer_NS,abundance_mean,4336349.180579028,516071.15968993807,A3,APOE3
Cer 42:2;O2|Cer 18:1;O2/24:1(M+H)_38.09,Cer_NS,abundance_mean,29326996.78404478,4268727.912684739,A3,APOE3
Cer 42:2;O2|Cer 18:1;O2/24:1(M+H-[H2O])_38.2,Cer_NS,abundance_mean,13497329.626291525,1801970.6434433465,A3,APOE3
Cer 42:2;O2|Cer 18:1;O2/24:1(M+H-[H2O])_39.23,Cer_NS,abundance_mean,6689413.125981437,889302.154073099,A3,APOE3
Cer 56:11;O4|Cer 38:9;O3(FA 18:1)(+C2H3O2-)_38.48,Cer_EOS,abundance_mean,1081909.2110205092,183911.0620200656,A3,APOE3
CoQ10(M+H)_39.35,CoQ,abundance_mean,3100774.076760608,602769.6591557354,A3,APOE3
CoQ9(M+H)_38.85,CoQ,abundance_mean,10231631.41260164,2101819.8000790663,A3,APOE3
DG 18:2(M+Na)_10.61,DG,abundance_mean,4680496.374794808,1562495.335682985,A3,APOE3
DG 18:2(M+Na)_6.94,DG,abundance_mean,3694347.212481035,892550.4768155111,A3,APOE3
DG 19:2(M+Na)_14.69,DG,abundance_mean,1808594.4391846235,601106.5883151379,A3,APOE3
DG 19:2(M+Na)_16.1,DG,abundance_mean,3086487.886770899,685062.597225771,A3,APOE3
DG 20:4(M+Na)_10.88,DG,abundance_mean,2636265.668407841,384893.6097012252,A3,APOE3
DG 20:4(M+Na)_7.45,DG,abundance_mean,3970575.376253105,998389.0710184048,A3,APOE3
DG 21:4(M+Na)_15.33,DG,abundance_mean,4677628.419912936,1294585.9817750214,A3,APOE3
DG 23:2(M+Na)_25.88,DG,abundance_mean,3385822.982760892,682074.276604916,A3,APOE3
DG 28:2(M+Na)_30.08,DG,abundance_mean,41466252.42932737,20811074.958278418,A3,APOE3
DG 30:5(M+Na)_29.95,DG,abundance_mean,4106935.8073159647,2250768.6795428665,A3,APOE3
DG 33:1(d7)|DG 15:0_18:1(d7)(M+NH4)_36.81,DG,abundance_mean,155976850.45783928,21072005.310206678,A3,APOE3
DG 34:0|DG 16:0_18:0(M+NH4)_37.96,DG,abundance_mean,8226427.6671358785,1624922.067151972,A3,APOE3
DG 34:1|DG 16:0_18:1(M+NH4)_37.32,DG,abundance_mean,20953213.84319894,4280062.295991856,A3,APOE3
DG 36:0|DG 18:0_18:0(M+NH4)_38.47,DG,abundance_mean,21517374.17232829,3457524.538441821,A3,APOE3
DG 36:1|DG 18:0_18:1(M+NH4)_37.97,DG,abundance_mean,23265594.849651963,4437568.309753727,A3,APOE3
DG 36:2|DG 18:1_18:1(M+NH4)_37.33,DG,abundance_mean,10302300.25153946,1893102.0339999227,A3,APOE3
DG 36:4|DG 16:0_20:4(M+NH4)_36.06,DG,abundance_mean,9788455.35966938,1541369.992638198,A3,APOE3
DG 38:4|DG 18:0_20:4(M+NH4)_37.32,DG,abundance_mean,158365846.17456365,26836221.49627012,A3,APOE3
DG 38:5|DG 18:1_20:4(M+NH4)_36.29,DG,abundance_mean,10191349.517721424,1693354.319975141,A3,APOE3
DG 38:6(M+Na)_35.54,DG,abundance_mean,3794917.8178809993,1014303.4178329712,A3,APOE3
DG 38:6|DG 16:0_22:6(M+NH4)_35.54,DG,abundance_mean,14541599.132664427,3240443.1176810768,A3,APOE3
DG 40:2(M+Na)_38.6,DG,abundance_mean,31356058.249352768,4846740.90835151,A3,APOE3
DG 40:4|DG 18:0_22:4(M+NH4)_37.83,DG,abundance_mean,6110255.080535706,1033945.3835694124,A3,APOE3
DG 40:6(M+Na)_37.07,DG,abundance_mean,9284638.768093178,2474979.3449566006,A3,APOE3
DG 40:6|DG 18:0_22:6(M+NH4)_37.07,DG,abundance_mean,41878839.960112,8477579.631909288,A3,APOE3
DG 40:7|DG 18:1_22:6(M+NH4)_35.67,DG,abundance_mean,7746200.079220198,1852190.9130498688,A3,APOE3
DG 45:10(M+Na)_35.54,DG,abundance_mean,3736109.873808023,884672.3650139894,A3,APOE3
DG 47:11(M+Na)_35.67,DG,abundance_mean,18077989.568383064,2979711.3347822246,A3,APOE3
DG 47:12(M+Na)_30.46,DG,abundance_mean,4718511.016042087,818898.2845227678,A3,APOE3
DG 51:9(M+Na)_38.85,DG,abundance_mean,2756267.1088764844,528556.9772636453,A3,APOE3
DG 52:1(M+Na)_42.16,DG,abundance_mean,1173398.6401410084,294862.1114214502,A3,APOE3
DG O-37:1|DG O-19:1_18:0(M+NH4)_37.7,EtherDG,abundance_mean,1433347.3333787068,227098.55167764117,A3,APOE3
DLCL 36:3(M-H)_29.32,DLCL,abundance_mean,638936.0531303667,74396.67875025731,A3,APOE3
DLCL 42:1(M-H)_20.42,DLCL,abundance_mean,1415393.3809940864,263919.0074015594,A3,APOE3
DLCL 42:11(M-H)_29.32,DLCL,abundance_mean,637142.6901456513,82873.99401999316,A3,APOE3
DLCL 44:12(M-H)_29.57,DLCL,abundance_mean,684965.1192065643,94230.94158703934,A3,APOE3
Diisodecyl phthalate (also known as the production of plastic)(M+H)_29.19,Others,abundance_mean,5838630.523577903,687527.7512559247,A3,APOE3
Dioctyl phthalate (also known as the production of plastic)(M+H)_24.1,Others,abundance_mean,14418914.636303335,1500414.339710941,A3,APOE3
FA 18:1(M-H)_22.7,FA,abundance_mean,2393730.690107883,441243.9042369365,A3,APOE3
GM3 36:1;O2(M-H)_30.85,GM3,abundance_mean,283036.64998084743,30559.56627106659,A3,APOE3
HexCer 36:1;O2|HexCer 18:1;O2/18:0(M+H)_34.91,HexCer_NS,abundance_mean,16471520.864888584,2030082.1490051472,A3,APOE3
HexCer 38:1;O2(M+H)_36.69,HexCer_NDS,abundance_mean,9747949.435633125,1261169.6387662804,A3,APOE3
HexCer 38:1;O3|HexCer 18:1;O2/20:0;O(M+H)_36.31,HexCer_HS,abundance_mean,15881620.59390299,2037053.1287701584,A3,APOE3
HexCer 40:1;O2(M+H)_37.58,HexCer_NDS,abundance_mean,42284058.42423938,6068731.610516804,A3,APOE3
HexCer 40:1;O3(M+H)_37.33,HexCer_HS,abundance_mean,154117198.4227094,21614104.571618795,A3,APOE3
HexCer 40:1;O3|HexCer 18:1;O2/22:0;O(M-H)_37.44,HexCer_HS,abundance_mean,11815958.625750773,1378473.2933862086,A3,APOE3
HexCer 40:2;O2|HexCer 18:2;O2/22:0(M+H)_37.44,HexCer_NS,abundance_mean,50300608.12369073,6574739.849022337,A3,APOE3
HexCer 41:1;O3(M+H)_37.7,HexCer_HS,abundance_mean,160298265.13596106,29681170.71902216,A3,APOE3
HexCer 41:1;O3|HexCer 21:1;O2/20:0;O(M-H)_37.71,HexCer_HS,abundance_mean,6949678.01680111,800180.9536730751,A3,APOE3
HexCer 41:2;O2|HexCer 18:1;O2/23:1(M+H)_37.7,HexCer_NS,abundance_mean,39375451.23622181,5706462.017010476,A3,APOE3
HexCer 42:1;O2(M+H)_38.09,HexCer_NDS,abundance_mean,107454040.64535049,19013775.56447416,A3,APOE3
HexCer 42:1;O2(M+H-[H2O])_38.21,HexCer_NDS,abundance_mean,13720836.208974171,2393433.8958200966,A3,APOE3
HexCer 42:1;O3(M+H)_37.97,HexCer_HS,abundance_mean,220604461.14133164,32222268.870004464,A3,APOE3
HexCer 42:1;O3|HexCer 18:1;O2/24:0;O(M-H)_38.08,HexCer_HS,abundance_mean,10245116.92588369,1292908.7312802302,A3,APOE3
HexCer 42:2;O2|HexCer 18:1;O2/24:1(M+H)_37.58,HexCer_NS,abundance_mean,310146895.5325307,46398696.84341516,A3,APOE3
HexCer 42:2;O2|HexCer 18:1;O2/24:1(M+H-[H2O])_37.58,HexCer_NS,abundance_mean,25257092.718464237,3215240.555445348,A3,APOE3
HexCer 42:2;O3|HexCer 18:1;O2/24:1;O(M+H)_37.32,HexCer_HS,abundance_mean,117715150.29675874,14212971.445385884,A3,APOE3
HexCer 42:3;O2|HexCer 18:2;O2/24:1(M+H)_37.32,HexCer_NS,abundance_mean,30661019.695752308,4819049.515702092,A3,APOE3
HexCer 43:1;O3|HexCer 18:1;O2/25:0;O(M+H)_38.24,HexCer_HS,abundance_mean,20275048.20387489,3498084.4733161363,A3,APOE3
HexCer 43:1;O3|HexCer 18:1;O2/25:0;O(M+H-[H2O])_37.83,HexCer_HS,abundance_mean,15524757.486966329,2245502.763076932,A3,APOE3
HexCer 43:2;O3|HexCer 18:1;O2/25:1;O(M+H)_37.7,HexCer_HS,abundance_mean,8126105.907891417,1061737.4406009056,A3,APOE3
LPA 19:5(M-H)_17.24,LPA,abundance_mean,9255346.893144406,2477367.593558072,A3,APOE3
LPC 14:0(M+H)_8.21,LPC,abundance_mean,5382080.478112986,665018.6232649654,A3,APOE3
LPC 14:0/0:0(M+H)_9.86,LPC,abundance_mean,314017.1963404934,183388.51962749532,A3,APOE3
LPC 16:0(M+H)_16.35,LPC,abundance_mean,844174480.3044322,88069034.16426714,A3,APOE3
LPC 16:0/0:0(M+H)_17.11,LPC,abundance_mean,581111159.7525632,58774816.81796787,A3,APOE3
LPC 16:1(M+H)_10.88,LPC,abundance_mean,13197878.197543493,1863431.9716711252,A3,APOE3
LPC 16:1(M+H)_12.53,LPC,abundance_mean,2209638.492602906,648842.4085394755,A3,APOE3
LPC 16:1(M+Na)_10.87,LPC,abundance_mean,502486.7830678401,97141.4517277376,A3,APOE3
LPC 17:0/0:0(M+H)_18.76,LPC,abundance_mean,2909917.469088911,755063.8537416324,A3,APOE3
LPC 17:3(M+H)_20.67,LPC,abundance_mean,5125444.853268228,1001535.6519995856,A3,APOE3
LPC 18:0(M+H)_20.29,LPC,abundance_mean,340749981.284995,38351628.08494098,A3,APOE3
LPC 18:2(M+H)_13.93,LPC,abundance_mean,17177704.003269166,1073738.7070005385,A3,APOE3
LPC 18:2(M+H)_15.2,LPC,abundance_mean,11534489.151566315,2222291.1850281977,A3,APOE3
LPC 18:3(M+H)_16.35,LPC,abundance_mean,53804769.34667767,11561029.407015236,A3,APOE3
LPC 18:3/0:0(M+H)_17.11,LPC,abundance_mean,31380409.56980897,7023715.141925725,A3,APOE3
LPC 19:0/0:0(M+H)_21.81,LPC,abundance_mean,851250.5574596685,91152.64740348508,A3,APOE3
LPC 20:0/0:0(M+H)_23.34,LPC,abundance_mean,1689437.2227628513,382682.0138298955,A3,APOE3
LPC 20:1(M+Na)_20.66,LPC,abundance_mean,1956768.5826654525,366556.46290747327,A3,APOE3
LPC 20:3(M+H)_15.97,LPC,abundance_mean,6759489.511828162,2335146.0387025373,A3,APOE3
LPC 20:4(M+H)_14.06,LPC,abundance_mean,231513143.02298197,25206177.99616556,A3,APOE3
LPC 20:5(M+H)_9.86,LPC,abundance_mean,262459.27530031704,75303.90850763765,A3,APOE3
LPC 22:0/0:0(M+H)_26.39,LPC,abundance_mean,1090925.2102964818,132260.90658294756,A3,APOE3
LPC 22:1(M+H)_23.46,LPC,abundance_mean,1541783.9877473789,269412.8950519122,A3,APOE3
LPC 22:4(M+H)_17.49,LPC,abundance_mean,23932328.830537565,3182345.5299666324,A3,APOE3
LPC 22:6(M+H)_13.81,LPC,abundance_mean,218982444.22374865,27533292.960388143,A3,APOE3
LPC 22:6(M+Na)_13.8,LPC,abundance_mean,8555243.439718844,1243485.8292298082,A3,APOE3
LPC 22:6(M+Na)_14.81,LPC,abundance_mean,7401229.740155419,1165561.1630251396,A3,APOE3
LPC 24:1(M+H)_25.76,LPC,abundance_mean,976705.927689263,193317.62189728825,A3,APOE3
LPC 24:4(M+H)_19.65,LPC,abundance_mean,1552340.0945298178,194964.898154518,A3,APOE3
LPC O-16:0(M+H)_18.25,EtherLPC,abundance_mean,8545365.912750533,1028488.9927238316,A3,APOE3
LPE 15:0(M-H)_14.57,LPE,abundance_mean,2149352.597431381,227114.47104028845,A3,APOE3
LPE 16:0(M+H)_16.48,LPE,abundance_mean,24521439.172451477,6207976.419158488,A3,APOE3
LPE 16:0(M-H)_16.48,LPE,abundance_mean,3946345.310201381,563125.0760022902,A3,APOE3
LPE 16:1(M+H)_10.62,LPE,abundance_mean,2581437.975091732,457118.9179291045,A3,APOE3
LPE 16:1(M+H)_12.41,LPE,abundance_mean,332333.1532446554,92995.4089053971,A3,APOE3
LPE 16:1(M-H)_10.63,LPE,abundance_mean,1280412.221550956,148881.17963102963,A3,APOE3
LPE 16:1(M-H)_12.53,LPE,abundance_mean,77921.09804608111,8793.6729846201,A3,APOE3
LPE 18:0(M+H)_20.67,LPE,abundance_mean,55743460.23576409,5952458.460670173,A3,APOE3
LPE 18:0(M-H)_20.68,LPE,abundance_mean,40793332.11315451,5025311.304765175,A3,APOE3
LPE 18:1(M+H)_17.49,LPE,abundance_mean,157351377.68486348,26335695.909560647,A3,APOE3
LPE 18:1(d7)(M-H)_17.37,LPE,abundance_mean,4699336.651760877,618693.0977950265,A3,APOE3
LPE 18:2(M+H)_13.95,LPE,abundance_mean,2131748.9275037204,330106.37339882494,A3,APOE3
LPE 18:2(M-H)_14.06,LPE,abundance_mean,803736.0149554767,70182.06295312595,A3,APOE3
LPE 18:2(M-H)_15.34,LPE,abundance_mean,392165.98231970175,59689.03849209053,A3,APOE3
LPE 19:1(M-H)_19.02,LPE,abundance_mean,747795.8211232714,103832.15450918653,A3,APOE3
LPE 20:0(M+H)_23.21,LPE,abundance_mean,1515836.2256211864,789995.914124752,A3,APOE3
LPE 20:0(M-H)_23.22,LPE,abundance_mean,687603.8893331969,258225.40204230504,A3,APOE3
LPE 20:1(M+H)_20.41,LPE,abundance_mean,81546346.58784735,14265769.223542774,A3,APOE3
LPE 20:2(M+H)_18.5,LPE,abundance_mean,5302369.306067467,1234511.486340815,A3,APOE3
LPE 20:2(M-H)_18.51,LPE,abundance_mean,2216139.316895541,233763.13379824848,A3,APOE3
LPE 20:3(M+H)_16.35,LPE,abundance_mean,5973197.126332225,1380959.7472535828,A3,APOE3
LPE 20:3(M+H)_17.36,LPE,abundance_mean,2022519.278658024,473254.0235024311,A3,APOE3
LPE 20:3(M-H)_16.35,LPE,abundance_mean,2452996.779202383,772906.0588161438,A3,APOE3
LPE 20:4(M+H)_14.19,LPE,abundance_mean,187097379.04386115,29186406.93252519,A3,APOE3
LPE 20:4(M-H)_14.19,LPE,abundance_mean,76277698.04541552,7233140.18052818,A3,APOE3
LPE 20:5(M+H)_9.61,LPE,abundance_mean,882053.8269582577,162641.20043102314,A3,APOE3
LPE 20:5(M-H)_9.74,LPE,abundance_mean,377782.16511806106,45908.9677889962,A3,APOE3
LPE 21:1(M-H)_21.82,LPE,abundance_mean,252110.26696736767,34145.499831550485,A3,APOE3
LPE 22:1(M+H)_23.34,LPE,abundance_mean,3324622.1089400672,671626.3812830409,A3,APOE3
LPE 22:1(M-H)_23.35,LPE,abundance_mean,1391172.247064767,199283.7455696955,A3,APOE3
LPE 22:2(M-H)_21.19,LPE,abundance_mean,755722.9695814869,96141.27264345207,A3,APOE3
LPE 22:3(M-H)_19.64,LPE,abundance_mean,199168.2528309116,105884.17402868829,A3,APOE3
LPE 22:4(M+H)_17.74,LPE,abundance_mean,152135778.75203922,23461958.27777112,A3,APOE3
LPE 22:5(M+H)_15.59,LPE,abundance_mean,9098345.797889631,1738039.5989388512,A3,APOE3
LPE 22:6(M-H)_13.94,LPE,abundance_mean,191239507.06860545,18810231.26512764,A3,APOE3
LPE 23:1(M-H)_24.73,LPE,abundance_mean,182465.1146806455,23108.919911896417,A3,APOE3
LPE 24:1(M+H)_26.26,LPE,abundance_mean,389212.8708683502,72312.23732254647,A3,APOE3
LPE 24:1(M-H)_26.27,LPE,abundance_mean,196104.6374136396,30789.572018891828,A3,APOE3
LPE 24:4(M+H)_20.03,LPE,abundance_mean,4121012.816818556,592319.8904523246,A3,APOE3
LPE 24:4(M-H)_20.04,LPE,abundance_mean,2198004.86284013,247694.41248781173,A3,APOE3
LPE 24:5(M+H)_18.76,LPE,abundance_mean,3352630.416315978,889922.6220085977,A3,APOE3
LPE 24:5(M-H)_18.77,LPE,abundance_mean,1111329.335062204,146878.8115911012,A3,APOE3
LPE 24:6(M+H)_17.24,LPE,abundance_mean,2412294.9207674856,500006.6863519905,A3,APOE3
LPE 24:6(M-H)_17.24,LPE,abundance_mean,1542927.976100613,196627.5509103193,A3,APOE3
LPE O-16:0(M-H)_18.64,EtherLPE,abundance_mean,1871875.430000118,261274.52151961235,A3,APOE3
LPE O-18:0(M+H)_22.07,EtherLPE,abundance_mean,2158106.301527206,235723.62497236583,A3,APOE3
LPE O-18:0(M-H)_22.08,EtherLPE,abundance_mean,1761803.9041070729,229558.22514453388,A3,APOE3
LPE P-18:1(M+H)_20.67,EtherLPE,abundance_mean,2037915.3529129224,211055.01459300157,A3,APOE3
LPG 15:0(M-H)_9.35,LPG,abundance_mean,5417773.980614155,538538.0658468863,A3,APOE3
LPG 16:0(M-H)_14.06,LPG,abundance_mean,963212.1876845042,157820.8734388518,A3,APOE3
LPG 18:1(M-H)_14.19,LPG,abundance_mean,1374213.3082458284,233375.0656559172,A3,APOE3
LPG 20:4(M-H)_9.36,LPG,abundance_mean,293971.81913262367,37637.44684287505,A3,APOE3
LPG 22:6(M-H)_9.36,LPG,abundance_mean,647891.4583477296,186240.88868696557,A3,APOE3
LPG O-20:1(M-H)_20.17,EtherLPG,abundance_mean,1288317.7928940584,220839.2564564017,A3,APOE3
LPI 15:0(M-H)_6.82,LPI,abundance_mean,7228149.249907638,666456.7208911927,A3,APOE3
LPI 16:0(M-H)_10.25,LPI,abundance_mean,1153402.839058555,151749.52100495115,A3,APOE3
LPI 18:0(M-H)_17.62,LPI,abundance_mean,12367323.10449494,1531011.7323868845,A3,APOE3
LPI 20:4(M-H)_6.83,LPI,abundance_mean,18534136.05122352,3106625.1067834683,A3,APOE3
LPI 22:6(M-H)_6.95,LPI,abundance_mean,1898196.4405254005,405059.9458507836,A3,APOE3
LPS 15:0(M-H)_6.95,LPS,abundance_mean,2911619.465520256,259131.87067245936,A3,APOE3
LPS 18:0(M-H)_17.75,LPS,abundance_mean,27456146.012985725,3698760.163787765,A3,APOE3
LPS 18:1(M-H)_11.26,LPS,abundance_mean,8942071.637865048,1302291.9752178914,A3,APOE3
LPS 18:1(M-H)_13.43,LPS,abundance_mean,3294785.870203762,713032.5014026256,A3,APOE3
LPS 20:4(M-H)_7.08,LPS,abundance_mean,1314605.9040631598,195154.53190825123,A3,APOE3
LPS 22:4(M-H)_13.18,LPS,abundance_mean,378205.24470872176,93807.18773806038,A3,APOE3
LPS 22:4(M-H)_14.57,LPS,abundance_mean,10737254.545131307,4966281.769220864,A3,APOE3
LPS 22:6(M-H)_7.08,LPS,abundance_mean,28983914.37828436,5348392.198466415,A3,APOE3
MG 38:1(M+NH4)_38.98,MG,abundance_mean,1924677.075309191,399156.4062143781,A3,APOE3
MGDG 36:1|MGDG 16:0_20:1(M+NH4)_36.82,MGDG,abundance_mean,17222418.055344254,3530353.391674813,A3,APOE3
MMPE 42:2|MMPE 20:1_22:1(M-H)_37.19,MMPE,abundance_mean,2293404.450003864,262485.5155910638,A3,APOE3
NAE 16:0(M+H)_19.66,NAE,abundance_mean,5528824.068227007,1514050.6091058622,A3,APOE3
NAE 18:0(M+H)_22.83,NAE,abundance_mean,7693761.870377028,2671835.738268003,A3,APOE3
NAE 18:1(M+H)_20.16,NAE,abundance_mean,1488171.041330303,223844.06156408915,A3,APOE3
NAE 26:5(M+H)_22.33,NAE,abundance_mean,3099526.722149296,786063.9602834765,A3,APOE3
PA 33:1(d7)|PA 15:0_18:1(d7)(M-H)_33.5,PA,abundance_mean,6929495.202035209,494618.8968375291,A3,APOE3
PA 33:1(d7)|PA 15:0_18:1(d7)(M-H)_35.55,PA,abundance_mean,6135077.168872774,397935.8163545675,A3,APOE3
PA 33:1(d7)|PA 15:0_18:1(d7)(M-H)_41.65,PA,abundance_mean,3976389.9765554834,280558.1246650005,A3,APOE3
PC 22:0(M+H)_22.96,PC,abundance_mean,1005860.0869689548,321516.19596762944,A3,APOE3
PC 23:0(M+H)_23.47,PC,abundance_mean,497737.8190578293,165190.89099674433,A3,APOE3
PC 30:0|PC 14:0_16:0(M+H)_31.98,PC,abundance_mean,98746882.4861202,18379553.877580825,A3,APOE3
PC 31:0|PC 15:0_16:0(M+H)_33.12,PC,abundance_mean,41784782.19094942,7010163.961084709,A3,APOE3
PC 31:2(M+H)_33.12,PC,abundance_mean,7905223.69497206,2417149.8420456406,A3,APOE3
PC 32:0|PC 16:0_16:0(M+H)_34.14,PC,abundance_mean,833556435.9617414,158108398.42818838,A3,APOE3
PC 32:1|PC 16:0_16:1(M+H)_32.24,PC,abundance_mean,285757932.8898209,59320305.57308663,A3,APOE3
PC 32:2(M+H)_30.34,PC,abundance_mean,3592211.051780639,990131.110364056,A3,APOE3
PC 33:0|PC 16:0_17:0(M+H)_35.16,PC,abundance_mean,52649136.20989416,8406495.58475553,A3,APOE3
PC 33:1(d7)|PC 15:0_18:1(d7)(M+H)_33.25,PC,abundance_mean,91069545.65740424,11081148.277513083,A3,APOE3
PC 33:1|PC 16:0_17:1(M+H)_33.38,PC,abundance_mean,23557149.30015747,7909679.760864793,A3,APOE3
PC 34:0|PC 16:0_18:0(M+H)_36.17,PC,abundance_mean,661439697.232588,118224489.66213591,A3,APOE3
PC 34:1(M+H)_34.4,PC,abundance_mean,1218088616.324885,262351710.4753244,A3,APOE3
PC 34:2|PC 16:1_18:1(M+H)_32.74,PC,abundance_mean,230874779.2578282,42994848.87213776,A3,APOE3
PC 34:3(M+H)_30.59,PC,abundance_mean,42006606.958793975,5544223.504310043,A3,APOE3
PC 34:4(M+H)_30.48,PC,abundance_mean,4783184.629298305,1008646.7000890834,A3,APOE3
PC 35:0|PC 16:0_19:0(M+H)_36.69,PC,abundance_mean,7594197.95840364,2403398.686785297,A3,APOE3
PC 35:1|PC 17:0_18:1(M+H)_35.29,PC,abundance_mean,78133919.13494372,15451461.904543629,A3,APOE3
PC 35:2(M+H)_33.63,PC,abundance_mean,14194584.176354032,3796112.509014697,A3,APOE3
PC 36:1|PC 9:0_27:1(M+H)_36.3,PC,abundance_mean,1134740374.9342084,229170484.60099903,A3,APOE3
PC 36:2|PC 18:1_18:1(M+H)_34.65,PC,abundance_mean,274726123.9622662,69716033.02973247,A3,APOE3
PC 36:3(M+H)_32.49,PC,abundance_mean,224816256.5984092,53926077.010577776,A3,APOE3
PC 36:4|PC 18:2_18:2(M+H)_32.36,PC,abundance_mean,769847326.8588578,150727828.9497394,A3,APOE3
PC 36:6(M+H)_29.44,PC,abundance_mean,1100846.5498974705,404109.3369721432,A3,APOE3
PC 37:4|PC 17:0_20:4(M+H)_33.51,PC,abundance_mean,3089422.4567857464,2875710.033412843,A3,APOE3
PC 38:1(M+H)_37.2,PC,abundance_mean,103482952.8144112,21664764.84079732,A3,APOE3
PC 38:2|PC 18:1_20:1(M+H)_36.31,PC,abundance_mean,71659135.08277158,18958062.19854499,A3,APOE3
PC 38:3|PC 18:0_20:3(M+H)_35.28,PC,abundance_mean,99506123.9675986,18384046.88491289,A3,APOE3
PC 38:4|PC 16:0_22:4(M+H)_34.64,PC,abundance_mean,307369737.6128541,56289118.17412581,A3,APOE3
PC 38:5|PC 18:0_20:5(M+H)_32.61,PC,abundance_mean,344058431.79921305,74804592.41952465,A3,APOE3
PC 38:6(M+H)_31.74,PC,abundance_mean,798304150.8906612,180259289.6063873,A3,APOE3
PC 38:7|PC 16:1_22:6(M+H)_29.81,PC,abundance_mean,5426567.980848081,2021328.1320136895,A3,APOE3
PC 38:7|PC 18:3_20:4(M+H)_32.36,PC,abundance_mean,14401975.83578101,3497172.4041282623,A3,APOE3
PC 39:6|PC 17:0_22:6(M+H)_32.87,PC,abundance_mean,10535507.23474704,2001285.8093842536,A3,APOE3
PC 40:1(M+H)_37.96,PC,abundance_mean,24409230.53209925,3899045.815523267,A3,APOE3
PC 40:2|PC 20:1_20:1(M+H)_37.2,PC,abundance_mean,18547616.81719702,3306557.8957708576,A3,APOE3
PC 40:4(M+H)_35.91,PC,abundance_mean,85212450.53325564,16051588.710964786,A3,APOE3
PC 40:6(M+Na)_33.99,PC,abundance_mean,6475269.161764051,1622078.9187336308,A3,APOE3
PC 40:6|PC 18:0_22:6(M+H)_33.89,PC,abundance_mean,459928257.7486393,77802042.67834093,A3,APOE3
PC 40:7(M+Na)_31.98,PC,abundance_mean,2448472.787486972,979948.198786912,A3,APOE3
PC 40:7|PC 18:1_22:6(M+H)_31.98,PC,abundance_mean,175945891.18536952,38898961.99956025,A3,APOE3
PC 40:8|PC 18:2_22:6(M+H)_30.21,PC,abundance_mean,59286880.80274389,7805162.683550441,A3,APOE3
PC 40:9|PC 18:3_22:6(M+H)_31.86,PC,abundance_mean,12113575.596403329,3092826.1594168115,A3,APOE3
PC 41:1(M+H)_38.24,PC,abundance_mean,10066349.020044217,1700378.6492738363,A3,APOE3
PC 42:10(M+H)_29.7,PC,abundance_mean,24078105.516319904,6084003.836105293,A3,APOE3
PC 42:1|PC 24:0_18:1(M+H)_38.47,PC,abundance_mean,20462042.84500968,3709694.8183529032,A3,APOE3
PC 42:2|PC 18:1_24:1(M+H)_37.96,PC,abundance_mean,18002204.509404976,2996085.160257757,A3,APOE3
PC 42:4(M+H)_36.94,PC,abundance_mean,5952735.163215137,1185457.539246122,A3,APOE3
PC 42:7(M+H)_33.89,PC,abundance_mean,9567335.83076248,1834639.076522361,A3,APOE3
PC 42:7(M+H)_35.91,PC,abundance_mean,974404.8976057288,700400.2337135802,A3,APOE3
PC 42:9(M+H)_30.84,PC,abundance_mean,2576965.108098363,1112812.1742844004,A3,APOE3
PC 43:1(M+H)_38.72,PC,abundance_mean,2352126.747024468,401214.4310713894,A3,APOE3
PC 44:10(M+H)_31.47,PC,abundance_mean,18523017.49213836,5809563.757539445,A3,APOE3
PC 44:12|PC 22:6_22:6(M+H)_29.19,PC,abundance_mean,27201135.834533133,7490534.460570169,A3,APOE3
PC 52:4(M+H)_39.35,PC,abundance_mean,3230949.56060622,772279.8138523614,A3,APOE3
PC 52:5(M+H)_38.98,PC,abundance_mean,2371003.04620733,564170.7497909996,A3,APOE3
PC 54:6(M+H)_39.1,PC,abundance_mean,3449986.789884338,862837.8733238808,A3,APOE3
PC O-32:0|PC O-16:0_16:0(M+H)_35.54,EtherPC,abundance_mean,59441069.38247243,10478496.814208902,A3,APOE3
PC O-34:0|PC O-18:0_16:0(M+H)_36.94,EtherPC,abundance_mean,54850217.59734425,7316999.646215897,A3,APOE3
PC O-34:1|PC O-18:1_16:0(M+H)_35.54,EtherPC,abundance_mean,128812923.79345104,21147814.856603928,A3,APOE3
PC O-34:2|PC O-15:2_19:0(M+H)_34.52,EtherPC,abundance_mean,3830176.509814345,699901.1422402785,A3,APOE3
PC O-35:4|PC O-13:0_22:4(M+H)_35.8,EtherPC,abundance_mean,8878195.662317175,1543783.7314689683,A3,APOE3
PC O-36:4|PC O-16:0_20:4(M+H)_33.76,EtherPC,abundance_mean,12934531.05328258,2085474.82430191,A3,APOE3
PC O-37:5(M+H)_35.8,EtherPC,abundance_mean,12597480.13436918,2088008.994108713,A3,APOE3
PC O-38:1(M+H)_37.58,EtherPC,abundance_mean,40609299.21563422,8344722.176251928,A3,APOE3
PC O-38:6|PC O-16:0_22:6(M+H)_33.12,EtherPC,abundance_mean,8537846.460959261,1578632.6894764325,A3,APOE3
PC O-40:11(M+H)_16.6,EtherPC,abundance_mean,4150151.1000174326,1917009.6225947004,A3,APOE3
PC O-40:1|PC O-15:1_25:0(M+H)_38.09,EtherPC,abundance_mean,48140235.92754623,8852727.73712903,A3,APOE3
PC O-41:5(M+H)_37.82,EtherPC,abundance_mean,18841514.579713147,3275984.229357077,A3,APOE3
PE 21:0(M+H)_22.58,PE,abundance_mean,430166.3463945154,125330.3510089768,A3,APOE3
PE 32:0|PE 16:0_16:0(M+H)_34.78,PE,abundance_mean,1318388.5447151142,499397.32117647777,A3,APOE3
PE 33:1(d7)|PE 15:0_18:1(d7)(M+H)_33.76,PE,abundance_mean,113035036.55915152,13067665.060336277,A3,APOE3
PE 33:1(d7)|PE 15:0_18:1(d7)(M-H)_33.77,PE,abundance_mean,24317224.10862669,2438404.238377792,A3,APOE3
PE 34:0|PE 16:0_18:0(M-H)_36.57,PE,abundance_mean,2703001.246516382,665805.7797259068,A3,APOE3
PE 34:1|PE 16:0_18:1(M+H)_34.9,PE,abundance_mean,64367990.99905457,12688694.16228295,A3,APOE3
PE 34:1|PE 16:0_18:1(M-H)_34.91,PE,abundance_mean,16573926.484661143,2140238.3718486363,A3,APOE3
PE 36:1|PE 18:0_18:1(M+H)_36.56,PE,abundance_mean,98347977.84728758,16902106.641460393,A3,APOE3
PE 36:1|PE 18:0_18:1(M-H)_36.57,PE,abundance_mean,29170497.08990665,2913853.4911310216,A3,APOE3
PE 36:2|PE 18:1_18:1(M+H)_35.03,PE,abundance_mean,67437010.11731595,15198693.052520918,A3,APOE3
PE 36:2|PE 18:1_18:1(M-H)_35.04,PE,abundance_mean,13823695.126791684,1578004.3519347946,A3,APOE3
PE 36:3|PE 18:1_18:2(M-H)_33.14,PE,abundance_mean,4053795.878416097,735415.5852984576,A3,APOE3
PE 36:4|PE 16:0_20:4(M+H)_32.99,PE,abundance_mean,56078510.910844944,10840675.58400503,A3,APOE3
PE 36:4|PE 16:0_20:4(M-H)_32.88,PE,abundance_mean,11576211.235591795,1407762.8528319197,A3,APOE3
PE 36:5(M+H)_30.97,PE,abundance_mean,1736410.8417590235,436095.7403827683,A3,APOE3
PE 38:1|PE 18:0_20:1(M-H)_37.46,PE,abundance_mean,727404.8962625648,146755.7996390638,A3,APOE3
PE 38:2|PE 18:1_20:1(M-H)_36.57,PE,abundance_mean,3963613.243817174,902724.4002318536,A3,APOE3
PE 38:4|PE 18:0_20:4(M+H)_35.03,PE,abundance_mean,263362716.06164628,48343525.47637984,A3,APOE3
PE 38:4|PE 18:0_20:4(M-H)_35.04,PE,abundance_mean,78249162.73209801,8182930.834219002,A3,APOE3
PE 38:5|PE 18:1_20:4(M+H)_33.12,PE,abundance_mean,73624455.18118887,20991746.031047314,A3,APOE3
PE 38:5|PE 18:1_20:4(M-H)_33.13,PE,abundance_mean,54319820.1545177,11472333.506708607,A3,APOE3
PE 38:6|PE 16:0_22:6(M+H)_32.36,PE,abundance_mean,190112231.9581588,40263219.60712801,A3,APOE3
PE 38:6|PE 16:0_22:6(M-H)_32.37,PE,abundance_mean,106854336.83049384,18744056.21197777,A3,APOE3
PE 38:7|PE 16:1_22:6(M+H)_30.35,PE,abundance_mean,1246174.9274218967,383171.6630240007,A3,APOE3
PE 39:6(M+H)_33.51,PE,abundance_mean,5600760.405529726,996983.0279797864,A3,APOE3
PE 40:1|PE 18:0_22:1(M-H)_36.69,PE,abundance_mean,2264963.6315534227,252037.7512040903,A3,APOE3
PE 40:4|PE 18:0_22:4(M+H)_36.3,PE,abundance_mean,38548908.13845078,6817237.038283418,A3,APOE3
PE 40:4|PE 18:0_22:4(M-H)_36.31,PE,abundance_mean,15942703.372293266,1653415.4495746335,A3,APOE3
PE 40:6|PE 18:0_22:6(M+H)_34.63,PE,abundance_mean,281159678.9665795,51909632.06446801,A3,APOE3
PE 40:6|PE 18:0_22:6(M-H)_34.53,PE,abundance_mean,94049284.4509104,10544366.964068905,A3,APOE3
PE 40:7(M+H)_32.5,PE,abundance_mean,55729351.62736384,12375510.275572382,A3,APOE3
PE 40:7|PE 18:1_22:6(M-H)_32.62,PE,abundance_mean,12045479.421810009,1405973.744452031,A3,APOE3
PE 44:10(M+H)_32.09,PE,abundance_mean,23688583.658618867,5733341.643836565,A3,APOE3
PE 44:12|PE 22:6_22:6(M+H)_29.7,PE,abundance_mean,7035551.731523582,2359786.571501415,A3,APOE3
PE 44:12|PE 22:6_22:6(M-H)_29.7,PE,abundance_mean,1507339.4315850728,366901.4933963595,A3,APOE3
PE O-34:1(M+H)_36.05,EtherPE,abundance_mean,3559771.6397545678,730066.8390361819,A3,APOE3
PE O-34:1|PE O-18:1_16:0(M-H)_36.06,EtherPE,abundance_mean,1723777.076555319,206840.58816413177,A3,APOE3
PE O-36:2|PE O-18:1_18:1(M-H)_37.2,EtherPE,abundance_mean,496483.236198987,57822.855483604166,A3,APOE3
PE O-37:3|PE O-22:3_15:0(M-H)_30.59,EtherPE,abundance_mean,56678127.214906216,4288796.914481515,A3,APOE3
PE O-38:4|PE O-16:0_22:4(M-H)_35.8,EtherPE,abundance_mean,2235187.6581117413,259001.91473692743,A3,APOE3
PE O-38:6|PE O-16:0_22:6(M-H)_33.77,EtherPE,abundance_mean,4061532.4794317847,534126.3565900474,A3,APOE3
PE O-40:4|PE O-18:0_22:4(M-H)_37.08,EtherPE,abundance_mean,3503792.1595410053,409857.9785351518,A3,APOE3
PE O-40:6|PE O-18:0_22:6(M-H)_35.8,EtherPE,abundance_mean,5507678.136615007,778616.7309584072,A3,APOE3
PE O-40:7|PE O-18:1_22:6(M-H)_35.53,EtherPE,abundance_mean,1343481.9199203649,170549.359845989,A3,APOE3
PE P-38:5|PE P-18:1_20:4(M+H)_33.76,EtherPE,abundance_mean,23367725.357185517,4428696.204177743,A3,APOE3
PE P-40:5(M+H)_35.8,EtherPE,abundance_mean,23843582.332112424,4619746.03667893,A3,APOE3
PG 32:0|PG 16:0_16:0(M-H)_31.61,PG,abundance_mean,456991.3642097504,74456.28958008943,A3,APOE3
PG 33:1(d7)|PG 15:0_18:1(d7)(M+NH4)_30.59,PG,abundance_mean,70379034.31000777,13002118.75824966,A3,APOE3
PG 34:1|PG 16:0_18:1(M-H)_31.73,PG,abundance_mean,1551842.361982213,212146.1383765272,A3,APOE3
PG 38:2|PG 18:1_20:1(M-H)_35.67,PG,abundance_mean,1032681.8830118756,139632.1710354667,A3,APOE3
PG 44:12|PG 22:6_22:6(M-H)_25.5,PG,abundance_mean,1095101.9645334466,359113.921634674,A3,APOE3
PI 32:0|PI 16:0_16:0(M-H)_31.24,PI,abundance_mean,606935.0727230246,70037.26267285047,A3,APOE3
PI 33:1(d7)|PI 15:0_18:1(d7)(M+NH4)_30.2,PI,abundance_mean,41990868.39542096,4925404.644843621,A3,APOE3
PI 33:1(d7)|PI 15:0_18:1(d7)(M-H)_30.21,PI,abundance_mean,67791709.39287516,5149891.048328102,A3,APOE3
PI 33:1(d7)|PI 15:0_18:1(d7)(M-H)_33.26,PI,abundance_mean,6890706.098869327,972660.056816611,A3,APOE3
PI 36:4(M+NH4)_29.44,PI,abundance_mean,10353356.995937685,2312451.156554093,A3,APOE3
PI 36:4|PI 16:0_20:4(M-H)_29.32,PI,abundance_mean,8284903.529234684,1078142.0473653332,A3,APOE3
PI 38:4(M+NH4)_31.6,PI,abundance_mean,50620390.12879549,11176525.338729424,A3,APOE3
PI 38:4|PI 18:0_20:4(M-H)_31.61,PI,abundance_mean,33008479.152818028,3509930.946047994,A3,APOE3
PI 38:5(M+NH4)_29.57,PI,abundance_mean,10226670.788394911,2340148.226311336,A3,APOE3
PI 38:5|PI 18:1_20:4(M-H)_29.57,PI,abundance_mean,7939116.735888766,1123736.7452424152,A3,APOE3
PI 38:6(M+NH4)_28.82,PI,abundance_mean,2475371.9711473547,706713.0438489255,A3,APOE3
PI 40:6(M+NH4)_31.09,PI,abundance_mean,4928896.027427756,1073764.3987671265,A3,APOE3
PI 40:6|PI 18:0_22:6(M-H)_31.1,PI,abundance_mean,2985908.4587667314,439421.8524477893,A3,APOE3
PS 33:1(d7)|PS 15:0_18:1(d7)(M-H)_30.57,PS,abundance_mean,29845604.8984434,1633657.3926784918,A3,APOE3
PS 34:1(M+H)_31.73,PS,abundance_mean,9300006.400330923,3058509.262760496,A3,APOE3
PS 36:0;O3|PS 18:0_18:0;O3(M-H)_32.12,OxPS,abundance_mean,6051337.211699202,1530988.5091647354,A3,APOE3
PS 36:1|PS 18:0_18:1(M+H)_33.76,PS,abundance_mean,45484394.85356664,10959526.973734291,A3,APOE3
PS 36:1|PS 18:0_18:1(M-H)_33.77,PS,abundance_mean,18274542.05478905,2161621.205823641,A3,APOE3
PS 36:2|PS 18:1_18:1(M+H)_31.98,PS,abundance_mean,52701834.029389024,18098652.31867279,A3,APOE3
PS 36:2|PS 18:1_18:1(M-H)_32.12,PS,abundance_mean,13448726.001985714,2419191.168690076,A3,APOE3
PS 38:4(M+H)_31.99,PS,abundance_mean,22189621.82481848,6140094.013268204,A3,APOE3
PS 38:4|PS 18:0_20:4(M-H)_32.24,PS,abundance_mean,7356851.310823295,1289599.3251354548,A3,APOE3
PS 38:5(M+H)_29.95,PS,abundance_mean,3158760.208759852,1020187.319469292,A3,APOE3
PS 38:5;O3|PS 18:0_20:5;O3(M-H)_31.35,OxPS,abundance_mean,2690880.7100420687,280523.9764614166,A3,APOE3
PS 38:6(M+H)_29.06,PS,abundance_mean,2858240.410711076,705623.1454133358,A3,APOE3
PS 38:6|PS 16:0_22:6(M-H)_29.19,PS,abundance_mean,805917.9268355997,202890.7606530924,A3,APOE3
PS 40:4|PS 18:0_22:4(M+H)_33.5,PS,abundance_mean,27621307.74291502,6286751.9707879005,A3,APOE3
PS 40:4|PS 18:0_22:4(M-H)_33.38,PS,abundance_mean,10087078.50176724,1738921.9607520022,A3,APOE3
PS 40:6(M+Na)_31.34,PS,abundance_mean,8455972.505773477,2013508.5259258908,A3,APOE3
PS 40:6|PS 18:0_22:6(M+H)_31.35,PS,abundance_mean,301878379.4763855,76784249.11718196,A3,APOE3
PS 40:6|PS 18:0_22:6(M-H)_31.35,PS,abundance_mean,111475148.71467648,12805265.710343374,A3,APOE3
PS 40:6|PS 18:0_22:6(M-H)_35.17,PS,abundance_mean,5055928.49740692,543916.1618548691,A3,APOE3
PS 40:7(M+H)_29.32,PS,abundance_mean,7499393.931165794,2018990.363988045,A3,APOE3
PS 40:7|PS 18:1_22:6(M-H)_29.32,PS,abundance_mean,1722721.7136945631,284611.8629063127,A3,APOE3
PS 42:10|PS 20:4_22:6(M-H)_27.15,PS,abundance_mean,271310.185289465,54572.07332305906,A3,APOE3
PS 42:11;O3|PS 22:6_20:5;O3(M-H)_26.52,OxPS,abundance_mean,236709.41202539057,51488.99330177088,A3,APOE3
PS 44:10|PS 22:4_22:6(M+H)_28.81,PS,abundance_mean,5746774.97355477,1488961.6556934053,A3,APOE3
PS 44:12|PS 22:6_22:6(M+H)_26.51,PS,abundance_mean,4229618.957738495,1344766.4349586284,A3,APOE3
PS 44:12|PS 22:6_22:6(M-H)_26.52,PS,abundance_mean,1729217.437242753,439137.4324928742,A3,APOE3
SM 30:5;O3(M+H)_21.68,SM,abundance_mean,6051047.071163534,1519616.8011516617,A3,APOE3
SM 34:1;O2|SM 18:1;O2/16:0(M+H)_32.11,SM,abundance_mean,77784048.29237382,12297254.40375254,A3,APOE3
SM 34:1;O3(M+H)_31.22,SM,abundance_mean,1783988.7749187776,387072.5834508276,A3,APOE3
SM 34:2;O2(M+H)_30.08,SM,abundance_mean,1827626.0300557765,449726.2890683233,A3,APOE3
SM 35:1;O2(M+H)_33.25,SM,abundance_mean,6819549.496412517,1029904.014881664,A3,APOE3
SM 36:0;O3(M+H)_36.94,SM,abundance_mean,32947215.64758621,4487865.30416847,A3,APOE3
SM 36:1;O2|SM 18:1;O2/18:0(M+H)_34.4,SM,abundance_mean,179060691.4525679,31151863.88925112,A3,APOE3
SM 36:2;O2(M+H)_32.49,SM,abundance_mean,74499351.30536713,13935243.418096628,A3,APOE3
SM 37:4;O3(M+H)_30.58,SM,abundance_mean,93020378.46231592,11415211.589233316,A3,APOE3
SM 38:1;O2|SM 20:1;O2/18:0(M+H)_36.3,SM,abundance_mean,52584229.05103229,9373246.839541806,A3,APOE3
SM 40:1;O2|SM 18:1;O2/22:0(M+H)_37.45,SM,abundance_mean,50221281.79420707,8207520.86441583,A3,APOE3
SM 40:2;O2(M+H)_36.43,SM,abundance_mean,11405056.863964653,2918625.2650068877,A3,APOE3
SM 40:7;O2(M+H)_27.67,SM,abundance_mean,5927324.70206252,2012947.825494598,A3,APOE3
SM 42:2;O2|SM 18:1;O2/24:1(M+H)_37.32,SM,abundance_mean,172805233.7308329,24935663.77417256,A3,APOE3
SM 42:3;O2|SM 18:1;O2/24:2(M+H)_36.43,SM,abundance_mean,9028701.339130744,1473707.9992962717,A3,APOE3
SM 43:4;O2(M+H)_24.36,SM,abundance_mean,2251101.572694221,676618.0291686999,A3,APOE3
ST 27:1;O(M+H-[H2O])_32.24,ST,abundance_mean,15884661.24912612,2582203.301882372,A3,APOE3
ST 27:2;O(M+H)_31.1,ST,abundance_mean,12509003.23217072,1834434.5312452088,A3,APOE3
ST 27:2;O(M+H-[H2O])_28.3,ST,abundance_mean,7577920.36991528,1690437.2074862414,A3,APOE3
TG 48:0|TG 16:0_16:0_16:0(M+NH4)_40.75,TG,abundance_mean,10285057.993204698,2517229.113719807,A3,APOE3
TG 48:1(d7)|TG 15:0_18:1(d7)_15:0(M+NH4)_40.24,TG,abundance_mean,39519012.17149144,4972011.55365377,A3,APOE3
TG 48:2|TG 16:0_16:1_16:1(M+NH4)_39.76,TG,abundance_mean,6096845.253053645,931906.3426892963,A3,APOE3
TG 50:0|TG 16:0_16:0_18:0(M+NH4)_41.26,TG,abundance_mean,23794000.718817838,5656215.663638306,A3,APOE3
TG 50:1|TG 16:0_16:0_18:1(M+NH4)_40.63,TG,abundance_mean,31439252.453853138,6308114.075065589,A3,APOE3
TG 50:2|TG 16:0_16:1_18:1(M+NH4)_40.24,TG,abundance_mean,32511918.78917067,6335627.480022176,A3,APOE3
TG 50:3|TG 16:0_16:1_18:2(M+NH4)_39.86,TG,abundance_mean,19899081.20053628,4147355.349099789,A3,APOE3
TG 50:4|TG 16:1_16:1_18:2(M+NH4)_39.48,TG,abundance_mean,6030242.245114259,1503669.922146736,A3,APOE3
TG 52:0|TG 16:0_18:0_18:0(M+NH4)_41.89,TG,abundance_mean,6966894.334388579,1342055.0098283624,A3,APOE3
TG 52:1|TG 16:0_18:0_18:1(M+NH4)_41.26,TG,abundance_mean,42179091.39849533,10146082.928159906,A3,APOE3
TG 52:2|TG 16:0_18:1_18:1(M+NH4)_40.63,TG,abundance_mean,61714489.717920005,13638179.31191376,A3,APOE3
TG 52:3|TG 16:0_18:1_18:2(M+NH4)_40.24,TG,abundance_mean,91049988.75872576,21396178.348200053,A3,APOE3
TG 52:4|TG 16:1_18:1_18:2(M+NH4)_39.86,TG,abundance_mean,56681439.65782742,14573872.613819236,A3,APOE3
TG 52:5|TG 16:1_18:2_18:2(M+NH4)_39.5,TG,abundance_mean,18492601.738886133,5633337.500484199,A3,APOE3
TG 54:0|TG 18:0_18:0_18:0(M+NH4)_42.53,TG,abundance_mean,3893549.36042489,547463.2424633189,A3,APOE3
TG 54:1|TG 16:0_18:0_20:1(M+NH4)_41.78,TG,abundance_mean,7804479.610946708,1890655.2738270827,A3,APOE3
TG 54:2|TG 18:0_18:1_18:1(M+NH4)_40.74,TG,abundance_mean,14614024.797888968,4512169.596916751,A3,APOE3
TG 54:3|TG 18:1_18:1_18:1(M+NH4)_40.62,TG,abundance_mean,43819098.110320106,11176192.39219086,A3,APOE3
TG 54:4|TG 18:1_18:1_18:2(M+NH4)_40.24,TG,abundance_mean,74059739.86235107,20680182.979583032,A3,APOE3
TG 54:6|TG 18:1_18:2_18:3(M+NH4)_39.86,TG,abundance_mean,35682281.29505602,13106133.205880174,A3,APOE3
TG 60:12|TG 16:0_22:6_22:6(M+NH4)_39.35,TG,abundance_mean,6082275.096451329,1263556.8533315868,A3,APOE3
TG O-50:0|TG O-18:0_16:0_16:0(M+NH4)_42.28,EtherTG,abundance_mean,1556035.101839906,360072.5636946567,A3,APOE3
TG O-50:2|TG O-16:0_16:0_18:2(M+NH4)_41.12,EtherTG,abundance_mean,2944614.689217817,681599.6515174648,A3,APOE3
TG O-52:1|TG O-18:0_16:0_18:1(M+NH4)_42.16,EtherTG,abundance_mean,3580686.554556312,886119.3899399551,A3,APOE3
TG O-52:2|TG O-18:0_16:0_18:2(M+NH4)_41.64,EtherTG,abundance_mean,6598552.344190221,2219692.318785039,A3,APOE3
TG O-52:3|TG O-16:0_18:1_18:2(M+NH4)_41.01,EtherTG,abundance_mean,2680893.045028298,647503.9684515815,A3,APOE3
TG O-54:2|TG O-20:0_16:0_18:2(M+NH4)_42.28,EtherTG,abundance_mean,6368001.465438601,1864243.233056304,A3,APOE3
TG O-54:3|TG O-18:0_18:1_18:2(M+NH4)_41.64,EtherTG,abundance_mean,3633218.7744589215,1184107.5640760656,A3,APOE3
TG O-54:4|TG O-18:0_18:2_18:2(M+NH4)_41.13,EtherTG,abundance_mean,1719962.5152938992,437340.4892963666,A3,APOE3
TG O-56:3|TG O-20:0_18:1_18:2(M+NH4)_42.16,EtherTG,abundance_mean,1684467.0032562595,442305.2828073918,A3,APOE3
25-hydroxycholecalciferol(M+H)_24.36,Vitamin_D,abundance_mean,88387998.70324484,15683363.975615388,A4,APOE4
AHexCer 46:1;O3|AHexCer (O-15:0)31:1;O3(M+H-[H2O])_39.35,AHexCer,abundance_mean,21055748.65921252,4354378.473354679,A4,APOE4
AHexCer 55:6;O3|AHexCer (O-18:1)37:5;O3(M+H-[H2O])_39.74,AHexCer,abundance_mean,2066350.371350996,509214.1890339425,A4,APOE4
AHexCer 56:1;O3|AHexCer (O-16:0)40:1;O3(M+H-[H2O])_39.48,AHexCer,abundance_mean,2605775.5901014777,204905.24841934355,A4,APOE4
AHexCer 57:1;O3|AHexCer (O-16:0)18:1;O2/23:0;O(M+H)_39.64,AHexCer,abundance_mean,2646572.8022792703,228808.0696491758,A4,APOE4
AHexCer 58:1;O3|AHexCer (O-16:0)42:1;O3(M+H)_39.86,AHexCer,abundance_mean,6014308.794071254,665101.570794926,A4,APOE4
AHexCer 58:1;O3|AHexCer (O-17:0)41:1;O3(M+H-[H2O])_39.62,AHexCer,abundance_mean,8590255.511729663,1027062.5933505014,A4,APOE4
AHexCer 58:2;O3|AHexCer (O-18:1)40:1;O3(M+H)_39.48,AHexCer,abundance_mean,6322973.283075689,538626.2467201417,A4,APOE4
AHexCer 59:1;O3|AHexCer (O-18:0)41:1;O3(M+H)_39.99,AHexCer,abundance_mean,2051255.680945992,171467.6281879155,A4,APOE4
AHexCer 59:8;O2|AHexCer (O-15:0)44:8;O2(M+H-[H2O])_39.23,AHexCer,abundance_mean,4793268.187446964,668284.9701923564,A4,APOE4
AHexCer 60:1;O3|AHexCer (O-18:0)42:1;O3(M+H)_40.12,AHexCer,abundance_mean,2579210.3979355195,300455.81729535625,A4,APOE4
AHexCer 60:2;O3|AHexCer (O-18:1)18:1;O2/24:0;O(M+H)_39.86,AHexCer,abundance_mean,4120277.358545714,357885.9987564289,A4,APOE4
CAR 16:0(M+H)_16.86,CAR,abundance_mean,8824981.717887126,1013630.0742562028,A4,APOE4
CAR 18:0(M+H)_19.78,CAR,abundance_mean,3950803.621781091,376685.4726306722,A4,APOE4
CE 18:1(d7)(M+NH4)_41.64,CE,abundance_mean,150945417.6273724,16638927.261518192,A4,APOE4
CE 18:3(M+NH4)_40.5,CE,abundance_mean,1504534.0381195357,474329.11846078536,A4,APOE4
CE 20:4(M+NH4)_40.75,CE,abundance_mean,5140331.228885506,1587960.0054955147,A4,APOE4
CE 22:6(M+NH4)_40.4,CE,abundance_mean,14682803.708158473,4675965.874800058,A4,APOE4
CL 70:4|CL 34:2_36:2(M+NH4)_39.1,CL,abundance_mean,1612496.5128563542,235310.1602273849,A4,APOE4
CL 72:4|CL 18:1_18:1_18:1_18:1(M-H)_39.36,CL,abundance_mean,596092.0090738869,139836.29732905005,A4,APOE4
CL 72:5|CL 18:1_18:1_18:1_18:2(M-H)_39.11,CL,abundance_mean,521802.6401206455,120845.19990043498,A4,APOE4
CL 72:5|CL 36:2_36:3(M+NH4)_39.22,CL,abundance_mean,2576009.4389239787,393628.27345527534,A4,APOE4
CL 72:7|CL 16:1_18:1_18:1_20:4(M-H)_38.85,CL,abundance_mean,400861.4139594784,95389.72610974962,A4,APOE4
CL 74:7|CL 18:1_18:1_18:1_20:4(M-H)_39.11,CL,abundance_mean,555019.4412591583,140002.27665096178,A4,APOE4
CL 74:7|CL 36:2_38:5(M+NH4)_39.1,CL,abundance_mean,2468290.878838305,451779.81638206873,A4,APOE4
CL 74:8|CL 18:1_18:2_18:1_20:4(M-H)_38.97,CL,abundance_mean,545113.2142907544,139335.99427007625,A4,APOE4
CL 76:10|CL 18:1_20:4_18:1_20:4(M-H)_38.85,CL,abundance_mean,514065.4339527072,148135.22480011807,A4,APOE4
CL 76:5|CL 39:1_37:4(M-H)_35.04,CL,abundance_mean,1401360.3078520154,205072.63077012627,A4,APOE4
CL 76:9|CL 18:1_18:1_18:1_22:6(M-H)_38.98,CL,abundance_mean,520489.9020018253,144732.28188592588,A4,APOE4
CL 76:9|CL 36:2_40:7(M+NH4)_38.98,CL,abundance_mean,2217752.34862026,478995.10140633216,A4,APOE4
CL 78:7|CL 41:2_37:5(M-H)_35.04,CL,abundance_mean,3248464.834375355,496519.9478040473,A4,APOE4
CL 79:5(M+NH4)_34.52,CL,abundance_mean,11290337.505410075,1719768.4156776618,A4,APOE4
CL 79:6|CL 36:1_43:5(M-H)_34.4,CL,abundance_mean,2332139.81361655,404594.858271987,A4,APOE4
CL 79:9|CL 38:4_41:5(M-H)_32.37,CL,abundance_mean,1308300.7682538168,288249.8546082485,A4,APOE4
CL 80:6|CL 36:1_44:5(M-H)_34.4,CL,abundance_mean,3820579.357995039,707171.4002502718,A4,APOE4
CL 90:18|CL 46:6_44:12(M-H)_30.21,CL,abundance_mean,1436749.0851801375,410017.6127646987,A4,APOE4
Cer 36:1;O2|Cer 18:1;O2/18:0(M+H-[H2O])_36.56,Cer_NS,abundance_mean,128108763.38625018,11165598.313440014,A4,APOE4
Cer 36:1;O2|Cer 18:1;O2/18:0(M+H-[H2O])_38.34,Cer_NS,abundance_mean,9976504.348725934,8448737.059892692,A4,APOE4
Cer 36:1;O2|Cer 18:1;O2/18:0(M-H)_36.56,Cer_NS,abundance_mean,3065381.2128055748,328887.9660441209,A4,APOE4
Cer 36:2;O2|Cer 18:2;O2/18:0(M+H-[H2O])_34.9,Cer_NS,abundance_mean,19024315.85141354,1727337.2169148542,A4,APOE4
Cer 37:1;O4|Cer 18:0;O3/19:1(2OH)(M-H)_36.56,Cer_AP,abundance_mean,121248509.28537798,12925849.641663352,A4,APOE4
Cer 38:1;O2|Cer 20:1;O2/18:0(M+H-[H2O])_37.58,Cer_NS,abundance_mean,10122114.216483666,1170942.1976785604,A4,APOE4
Cer 38:1;O2|Cer 20:1;O2/18:0(M+H-[H2O])_38.85,Cer_NS,abundance_mean,113091.27438796208,52055.22111846524,A4,APOE4
Cer 41:1;O2|Cer 18:1;O2/23:0(M+H)_38.47,Cer_NS,abundance_mean,6007327.12200629,598328.208620264,A4,APOE4
Cer 41:1;O4|Cer 26:0;O3(FA 15:0)(M-H)_38.22,Cer_EODS,abundance_mean,3515917.648608585,362850.4036437596,A4,APOE4
Cer 42:1;O2|Cer 26:1;O2/16:0(M+Na)_38.98,Cer_NS,abundance_mean,4005759.102162676,584899.8588258601,A4,APOE4
Cer 42:2;O2|Cer 18:1;O2/24:1(M+H)_38.09,Cer_NS,abundance_mean,32367300.26554205,2662896.0758915897,A4,APOE4
Cer 42:2;O2|Cer 18:1;O2/24:1(M+H-[H2O])_38.2,Cer_NS,abundance_mean,16070687.921881378,1467616.542421038,A4,APOE4
Cer 42:2;O2|Cer 18:1;O2/24:1(M+H-[H2O])_39.23,Cer_NS,abundance_mean,11477945.328181,1243561.5635219307,A4,APOE4
Cer 56:11;O4|Cer 38:9;O3(FA 18:1)(+C2H3O2-)_38.48,Cer_EOS,abundance_mean,1627186.85409866,133918.1592403545,A4,APOE4
CoQ10(M+H)_39.35,CoQ,abundance_mean,2945560.152813758,674624.4243753852,A4,APOE4
CoQ9(M+H)_38.85,CoQ,abundance_mean,9527547.353848653,2119310.5026969174,A4,APOE4
DG 18:2(M+Na)_10.61,DG,abundance_mean,3601960.7033806406,586200.110778583,A4,APOE4
DG 18:2(M+Na)_6.94,DG,abundance_mean,5753444.629340743,766016.0068515723,A4,APOE4
DG 19:2(M+Na)_14.69,DG,abundance_mean,10446186.924776811,1245956.9207060873,A4,APOE4
DG 19:2(M+Na)_16.1,DG,abundance_mean,906946.8570719716,70071.23218399804,A4,APOE4
DG 20:4(M+Na)_10.88,DG,abundance_mean,4101679.39265499,676093.0370790889,A4,APOE4
DG 20:4(M+Na)_7.45,DG,abundance_mean,5581725.285332263,1161023.6237956,A4,APOE4
DG 21:4(M+Na)_15.33,DG,abundance_mean,5247551.371174663,959037.3461012618,A4,APOE4
DG 23:2(M+Na)_25.88,DG,abundance_mean,4408354.707475212,932689.9762591138,A4,APOE4
DG 28:2(M+Na)_30.08,DG,abundance_mean,21329391.847740117,6883849.212177726,A4,APOE4
DG 30:5(M+Na)_29.95,DG,abundance_mean,1921541.543605585,618044.788655704,A4,APOE4
DG 33:1(d7)|DG 15:0_18:1(d7)(M+NH4)_36.81,DG,abundance_mean,158878577.11194223,31156352.92969044,A4,APOE4
DG 34:0|DG 16:0_18:0(M+NH4)_37.96,DG,abundance_mean,9940832.162622804,1285061.522831021,A4,APOE4
DG 34:1|DG 16:0_18:1(M+NH4)_37.32,DG,abundance_mean,24030110.64504589,3670522.757769276,A4,APOE4
DG 36:0|DG 18:0_18:0(M+NH4)_38.47,DG,abundance_mean,14902110.51333812,3196608.8391307914,A4,APOE4
DG 36:1|DG 18:0_18:1(M+NH4)_37.97,DG,abundance_mean,25824266.58259487,3775031.229907686,A4,APOE4
DG 36:2|DG 18:1_18:1(M+NH4)_37.33,DG,abundance_mean,17762205.812546086,2997488.0981734674,A4,APOE4
DG 36:4|DG 16:0_20:4(M+NH4)_36.06,DG,abundance_mean,12823788.939628355,2377240.403464972,A4,APOE4
DG 38:4|DG 18:0_20:4(M+NH4)_37.32,DG,abundance_mean,157744697.41095087,31168593.19370394,A4,APOE4
DG 38:5|DG 18:1_20:4(M+NH4)_36.29,DG,abundance_mean,14473516.412643528,3074511.9004748743,A4,APOE4
DG 38:6(M+Na)_35.54,DG,abundance_mean,3997547.9942497727,1228288.6137683487,A4,APOE4
DG 38:6|DG 16:0_22:6(M+NH4)_35.54,DG,abundance_mean,16966710.441520568,3558339.102136704,A4,APOE4
DG 40:2(M+Na)_38.6,DG,abundance_mean,26618359.91967544,4858606.08556677,A4,APOE4
DG 40:4|DG 18:0_22:4(M+NH4)_37.83,DG,abundance_mean,8910020.38711313,1720033.4021113373,A4,APOE4
DG 40:6(M+Na)_37.07,DG,abundance_mean,9697119.085573737,1892094.1666212052,A4,APOE4
DG 40:6|DG 18:0_22:6(M+NH4)_37.07,DG,abundance_mean,56240365.061209045,11831270.153426316,A4,APOE4
DG 40:7|DG 18:1_22:6(M+NH4)_35.67,DG,abundance_mean,8683435.313820818,1820707.6409897003,A4,APOE4
DG 45:10(M+Na)_35.54,DG,abundance_mean,3516819.368349996,581468.0740756636,A4,APOE4
DG 47:11(M+Na)_35.67,DG,abundance_mean,19166384.93472776,2236437.134445139,A4,APOE4
DG 47:12(M+Na)_30.46,DG,abundance_mean,3770766.1345100487,797974.5214501866,A4,APOE4
DG 51:9(M+Na)_38.85,DG,abundance_mean,2923415.9644384063,729203.6974223378,A4,APOE4
DG 52:1(M+Na)_42.16,DG,abundance_mean,1758654.369730677,333570.4520958215,A4,APOE4
DG O-37:1|DG O-19:1_18:0(M+NH4)_37.7,EtherDG,abundance_mean,1764626.1575591457,170264.91051079967,A4,APOE4
DLCL 36:3(M-H)_29.32,DLCL,abundance_mean,1049568.5439456964,147877.9151195916,A4,APOE4
DLCL 42:1(M-H)_20.42,DLCL,abundance_mean,1622730.2013477725,358743.3423890401,A4,APOE4
DLCL 42:11(M-H)_29.32,DLCL,abundance_mean,610223.8219840695,82133.77345127623,A4,APOE4
DLCL 44:12(M-H)_29.57,DLCL,abundance_mean,689207.9252462081,92059.59626494117,A4,APOE4
Diisodecyl phthalate (also known as the production of plastic)(M+H)_29.19,Others,abundance_mean,7604876.528045955,852863.8236705967,A4,APOE4
Dioctyl phthalate (also known as the production of plastic)(M+H)_24.1,Others,abundance_mean,18039869.35009577,1882822.1942733089,A4,APOE4
FA 18:1(M-H)_22.7,FA,abundance_mean,6078832.738461494,802218.8482954665,A4,APOE4
GM3 36:1;O2(M-H)_30.85,GM3,abundance_mean,300098.053137146,24021.00932215869,A4,APOE4
HexCer 36:1;O2|HexCer 18:1;O2/18:0(M+H)_34.91,HexCer_NS,abundance_mean,17933047.233699974,1674283.823204146,A4,APOE4
HexCer 38:1;O2(M+H)_36.69,HexCer_NDS,abundance_mean,10480856.073244752,744898.3021525034,A4,APOE4
HexCer 38:1;O3|HexCer 18:1;O2/20:0;O(M+H)_36.31,HexCer_HS,abundance_mean,16598901.291345894,1422959.509019107,A4,APOE4
HexCer 40:1;O2(M+H)_37.58,HexCer_NDS,abundance_mean,43614813.57634612,3292358.865466751,A4,APOE4
HexCer 40:1;O3(M+H)_37.33,HexCer_HS,abundance_mean,136968798.5000742,12910816.946714897,A4,APOE4
HexCer 40:1;O3|HexCer 18:1;O2/22:0;O(M-H)_37.44,HexCer_HS,abundance_mean,12628459.576521832,977270.1335920604,A4,APOE4
HexCer 40:2;O2|HexCer 18:2;O2/22:0(M+H)_37.44,HexCer_NS,abundance_mean,50877958.172688745,4241035.2802123055,A4,APOE4
HexCer 41:1;O3(M+H)_37.7,HexCer_HS,abundance_mean,138687945.5709235,13602790.216865689,A4,APOE4
HexCer 41:1;O3|HexCer 21:1;O2/20:0;O(M-H)_37.71,HexCer_HS,abundance_mean,8306625.978323162,682695.7746548931,A4,APOE4
HexCer 41:2;O2|HexCer 18:1;O2/23:1(M+H)_37.7,HexCer_NS,abundance_mean,39523592.52744044,3230744.9273387603,A4,APOE4
HexCer 42:1;O2(M+H)_38.09,HexCer_NDS,abundance_mean,93334738.98871462,8478416.731345648,A4,APOE4
HexCer 42:1;O2(M+H-[H2O])_38.21,HexCer_NDS,abundance_mean,12309411.474331155,1843583.4692202692,A4,APOE4
HexCer 42:1;O3(M+H)_37.97,HexCer_HS,abundance_mean,196536994.7895609,18139957.3733333,A4,APOE4
HexCer 42:1;O3|HexCer 18:1;O2/24:0;O(M-H)_38.08,HexCer_HS,abundance_mean,11319862.171229798,891367.3683539911,A4,APOE4
HexCer 42:2;O2|HexCer 18:1;O2/24:1(M+H)_37.58,HexCer_NS,abundance_mean,311950638.4199073,21612592.91210804,A4,APOE4
HexCer 42:2;O2|HexCer 18:1;O2/24:1(M+H-[H2O])_37.58,HexCer_NS,abundance_mean,30914489.98668629,2325497.015783068,A4,APOE4
HexCer 42:2;O3|HexCer 18:1;O2/24:1;O(M+H)_37.32,HexCer_HS,abundance_mean,124055977.20435412,8975453.238129986,A4,APOE4
HexCer 42:3;O2|HexCer 18:2;O2/24:1(M+H)_37.32,HexCer_NS,abundance_mean,31519197.19200144,2450161.1089486717,A4,APOE4
HexCer 43:1;O3|HexCer 18:1;O2/25:0;O(M+H)_38.24,HexCer_HS,abundance_mean,21646673.7998243,1940937.4600531068,A4,APOE4
HexCer 43:1;O3|HexCer 18:1;O2/25:0;O(M+H-[H2O])_37.83,HexCer_HS,abundance_mean,21869423.98549337,1511173.3132641723,A4,APOE4
HexCer 43:2;O3|HexCer 18:1;O2/25:1;O(M+H)_37.7,HexCer_HS,abundance_mean,11409959.452913731,742801.3400352692,A4,APOE4
LPA 19:5(M-H)_17.24,LPA,abundance_mean,15474873.49520072,5196398.815373202,A4,APOE4
LPC 14:0(M+H)_8.21,LPC,abundance_mean,9882267.680576649,1249526.8986339923,A4,APOE4
LPC 14:0/0:0(M+H)_9.86,LPC,abundance_mean,5100432.737396174,617375.902445001,A4,APOE4
LPC 16:0(M+H)_16.35,LPC,abundance_mean,331299177.40568113,50007566.25359205,A4,APOE4
LPC 16:0/0:0(M+H)_17.11,LPC,abundance_mean,600707815.9986012,68253602.72158395,A4,APOE4
LPC 16:1(M+H)_10.88,LPC,abundance_mean,20978546.485142883,2327119.361869375,A4,APOE4
LPC 16:1(M+H)_12.53,LPC,abundance_mean,12707734.59703431,1376831.846099348,A4,APOE4
LPC 16:1(M+Na)_10.87,LPC,abundance_mean,787538.3705542836,108066.31515586676,A4,APOE4
LPC 17:0/0:0(M+H)_18.76,LPC,abundance_mean,6133760.198216745,1200418.1940767786,A4,APOE4
LPC 17:3(M+H)_20.67,LPC,abundance_mean,6041213.36566026,1506298.0249798775,A4,APOE4
LPC 18:0(M+H)_20.29,LPC,abundance_mean,378898580.9435788,34950441.62114156,A4,APOE4
LPC 18:2(M+H)_13.93,LPC,abundance_mean,26542806.347244445,2828039.994238896,A4,APOE4
LPC 18:2(M+H)_15.2,LPC,abundance_mean,18124016.101718944,2519142.956065968,A4,APOE4
LPC 18:3(M+H)_16.35,LPC,abundance_mean,43605502.87030796,7648287.779463619,A4,APOE4
LPC 18:3/0:0(M+H)_17.11,LPC,abundance_mean,27229250.786110077,5541032.08429364,A4,APOE4
LPC 19:0/0:0(M+H)_21.81,LPC,abundance_mean,1628780.8374451343,137564.4394563617,A4,APOE4
LPC 20:0/0:0(M+H)_23.34,LPC,abundance_mean,3180559.693843006,531693.5981230679,A4,APOE4
LPC 20:1(M+Na)_20.66,LPC,abundance_mean,1631971.8627245594,406241.323742753,A4,APOE4
LPC 20:3(M+H)_15.97,LPC,abundance_mean,4389117.190086837,1923046.5828552851,A4,APOE4
LPC 20:4(M+H)_14.06,LPC,abundance_mean,255399378.4728865,38893740.45876061,A4,APOE4
LPC 20:5(M+H)_9.86,LPC,abundance_mean,341667.82016037346,128036.86453924666,A4,APOE4
LPC 22:0/0:0(M+H)_26.39,LPC,abundance_mean,1986635.8068482892,193451.75565012,A4,APOE4
LPC 22:1(M+H)_23.46,LPC,abundance_mean,3348305.981985236,271418.579934416,A4,APOE4
LPC 22:4(M+H)_17.49,LPC,abundance_mean,33710496.31357118,5261931.072805247,A4,APOE4
LPC 22:6(M+H)_13.81,LPC,abundance_mean,219702296.68776163,35490632.448486336,A4,APOE4
LPC 22:6(M+Na)_13.8,LPC,abundance_mean,5118135.422088154,1181957.830522379,A4,APOE4
LPC 22:6(M+Na)_14.81,LPC,abundance_mean,7245298.582037804,1481364.3834062458,A4,APOE4
LPC 24:1(M+H)_25.76,LPC,abundance_mean,2142195.7099811584,180610.14886105352,A4,APOE4
LPC 24:4(M+H)_19.65,LPC,abundance_mean,2568532.884621226,328434.55378479604,A4,APOE4
LPC O-16:0(M+H)_18.25,EtherLPC,abundance_mean,14498331.979411757,1600707.3157105756,A4,APOE4
LPE 15:0(M-H)_14.57,LPE,abundance_mean,2276630.007660781,250414.36025962717,A4,APOE4
LPE 16:0(M+H)_16.48,LPE,abundance_mean,12594641.254239457,3317286.3559173862,A4,APOE4
LPE 16:0(M-H)_16.48,LPE,abundance_mean,1740623.5132813095,421506.4624153294,A4,APOE4
LPE 16:1(M+H)_10.62,LPE,abundance_mean,3190507.83251663,258139.20150001528,A4,APOE4
LPE 16:1(M+H)_12.41,LPE,abundance_mean,493653.4479593694,59133.9076479159,A4,APOE4
LPE 16:1(M-H)_10.63,LPE,abundance_mean,1469076.6809239788,126963.659716919,A4,APOE4
LPE 16:1(M-H)_12.53,LPE,abundance_mean,332841.9257146171,34585.54964162991,A4,APOE4
LPE 18:0(M+H)_20.67,LPE,abundance_mean,79093829.18595195,7829293.431928273,A4,APOE4
LPE 18:0(M-H)_20.68,LPE,abundance_mean,45588193.11629534,4056551.606795251,A4,APOE4
LPE 18:1(M+H)_17.49,LPE,abundance_mean,114274240.6084659,19138148.337626256,A4,APOE4
LPE 18:1(d7)(M-H)_17.37,LPE,abundance_mean,4879696.594125166,693252.5875392164,A4,APOE4
LPE 18:2(M+H)_13.95,LPE,abundance_mean,2443540.8854342243,178717.32432571406,A4,APOE4
LPE 18:2(M-H)_14.06,LPE,abundance_mean,902851.219291658,63378.35737872647,A4,APOE4
LPE 18:2(M-H)_15.34,LPE,abundance_mean,278803.5322194758,38144.251984439805,A4,APOE4
LPE 19:1(M-H)_19.02,LPE,abundance_mean,907882.4036862194,138835.78229998256,A4,APOE4
LPE 20:0(M+H)_23.21,LPE,abundance_mean,766263.7257651974,336095.78641198494,A4,APOE4
LPE 20:0(M-H)_23.22,LPE,abundance_mean,1298536.7932671255,346722.86590671545,A4,APOE4
LPE 20:1(M+H)_20.41,LPE,abundance_mean,69408418.8082073,12327147.059987623,A4,APOE4
LPE 20:2(M+H)_18.5,LPE,abundance_mean,5598244.83674313,560875.8655768014,A4,APOE4
LPE 20:2(M-H)_18.51,LPE,abundance_mean,2416584.9939349294,266393.6218339786,A4,APOE4
LPE 20:3(M+H)_16.35,LPE,abundance_mean,2577228.2171260715,1157303.413743155,A4,APOE4
LPE 20:3(M+H)_17.36,LPE,abundance_mean,2701826.0286626485,621052.9855725082,A4,APOE4
LPE 20:3(M-H)_16.35,LPE,abundance_mean,3712868.1139805513,680384.6033239838,A4,APOE4
LPE 20:4(M+H)_14.19,LPE,abundance_mean,127816386.1530756,16855197.0539288,A4,APOE4
LPE 20:4(M-H)_14.19,LPE,abundance_mean,50195051.921559535,3870670.3323004,A4,APOE4
LPE 20:5(M+H)_9.61,LPE,abundance_mean,1070755.9892774608,158633.33446755694,A4,APOE4
LPE 20:5(M-H)_9.74,LPE,abundance_mean,425491.2144106301,50886.59888544085,A4,APOE4
LPE 21:1(M-H)_21.82,LPE,abundance_mean,415951.7082286741,70249.65093274738,A4,APOE4
LPE 22:1(M+H)_23.34,LPE,abundance_mean,4077839.206367697,566492.4835418793,A4,APOE4
LPE 22:1(M-H)_23.35,LPE,abundance_mean,1919346.5775535293,286941.511540198,A4,APOE4
LPE 22:2(M-H)_21.19,LPE,abundance_mean,921659.5536258412,111337.54211204316,A4,APOE4
LPE 22:3(M-H)_19.64,LPE,abundance_mean,281388.0679598949,125827.76842666868,A4,APOE4
LPE 22:4(M+H)_17.74,LPE,abundance_mean,110012482.1691564,18568495.06441245,A4,APOE4
LPE 22:5(M+H)_15.59,LPE,abundance_mean,14663292.20520946,2452377.563500029,A4,APOE4
LPE 22:6(M-H)_13.94,LPE,abundance_mean,130214668.61413,12632951.52073235,A4,APOE4
LPE 23:1(M-H)_24.73,LPE,abundance_mean,341850.244333,50165.62463858663,A4,APOE4
LPE 24:1(M+H)_26.26,LPE,abundance_mean,706871.0631314475,84078.13116406518,A4,APOE4
LPE 24:1(M-H)_26.27,LPE,abundance_mean,291810.9992992653,51960.98164125946,A4,APOE4
LPE 24:4(M+H)_20.03,LPE,abundance_mean,4486524.944386519,652551.1239340036,A4,APOE4
LPE 24:4(M-H)_20.04,LPE,abundance_mean,2235464.1052729343,286199.1674103695,A4,APOE4
LPE 24:5(M+H)_18.76,LPE,abundance_mean,2629490.3752378267,396776.0824008748,A4,APOE4
LPE 24:5(M-H)_18.77,LPE,abundance_mean,916960.019465202,154764.46382501206,A4,APOE4
LPE 24:6(M+H)_17.24,LPE,abundance_mean,2078448.178777198,511366.7185228128,A4,APOE4
LPE 24:6(M-H)_17.24,LPE,abundance_mean,1558921.000262155,406363.56033352,A4,APOE4
LPE O-16:0(M-H)_18.64,EtherLPE,abundance_mean,2396783.6589376954,235020.0850583892,A4,APOE4
LPE O-18:0(M+H)_22.07,EtherLPE,abundance_mean,4147952.250305789,475524.0029558716,A4,APOE4
LPE O-18:0(M-H)_22.08,EtherLPE,abundance_mean,2451265.683747458,216636.46261793128,A4,APOE4
LPE P-18:1(M+H)_20.67,EtherLPE,abundance_mean,3961534.577192045,384351.8165605004,A4,APOE4
LPG 15:0(M-H)_9.35,LPG,abundance_mean,6105472.920195878,624606.5408773108,A4,APOE4
LPG 16:0(M-H)_14.06,LPG,abundance_mean,900070.5037134542,111119.7242256168,A4,APOE4
LPG 18:1(M-H)_14.19,LPG,abundance_mean,2046180.6661110283,234460.05829139875,A4,APOE4
LPG 20:4(M-H)_9.36,LPG,abundance_mean,423518.6265326137,45974.95945159585,A4,APOE4
LPG 22:6(M-H)_9.36,LPG,abundance_mean,486098.19837132125,79789.92785905978,A4,APOE4
LPG O-20:1(M-H)_20.17,EtherLPG,abundance_mean,1548116.714047937,182918.725617137,A4,APOE4
LPI 15:0(M-H)_6.82,LPI,abundance_mean,7012022.59222666,644770.406638738,A4,APOE4
LPI 16:0(M-H)_10.25,LPI,abundance_mean,1546008.7884040268,147620.29415206786,A4,APOE4
LPI 18:0(M-H)_17.62,LPI,abundance_mean,11854405.328292765,1175553.7645534468,A4,APOE4
LPI 20:4(M-H)_6.83,LPI,abundance_mean,19058734.777951904,2507627.116376121,A4,APOE4
LPI 22:6(M-H)_6.95,LPI,abundance_mean,2191153.3392351232,390330.451290822,A4,APOE4
LPS 15:0(M-H)_6.95,LPS,abundance_mean,2491586.165441821,246769.0938908968,A4,APOE4
LPS 18:0(M-H)_17.75,LPS,abundance_mean,16080713.016069217,1925829.1171663727,A4,APOE4
LPS 18:1(M-H)_11.26,LPS,abundance_mean,7213245.167000176,1065139.602675112,A4,APOE4
LPS 18:1(M-H)_13.43,LPS,abundance_mean,3337489.5111324037,354896.284979497,A4,APOE4
LPS 20:4(M-H)_7.08,LPS,abundance_mean,1383741.539402141,175745.34142190765,A4,APOE4
LPS 22:4(M-H)_13.18,LPS,abundance_mean,613757.9368269986,102909.04032970144,A4,APOE4
LPS 22:4(M-H)_14.57,LPS,abundance_mean,22813137.718127426,7940452.738191346,A4,APOE4
LPS 22:6(M-H)_7.08,LPS,abundance_mean,23720806.44363658,3831830.613391006,A4,APOE4
MG 38:1(M+NH4)_38.98,MG,abundance_mean,2319816.2609079885,440250.6200751794,A4,APOE4
MGDG 36:1|MGDG 16:0_20:1(M+NH4)_36.82,MGDG,abundance_mean,20360046.551249065,1467764.1028101842,A4,APOE4
MMPE 42:2|MMPE 20:1_22:1(M-H)_37.19,MMPE,abundance_mean,3469319.981446132,272751.82518308924,A4,APOE4
NAE 16:0(M+H)_19.66,NAE,abundance_mean,28058461.362817228,8600377.758323558,A4,APOE4
NAE 18:0(M+H)_22.83,NAE,abundance_mean,41819632.7527161,13146226.088521112,A4,APOE4
NAE 18:1(M+H)_20.16,NAE,abundance_mean,2047749.8355534,157181.5579121774,A4,APOE4
NAE 26:5(M+H)_22.33,NAE,abundance_mean,2921354.327986882,619377.262464622,A4,APOE4
PA 33:1(d7)|PA 15:0_18:1(d7)(M-H)_33.5,PA,abundance_mean,6900920.695761972,635445.4601566189,A4,APOE4
PA 33:1(d7)|PA 15:0_18:1(d7)(M-H)_35.55,PA,abundance_mean,5241311.873300291,451332.8255668799,A4,APOE4
PA 33:1(d7)|PA 15:0_18:1(d7)(M-H)_41.65,PA,abundance_mean,3773107.942358897,380347.8761353117,A4,APOE4
PC 22:0(M+H)_22.96,PC,abundance_mean,2155780.5292163226,651853.1021026227,A4,APOE4
PC 23:0(M+H)_23.47,PC,abundance_mean,1225302.4464315642,446652.70035612106,A4,APOE4
PC 30:0|PC 14:0_16:0(M+H)_31.98,PC,abundance_mean,90762992.32227764,13014556.783622377,A4,APOE4
PC 31:0|PC 15:0_16:0(M+H)_33.12,PC,abundance_mean,46454526.3113992,4101767.482110653,A4,APOE4
PC 31:2(M+H)_33.12,PC,abundance_mean,7741781.1159152975,934091.607972603,A4,APOE4
PC 32:0|PC 16:0_16:0(M+H)_34.14,PC,abundance_mean,571193156.1179525,94830068.1402761,A4,APOE4
PC 32:1|PC 16:0_16:1(M+H)_32.24,PC,abundance_mean,234296981.9406981,33367791.25337201,A4,APOE4
PC 32:2(M+H)_30.34,PC,abundance_mean,3933040.832217593,479061.90777895367,A4,APOE4
PC 33:0|PC 16:0_17:0(M+H)_35.16,PC,abundance_mean,56814321.19047544,4780932.965609907,A4,APOE4
PC 33:1(d7)|PC 15:0_18:1(d7)(M+H)_33.25,PC,abundance_mean,95762657.96952488,13136818.169485126,A4,APOE4
PC 33:1|PC 16:0_17:1(M+H)_33.38,PC,abundance_mean,21309880.41472208,4833179.348469625,A4,APOE4
PC 34:0|PC 16:0_18:0(M+H)_36.17,PC,abundance_mean,459559713.232865,66526455.59046412,A4,APOE4
PC 34:1(M+H)_34.4,PC,abundance_mean,808853502.3218968,124450271.99380662,A4,APOE4
PC 34:2|PC 16:1_18:1(M+H)_32.74,PC,abundance_mean,211267180.63644555,23756410.531896275,A4,APOE4
PC 34:3(M+H)_30.59,PC,abundance_mean,34146952.1872113,3771603.501923811,A4,APOE4
PC 34:4(M+H)_30.48,PC,abundance_mean,4647888.299597521,606565.0707708935,A4,APOE4
PC 35:0|PC 16:0_19:0(M+H)_36.69,PC,abundance_mean,5853335.226299896,1107700.9109108462,A4,APOE4
PC 35:1|PC 17:0_18:1(M+H)_35.29,PC,abundance_mean,82557344.17007598,7137672.425787162,A4,APOE4
PC 35:2(M+H)_33.63,PC,abundance_mean,21102924.305760447,4712519.510167782,A4,APOE4
PC 36:1|PC 9:0_27:1(M+H)_36.3,PC,abundance_mean,822979723.4032813,89469778.20775655,A4,APOE4
PC 36:2|PC 18:1_18:1(M+H)_34.65,PC,abundance_mean,230440991.5249613,22899536.75039513,A4,APOE4
PC 36:3(M+H)_32.49,PC,abundance_mean,219189377.03002352,53251310.6710471,A4,APOE4
PC 36:4|PC 18:2_18:2(M+H)_32.36,PC,abundance_mean,557607032.9096631,82800067.82398908,A4,APOE4
PC 36:6(M+H)_29.44,PC,abundance_mean,1028462.8965531178,237971.05275449547,A4,APOE4
PC 37:4|PC 17:0_20:4(M+H)_33.51,PC,abundance_mean,3654118.238527584,1691328.9279802511,A4,APOE4
PC 38:1(M+H)_37.2,PC,abundance_mean,102427276.48714508,8466515.635697713,A4,APOE4
PC 38:2|PC 18:1_20:1(M+H)_36.31,PC,abundance_mean,54664089.55634628,8300337.82508616,A4,APOE4
PC 38:3|PC 18:0_20:3(M+H)_35.28,PC,abundance_mean,99401745.26773474,19765611.19041277,A4,APOE4
PC 38:4|PC 16:0_22:4(M+H)_34.64,PC,abundance_mean,236829568.66039324,38068383.03145453,A4,APOE4
PC 38:5|PC 18:0_20:5(M+H)_32.61,PC,abundance_mean,308465897.97848195,71245319.48087329,A4,APOE4
PC 38:6(M+H)_31.74,PC,abundance_mean,553187288.2029601,84456670.96229321,A4,APOE4
PC 38:7|PC 16:1_22:6(M+H)_29.81,PC,abundance_mean,3577490.183808905,971571.9087131766,A4,APOE4
PC 38:7|PC 18:3_20:4(M+H)_32.36,PC,abundance_mean,13086325.826891106,3283047.077031484,A4,APOE4
PC 39:6|PC 17:0_22:6(M+H)_32.87,PC,abundance_mean,12405399.62262505,1892306.9026873184,A4,APOE4
PC 40:1(M+H)_37.96,PC,abundance_mean,28831784.52076319,1982302.1302326936,A4,APOE4
PC 40:2|PC 20:1_20:1(M+H)_37.2,PC,abundance_mean,22425474.35222909,1476526.0246166969,A4,APOE4
PC 40:4(M+H)_35.91,PC,abundance_mean,83090388.48043263,10548960.145336589,A4,APOE4
PC 40:6(M+Na)_33.99,PC,abundance_mean,7276742.531626016,2117333.4911536025,A4,APOE4
PC 40:6|PC 18:0_22:6(M+H)_33.89,PC,abundance_mean,402417117.20395786,58100468.67909821,A4,APOE4
PC 40:7(M+Na)_31.98,PC,abundance_mean,1764872.1404276665,390884.23229174846,A4,APOE4
PC 40:7|PC 18:1_22:6(M+H)_31.98,PC,abundance_mean,125420669.23976175,26366033.742704835,A4,APOE4
PC 40:8|PC 18:2_22:6(M+H)_30.21,PC,abundance_mean,53507784.82325322,6803452.914949578,A4,APOE4
PC 40:9|PC 18:3_22:6(M+H)_31.86,PC,abundance_mean,11693942.5442162,2986100.660895508,A4,APOE4
PC 41:1(M+H)_38.24,PC,abundance_mean,13214182.194648478,1037520.5105112982,A4,APOE4
PC 42:10(M+H)_29.7,PC,abundance_mean,24040548.0022652,5561070.724361934,A4,APOE4
PC 42:1|PC 24:0_18:1(M+H)_38.47,PC,abundance_mean,23596609.06784189,1735224.3878639897,A4,APOE4
PC 42:2|PC 18:1_24:1(M+H)_37.96,PC,abundance_mean,23660960.331667177,1813503.3539064836,A4,APOE4
PC 42:4(M+H)_36.94,PC,abundance_mean,7152872.447609236,849799.8924198357,A4,APOE4
PC 42:7(M+H)_33.89,PC,abundance_mean,11522115.36731182,1829769.0040445533,A4,APOE4
PC 42:7(M+H)_35.91,PC,abundance_mean,672984.8195178725,337479.3764974233,A4,APOE4
PC 42:9(M+H)_30.84,PC,abundance_mean,5295939.790783803,2381888.389485008,A4,APOE4
PC 43:1(M+H)_38.72,PC,abundance_mean,3632416.0087574334,268596.7226244462,A4,APOE4
PC 44:10(M+H)_31.47,PC,abundance_mean,36725154.19261443,11247793.950760836,A4,APOE4
PC 44:12|PC 22:6_22:6(M+H)_29.19,PC,abundance_mean,20829726.798309505,5610959.660566988,A4,APOE4
PC 52:4(M+H)_39.35,PC,abundance_mean,3754101.853213572,603811.4293486318,A4,APOE4
PC 52:5(M+H)_38.98,PC,abundance_mean,2534501.124913771,369995.30911092507,A4,APOE4
PC 54:6(M+H)_39.1,PC,abundance_mean,3615726.007313023,695654.740944241,A4,APOE4
PC O-32:0|PC O-16:0_16:0(M+H)_35.54,EtherPC,abundance_mean,55472504.82432848,6808040.488081388,A4,APOE4
PC O-34:0|PC O-18:0_16:0(M+H)_36.94,EtherPC,abundance_mean,58583884.61153662,5555273.102415126,A4,APOE4
PC O-34:1|PC O-18:1_16:0(M+H)_35.54,EtherPC,abundance_mean,122194528.92448404,11674701.315443354,A4,APOE4
PC O-34:2|PC O-15:2_19:0(M+H)_34.52,EtherPC,abundance_mean,4140380.7299108286,629704.2810049901,A4,APOE4
PC O-35:4|PC O-13:0_22:4(M+H)_35.8,EtherPC,abundance_mean,9037913.869740946,1015207.0472089516,A4,APOE4
PC O-36:4|PC O-16:0_20:4(M+H)_33.76,EtherPC,abundance_mean,14283021.731018793,1898256.2520391708,A4,APOE4
PC O-37:5(M+H)_35.8,EtherPC,abundance_mean,14011020.00001045,2301981.213740648,A4,APOE4
PC O-38:1(M+H)_37.58,EtherPC,abundance_mean,38296266.31622401,3310142.6460658894,A4,APOE4
PC O-38:6|PC O-16:0_22:6(M+H)_33.12,EtherPC,abundance_mean,9375844.151803512,1527528.9200060798,A4,APOE4
PC O-40:11(M+H)_16.6,EtherPC,abundance_mean,3480065.3641830687,604736.5834871473,A4,APOE4
PC O-40:1|PC O-15:1_25:0(M+H)_38.09,EtherPC,abundance_mean,45691174.35560355,4254820.597882919,A4,APOE4
PC O-41:5(M+H)_37.82,EtherPC,abundance_mean,19369428.898379777,3539610.668782938,A4,APOE4
PE 21:0(M+H)_22.58,PE,abundance_mean,935120.2919318177,307850.0358307258,A4,APOE4
PE 32:0|PE 16:0_16:0(M+H)_34.78,PE,abundance_mean,1512049.051215442,344601.73769311415,A4,APOE4
PE 33:1(d7)|PE 15:0_18:1(d7)(M+H)_33.76,PE,abundance_mean,113187269.3883684,14407042.017692272,A4,APOE4
PE 33:1(d7)|PE 15:0_18:1(d7)(M-H)_33.77,PE,abundance_mean,26751281.17260679,2893795.983410224,A4,APOE4
PE 34:0|PE 16:0_18:0(M-H)_36.57,PE,abundance_mean,1122326.5137983856,396002.991856283,A4,APOE4
PE 34:1|PE 16:0_18:1(M+H)_34.9,PE,abundance_mean,58961778.38376401,7690936.59710168,A4,APOE4
PE 34:1|PE 16:0_18:1(M-H)_34.91,PE,abundance_mean,16727691.14168941,2051771.1533201155,A4,APOE4
PE 36:1|PE 18:0_18:1(M+H)_36.56,PE,abundance_mean,91409455.17089486,7846231.557164333,A4,APOE4
PE 36:1|PE 18:0_18:1(M-H)_36.57,PE,abundance_mean,28886163.375771616,1989218.9570885012,A4,APOE4
PE 36:2|PE 18:1_18:1(M+H)_35.03,PE,abundance_mean,61470868.988368645,6931077.883003088,A4,APOE4
PE 36:2|PE 18:1_18:1(M-H)_35.04,PE,abundance_mean,14065141.913565189,1377538.791634674,A4,APOE4
PE 36:3|PE 18:1_18:2(M-H)_33.14,PE,abundance_mean,5048848.084487286,861442.0409287671,A4,APOE4
PE 36:4|PE 16:0_20:4(M+H)_32.99,PE,abundance_mean,50737667.070262656,6949582.126903093,A4,APOE4
PE 36:4|PE 16:0_20:4(M-H)_32.88,PE,abundance_mean,12215329.778187465,1574749.111098751,A4,APOE4
PE 36:5(M+H)_30.97,PE,abundance_mean,1870256.648721606,313073.3542828421,A4,APOE4
PE 38:1|PE 18:0_20:1(M-H)_37.46,PE,abundance_mean,983612.7752350002,156419.157464175,A4,APOE4
PE 38:2|PE 18:1_20:1(M-H)_36.57,PE,abundance_mean,4664222.124912628,895650.1640187468,A4,APOE4
PE 38:4|PE 18:0_20:4(M+H)_35.03,PE,abundance_mean,209502366.16963935,26960372.814317912,A4,APOE4
PE 38:4|PE 18:0_20:4(M-H)_35.04,PE,abundance_mean,69006511.98284042,6229021.40271186,A4,APOE4
PE 38:5|PE 18:1_20:4(M+H)_33.12,PE,abundance_mean,67503997.78217797,13820792.870420195,A4,APOE4
PE 38:5|PE 18:1_20:4(M-H)_33.13,PE,abundance_mean,77540928.82751745,14433763.795765482,A4,APOE4
PE 38:6|PE 16:0_22:6(M+H)_32.36,PE,abundance_mean,145096653.30537894,25654046.788827237,A4,APOE4
PE 38:6|PE 16:0_22:6(M-H)_32.37,PE,abundance_mean,143426244.3823677,25009922.11857565,A4,APOE4
PE 38:7|PE 16:1_22:6(M+H)_30.35,PE,abundance_mean,927210.0248686582,209467.0081454469,A4,APOE4
PE 39:6(M+H)_33.51,PE,abundance_mean,6496367.268137249,977082.8807321098,A4,APOE4
PE 40:1|PE 18:0_22:1(M-H)_36.69,PE,abundance_mean,2406423.2006571265,158477.02032573635,A4,APOE4
PE 40:4|PE 18:0_22:4(M+H)_36.3,PE,abundance_mean,30767053.406364284,5002504.701297197,A4,APOE4
PE 40:4|PE 18:0_22:4(M-H)_36.31,PE,abundance_mean,14367031.368980888,1188703.4586809285,A4,APOE4
PE 40:6|PE 18:0_22:6(M+H)_34.63,PE,abundance_mean,191951295.9769093,32301994.31578558,A4,APOE4
PE 40:6|PE 18:0_22:6(M-H)_34.53,PE,abundance_mean,77999893.54425594,9103311.546233524,A4,APOE4
PE 40:7(M+H)_32.5,PE,abundance_mean,38337747.58909709,9296953.717446309,A4,APOE4
PE 40:7|PE 18:1_22:6(M-H)_32.62,PE,abundance_mean,18451445.49578809,3493669.9847925315,A4,APOE4
PE 44:10(M+H)_32.09,PE,abundance_mean,16176383.78919818,4831698.595753829,A4,APOE4
PE 44:12|PE 22:6_22:6(M+H)_29.7,PE,abundance_mean,4651148.816540946,1418070.2450229474,A4,APOE4
PE 44:12|PE 22:6_22:6(M-H)_29.7,PE,abundance_mean,5781058.034831201,1925359.509112226,A4,APOE4
PE O-34:1(M+H)_36.05,EtherPE,abundance_mean,4119853.759354382,557279.9427941351,A4,APOE4
PE O-34:1|PE O-18:1_16:0(M-H)_36.06,EtherPE,abundance_mean,2046065.327582938,215502.7760810821,A4,APOE4
PE O-36:2|PE O-18:1_18:1(M-H)_37.2,EtherPE,abundance_mean,646170.7099690245,55513.84842242805,A4,APOE4
PE O-37:3|PE O-22:3_15:0(M-H)_30.59,EtherPE,abundance_mean,60879360.01277188,5647920.301481015,A4,APOE4
PE O-38:4|PE O-16:0_22:4(M-H)_35.8,EtherPE,abundance_mean,2396307.414045239,183781.2033071426,A4,APOE4
PE O-38:6|PE O-16:0_22:6(M-H)_33.77,EtherPE,abundance_mean,4544732.79242327,593287.6054405391,A4,APOE4
PE O-40:4|PE O-18:0_22:4(M-H)_37.08,EtherPE,abundance_mean,3738444.0183364023,247406.86075620464,A4,APOE4
PE O-40:6|PE O-18:0_22:6(M-H)_35.8,EtherPE,abundance_mean,5380210.207127582,730849.3542602283,A4,APOE4
PE O-40:7|PE O-18:1_22:6(M-H)_35.53,EtherPE,abundance_mean,1249176.7509075424,197305.93858286724,A4,APOE4
PE P-38:5|PE P-18:1_20:4(M+H)_33.76,EtherPE,abundance_mean,21770135.65439207,3502823.366587032,A4,APOE4
PE P-40:5(M+H)_35.8,EtherPE,abundance_mean,22406965.78628097,3235285.7594334856,A4,APOE4
PG 32:0|PG 16:0_16:0(M-H)_31.61,PG,abundance_mean,663328.6553195174,135312.13395202218,A4,APOE4
PG 33:1(d7)|PG 15:0_18:1(d7)(M+NH4)_30.59,PG,abundance_mean,43349264.29148908,12193918.023122616,A4,APOE4
PG 34:1|PG 16:0_18:1(M-H)_31.73,PG,abundance_mean,2648033.48638202,466872.8205277012,A4,APOE4
PG 38:2|PG 18:1_20:1(M-H)_35.67,PG,abundance_mean,1522769.7293511296,161463.92698401236,A4,APOE4
PG 44:12|PG 22:6_22:6(M-H)_25.5,PG,abundance_mean,681562.184752119,161888.98725926582,A4,APOE4
PI 32:0|PI 16:0_16:0(M-H)_31.24,PI,abundance_mean,821377.1813933951,120394.4533138194,A4,APOE4
PI 33:1(d7)|PI 15:0_18:1(d7)(M+NH4)_30.2,PI,abundance_mean,41006607.48696437,4559535.168455533,A4,APOE4
PI 33:1(d7)|PI 15:0_18:1(d7)(M-H)_30.21,PI,abundance_mean,70856739.6764473,6580965.333817035,A4,APOE4
PI 33:1(d7)|PI 15:0_18:1(d7)(M-H)_33.26,PI,abundance_mean,9117332.282121612,1116362.058656028,A4,APOE4
PI 36:4(M+NH4)_29.44,PI,abundance_mean,11033772.452130329,1880031.616213748,A4,APOE4
PI 36:4|PI 16:0_20:4(M-H)_29.32,PI,abundance_mean,11397523.868734388,1589121.1109845792,A4,APOE4
PI 38:4(M+NH4)_31.6,PI,abundance_mean,45327271.65985284,5634085.380450091,A4,APOE4
PI 38:4|PI 18:0_20:4(M-H)_31.61,PI,abundance_mean,38702052.72407822,4531088.546890775,A4,APOE4
PI 38:5(M+NH4)_29.57,PI,abundance_mean,10098178.60310112,1603025.4909037054,A4,APOE4
PI 38:5|PI 18:1_20:4(M-H)_29.57,PI,abundance_mean,10230813.081094142,1180797.1566788766,A4,APOE4
PI 38:6(M+NH4)_28.82,PI,abundance_mean,2774434.7396423123,493688.0181363967,A4,APOE4
PI 40:6(M+NH4)_31.09,PI,abundance_mean,6717583.712652522,1519883.6762194517,A4,APOE4
PI 40:6|PI 18:0_22:6(M-H)_31.1,PI,abundance_mean,4277948.100153194,818592.1165587461,A4,APOE4
PS 33:1(d7)|PS 15:0_18:1(d7)(M-H)_30.57,PS,abundance_mean,19780168.923872028,1917123.959843195,A4,APOE4
PS 34:1(M+H)_31.73,PS,abundance_mean,6795337.016498181,1006834.2582881136,A4,APOE4
PS 36:0;O3|PS 18:0_18:0;O3(M-H)_32.12,OxPS,abundance_mean,6663142.478190931,2301867.6142401397,A4,APOE4
PS 36:1|PS 18:0_18:1(M+H)_33.76,PS,abundance_mean,35960859.5080192,3866845.888401104,A4,APOE4
PS 36:1|PS 18:0_18:1(M-H)_33.77,PS,abundance_mean,26205803.394080997,7608009.854044198,A4,APOE4
PS 36:2|PS 18:1_18:1(M+H)_31.98,PS,abundance_mean,33415354.18121467,3890414.2000805824,A4,APOE4
PS 36:2|PS 18:1_18:1(M-H)_32.12,PS,abundance_mean,16898115.446226552,2224881.1775825834,A4,APOE4
PS 38:4(M+H)_31.99,PS,abundance_mean,16960492.98126706,1780970.624315573,A4,APOE4
PS 38:4|PS 18:0_20:4(M-H)_32.24,PS,abundance_mean,8615179.082130577,943279.9674912504,A4,APOE4
PS 38:5(M+H)_29.95,PS,abundance_mean,4876151.642672385,892066.5966032245,A4,APOE4
PS 38:5;O3|PS 18:0_20:5;O3(M-H)_31.35,OxPS,abundance_mean,3412524.824119955,473119.0535286441,A4,APOE4
PS 38:6(M+H)_29.06,PS,abundance_mean,2970354.783286229,689137.2255072425,A4,APOE4
PS 38:6|PS 16:0_22:6(M-H)_29.19,PS,abundance_mean,803733.6597057871,201562.1263206293,A4,APOE4
PS 40:4|PS 18:0_22:4(M+H)_33.5,PS,abundance_mean,37114862.9156786,8504588.930205194,A4,APOE4
PS 40:4|PS 18:0_22:4(M-H)_33.38,PS,abundance_mean,26546431.226379164,6536886.508847466,A4,APOE4
PS 40:6(M+Na)_31.34,PS,abundance_mean,8846536.329822619,1424855.787719934,A4,APOE4
PS 40:6|PS 18:0_22:6(M+H)_31.35,PS,abundance_mean,186344030.9293023,37402429.64418206,A4,APOE4
PS 40:6|PS 18:0_22:6(M-H)_31.35,PS,abundance_mean,82854599.02817623,12533999.22830584,A4,APOE4
PS 40:6|PS 18:0_22:6(M-H)_35.17,PS,abundance_mean,5896399.433559472,1001507.783943839,A4,APOE4
PS 40:7(M+H)_29.32,PS,abundance_mean,6554687.280817657,1219660.5058695734,A4,APOE4
PS 40:7|PS 18:1_22:6(M-H)_29.32,PS,abundance_mean,1495226.2463239676,286651.13516133407,A4,APOE4
PS 42:10|PS 20:4_22:6(M-H)_27.15,PS,abundance_mean,211292.2084047616,55982.00952655449,A4,APOE4
PS 42:11;O3|PS 22:6_20:5;O3(M-H)_26.52,OxPS,abundance_mean,257094.28663906667,74603.23519818556,A4,APOE4
PS 44:10|PS 22:4_22:6(M+H)_28.81,PS,abundance_mean,4365538.202366379,1055712.091576242,A4,APOE4
PS 44:12|PS 22:6_22:6(M+H)_26.51,PS,abundance_mean,2588398.503085363,905718.41968341,A4,APOE4
PS 44:12|PS 22:6_22:6(M-H)_26.52,PS,abundance_mean,1177222.5447399276,350245.9791591363,A4,APOE4
SM 30:5;O3(M+H)_21.68,SM,abundance_mean,17016997.14496458,3980442.323452688,A4,APOE4
SM 34:1;O2|SM 18:1;O2/16:0(M+H)_32.11,SM,abundance_mean,80283948.26058666,10745649.605856562,A4,APOE4
SM 34:1;O3(M+H)_31.22,SM,abundance_mean,1783009.9908617206,368288.65513833,A4,APOE4
SM 34:2;O2(M+H)_30.08,SM,abundance_mean,2520428.2635817854,253177.88694418763,A4,APOE4
SM 35:1;O2(M+H)_33.25,SM,abundance_mean,9222279.241843324,620097.2254923051,A4,APOE4
SM 36:0;O3(M+H)_36.94,SM,abundance_mean,38571511.51543479,4666853.344694733,A4,APOE4
SM 36:1;O2|SM 18:1;O2/18:0(M+H)_34.4,SM,abundance_mean,150346580.59953943,20577860.71543364,A4,APOE4
SM 36:2;O2(M+H)_32.49,SM,abundance_mean,76957866.46065162,11223301.697650654,A4,APOE4
SM 37:4;O3(M+H)_30.58,SM,abundance_mean,69233313.53436369,7789158.3473825455,A4,APOE4
SM 38:1;O2|SM 20:1;O2/18:0(M+H)_36.3,SM,abundance_mean,49947669.16957123,6264987.663450719,A4,APOE4
SM 40:1;O2|SM 18:1;O2/22:0(M+H)_37.45,SM,abundance_mean,48682478.18418189,4583427.796956708,A4,APOE4
SM 40:2;O2(M+H)_36.43,SM,abundance_mean,12067689.019270305,1657194.3376264677,A4,APOE4
SM 40:7;O2(M+H)_27.67,SM,abundance_mean,6545597.915400965,897226.4820327698,A4,APOE4
SM 42:2;O2|SM 18:1;O2/24:1(M+H)_37.32,SM,abundance_mean,164774183.64803794,10227055.575046478,A4,APOE4
SM 42:3;O2|SM 18:1;O2/24:2(M+H)_36.43,SM,abundance_mean,11107220.302867772,1179309.3091401088,A4,APOE4
SM 43:4;O2(M+H)_24.36,SM,abundance_mean,2584108.262160849,675316.061355667,A4,APOE4
ST 27:1;O(M+H-[H2O])_32.24,ST,abundance_mean,14023947.422068754,2227545.429917683,A4,APOE4
ST 27:2;O(M+H)_31.1,ST,abundance_mean,32543590.352551345,5485478.1653914815,A4,APOE4
ST 27:2;O(M+H-[H2O])_28.3,ST,abundance_mean,18747392.605906896,3117127.618336589,A4,APOE4
TG 48:0|TG 16:0_16:0_16:0(M+NH4)_40.75,TG,abundance_mean,9540655.991422838,1993825.993217373,A4,APOE4
TG 48:1(d7)|TG 15:0_18:1(d7)_15:0(M+NH4)_40.24,TG,abundance_mean,40071767.61642461,5573625.822554417,A4,APOE4
TG 48:2|TG 16:0_16:1_16:1(M+NH4)_39.76,TG,abundance_mean,14899648.685698448,4503640.8809130285,A4,APOE4
TG 50:0|TG 16:0_16:0_18:0(M+NH4)_41.26,TG,abundance_mean,23540747.55889544,4466513.217796431,A4,APOE4
TG 50:1|TG 16:0_16:0_18:1(M+NH4)_40.63,TG,abundance_mean,44063832.97603373,9701356.247527292,A4,APOE4
TG 50:2|TG 16:0_16:1_18:1(M+NH4)_40.24,TG,abundance_mean,63808872.45203731,15886518.352513574,A4,APOE4
TG 50:3|TG 16:0_16:1_18:2(M+NH4)_39.86,TG,abundance_mean,42709932.025882296,11565412.348557776,A4,APOE4
TG 50:4|TG 16:1_16:1_18:2(M+NH4)_39.48,TG,abundance_mean,11101679.498707777,2620681.227109979,A4,APOE4
TG 52:0|TG 16:0_18:0_18:0(M+NH4)_41.89,TG,abundance_mean,9141308.544613248,1262991.2688690077,A4,APOE4
TG 52:1|TG 16:0_18:0_18:1(M+NH4)_41.26,TG,abundance_mean,39801821.583758816,9588598.257906727,A4,APOE4
TG 52:2|TG 16:0_18:1_18:1(M+NH4)_40.63,TG,abundance_mean,110414794.2463816,25847669.22159904,A4,APOE4
TG 52:3|TG 16:0_18:1_18:2(M+NH4)_40.24,TG,abundance_mean,142961780.51095995,29055078.114666115,A4,APOE4
TG 52:4|TG 16:1_18:1_18:2(M+NH4)_39.86,TG,abundance_mean,81705406.63909075,16413403.762622206,A4,APOE4
TG 52:5|TG 16:1_18:2_18:2(M+NH4)_39.5,TG,abundance_mean,24953798.42979773,4834983.574035259,A4,APOE4
TG 54:0|TG 18:0_18:0_18:0(M+NH4)_42.53,TG,abundance_mean,3723259.455070851,708273.9705916424,A4,APOE4
TG 54:1|TG 16:0_18:0_20:1(M+NH4)_41.78,TG,abundance_mean,12315172.386802832,3414050.804312477,A4,APOE4
TG 54:2|TG 18:0_18:1_18:1(M+NH4)_40.74,TG,abundance_mean,23168307.12670132,4858253.685337175,A4,APOE4
TG 54:3|TG 18:1_18:1_18:1(M+NH4)_40.62,TG,abundance_mean,80051999.10377853,18108907.699137144,A4,APOE4
TG 54:4|TG 18:1_18:1_18:2(M+NH4)_40.24,TG,abundance_mean,95811478.54046652,16658145.270821003,A4,APOE4
TG 54:6|TG 18:1_18:2_18:3(M+NH4)_39.86,TG,abundance_mean,31715853.5193439,6587055.184199724,A4,APOE4
TG 60:12|TG 16:0_22:6_22:6(M+NH4)_39.35,TG,abundance_mean,9433137.464155542,2313870.682167668,A4,APOE4
TG O-50:0|TG O-18:0_16:0_16:0(M+NH4)_42.28,EtherTG,abundance_mean,1892555.494936688,248191.56094133743,A4,APOE4
TG O-50:2|TG O-16:0_16:0_18:2(M+NH4)_41.12,EtherTG,abundance_mean,3671911.95326258,518710.19354421634,A4,APOE4
TG O-52:1|TG O-18:0_16:0_18:1(M+NH4)_42.16,EtherTG,abundance_mean,5311958.8013619855,917448.5351865222,A4,APOE4
TG O-52:2|TG O-18:0_16:0_18:2(M+NH4)_41.64,EtherTG,abundance_mean,7005099.440588908,1689623.4457158376,A4,APOE4
TG O-52:3|TG O-16:0_18:1_18:2(M+NH4)_41.01,EtherTG,abundance_mean,2937765.6625854294,366196.302987735,A4,APOE4
TG O-54:2|TG O-20:0_16:0_18:2(M+NH4)_42.28,EtherTG,abundance_mean,7326185.871499465,1739540.6538931795,A4,APOE4
TG O-54:3|TG O-18:0_18:1_18:2(M+NH4)_41.64,EtherTG,abundance_mean,3803969.3472382575,619742.8993055155,A4,APOE4
TG O-54:4|TG O-18:0_18:2_18:2(M+NH4)_41.13,EtherTG,abundance_mean,1715375.2038938557,340602.3474441927,A4,APOE4
TG O-56:3|TG O-20:0_18:1_18:2(M+NH4)_42.16,EtherTG,abundance_mean,2131693.1668096865,419084.1355940502,A4,APOE4
