Analysis,Peak Nr,Ignore,Time Code,Line,Identifier 1,Identifier 2,Port,Amount,Amount Unit,Comment,Gas Configuration,Is Ref _,Temp_Celsius,stdv_Celsius,H2O_N/cm3,stdv_H2O,HOD/H2O,stdv_HOD/HOH,H2O18/H2O,stdH2O18/H2O,D/H,stdD/H,O18/O16,stdO18/O16,delta D/H,stdev delta D/H,delta 18O/16O,stdev delta 18O/16O
L-026578,1,-1,2023/08/29 14:35:40,1,Curve_2_std_4,230807-T4-44,4-44,920,nL, ,H2O,0,2.892428e+01,1.492581e-03,4.693675e+16,1.023828e+14,4.195998e-04,2.796547e-07,1.969371e-03,4.995649e-07,2.097999e-04,1.398273e-07,1.969371e-03,4.995649e-07,3.468632e+02,0.000000e+00,-1.787815e+01,0.000000e+00
L-026578,2,-1,2023/08/29 14:37:41,2,Curve_2_std_4,230807-T4-44,4-44,920,nL, ,H2O,0,2.893145e+01,1.629237e-03,4.760628e+16,9.334154e+13,4.205471e-04,3.182596e-07,1.969955e-03,4.428142e-07,2.102735e-04,1.591298e-07,1.969955e-03,4.428142e-07,3.499040e+02,0.000000e+00,-1.758690e+01,0.000000e+00
L-026578,3,0,2023/08/29 14:39:42,3,Curve_2_std_4,230807-T4-44,4-44,920,nL, ,H2O,0,2.893951e+01,1.679077e-03,4.883049e+16,1.066383e+14,4.214666e-04,2.837480e-07,1.969611e-03,4.823579e-07,2.107333e-04,1.418740e-07,1.969611e-03,4.823579e-07,3.528556e+02,0.000000e+00,-1.775859e+01,0.000000e+00
L-026578,4,0,2023/08/29 14:41:43,4,Curve_2_std_4,230807-T4-44,4-44,920,nL, ,H2O,0,2.894043e+01,1.459221e-03,4.791122e+16,8.983900e+13,4.218105e-04,2.916225e-07,1.968728e-03,4.602059e-07,2.109053e-04,1.458112e-07,1.968728e-03,4.602059e-07,3.539594e+02,0.000000e+00,-1.819899e+01,0.000000e+00
L-026578,5,0,2023/08/29 14:43:44,5,Curve_2_std_4,230807-T4-44,4-44,920,nL, ,H2O,0,2.894144e+01,1.494199e-03,4.928255e+16,8.777425e+13,4.228440e-04,2.360467e-07,1.969048e-03,4.831467e-07,2.114220e-04,1.180233e-07,1.969048e-03,4.831467e-07,3.572769e+02,0.000000e+00,-1.803960e+01,0.000000e+00
L-026578,6,0,2023/08/29 14:45:45,6,Curve_2_std_4,230807-T4-44,4-44,920,nL, ,H2O,0,2.894393e+01,1.632980e-03,4.882658e+16,8.740770e+13,4.230601e-04,2.238735e-07,1.969132e-03,4.600651e-07,2.115300e-04,1.119367e-07,1.969132e-03,4.600651e-07,3.579703e+02,0.000000e+00,-1.799773e+01,0.000000e+00
L-026578,7,0,2023/08/29 14:47:46,7,Curve_2_std_4,230807-T4-44,4-44,920,nL, ,H2O,0,2.895209e+01,1.869675e-03,4.965809e+16,9.473844e+13,4.234741e-04,2.387596e-07,1.969230e-03,4.938777e-07,2.117370e-04,1.193798e-07,1.969230e-03,4.938777e-07,3.592992e+02,0.000000e+00,-1.794883e+01,0.000000e+00
L-026578,8,0,2023/08/29 14:49:47,8,Curve_2_std_4,230807-T4-44,4-44,920,nL, ,H2O,0,2.896100e+01,1.357525e-03,4.876520e+16,7.314277e+13,4.235396e-04,1.647896e-07,1.969103e-03,3.902187e-07,2.117698e-04,8.239478e-08,1.969103e-03,3.902187e-07,3.595095e+02,0.000000e+00,-1.801192e+01,0.000000e+00
L-026579,1,-1,2023/08/29 14:51:48,9,YF_2/3_D0_E3-1_tech3,230807-T1-06,1-6,920,nL, ,H2O,0,2.896120e+01,1.251547e-03,4.875355e+16,8.581775e+13,3.446127e-04,4.887989e-07,1.969102e-03,6.302869e-07,1.723064e-04,2.443994e-07,1.969102e-03,6.302869e-07,1.061641e+02,0.000000e+00,-1.801277e+01,0.000000e+00
L-026579,2,-1,2023/08/29 14:53:49,10,YF_2/3_D0_E3-1_tech3,230807-T1-06,1-6,920,nL, ,H2O,0,2.895466e+01,1.465909e-03,4.942301e+16,1.031345e+14,3.116615e-04,4.016894e-07,1.969984e-03,4.506380e-07,1.558307e-04,2.008447e-07,1.969984e-03,4.506380e-07,3.947001e-01,0.000000e+00,-1.757250e+01,0.000000e+00
L-026579,3,0,2023/08/29 14:55:50,11,YF_2/3_D0_E3-1_tech3,230807-T1-06,1-6,920,nL, ,H2O,0,2.894736e+01,1.145478e-03,4.942722e+16,1.002729e+14,2.956198e-04,3.630209e-07,1.969410e-03,4.445177e-07,1.478099e-04,1.815104e-07,1.969410e-03,4.445177e-07,-5.109698e+01,0.000000e+00,-1.785893e+01,0.000000e+00
L-026579,4,0,2023/08/29 14:57:51,12,YF_2/3_D0_E3-1_tech3,230807-T1-06,1-6,920,nL, ,H2O,0,2.894215e+01,1.238973e-03,5.050774e+16,9.690859e+13,2.890805e-04,2.565537e-07,1.970106e-03,4.357395e-07,1.445403e-04,1.282769e-07,1.970106e-03,4.357395e-07,-7.208738e+01,0.000000e+00,-1.751194e+01,0.000000e+00
L-026579,5,0,2023/08/29 14:59:52,13,YF_2/3_D0_E3-1_tech3,230807-T1-06,1-6,920,nL, ,H2O,0,2.894131e+01,1.104284e-03,4.930164e+16,1.037305e+14,2.840371e-04,2.837877e-07,1.969001e-03,4.414224e-07,1.420186e-04,1.418939e-07,1.969001e-03,4.414224e-07,-8.827601e+01,0.000000e+00,-1.806307e+01,0.000000e+00
L-026579,6,0,2023/08/29 15:01:53,14,YF_2/3_D0_E3-1_tech3,230807-T1-06,1-6,920,nL, ,H2O,0,2.893695e+01,1.194119e-03,5.047443e+16,9.359461e+13,2.829987e-04,2.288620e-07,1.970472e-03,5.045101e-07,1.414994e-04,1.144310e-07,1.970472e-03,5.045101e-07,-9.160925e+01,0.000000e+00,-1.732931e+01,0.000000e+00
L-026579,7,0,2023/08/29 15:03:54,15,YF_2/3_D0_E3-1_tech3,230807-T1-06,1-6,920,nL, ,H2O,0,2.892773e+01,1.326425e-03,4.943029e+16,1.245587e+14,2.813993e-04,2.340835e-07,1.970641e-03,4.610391e-07,1.406996e-04,1.170417e-07,1.970641e-03,4.610391e-07,-9.674323e+01,0.000000e+00,-1.724492e+01,0.000000e+00
L-026579,8,0,2023/08/29 15:05:55,16,YF_2/3_D0_E3-1_tech3,230807-T1-06,1-6,920,nL, ,H2O,0,2.891612e+01,1.408458e-03,5.031181e+16,8.479091e+13,2.806507e-04,1.803231e-07,1.970945e-03,5.348170e-07,1.403253e-04,9.016154e-08,1.970945e-03,5.348170e-07,-9.914621e+01,0.000000e+00,-1.709320e+01,0.000000e+00
L-026580,1,-1,2023/08/29 15:07:56,17,YF_2/3_D32_E4-1_tech3,230807-T1-27,1-27,920,nL, ,H2O,0,2.891181e+01,1.495552e-03,4.973960e+16,1.149920e+14,4.933164e-04,1.201797e-06,1.969466e-03,3.874127e-07,2.466582e-04,6.008983e-07,1.969466e-03,3.874127e-07,5.834846e+02,0.000000e+00,-1.783101e+01,0.000000e+00
L-026580,2,-1,2023/08/29 15:09:57,18,YF_2/3_D32_E4-1_tech3,230807-T1-27,1-27,920,nL, ,H2O,0,2.891329e+01,1.620660e-03,5.014004e+16,6.799683e+13,5.838094e-04,1.050777e-06,1.969261e-03,4.730887e-07,2.919047e-04,5.253886e-07,1.969261e-03,4.730887e-07,8.739559e+02,0.000000e+00,-1.793319e+01,0.000000e+00
L-026580,3,0,2023/08/29 15:11:58,19,YF_2/3_D32_E4-1_tech3,230807-T1-27,1-27,920,nL, ,H2O,0,2.891752e+01,1.402662e-03,4.890830e+16,8.432480e+13,6.249073e-04,8.249807e-07,1.968907e-03,3.827208e-07,3.124536e-04,4.124904e-07,1.968907e-03,3.827208e-07,1.005875e+03,0.000000e+00,-1.810963e+01,0.000000e+00
L-026580,4,0,2023/08/29 15:14:00,20,YF_2/3_D32_E4-1_tech3,230807-T1-27,1-27,920,nL, ,H2O,0,2.891701e+01,1.288762e-03,4.982106e+16,9.332344e+13,6.449463e-04,5.930032e-07,1.969369e-03,3.263679e-07,3.224731e-04,2.965016e-07,1.969369e-03,3.263679e-07,1.070198e+03,0.000000e+00,-1.787948e+01,0.000000e+00
L-026580,5,0,2023/08/29 15:16:01,21,YF_2/3_D32_E4-1_tech3,230807-T1-27,1-27,920,nL, ,H2O,0,2.890971e+01,1.320038e-03,4.886282e+16,1.032753e+14,6.546579e-04,5.641530e-07,1.969613e-03,5.140098e-07,3.273290e-04,2.820765e-07,1.969613e-03,5.140098e-07,1.101371e+03,0.000000e+00,-1.775790e+01,0.000000e+00
L-026580,6,0,2023/08/29 15:18:02,22,YF_2/3_D32_E4-1_tech3,230807-T1-27,1-27,920,nL, ,H2O,0,2.889689e+01,1.110155e-03,4.957126e+16,1.317063e+14,6.586979e-04,3.756155e-07,1.969708e-03,3.970027e-07,3.293489e-04,1.878078e-07,1.969708e-03,3.970027e-07,1.114339e+03,0.000000e+00,-1.771014e+01,0.000000e+00
L-026580,7,0,2023/08/29 15:20:03,23,YF_2/3_D32_E4-1_tech3,230807-T1-27,1-27,920,nL, ,H2O,0,2.888158e+01,1.254584e-03,4.879863e+16,7.995611e+13,6.621947e-04,3.988651e-07,1.969908e-03,4.485721e-07,3.310973e-04,1.994325e-07,1.969908e-03,4.485721e-07,1.125563e+03,0.000000e+00,-1.761080e+01,0.000000e+00
L-026580,8,0,2023/08/29 15:22:04,24,YF_2/3_D32_E4-1_tech3,230807-T1-27,1-27,920,nL, ,H2O,0,2.887145e+01,1.256303e-03,4.823078e+16,9.220567e+13,6.652894e-04,3.290068e-07,1.969874e-03,4.241422e-07,3.326447e-04,1.645034e-07,1.969874e-03,4.241422e-07,1.135497e+03,0.000000e+00,-1.762764e+01,0.000000e+00
L-026581,1,-1,2023/08/29 15:24:05,25,BlaJ-0169_D32_saline_tech1,230807-T3-22,3-22,920,nL, ,H2O,0,2.886619e+01,1.291691e-03,4.708277e+16,9.564069e+13,6.422249e-04,2.863383e-07,1.970019e-03,4.055734e-07,3.211124e-04,1.431691e-07,1.970019e-03,4.055734e-07,1.061462e+03,0.000000e+00,-1.755529e+01,0.000000e+00
L-026581,2,-1,2023/08/29 15:26:06,26,BlaJ-0169_D32_saline_tech1,230807-T3-22,3-22,920,nL, ,H2O,0,2.886353e+01,1.086790e-03,4.700800e+16,1.108479e+14,6.311005e-04,2.472270e-07,1.969252e-03,4.280201e-07,3.155502e-04,1.236135e-07,1.969252e-03,4.280201e-07,1.025754e+03,0.000000e+00,-1.793772e+01,0.000000e+00
L-026581,3,0,2023/08/29 15:28:07,27,BlaJ-0169_D32_saline_tech1,230807-T3-22,3-22,920,nL, ,H2O,0,2.885758e+01,1.373036e-03,4.767841e+16,7.298620e+13,6.293224e-04,2.342824e-07,1.970277e-03,4.866133e-07,3.146612e-04,1.171412e-07,1.970277e-03,4.866133e-07,1.020047e+03,0.000000e+00,-1.742638e+01,0.000000e+00
L-026581,4,0,2023/08/29 15:30:08,28,BlaJ-0169_D32_saline_tech1,230807-T3-22,3-22,920,nL, ,H2O,0,2.884734e+01,1.150485e-03,4.774413e+16,8.607533e+13,6.269879e-04,3.261723e-07,1.970078e-03,5.328537e-07,3.134940e-04,1.630861e-07,1.970078e-03,5.328537e-07,1.012553e+03,0.000000e+00,-1.752593e+01,0.000000e+00
L-026581,5,0,2023/08/29 15:32:09,29,BlaJ-0169_D32_saline_tech1,230807-T3-22,3-22,920,nL, ,H2O,0,2.883968e+01,1.347424e-03,4.935077e+16,8.887386e+13,6.269019e-04,1.816907e-07,1.969761e-03,4.390845e-07,3.134509e-04,9.084536e-08,1.969761e-03,4.390845e-07,1.012277e+03,0.000000e+00,-1.768400e+01,0.000000e+00
L-026581,6,0,2023/08/29 15:34:10,30,BlaJ-0169_D32_saline_tech1,230807-T3-22,3-22,920,nL, ,H2O,0,2.883769e+01,1.356379e-03,4.745038e+16,5.247828e+14,6.229025e-04,7.045003e-07,1.968283e-03,5.638852e-07,3.114513e-04,3.522501e-07,1.968283e-03,5.638852e-07,9.994399e+02,0.000000e+00,-1.842112e+01,0.000000e+00
L-026581,7,0,2023/08/29 15:36:11,31,BlaJ-0169_D32_saline_tech1,230807-T3-22,3-22,920,nL, ,H2O,0,2.883518e+01,1.438291e-03,4.658019e+16,1.040030e+14,6.271847e-04,2.515145e-07,1.969650e-03,3.577072e-07,3.135924e-04,1.257573e-07,1.969650e-03,3.577072e-07,1.013185e+03,0.000000e+00,-1.773945e+01,0.000000e+00
L-026581,8,0,2023/08/29 15:38:12,32,BlaJ-0169_D32_saline_tech1,230807-T3-22,3-22,920,nL, ,H2O,0,2.882870e+01,1.287920e-03,4.621366e+16,7.368136e+13,6.256332e-04,2.414683e-07,1.969420e-03,4.499837e-07,3.128166e-04,1.207342e-07,1.969420e-03,4.499837e-07,1.008205e+03,0.000000e+00,-1.785418e+01,0.000000e+00
L-026582,1,-1,2023/08/29 15:40:14,33,YF_2/3_D32_E3-1_tech1,230807-T1-28,1-28,920,nL, ,H2O,0,2.881592e+01,1.041781e-03,4.841287e+16,9.555584e+13,6.459847e-04,2.907445e-07,1.969169e-03,4.363368e-07,3.229924e-04,1.453722e-07,1.969169e-03,4.363368e-07,1.073531e+03,0.000000e+00,-1.797923e+01,0.000000e+00
L-026582,2,-1,2023/08/29 15:42:16,34,YF_2/3_D32_E3-1_tech1,230807-T1-28,1-28,920,nL, ,H2O,0,2.880562e+01,1.399313e-03,4.789365e+16,8.564283e+13,6.549919e-04,2.627359e-07,1.968990e-03,4.400039e-07,3.274959e-04,1.313679e-07,1.968990e-03,4.400039e-07,1.102443e+03,0.000000e+00,-1.806830e+01,0.000000e+00
L-026582,3,0,2023/08/29 15:44:18,35,YF_2/3_D32_E3-1_tech1,230807-T1-28,1-28,920,nL, ,H2O,0,2.880467e+01,1.531471e-03,4.689065e+16,1.088931e+14,6.580304e-04,2.813916e-07,1.968243e-03,5.164587e-07,3.290152e-04,1.406958e-07,1.968243e-03,5.164587e-07,1.112196e+03,0.000000e+00,-1.844108e+01,0.000000e+00
L-026582,4,0,2023/08/29 15:46:20,36,YF_2/3_D32_E3-1_tech1,230807-T1-28,1-28,920,nL, ,H2O,0,2.881023e+01,1.434209e-03,4.617839e+16,1.264480e+14,6.596477e-04,1.502724e-07,1.968123e-03,3.658264e-07,3.298239e-04,7.513618e-08,1.968123e-03,3.658264e-07,1.117387e+03,0.000000e+00,-1.850064e+01,0.000000e+00
L-026582,5,0,2023/08/29 15:48:22,37,YF_2/3_D32_E3-1_tech1,230807-T1-28,1-28,920,nL, ,H2O,0,2.880761e+01,1.228424e-03,4.635440e+16,9.953873e+13,6.604349e-04,2.353255e-07,1.968539e-03,4.183018e-07,3.302175e-04,1.176627e-07,1.968539e-03,4.183018e-07,1.119914e+03,0.000000e+00,-1.829306e+01,0.000000e+00
L-026582,6,0,2023/08/29 15:50:24,38,YF_2/3_D32_E3-1_tech1,230807-T1-28,1-28,920,nL, ,H2O,0,2.879726e+01,1.340662e-03,4.655963e+16,9.283754e+13,6.610907e-04,3.087529e-07,1.969145e-03,4.498665e-07,3.305453e-04,1.543764e-07,1.969145e-03,4.498665e-07,1.122019e+03,0.000000e+00,-1.799121e+01,0.000000e+00
L-026582,7,0,2023/08/29 15:52:26,39,YF_2/3_D32_E3-1_tech1,230807-T1-28,1-28,920,nL, ,H2O,0,2.878756e+01,1.494114e-03,4.654412e+16,9.655607e+13,6.602926e-04,2.312114e-07,1.968343e-03,6.216644e-07,3.301463e-04,1.156057e-07,1.968343e-03,6.216644e-07,1.119457e+03,0.000000e+00,-1.839085e+01,0.000000e+00
L-026582,8,0,2023/08/29 15:54:28,40,YF_2/3_D32_E3-1_tech1,230807-T1-28,1-28,920,nL, ,H2O,0,2.878171e+01,1.472297e-03,4.669080e+16,9.306315e+13,6.616882e-04,2.242323e-07,1.968206e-03,4.550887e-07,3.308441e-04,1.121161e-07,1.968206e-03,4.550887e-07,1.123937e+03,0.000000e+00,-1.845941e+01,0.000000e+00
L-026583,1,-1,2023/08/29 15:56:30,41,YF_2/3_D8_E4-1_tech2,230807-T1-38,1-38,920,nL, ,H2O,0,2.878470e+01,1.377753e-03,4.817872e+16,8.235253e+13,6.828083e-04,2.507123e-07,1.967977e-03,3.303578e-07,3.414042e-04,1.253561e-07,1.967977e-03,3.303578e-07,1.191730e+03,0.000000e+00,-1.857355e+01,0.000000e+00
L-026583,2,-1,2023/08/29 15:58:31,42,YF_2/3_D8_E4-1_tech2,230807-T1-38,1-38,920,nL, ,H2O,0,2.878700e+01,1.325199e-03,5.007552e+16,8.166399e+13,6.919696e-04,2.606302e-07,1.968325e-03,3.861028e-07,3.459848e-04,1.303151e-07,1.968325e-03,3.861028e-07,1.221136e+03,0.000000e+00,-1.839978e+01,0.000000e+00
L-026583,3,0,2023/08/29 16:00:33,43,YF_2/3_D8_E4-1_tech2,230807-T1-38,1-38,920,nL, ,H2O,0,2.878705e+01,1.416603e-03,4.897184e+16,1.165720e+14,6.957427e-04,2.508336e-07,1.967988e-03,4.017932e-07,3.478714e-04,1.254168e-07,1.967988e-03,4.017932e-07,1.233248e+03,0.000000e+00,-1.856793e+01,0.000000e+00
L-026583,4,0,2023/08/29 16:02:35,44,YF_2/3_D8_E4-1_tech2,230807-T1-38,1-38,920,nL, ,H2O,0,2.878070e+01,1.268212e-03,5.051496e+16,1.042714e+14,6.976740e-04,3.033368e-07,1.968096e-03,5.302962e-07,3.488370e-04,1.516684e-07,1.968096e-03,5.302962e-07,1.239447e+03,0.000000e+00,-1.851399e+01,0.000000e+00
L-026583,5,0,2023/08/29 16:04:36,45,YF_2/3_D8_E4-1_tech2,230807-T1-38,1-38,920,nL, ,H2O,0,2.876868e+01,1.244721e-03,4.876199e+16,1.137350e+14,6.981527e-04,2.374020e-07,1.968139e-03,3.467379e-07,3.490763e-04,1.187010e-07,1.968139e-03,3.467379e-07,1.240984e+03,0.000000e+00,-1.849294e+01,0.000000e+00
L-026583,6,0,2023/08/29 16:06:37,46,YF_2/3_D8_E4-1_tech2,230807-T1-38,1-38,920,nL, ,H2O,0,2.876053e+01,1.409032e-03,4.991522e+16,1.058010e+14,6.990265e-04,3.230698e-07,1.967946e-03,4.018944e-07,3.495132e-04,1.615349e-07,1.967946e-03,4.018944e-07,1.243788e+03,0.000000e+00,-1.858916e+01,0.000000e+00
L-026583,7,0,2023/08/29 16:08:38,47,YF_2/3_D8_E4-1_tech2,230807-T1-38,1-38,920,nL, ,H2O,0,2.876156e+01,1.662701e-03,4.842266e+16,8.816334e+13,6.992431e-04,2.180353e-07,1.968150e-03,3.764087e-07,3.496215e-04,1.090177e-07,1.968150e-03,3.764087e-07,1.244484e+03,0.000000e+00,-1.848713e+01,0.000000e+00
L-026583,8,0,2023/08/29 16:10:40,48,YF_2/3_D8_E4-1_tech2,230807-T1-38,1-38,920,nL, ,H2O,0,2.876227e+01,1.388810e-03,5.009072e+16,9.138283e+13,6.993703e-04,2.503810e-07,1.968364e-03,4.679472e-07,3.496851e-04,1.251905e-07,1.968364e-03,4.679472e-07,1.244892e+03,0.000000e+00,-1.838050e+01,0.000000e+00
L-026584,1,-1,2023/08/29 16:12:41,49,BlaJ-0170_D32_treatment_tech3,230807-T3-27,3-27,920,nL, ,H2O,0,2.876022e+01,1.272269e-03,4.791509e+16,7.901655e+13,6.465545e-04,4.031009e-07,1.968681e-03,4.564845e-07,3.232772e-04,2.015504e-07,1.968681e-03,4.564845e-07,1.075360e+03,0.000000e+00,-1.822258e+01,0.000000e+00
L-026584,2,-1,2023/08/29 16:14:42,50,BlaJ-0170_D32_treatment_tech3,230807-T3-27,3-27,920,nL, ,H2O,0,2.875413e+01,1.311594e-03,4.933427e+16,1.039718e+14,6.258053e-04,3.578665e-07,1.968730e-03,5.075452e-07,3.129027e-04,1.789333e-07,1.968730e-03,5.075452e-07,1.008757e+03,0.000000e+00,-1.819796e+01,0.000000e+00
L-026584,3,0,2023/08/29 16:16:43,51,BlaJ-0170_D32_treatment_tech3,230807-T3-27,3-27,920,nL, ,H2O,0,2.875144e+01,1.381021e-03,4.776722e+16,6.569638e+13,6.155321e-04,3.345725e-07,1.968828e-03,5.133979e-07,3.077661e-04,1.672863e-07,1.968828e-03,5.133979e-07,9.757818e+02,0.000000e+00,-1.814909e+01,0.000000e+00
L-026584,4,0,2023/08/29 16:18:44,52,BlaJ-0170_D32_treatment_tech3,230807-T3-27,3-27,920,nL, ,H2O,0,2.874892e+01,1.415177e-03,4.673882e+16,9.767213e+13,6.102959e-04,2.648006e-07,1.968698e-03,3.492963e-07,3.051480e-04,1.324003e-07,1.968698e-03,3.492963e-07,9.589742e+02,0.000000e+00,-1.821414e+01,0.000000e+00
L-026584,5,0,2023/08/29 16:20:45,53,BlaJ-0170_D32_treatment_tech3,230807-T3-27,3-27,920,nL, ,H2O,0,2.873955e+01,1.441833e-03,4.861510e+16,1.014497e+14,6.089518e-04,2.971896e-07,1.968620e-03,4.628118e-07,3.044759e-04,1.485948e-07,1.968620e-03,4.628118e-07,9.546596e+02,0.000000e+00,-1.825291e+01,0.000000e+00
L-026584,6,0,2023/08/29 16:22:46,54,BlaJ-0170_D32_treatment_tech3,230807-T3-27,3-27,920,nL, ,H2O,0,2.873259e+01,1.174149e-03,4.766686e+16,8.578125e+13,6.072634e-04,2.594954e-07,1.968563e-03,4.613207e-07,3.036317e-04,1.297477e-07,1.968563e-03,4.613207e-07,9.492402e+02,0.000000e+00,-1.828156e+01,0.000000e+00
L-026584,7,0,2023/08/29 16:24:47,55,BlaJ-0170_D32_treatment_tech3,230807-T3-27,3-27,920,nL, ,H2O,0,2.873127e+01,1.472076e-03,4.845235e+16,1.003915e+14,6.060329e-04,2.636021e-07,1.968506e-03,3.658225e-07,3.030164e-04,1.318010e-07,1.968506e-03,3.658225e-07,9.452903e+02,0.000000e+00,-1.830975e+01,0.000000e+00
L-026584,8,0,2023/08/29 16:26:48,56,BlaJ-0170_D32_treatment_tech3,230807-T3-27,3-27,920,nL, ,H2O,0,2.872843e+01,1.070518e-03,4.678961e+16,5.082861e+13,6.057747e-04,2.942919e-07,1.968811e-03,3.864714e-07,3.028874e-04,1.471459e-07,1.968811e-03,3.864714e-07,9.444618e+02,0.000000e+00,-1.815787e+01,0.000000e+00
L-026585,1,-1,2023/08/29 16:28:49,57,Curve_3_std_5,230807-T4-52,4-52,920,nL, ,H2O,0,2.872426e+01,1.421376e-03,4.803072e+16,9.695390e+13,5.801302e-04,2.972635e-07,1.968122e-03,4.174329e-07,2.900651e-04,1.486317e-07,1.968122e-03,4.174329e-07,8.621459e+02,0.000000e+00,-1.850135e+01,0.000000e+00
L-026585,2,-1,2023/08/29 16:30:49,58,Curve_3_std_5,230807-T4-52,4-52,920,nL, ,H2O,0,2.871800e+01,1.344974e-03,5.045055e+16,1.121865e+14,5.705644e-04,2.875764e-07,1.968582e-03,5.250910e-07,2.852822e-04,1.437882e-07,1.968582e-03,5.250910e-07,8.314410e+02,0.000000e+00,-1.827207e+01,0.000000e+00
L-026585,3,0,2023/08/29 16:32:51,59,Curve_3_std_5,230807-T4-52,4-52,920,nL, ,H2O,0,2.872230e+01,1.702019e-03,4.932548e+16,1.059538e+14,5.662733e-04,2.394434e-07,1.968707e-03,4.351800e-07,2.831367e-04,1.197217e-07,1.968707e-03,4.351800e-07,8.176671e+02,0.000000e+00,-1.820963e+01,0.000000e+00
L-026585,4,0,2023/08/29 16:34:52,60,Curve_3_std_5,230807-T4-52,4-52,920,nL, ,H2O,0,2.872382e+01,1.356743e-03,4.734439e+16,2.959358e+14,5.608754e-04,3.927745e-07,1.967339e-03,4.632758e-07,2.804377e-04,1.963872e-07,1.967339e-03,4.632758e-07,8.003404e+02,0.000000e+00,-1.889173e+01,0.000000e+00
L-026585,5,0,2023/08/29 16:36:53,61,Curve_3_std_5,230807-T4-52,4-52,920,nL, ,H2O,0,2.872101e+01,1.645810e-03,4.884143e+16,6.044317e+13,5.633863e-04,2.476717e-07,1.968853e-03,4.504225e-07,2.816932e-04,1.238358e-07,1.968853e-03,4.504225e-07,8.084002e+02,0.000000e+00,-1.813671e+01,0.000000e+00
L-026585,6,0,2023/08/29 16:38:54,62,Curve_3_std_5,230807-T4-52,4-52,920,nL, ,H2O,0,2.871786e+01,1.356429e-03,4.756847e+16,1.061153e+14,5.622759e-04,2.686114e-07,1.968553e-03,3.147065e-07,2.811380e-04,1.343057e-07,1.968553e-03,3.147065e-07,8.048360e+02,0.000000e+00,-1.828625e+01,0.000000e+00
L-026585,7,0,2023/08/29 16:40:55,63,Curve_3_std_5,230807-T4-52,4-52,920,nL, ,H2O,0,2.871727e+01,1.452542e-03,4.771171e+16,8.484040e+13,5.617242e-04,2.801158e-07,1.968529e-03,4.522054e-07,2.808621e-04,1.400579e-07,1.968529e-03,4.522054e-07,8.030649e+02,0.000000e+00,-1.829831e+01,0.000000e+00
L-026585,8,0,2023/08/29 16:42:56,64,Curve_3_std_5,230807-T4-52,4-52,920,nL, ,H2O,0,2.872330e+01,1.732478e-03,4.664480e+16,1.019292e+14,5.610763e-04,2.171754e-07,1.968037e-03,4.318081e-07,2.805382e-04,1.085877e-07,1.968037e-03,4.318081e-07,8.009855e+02,0.000000e+00,-1.854362e+01,0.000000e+00
L-026586,1,-1,2023/08/29 16:44:57,65,YF_2/3_D32_E4-1_tech1,230807-T1-25,1-25,920,nL, ,H2O,0,2.873466e+01,1.722749e-03,4.848895e+16,7.756065e+13,6.256917e-04,4.483125e-07,1.967357e-03,5.001156e-07,3.128458e-04,2.241562e-07,1.967357e-03,5.001156e-07,1.008393e+03,0.000000e+00,-1.888255e+01,0.000000e+00
L-026586,2,-1,2023/08/29 16:46:59,66,YF_2/3_D32_E4-1_tech1,230807-T1-25,1-25,920,nL, ,H2O,0,2.874723e+01,1.632133e-03,5.054163e+16,1.001712e+14,6.497333e-04,3.617272e-07,1.967266e-03,4.339514e-07,3.248666e-04,1.808636e-07,1.967266e-03,4.339514e-07,1.085563e+03,0.000000e+00,-1.892828e+01,0.000000e+00
L-026586,3,0,2023/08/29 16:49:01,67,YF_2/3_D32_E4-1_tech1,230807-T1-25,1-25,920,nL, ,H2O,0,2.875662e+01,1.512374e-03,4.957430e+16,9.991287e+13,6.613475e-04,3.492411e-07,1.967284e-03,4.644397e-07,3.306737e-04,1.746206e-07,1.967284e-03,4.644397e-07,1.122843e+03,0.000000e+00,-1.891915e+01,0.000000e+00
L-026586,4,0,2023/08/29 16:51:03,68,YF_2/3_D32_E4-1_tech1,230807-T1-25,1-25,920,nL, ,H2O,0,2.875939e+01,1.545530e-03,5.094276e+16,7.859477e+13,6.669805e-04,3.199272e-07,1.967749e-03,4.412088e-07,3.334903e-04,1.599636e-07,1.967749e-03,4.412088e-07,1.140925e+03,0.000000e+00,-1.868744e+01,0.000000e+00
L-026586,5,0,2023/08/29 16:53:05,69,YF_2/3_D32_E4-1_tech1,230807-T1-25,1-25,920,nL, ,H2O,0,2.876232e+01,1.482951e-03,5.038373e+16,1.084423e+14,6.691684e-04,3.024510e-07,1.967635e-03,3.444927e-07,3.345842e-04,1.512255e-07,1.967635e-03,3.444927e-07,1.147948e+03,0.000000e+00,-1.874417e+01,0.000000e+00
L-026586,6,0,2023/08/29 16:55:06,70,YF_2/3_D32_E4-1_tech1,230807-T1-25,1-25,920,nL, ,H2O,0,2.876868e+01,1.623663e-03,4.867989e+16,7.502770e+13,6.696174e-04,2.353032e-07,1.967167e-03,5.624242e-07,3.348087e-04,1.176516e-07,1.967167e-03,5.624242e-07,1.149389e+03,0.000000e+00,-1.897773e+01,0.000000e+00
L-026586,7,0,2023/08/29 16:57:06,71,YF_2/3_D32_E4-1_tech1,230807-T1-25,1-25,920,nL, ,H2O,0,2.877551e+01,1.533019e-03,5.049806e+16,1.116815e+14,6.719092e-04,2.710530e-07,1.967728e-03,4.198822e-07,3.359546e-04,1.355265e-07,1.967728e-03,4.198822e-07,1.156745e+03,0.000000e+00,-1.869794e+01,0.000000e+00
L-026586,8,0,2023/08/29 16:59:07,72,YF_2/3_D32_E4-1_tech1,230807-T1-25,1-25,920,nL, ,H2O,0,2.878408e+01,1.522247e-03,4.811404e+16,8.542688e+13,6.710312e-04,3.919433e-07,1.967261e-03,5.679070e-07,3.355156e-04,1.959716e-07,1.967261e-03,5.679070e-07,1.153927e+03,0.000000e+00,-1.893053e+01,0.000000e+00
L-026587,1,-1,2023/08/29 17:01:09,73,YM_2/3_D32_E3-1_tech3,230807-T2-18,2-18,920,nL, ,H2O,0,2.878864e+01,1.691354e-03,5.143641e+16,7.670560e+13,7.051413e-04,3.827437e-07,1.967661e-03,6.022659e-07,3.525706e-04,1.913718e-07,1.967661e-03,6.022659e-07,1.263416e+03,0.000000e+00,-1.873095e+01,0.000000e+00
L-026587,2,-1,2023/08/29 17:03:10,74,YM_2/3_D32_E3-1_tech3,230807-T2-18,2-18,920,nL, ,H2O,0,2.878835e+01,1.381863e-03,4.991627e+16,9.321057e+13,7.188904e-04,3.195222e-07,1.967626e-03,3.854869e-07,3.594452e-04,1.597611e-07,1.967626e-03,3.854869e-07,1.307549e+03,0.000000e+00,-1.874877e+01,0.000000e+00
L-026587,3,0,2023/08/29 17:05:11,75,YM_2/3_D32_E3-1_tech3,230807-T2-18,2-18,920,nL, ,H2O,0,2.879268e+01,1.406937e-03,5.192626e+16,1.057181e+14,7.249172e-04,2.954209e-07,1.967758e-03,5.059480e-07,3.624586e-04,1.477104e-07,1.967758e-03,5.059480e-07,1.326894e+03,0.000000e+00,-1.868297e+01,0.000000e+00
L-026587,4,0,2023/08/29 17:07:11,76,YM_2/3_D32_E3-1_tech3,230807-T2-18,2-18,920,nL, ,H2O,0,2.879949e+01,1.717048e-03,5.097335e+16,1.412057e+14,7.258444e-04,2.843947e-07,1.967052e-03,3.954700e-07,3.629222e-04,1.421974e-07,1.967052e-03,3.954700e-07,1.329871e+03,0.000000e+00,-1.903495e+01,0.000000e+00
L-026587,5,0,2023/08/29 17:09:13,77,YM_2/3_D32_E3-1_tech3,230807-T2-18,2-18,920,nL, ,H2O,0,2.881009e+01,1.817464e-03,5.013093e+16,8.444629e+13,7.304312e-04,3.013782e-07,1.968015e-03,4.162094e-07,3.652156e-04,1.506891e-07,1.968015e-03,4.162094e-07,1.344594e+03,0.000000e+00,-1.855478e+01,0.000000e+00
L-026587,6,0,2023/08/29 17:11:14,78,YM_2/3_D32_E3-1_tech3,230807-T2-18,2-18,920,nL, ,H2O,0,2.881693e+01,1.417846e-03,5.067530e+16,9.964046e+13,7.307358e-04,2.839291e-07,1.967835e-03,3.294286e-07,3.653679e-04,1.419646e-07,1.967835e-03,3.294286e-07,1.345571e+03,0.000000e+00,-1.864451e+01,0.000000e+00
L-026587,7,0,2023/08/29 17:13:15,79,YM_2/3_D32_E3-1_tech3,230807-T2-18,2-18,920,nL, ,H2O,0,2.882078e+01,1.381725e-03,5.198927e+16,1.005130e+14,7.310694e-04,3.458888e-07,1.968361e-03,4.567214e-07,3.655347e-04,1.729444e-07,1.968361e-03,4.567214e-07,1.346642e+03,0.000000e+00,-1.838232e+01,0.000000e+00
L-026587,8,0,2023/08/29 17:15:15,80,YM_2/3_D32_E3-1_tech3,230807-T2-18,2-18,920,nL, ,H2O,0,2.882490e+01,1.394633e-03,5.112857e+16,8.123920e+13,7.311108e-04,2.889614e-07,1.967986e-03,3.536910e-07,3.655554e-04,1.444807e-07,1.967986e-03,3.536910e-07,1.346775e+03,0.000000e+00,-1.856911e+01,0.000000e+00
L-026588,1,-1,2023/08/29 17:17:15,81,BlaJ-0140_D0_saline_tech1,230807-T4-1,4-1,920,nL, ,H2O,0,2.883067e+01,1.510781e-03,5.036141e+16,3.327477e+14,4.922125e-04,9.753359e-07,1.967629e-03,4.456569e-07,2.461062e-04,4.876679e-07,1.967629e-03,4.456569e-07,5.799409e+02,0.000000e+00,-1.874714e+01,0.000000e+00
L-026588,2,-1,2023/08/29 17:19:16,82,BlaJ-0140_D0_saline_tech1,230807-T4-1,4-1,920,nL, ,H2O,0,2.883354e+01,1.409134e-03,4.960650e+16,8.007486e+13,3.841486e-04,1.193811e-06,1.969094e-03,4.211339e-07,1.920743e-04,5.969054e-07,1.969094e-03,4.211339e-07,2.330695e+02,0.000000e+00,-1.801666e+01,0.000000e+00
L-026588,3,0,2023/08/29 17:21:17,83,BlaJ-0140_D0_saline_tech1,230807-T4-1,4-1,920,nL, ,H2O,0,2.883175e+01,1.241738e-03,5.036610e+16,6.898985e+13,3.376212e-04,9.056299e-07,1.969270e-03,4.640376e-07,1.688106e-04,4.528150e-07,1.969270e-03,4.640376e-07,8.372204e+01,0.000000e+00,-1.792890e+01,0.000000e+00
L-026588,4,0,2023/08/29 17:23:17,84,BlaJ-0140_D0_saline_tech1,230807-T4-1,4-1,920,nL, ,H2O,0,2.883464e+01,1.635622e-03,4.958709e+16,6.429675e+13,3.137776e-04,6.470242e-07,1.969205e-03,4.641888e-07,1.568888e-04,3.235121e-07,1.969205e-03,4.641888e-07,7.187326e+00,0.000000e+00,-1.796097e+01,0.000000e+00
L-026588,5,0,2023/08/29 17:25:18,85,BlaJ-0140_D0_saline_tech1,230807-T4-1,4-1,920,nL, ,H2O,0,2.884100e+01,1.577026e-03,4.911490e+16,1.150632e+14,3.009294e-04,5.714513e-07,1.969024e-03,4.931521e-07,1.504647e-04,2.857256e-07,1.969024e-03,4.931521e-07,-3.405401e+01,0.000000e+00,-1.805154e+01,0.000000e+00
L-026588,6,0,2023/08/29 17:27:18,86,BlaJ-0140_D0_saline_tech1,230807-T4-1,4-1,920,nL, ,H2O,0,2.884835e+01,1.600215e-03,5.001298e+16,9.397864e+13,2.944817e-04,3.538785e-07,1.969277e-03,4.979733e-07,1.472408e-04,1.769392e-07,1.969277e-03,4.979733e-07,-5.475039e+01,0.000000e+00,-1.792505e+01,0.000000e+00
L-026588,7,0,2023/08/29 17:29:18,87,BlaJ-0140_D0_saline_tech1,230807-T4-1,4-1,920,nL, ,H2O,0,2.885193e+01,1.377753e-03,4.936036e+16,7.709232e+13,2.904956e-04,3.617316e-07,1.968944e-03,5.223333e-07,1.452478e-04,1.808658e-07,1.968944e-03,5.223333e-07,-6.754508e+01,0.000000e+00,-1.809143e+01,0.000000e+00
L-026588,8,0,2023/08/29 17:31:18,88,BlaJ-0140_D0_saline_tech1,230807-T4-1,4-1,920,nL, ,H2O,0,2.884913e+01,1.391441e-03,5.039324e+16,1.127897e+14,2.882442e-04,3.084572e-07,1.968718e-03,4.426229e-07,1.441221e-04,1.542286e-07,1.968718e-03,4.426229e-07,-7.477197e+01,0.000000e+00,-1.820390e+01,0.000000e+00
L-026589,1,-1,2023/08/29 17:33:21,89,YF_2/3_D0_E4-1_tech2,230807-T1-02,1-2,920,nL, ,H2O,0,2.884515e+01,1.435546e-03,5.179977e+16,9.104932e+13,2.862970e-04,2.771424e-07,1.968208e-03,5.485435e-07,1.431485e-04,1.385712e-07,1.968208e-03,5.485435e-07,-8.102225e+01,0.000000e+00,-1.845853e+01,0.000000e+00
L-026589,2,-1,2023/08/29 17:35:22,90,YF_2/3_D0_E4-1_tech2,230807-T1-02,1-2,920,nL, ,H2O,0,2.884233e+01,1.367065e-03,5.133169e+16,7.657285e+13,2.851668e-04,2.559236e-07,1.968534e-03,5.573447e-07,1.425834e-04,1.279618e-07,1.968534e-03,5.573447e-07,-8.465003e+01,0.000000e+00,-1.829561e+01,0.000000e+00
L-026589,3,0,2023/08/29 17:37:24,91,YF_2/3_D0_E4-1_tech2,230807-T1-02,1-2,920,nL, ,H2O,0,2.884606e+01,1.363597e-03,5.170625e+16,1.202644e+14,2.840757e-04,2.430830e-07,1.968658e-03,3.217584e-07,1.420378e-04,1.215415e-07,1.968658e-03,3.217584e-07,-8.815239e+01,0.000000e+00,-1.823395e+01,0.000000e+00
L-026589,4,0,2023/08/29 17:39:25,92,YF_2/3_D0_E4-1_tech2,230807-T1-02,1-2,920,nL, ,H2O,0,2.885353e+01,1.431816e-03,5.161523e+16,1.161090e+14,2.831680e-04,2.428049e-07,1.968763e-03,4.434784e-07,1.415840e-04,1.214025e-07,1.968763e-03,4.434784e-07,-9.106580e+01,0.000000e+00,-1.818179e+01,0.000000e+00
L-026589,5,0,2023/08/29 17:41:27,93,YF_2/3_D0_E4-1_tech2,230807-T1-02,1-2,920,nL, ,H2O,0,2.885576e+01,1.173255e-03,5.097782e+16,9.573364e+13,2.822871e-04,3.191923e-07,1.967867e-03,4.077403e-07,1.411436e-04,1.595962e-07,1.967867e-03,4.077403e-07,-9.389328e+01,0.000000e+00,-1.862844e+01,0.000000e+00
L-026589,6,0,2023/08/29 17:43:29,94,YF_2/3_D0_E4-1_tech2,230807-T1-02,1-2,920,nL, ,H2O,0,2.885213e+01,1.295720e-03,5.131290e+16,1.074894e+14,2.825650e-04,2.710066e-07,1.968134e-03,4.366057e-07,1.412825e-04,1.355033e-07,1.968134e-03,4.366057e-07,-9.300129e+01,0.000000e+00,-1.849508e+01,0.000000e+00
L-026589,7,0,2023/08/29 17:45:30,95,YF_2/3_D0_E4-1_tech2,230807-T1-02,1-2,920,nL, ,H2O,0,2.885051e+01,1.423433e-03,5.056881e+16,1.171095e+14,2.821524e-04,2.572830e-07,1.968283e-03,5.545390e-07,1.410762e-04,1.286415e-07,1.968283e-03,5.545390e-07,-9.432576e+01,0.000000e+00,-1.842075e+01,0.000000e+00
L-026589,8,0,2023/08/29 17:47:32,96,YF_2/3_D0_E4-1_tech2,230807-T1-02,1-2,920,nL, ,H2O,0,2.885495e+01,1.419146e-03,4.913778e+16,8.611979e+13,2.814107e-04,2.097241e-07,1.968696e-03,4.945993e-07,1.407054e-04,1.048621e-07,1.968696e-03,4.945993e-07,-9.670654e+01,0.000000e+00,-1.821517e+01,0.000000e+00
L-026590,1,-1,2023/08/29 17:49:34,97,YM_2/3_D8_E3-1_tech3,230807-T2-30,2-30,920,nL, ,H2O,0,2.886446e+01,1.577589e-03,5.053187e+16,7.407934e+13,5.382291e-04,1.437070e-06,1.968332e-03,4.430505e-07,2.691146e-04,7.185352e-07,1.968332e-03,4.430505e-07,7.276488e+02,0.000000e+00,-1.839633e+01,0.000000e+00
L-026590,2,-1,2023/08/29 17:51:34,98,YM_2/3_D8_E3-1_tech3,230807-T2-30,2-30,920,nL, ,H2O,0,2.886965e+01,1.540172e-03,5.133980e+16,1.194428e+14,6.432257e-04,1.160300e-06,1.968606e-03,4.377287e-07,3.216129e-04,5.801501e-07,1.968606e-03,4.377287e-07,1.064675e+03,0.000000e+00,-1.825972e+01,0.000000e+00
L-026590,3,0,2023/08/29 17:53:35,99,YM_2/3_D8_E3-1_tech3,230807-T2-30,2-30,920,nL, ,H2O,0,2.887071e+01,1.341418e-03,5.108994e+16,9.707751e+13,6.888528e-04,8.574297e-07,1.967972e-03,5.316942e-07,3.444264e-04,4.287148e-07,1.967972e-03,5.316942e-07,1.211132e+03,0.000000e+00,-1.857631e+01,0.000000e+00
L-026590,4,0,2023/08/29 17:55:36,100,YM_2/3_D8_E3-1_tech3,230807-T2-30,2-30,920,nL, ,H2O,0,2.886555e+01,1.308074e-03,4.980927e+16,9.632229e+13,7.111243e-04,7.002670e-07,1.967714e-03,5.226530e-07,3.555621e-04,3.501335e-07,1.967714e-03,5.226530e-07,1.282621e+03,0.000000e+00,-1.870493e+01,0.000000e+00
L-026590,5,0,2023/08/29 17:57:38,101,YM_2/3_D8_E3-1_tech3,230807-T2-30,2-30,920,nL, ,H2O,0,2.885925e+01,1.102536e-03,4.827382e+16,8.639869e+13,7.216734e-04,4.222711e-07,1.967593e-03,4.105480e-07,3.608367e-04,2.111355e-07,1.967593e-03,4.105480e-07,1.316482e+03,0.000000e+00,-1.876530e+01,0.000000e+00
L-026590,6,0,2023/08/29 17:59:39,102,YM_2/3_D8_E3-1_tech3,230807-T2-30,2-30,920,nL, ,H2O,0,2.885930e+01,1.383799e-03,4.750275e+16,1.159063e+14,7.267696e-04,4.736102e-07,1.967681e-03,3.331111e-07,3.633848e-04,2.368051e-07,1.967681e-03,3.331111e-07,1.332840e+03,0.000000e+00,-1.872115e+01,0.000000e+00
L-026590,7,0,2023/08/29 18:01:40,103,YM_2/3_D8_E3-1_tech3,230807-T2-30,2-30,920,nL, ,H2O,0,2.886343e+01,1.402888e-03,4.838222e+16,9.716371e+13,7.314831e-04,3.572899e-07,1.968374e-03,5.106362e-07,3.657415e-04,1.786450e-07,1.968374e-03,5.106362e-07,1.347970e+03,0.000000e+00,-1.837553e+01,0.000000e+00
L-026590,8,0,2023/08/29 18:03:41,104,YM_2/3_D8_E3-1_tech3,230807-T2-30,2-30,920,nL, ,H2O,0,2.887486e+01,1.770592e-03,4.865513e+16,7.741283e+13,7.322796e-04,3.578154e-07,1.968068e-03,5.142199e-07,3.661398e-04,1.789077e-07,1.968068e-03,5.142199e-07,1.350527e+03,0.000000e+00,-1.852826e+01,0.000000e+00
L-026591,1,-1,2023/08/29 18:05:41,105,YM_2/3_D8_E3-1_tech2,230807-T2-29,2-29,920,nL, ,H2O,0,2.888185e+01,1.644232e-03,5.213367e+16,8.237452e+13,7.362790e-04,3.207736e-07,1.968627e-03,6.360354e-07,3.681395e-04,1.603868e-07,1.968627e-03,6.360354e-07,1.363364e+03,0.000000e+00,-1.824945e+01,0.000000e+00
L-026591,2,-1,2023/08/29 18:07:42,106,YM_2/3_D8_E3-1_tech2,230807-T2-29,2-29,920,nL, ,H2O,0,2.888483e+01,1.279051e-03,5.037142e+16,1.080663e+14,7.384561e-04,2.625721e-07,1.968212e-03,3.591123e-07,3.692280e-04,1.312861e-07,1.968212e-03,3.591123e-07,1.370352e+03,0.000000e+00,-1.845649e+01,0.000000e+00
L-026591,3,0,2023/08/29 18:09:43,107,YM_2/3_D8_E3-1_tech2,230807-T2-29,2-29,920,nL, ,H2O,0,2.888165e+01,1.470413e-03,4.958322e+16,1.126758e+14,7.386281e-04,2.465958e-07,1.967405e-03,5.100741e-07,3.693141e-04,1.232979e-07,1.967405e-03,5.100741e-07,1.370905e+03,0.000000e+00,-1.885900e+01,0.000000e+00
L-026591,4,0,2023/08/29 18:11:45,108,YM_2/3_D8_E3-1_tech2,230807-T2-29,2-29,920,nL, ,H2O,0,2.887720e+01,1.285760e-03,4.850744e+16,1.246246e+14,7.403468e-04,2.482627e-07,1.967683e-03,3.543024e-07,3.701734e-04,1.241314e-07,1.967683e-03,3.543024e-07,1.376421e+03,0.000000e+00,-1.872004e+01,0.000000e+00
L-026591,5,0,2023/08/29 18:13:46,109,YM_2/3_D8_E3-1_tech2,230807-T2-29,2-29,920,nL, ,H2O,0,2.887359e+01,1.184195e-03,4.789307e+16,7.527873e+13,7.397170e-04,3.286046e-07,1.967807e-03,5.014756e-07,3.698585e-04,1.643023e-07,1.967807e-03,5.014756e-07,1.374400e+03,0.000000e+00,-1.865852e+01,0.000000e+00
L-026591,6,0,2023/08/29 18:15:46,110,YM_2/3_D8_E3-1_tech2,230807-T2-29,2-29,920,nL, ,H2O,0,2.887838e+01,1.611382e-03,5.012621e+16,9.665829e+13,7.408523e-04,3.432909e-07,1.968109e-03,5.137339e-07,3.704261e-04,1.716455e-07,1.968109e-03,5.137339e-07,1.378044e+03,0.000000e+00,-1.850777e+01,0.000000e+00
L-026591,7,0,2023/08/29 18:17:47,111,YM_2/3_D8_E3-1_tech2,230807-T2-29,2-29,920,nL, ,H2O,0,2.888456e+01,1.732689e-03,5.077682e+16,1.141615e+14,7.419022e-04,3.060945e-07,1.968577e-03,4.755480e-07,3.709511e-04,1.530472e-07,1.968577e-03,4.755480e-07,1.381414e+03,0.000000e+00,-1.827412e+01,0.000000e+00
L-026591,8,0,2023/08/29 18:19:49,112,YM_2/3_D8_E3-1_tech2,230807-T2-29,2-29,920,nL, ,H2O,0,2.888771e+01,1.355634e-03,4.945265e+16,1.000395e+14,7.411876e-04,2.292805e-07,1.967986e-03,3.410868e-07,3.705938e-04,1.146402e-07,1.967986e-03,3.410868e-07,1.379120e+03,0.000000e+00,-1.856923e+01,0.000000e+00
L-026592,1,-1,2023/08/29 18:21:50,113,Curve_2_std_2,230807-T4-42,4-42,920,nL, ,H2O,0,2.888648e+01,1.537894e-03,5.187877e+16,8.173999e+13,5.154538e-04,1.269057e-06,1.968181e-03,3.206595e-07,2.577269e-04,6.345283e-07,1.968181e-03,3.206595e-07,6.545429e+02,0.000000e+00,-1.847208e+01,0.000000e+00
L-026592,2,-1,2023/08/29 18:23:50,114,Curve_2_std_2,230807-T4-42,4-42,920,nL, ,H2O,0,2.888699e+01,1.618591e-03,5.169925e+16,1.123898e+14,4.182595e-04,1.027167e-06,1.968627e-03,4.210672e-07,2.091297e-04,5.135837e-07,1.968627e-03,4.210672e-07,3.425611e+02,0.000000e+00,-1.824966e+01,0.000000e+00
L-026592,3,0,2023/08/29 18:25:51,115,Curve_2_std_2,230807-T4-42,4-42,920,nL, ,H2O,0,2.889369e+01,1.581741e-03,4.957854e+16,7.280888e+13,3.731765e-04,6.622752e-07,1.968798e-03,3.945979e-07,1.865882e-04,3.311376e-07,1.968798e-03,3.945979e-07,1.978502e+02,0.000000e+00,-1.816434e+01,0.000000e+00
L-026592,4,0,2023/08/29 18:27:53,116,Curve_2_std_2,230807-T4-42,4-42,920,nL, ,H2O,0,2.889979e+01,1.783863e-03,5.007232e+16,1.010886e+14,3.529391e-04,5.970180e-07,1.968206e-03,4.337857e-07,1.764695e-04,2.985090e-07,1.968206e-03,4.337857e-07,1.328907e+02,0.000000e+00,-1.845953e+01,0.000000e+00
L-026592,5,0,2023/08/29 18:29:53,117,Curve_2_std_2,230807-T4-42,4-42,920,nL, ,H2O,0,2.889730e+01,1.466242e-03,5.155548e+16,1.049587e+14,3.433043e-04,3.973212e-07,1.968178e-03,4.100148e-07,1.716521e-04,1.986606e-07,1.968178e-03,4.100148e-07,1.019641e+02,0.000000e+00,-1.847336e+01,0.000000e+00
L-026592,6,0,2023/08/29 18:31:54,118,Curve_2_std_2,230807-T4-42,4-42,920,nL, ,H2O,0,2.889277e+01,1.532202e-03,5.158765e+16,8.869732e+13,3.379636e-04,4.041924e-07,1.968374e-03,3.725598e-07,1.689818e-04,2.020962e-07,1.968374e-03,3.725598e-07,8.482128e+01,0.000000e+00,-1.837562e+01,0.000000e+00
L-026592,7,0,2023/08/29 18:33:55,119,Curve_2_std_2,230807-T4-42,4-42,920,nL, ,H2O,0,2.888894e+01,1.501435e-03,5.063253e+16,9.389754e+13,3.342212e-04,3.643795e-07,1.968152e-03,2.284720e-07,1.671106e-04,1.821898e-07,1.968152e-03,2.284720e-07,7.280874e+01,0.000000e+00,-1.848609e+01,0.000000e+00
L-026592,8,0,2023/08/29 18:35:57,120,Curve_2_std_2,230807-T4-42,4-42,920,nL, ,H2O,0,2.889228e+01,1.544513e-03,5.167846e+16,1.171811e+14,3.324311e-04,3.021554e-07,1.968423e-03,5.649337e-07,1.662156e-04,1.510777e-07,1.968423e-03,5.649337e-07,6.706268e+01,0.000000e+00,-1.835094e+01,0.000000e+00
L-026593,1,-1,2023/08/29 18:37:57,121,BlaJ-0145_D0_treatment_tech2,230807-T3-50,3-50,920,nL, ,H2O,0,2.889354e+01,1.486360e-03,4.934807e+16,7.912058e+13,3.060694e-04,3.637399e-07,1.968354e-03,4.890574e-07,1.530347e-04,1.818700e-07,1.968354e-03,4.890574e-07,-1.755512e+01,0.000000e+00,-1.838560e+01,0.000000e+00
L-026593,2,-1,2023/08/29 18:39:59,122,BlaJ-0145_D0_treatment_tech2,230807-T3-50,3-50,920,nL, ,H2O,0,2.889088e+01,1.467091e-03,4.938242e+16,2.676013e+14,2.938911e-04,4.618609e-07,1.968110e-03,3.743430e-07,1.469455e-04,2.309304e-07,1.968110e-03,3.743430e-07,-5.664614e+01,0.000000e+00,-1.850740e+01,0.000000e+00
L-026593,3,0,2023/08/29 18:42:00,123,BlaJ-0145_D0_treatment_tech2,230807-T3-50,3-50,920,nL, ,H2O,0,2.888719e+01,1.415622e-03,4.899311e+16,6.393375e+13,2.892271e-04,3.488470e-07,1.969105e-03,5.669867e-07,1.446136e-04,1.744235e-07,1.969105e-03,5.669867e-07,-7.161676e+01,0.000000e+00,-1.801086e+01,0.000000e+00
L-026593,4,0,2023/08/29 18:44:01,124,BlaJ-0145_D0_treatment_tech2,230807-T3-50,3-50,920,nL, ,H2O,0,2.889145e+01,1.365971e-03,5.019400e+16,8.106362e+13,2.864584e-04,2.774287e-07,1.969007e-03,2.878010e-07,1.432292e-04,1.387143e-07,1.969007e-03,2.878010e-07,-8.050395e+01,0.000000e+00,-1.805993e+01,0.000000e+00
L-026593,5,0,2023/08/29 18:46:01,125,BlaJ-0145_D0_treatment_tech2,230807-T3-50,3-50,920,nL, ,H2O,0,2.889524e+01,1.538074e-03,4.746428e+16,6.461891e+14,2.827034e-04,3.973759e-07,1.967492e-03,5.421582e-07,1.413517e-04,1.986879e-07,1.967492e-03,5.421582e-07,-9.255705e+01,0.000000e+00,-1.881562e+01,0.000000e+00
L-026593,6,0,2023/08/29 18:48:02,126,BlaJ-0145_D0_treatment_tech2,230807-T3-50,3-50,920,nL, ,H2O,0,2.889622e+01,1.446752e-03,4.884212e+16,9.040329e+13,2.839203e-04,3.380902e-07,1.969315e-03,4.639853e-07,1.419601e-04,1.690451e-07,1.969315e-03,4.639853e-07,-8.865107e+01,0.000000e+00,-1.790648e+01,0.000000e+00
L-026593,7,0,2023/08/29 18:50:04,127,BlaJ-0145_D0_treatment_tech2,230807-T3-50,3-50,920,nL, ,H2O,0,2.889287e+01,1.378434e-03,5.011565e+16,1.082483e+14,2.832780e-04,2.636445e-07,1.969364e-03,6.328925e-07,1.416390e-04,1.318222e-07,1.969364e-03,6.328925e-07,-9.071276e+01,0.000000e+00,-1.788207e+01,0.000000e+00
L-026593,8,0,2023/08/29 18:52:05,128,BlaJ-0145_D0_treatment_tech2,230807-T3-50,3-50,920,nL, ,H2O,0,2.888871e+01,1.647140e-03,4.967943e+16,8.529617e+13,2.825552e-04,2.165319e-07,1.969261e-03,4.060091e-07,1.412776e-04,1.082660e-07,1.969261e-03,4.060091e-07,-9.303292e+01,0.000000e+00,-1.793332e+01,0.000000e+00
L-026594,1,-1,2023/08/29 18:54:06,129,YF_2/3_D2_E4-1_tech1,230807-T1-19,1-19,920,nL, ,H2O,0,2.888426e+01,1.399648e-03,5.050186e+16,1.144463e+14,4.762059e-04,1.040060e-06,1.968538e-03,4.353506e-07,2.381029e-04,5.200299e-07,1.968538e-03,4.353506e-07,5.285617e+02,0.000000e+00,-1.829385e+01,0.000000e+00
L-026594,2,-1,2023/08/29 18:56:08,130,YF_2/3_D2_E4-1_tech1,230807-T1-19,1-19,920,nL, ,H2O,0,2.887973e+01,1.358670e-03,5.060579e+16,1.028166e+14,5.532923e-04,8.077042e-07,1.968542e-03,5.447793e-07,2.766462e-04,4.038521e-07,1.968542e-03,5.447793e-07,7.759997e+02,0.000000e+00,-1.829159e+01,0.000000e+00
L-026594,3,0,2023/08/29 18:58:11,131,YF_2/3_D2_E4-1_tech1,230807-T1-19,1-19,920,nL, ,H2O,0,2.887811e+01,1.381306e-03,4.973357e+16,1.057059e+14,5.876848e-04,5.345650e-07,1.967915e-03,4.123918e-07,2.938424e-04,2.672825e-07,1.967915e-03,4.123918e-07,8.863953e+02,0.000000e+00,-1.860469e+01,0.000000e+00
L-026594,4,0,2023/08/29 19:00:12,132,YF_2/3_D2_E4-1_tech1,230807-T1-19,1-19,920,nL, ,H2O,0,2.888227e+01,1.577060e-03,5.021724e+16,7.654724e+13,6.061497e-04,4.990795e-07,1.968677e-03,7.104341e-07,3.030748e-04,2.495397e-07,1.968677e-03,7.104341e-07,9.456652e+02,0.000000e+00,-1.822458e+01,0.000000e+00
L-026594,5,0,2023/08/29 19:02:15,133,YF_2/3_D2_E4-1_tech1,230807-T1-19,1-19,920,nL, ,H2O,0,2.888554e+01,1.511906e-03,4.885737e+16,9.181895e+13,6.146837e-04,4.163662e-07,1.968434e-03,3.658454e-07,3.073419e-04,2.081831e-07,1.968434e-03,3.658454e-07,9.730585e+02,0.000000e+00,-1.834563e+01,0.000000e+00
L-026594,6,0,2023/08/29 19:04:16,134,YF_2/3_D2_E4-1_tech1,230807-T1-19,1-19,920,nL, ,H2O,0,2.888340e+01,1.512330e-03,5.003548e+16,1.247185e+14,6.191461e-04,3.010488e-07,1.968647e-03,5.020132e-07,3.095731e-04,1.505244e-07,1.968647e-03,5.020132e-07,9.873822e+02,0.000000e+00,-1.823960e+01,0.000000e+00
L-026594,7,0,2023/08/29 19:06:18,135,YF_2/3_D2_E4-1_tech1,230807-T1-19,1-19,920,nL, ,H2O,0,2.887895e+01,1.366460e-03,4.924388e+16,9.771256e+13,6.214018e-04,2.356836e-07,1.968608e-03,4.819210e-07,3.107009e-04,1.178418e-07,1.968608e-03,4.819210e-07,9.946228e+02,0.000000e+00,-1.825891e+01,0.000000e+00
L-026594,8,0,2023/08/29 19:08:20,136,YF_2/3_D2_E4-1_tech1,230807-T1-19,1-19,920,nL, ,H2O,0,2.887280e+01,1.321020e-03,4.949029e+16,8.697091e+13,6.235982e-04,3.002909e-07,1.968571e-03,5.427035e-07,3.117991e-04,1.501454e-07,1.968571e-03,5.427035e-07,1.001673e+03,0.000000e+00,-1.827759e+01,0.000000e+00
L-026595,1,-1,2023/08/29 19:10:22,137,BlaJ-0164_D4_saline_tech3,230807-T3-36,3-36,920,nL, ,H2O,0,2.887248e+01,1.433740e-03,4.823466e+16,8.652761e+13,6.134851e-04,2.469647e-07,1.969299e-03,3.959273e-07,3.067425e-04,1.234823e-07,1.969299e-03,3.959273e-07,9.692110e+02,0.000000e+00,-1.791432e+01,0.000000e+00
L-026595,2,-1,2023/08/29 19:12:22,138,BlaJ-0164_D4_saline_tech3,230807-T3-36,3-36,920,nL, ,H2O,0,2.887587e+01,1.682997e-03,4.991918e+16,1.016301e+14,6.101401e-04,3.449040e-07,1.969930e-03,4.981760e-07,3.050700e-04,1.724520e-07,1.969930e-03,4.981760e-07,9.584740e+02,0.000000e+00,-1.759942e+01,0.000000e+00
L-026595,3,0,2023/08/29 19:14:25,139,BlaJ-0164_D4_saline_tech3,230807-T3-36,3-36,920,nL, ,H2O,0,2.887917e+01,1.503390e-03,4.943764e+16,1.074142e+14,6.086637e-04,3.285075e-07,1.969892e-03,4.071334e-07,3.043319e-04,1.642538e-07,1.969892e-03,4.071334e-07,9.537351e+02,0.000000e+00,-1.761859e+01,0.000000e+00
L-026595,4,0,2023/08/29 19:16:25,140,BlaJ-0164_D4_saline_tech3,230807-T3-36,3-36,920,nL, ,H2O,0,2.887929e+01,1.205219e-03,4.846621e+16,9.525473e+13,6.076923e-04,2.470306e-07,1.969908e-03,4.909637e-07,3.038461e-04,1.235153e-07,1.969908e-03,4.909637e-07,9.506168e+02,0.000000e+00,-1.761060e+01,0.000000e+00
L-026595,5,0,2023/08/29 19:18:26,141,BlaJ-0164_D4_saline_tech3,230807-T3-36,3-36,920,nL, ,H2O,0,2.887118e+01,1.290330e-03,4.977720e+16,8.820142e+13,6.057437e-04,2.524297e-07,1.969448e-03,3.281554e-07,3.028719e-04,1.262148e-07,1.969448e-03,3.281554e-07,9.443622e+02,0.000000e+00,-1.784011e+01,0.000000e+00
L-026595,6,0,2023/08/29 19:20:27,142,BlaJ-0164_D4_saline_tech3,230807-T3-36,3-36,920,nL, ,H2O,0,2.886486e+01,1.531723e-03,4.772628e+16,4.562028e+14,6.051913e-04,3.453709e-07,1.969441e-03,3.412543e-07,3.025956e-04,1.726854e-07,1.969441e-03,3.412543e-07,9.425889e+02,0.000000e+00,-1.784349e+01,0.000000e+00
L-026595,7,0,2023/08/29 19:22:29,143,BlaJ-0164_D4_saline_tech3,230807-T3-36,3-36,920,nL, ,H2O,0,2.886314e+01,1.550221e-03,4.752923e+16,1.075113e+14,6.086756e-04,2.373048e-07,1.970284e-03,4.420861e-07,3.043378e-04,1.186524e-07,1.970284e-03,4.420861e-07,9.537733e+02,0.000000e+00,-1.742326e+01,0.000000e+00
L-026595,8,0,2023/08/29 19:24:30,144,BlaJ-0164_D4_saline_tech3,230807-T3-36,3-36,920,nL, ,H2O,0,2.886936e+01,1.515613e-03,4.830347e+16,5.664498e+13,6.078335e-04,1.880375e-07,1.970131e-03,3.752750e-07,3.039167e-04,9.401874e-08,1.970131e-03,3.752750e-07,9.510701e+02,0.000000e+00,-1.749957e+01,0.000000e+00
L-026596,1,-1,2023/08/29 19:26:30,145,BlaJ-0163_D16_treatment_tech2,230807-T3-8,3-8,920,nL, ,H2O,0,2.887405e+01,1.552069e-03,4.961970e+16,1.074715e+14,5.691855e-04,3.073677e-07,1.970006e-03,4.694046e-07,2.845928e-04,1.536839e-07,1.970006e-03,4.694046e-07,8.270150e+02,0.000000e+00,-1.756151e+01,0.000000e+00
L-026596,2,-1,2023/08/29 19:28:31,146,BlaJ-0163_D16_treatment_tech2,230807-T3-8,3-8,920,nL, ,H2O,0,2.887482e+01,1.241259e-03,5.002992e+16,9.652388e+13,5.546614e-04,3.447642e-07,1.970930e-03,5.100758e-07,2.773307e-04,1.723821e-07,1.970930e-03,5.100758e-07,7.803944e+02,0.000000e+00,-1.710072e+01,0.000000e+00
L-026596,3,0,2023/08/29 19:30:32,147,BlaJ-0163_D16_treatment_tech2,230807-T3-8,3-8,920,nL, ,H2O,0,2.887528e+01,1.492485e-03,4.903839e+16,1.012890e+14,5.465852e-04,2.578251e-07,1.970848e-03,5.202310e-07,2.732926e-04,1.289126e-07,1.970848e-03,5.202310e-07,7.544706e+02,0.000000e+00,-1.714179e+01,0.000000e+00
L-026596,4,0,2023/08/29 19:32:34,148,BlaJ-0163_D16_treatment_tech2,230807-T3-8,3-8,920,nL, ,H2O,0,2.887826e+01,1.529743e-03,4.997136e+16,1.165748e+14,5.427318e-04,1.963196e-07,1.971011e-03,3.872269e-07,2.713659e-04,9.815980e-08,1.971011e-03,3.872269e-07,7.421016e+02,0.000000e+00,-1.706056e+01,0.000000e+00
L-026596,5,0,2023/08/29 19:34:34,149,BlaJ-0163_D16_treatment_tech2,230807-T3-8,3-8,920,nL, ,H2O,0,2.888301e+01,1.512742e-03,4.918911e+16,9.279488e+13,5.406816e-04,1.858607e-07,1.970616e-03,3.257905e-07,2.703408e-04,9.293036e-08,1.970616e-03,3.257905e-07,7.355209e+02,0.000000e+00,-1.725729e+01,0.000000e+00
L-026596,6,0,2023/08/29 19:36:35,150,BlaJ-0163_D16_treatment_tech2,230807-T3-8,3-8,920,nL, ,H2O,0,2.888296e+01,1.434905e-03,4.774128e+16,9.604496e+13,5.398949e-04,2.905146e-07,1.970475e-03,4.748291e-07,2.699474e-04,1.452573e-07,1.970475e-03,4.748291e-07,7.329956e+02,0.000000e+00,-1.732764e+01,0.000000e+00
L-026596,7,0,2023/08/29 19:38:36,151,BlaJ-0163_D16_treatment_tech2,230807-T3-8,3-8,920,nL, ,H2O,0,2.887929e+01,1.317171e-03,4.945705e+16,1.081939e+14,5.395602e-04,1.755529e-07,1.970559e-03,4.175278e-07,2.697801e-04,8.777644e-08,1.970559e-03,4.175278e-07,7.319213e+02,0.000000e+00,-1.728607e+01,0.000000e+00
L-026596,8,0,2023/08/29 19:40:36,152,BlaJ-0163_D16_treatment_tech2,230807-T3-8,3-8,920,nL, ,H2O,0,2.887627e+01,1.611898e-03,4.876653e+16,7.303127e+13,5.392185e-04,2.627364e-07,1.970510e-03,4.404294e-07,2.696093e-04,1.313682e-07,1.970510e-03,4.404294e-07,7.308246e+02,0.000000e+00,-1.731028e+01,0.000000e+00
L-026597,1,-1,2023/08/29 19:42:38,153,BlaJ-0139_D0_saline_tech2,230807-T3-53,3-53,920,nL, ,H2O,0,2.887698e+01,1.595085e-03,4.982399e+16,6.339142e+13,4.007358e-04,7.722870e-07,1.970188e-03,4.622301e-07,2.003679e-04,3.861435e-07,1.970188e-03,4.622301e-07,2.863121e+02,0.000000e+00,-1.747078e+01,0.000000e+00
L-026597,2,-1,2023/08/29 19:44:39,154,BlaJ-0139_D0_saline_tech2,230807-T3-53,3-53,920,nL, ,H2O,0,2.888173e+01,1.280033e-03,4.999887e+16,1.042497e+14,3.414112e-04,7.138714e-07,1.970304e-03,4.353637e-07,1.707056e-04,3.569357e-07,1.970304e-03,4.353637e-07,9.588756e+01,0.000000e+00,-1.741289e+01,0.000000e+00
L-026597,3,0,2023/08/29 19:46:39,155,BlaJ-0139_D0_saline_tech2,230807-T3-53,3-53,920,nL, ,H2O,0,2.888264e+01,1.400600e-03,4.891874e+16,7.754098e+13,3.128249e-04,5.510751e-07,1.969936e-03,5.716022e-07,1.564125e-04,2.755376e-07,1.969936e-03,5.716022e-07,4.129261e+00,0.000000e+00,-1.759653e+01,0.000000e+00
L-026597,4,0,2023/08/29 19:48:40,156,BlaJ-0139_D0_saline_tech2,230807-T3-53,3-53,920,nL, ,H2O,0,2.888077e+01,1.280399e-03,5.012952e+16,1.176442e+14,2.997282e-04,4.343982e-07,1.970088e-03,4.845159e-07,1.498641e-04,2.171991e-07,1.970088e-03,4.845159e-07,-3.790966e+01,0.000000e+00,-1.752089e+01,0.000000e+00
L-026597,5,0,2023/08/29 19:50:41,157,BlaJ-0139_D0_saline_tech2,230807-T3-53,3-53,920,nL, ,H2O,0,2.888584e+01,1.658072e-03,5.009014e+16,1.113490e+14,2.926655e-04,3.894933e-07,1.970582e-03,4.858569e-07,1.463327e-04,1.947466e-07,1.970582e-03,4.858569e-07,-6.058007e+01,0.000000e+00,-1.727429e+01,0.000000e+00
L-026597,6,0,2023/08/29 19:52:42,158,BlaJ-0139_D0_saline_tech2,230807-T3-53,3-53,920,nL, ,H2O,0,2.889049e+01,1.360834e-03,5.000678e+16,8.601594e+13,2.887121e-04,4.146982e-07,1.970231e-03,4.406816e-07,1.443561e-04,2.073491e-07,1.970231e-03,4.406816e-07,-7.326995e+01,0.000000e+00,-1.744943e+01,0.000000e+00
L-026597,7,0,2023/08/29 19:54:43,159,BlaJ-0139_D0_saline_tech2,230807-T3-53,3-53,920,nL, ,H2O,0,2.888997e+01,1.345743e-03,4.892952e+16,7.569501e+13,2.865480e-04,2.372967e-07,1.970010e-03,4.834754e-07,1.432740e-04,1.186484e-07,1.970010e-03,4.834754e-07,-8.021645e+01,0.000000e+00,-1.755951e+01,0.000000e+00
L-026597,8,0,2023/08/29 19:56:44,160,BlaJ-0139_D0_saline_tech2,230807-T3-53,3-53,920,nL, ,H2O,0,2.889273e+01,1.401091e-03,5.003836e+16,6.858548e+13,2.850162e-04,2.663268e-07,1.970720e-03,4.247370e-07,1.425081e-04,1.331634e-07,1.970720e-03,4.247370e-07,-8.513321e+01,0.000000e+00,-1.720566e+01,0.000000e+00
L-026598,1,-1,2023/08/29 19:58:46,161,BlaJ-0183_D32_treatment_tech1,230807-T3-16,3-16,920,nL, ,H2O,0,2.890043e+01,1.531939e-03,5.018660e+16,7.559572e+13,4.435019e-04,8.291108e-07,1.970603e-03,3.963714e-07,2.217509e-04,4.145554e-07,1.970603e-03,3.963714e-07,4.235860e+02,0.000000e+00,-1.726398e+01,0.000000e+00
L-026598,2,-1,2023/08/29 20:00:46,162,BlaJ-0183_D32_treatment_tech1,230807-T3-16,3-16,920,nL, ,H2O,0,2.890772e+01,1.824778e-03,4.590317e+16,8.721797e+14,5.012504e-04,7.936645e-07,1.968279e-03,4.738378e-07,2.506252e-04,3.968322e-07,1.968279e-03,4.738378e-07,6.089516e+02,0.000000e+00,-1.842296e+01,0.000000e+00
L-026598,3,0,2023/08/29 20:02:47,163,BlaJ-0183_D32_treatment_tech1,230807-T3-16,3-16,920,nL, ,H2O,0,2.891008e+01,1.581551e-03,5.101802e+16,1.276073e+14,5.453068e-04,4.786723e-07,1.970759e-03,4.951632e-07,2.726534e-04,2.393361e-07,1.970759e-03,4.951632e-07,7.503671e+02,0.000000e+00,-1.718596e+01,0.000000e+00
L-026598,4,0,2023/08/29 20:04:48,164,BlaJ-0183_D32_treatment_tech1,230807-T3-16,3-16,920,nL, ,H2O,0,2.890526e+01,1.372413e-03,4.988919e+16,1.091005e+14,5.589842e-04,2.409590e-07,1.969984e-03,4.936952e-07,2.794921e-04,1.204795e-07,1.969984e-03,4.936952e-07,7.942700e+02,0.000000e+00,-1.757259e+01,0.000000e+00
L-026598,5,0,2023/08/29 20:06:49,165,BlaJ-0183_D32_treatment_tech1,230807-T3-16,3-16,920,nL, ,H2O,0,2.890267e+01,1.414900e-03,5.080876e+16,1.369020e+14,5.655863e-04,3.037557e-07,1.969921e-03,5.429696e-07,2.827932e-04,1.518779e-07,1.969921e-03,5.429696e-07,8.154619e+02,0.000000e+00,-1.760409e+01,0.000000e+00
L-026598,6,0,2023/08/29 20:08:51,166,BlaJ-0183_D32_treatment_tech1,230807-T3-16,3-16,920,nL, ,H2O,0,2.890469e+01,1.883283e-03,4.929453e+16,9.389589e+13,5.694530e-04,3.211224e-07,1.969815e-03,4.660343e-07,2.847265e-04,1.605612e-07,1.969815e-03,4.660343e-07,8.278736e+02,0.000000e+00,-1.765716e+01,0.000000e+00
L-026598,7,0,2023/08/29 20:10:51,167,BlaJ-0183_D32_treatment_tech1,230807-T3-16,3-16,920,nL, ,H2O,0,2.891378e+01,2.024454e-03,5.073541e+16,9.074966e+13,5.721656e-04,3.315755e-07,1.970333e-03,4.469053e-07,2.860828e-04,1.657878e-07,1.970333e-03,4.469053e-07,8.365805e+02,0.000000e+00,-1.739886e+01,0.000000e+00
L-026598,8,0,2023/08/29 20:12:52,168,BlaJ-0183_D32_treatment_tech1,230807-T3-16,3-16,920,nL, ,H2O,0,2.892122e+01,1.442533e-03,5.073778e+16,9.965294e+13,5.726223e-04,2.195134e-07,1.969784e-03,4.969800e-07,2.863111e-04,1.097567e-07,1.969784e-03,4.969800e-07,8.380464e+02,0.000000e+00,-1.767258e+01,0.000000e+00
L-026599,1,-1,2023/08/29 20:14:53,169,Curve_3_std_4,230807-T4-51,4-51,920,nL, ,H2O,0,2.892430e+01,1.391646e-03,5.187485e+16,1.015921e+14,4.904953e-04,4.799135e-07,1.969365e-03,3.958841e-07,2.452476e-04,2.399567e-07,1.969365e-03,3.958841e-07,5.744290e+02,0.000000e+00,-1.788144e+01,0.000000e+00
L-026599,2,-1,2023/08/29 20:16:54,170,Curve_3_std_4,230807-T4-51,4-51,920,nL, ,H2O,0,2.892800e+01,1.521501e-03,5.260344e+16,8.313818e+13,4.568005e-04,3.509989e-07,1.969682e-03,4.858508e-07,2.284002e-04,1.754994e-07,1.969682e-03,4.858508e-07,4.662729e+02,0.000000e+00,-1.772338e+01,0.000000e+00
L-026599,3,0,2023/08/29 20:18:54,171,Curve_3_std_4,230807-T4-51,4-51,920,nL, ,H2O,0,2.893461e+01,1.619079e-03,5.031038e+16,7.795756e+13,4.405132e-04,3.017876e-07,1.969319e-03,4.308492e-07,2.202566e-04,1.508938e-07,1.969319e-03,4.308492e-07,4.139927e+02,0.000000e+00,-1.790437e+01,0.000000e+00
L-026599,4,0,2023/08/29 20:20:55,172,Curve_3_std_4,230807-T4-51,4-51,920,nL, ,H2O,0,2.894186e+01,1.485472e-03,4.975807e+16,9.233392e+13,4.334897e-04,3.286480e-07,1.968565e-03,4.305556e-07,2.167449e-04,1.643240e-07,1.968565e-03,4.305556e-07,3.914483e+02,0.000000e+00,-1.828031e+01,0.000000e+00
L-026599,5,0,2023/08/29 20:22:56,173,Curve_3_std_4,230807-T4-51,4-51,920,nL, ,H2O,0,2.894324e+01,1.296128e-03,4.785634e+16,9.300451e+13,4.303065e-04,2.176218e-07,1.968128e-03,3.751735e-07,2.151533e-04,1.088109e-07,1.968128e-03,3.751735e-07,3.812306e+02,0.000000e+00,-1.849832e+01,0.000000e+00
L-026599,6,0,2023/08/29 20:24:57,174,Curve_3_std_4,230807-T4-51,4-51,920,nL, ,H2O,0,2.893914e+01,1.327528e-03,4.992062e+16,1.008262e+14,4.290003e-04,2.316810e-07,1.968723e-03,5.269702e-07,2.145002e-04,1.158405e-07,1.968723e-03,5.269702e-07,3.770378e+02,0.000000e+00,-1.820162e+01,0.000000e+00
L-026599,7,0,2023/08/29 20:26:57,175,Curve_3_std_4,230807-T4-51,4-51,920,nL, ,H2O,0,2.893512e+01,1.327668e-03,5.068217e+16,1.183639e+14,4.277935e-04,2.132748e-07,1.968369e-03,2.973510e-07,2.138967e-04,1.066374e-07,1.968369e-03,2.973510e-07,3.731641e+02,0.000000e+00,-1.837827e+01,0.000000e+00
L-026599,8,0,2023/08/29 20:28:58,176,Curve_3_std_4,230807-T4-51,4-51,920,nL, ,H2O,0,2.893650e+01,1.537624e-03,5.081037e+16,9.084254e+13,4.274254e-04,2.453605e-07,1.968658e-03,5.143839e-07,2.137127e-04,1.226803e-07,1.968658e-03,5.143839e-07,3.719824e+02,0.000000e+00,-1.823414e+01,0.000000e+00
L-026600,1,-1,2023/08/29 20:30:59,177,BlaJ-0162_D16_treatment_tech3,230807-T2-45,2-45,920,nL, ,H2O,0,2.894420e+01,1.435429e-03,4.951983e+16,9.637458e+13,5.083792e-04,5.117033e-07,1.968637e-03,5.612905e-07,2.541896e-04,2.558517e-07,1.968637e-03,5.612905e-07,6.318343e+02,0.000000e+00,-1.824421e+01,0.000000e+00
L-026600,2,-1,2023/08/29 20:33:00,178,BlaJ-0162_D16_treatment_tech3,230807-T2-45,2-45,920,nL, ,H2O,0,2.895172e+01,1.527718e-03,4.942195e+16,1.081571e+14,5.423022e-04,3.264397e-07,1.968852e-03,3.620503e-07,2.711511e-04,1.632198e-07,1.968852e-03,3.620503e-07,7.407228e+02,0.000000e+00,-1.813727e+01,0.000000e+00
L-026600,3,0,2023/08/29 20:35:01,179,BlaJ-0162_D16_treatment_tech3,230807-T2-45,2-45,920,nL, ,H2O,0,2.895518e+01,1.255190e-03,4.978728e+16,8.923866e+13,5.573487e-04,3.356195e-07,1.968418e-03,5.311585e-07,2.786743e-04,1.678097e-07,1.968418e-03,5.311585e-07,7.890201e+02,0.000000e+00,-1.835341e+01,0.000000e+00
L-026600,4,0,2023/08/29 20:37:02,180,BlaJ-0162_D16_treatment_tech3,230807-T2-45,2-45,920,nL, ,H2O,0,2.895476e+01,1.289658e-03,5.043493e+16,1.119649e+14,5.643301e-04,3.871701e-07,1.968559e-03,4.514163e-07,2.821651e-04,1.935851e-07,1.968559e-03,4.514163e-07,8.114297e+02,0.000000e+00,-1.828355e+01,0.000000e+00
L-026600,5,0,2023/08/29 20:39:03,181,BlaJ-0162_D16_treatment_tech3,230807-T2-45,2-45,920,nL, ,H2O,0,2.894926e+01,1.215686e-03,4.932183e+16,1.207720e+14,5.687046e-04,2.360245e-07,1.969172e-03,5.077026e-07,2.843523e-04,1.180122e-07,1.969172e-03,5.077026e-07,8.254711e+02,0.000000e+00,-1.797764e+01,0.000000e+00
L-026600,6,0,2023/08/29 20:41:04,182,BlaJ-0162_D16_treatment_tech3,230807-T2-45,2-45,920,nL, ,H2O,0,2.894343e+01,1.238665e-03,4.981844e+16,1.333172e+14,5.705383e-04,1.827594e-07,1.969039e-03,3.987340e-07,2.852692e-04,9.137971e-08,1.969039e-03,3.987340e-07,8.313573e+02,0.000000e+00,-1.804401e+01,0.000000e+00
L-026600,7,0,2023/08/29 20:43:05,183,BlaJ-0162_D16_treatment_tech3,230807-T2-45,2-45,920,nL, ,H2O,0,2.894573e+01,1.611746e-03,5.045961e+16,1.229689e+14,5.717128e-04,2.082820e-07,1.968930e-03,4.684746e-07,2.858564e-04,1.041410e-07,1.968930e-03,4.684746e-07,8.351273e+02,0.000000e+00,-1.809834e+01,0.000000e+00
L-026600,8,0,2023/08/29 20:45:06,184,BlaJ-0162_D16_treatment_tech3,230807-T2-45,2-45,920,nL, ,H2O,0,2.895202e+01,1.775052e-03,5.097465e+16,1.220967e+14,5.734121e-04,1.670903e-07,1.969210e-03,4.506054e-07,2.867061e-04,8.354513e-08,1.969210e-03,4.506054e-07,8.405819e+02,0.000000e+00,-1.795870e+01,0.000000e+00
L-026601,1,-1,2023/08/29 20:47:07,185,BlaJ-0142_D0_treatment_tech2,230807-T3-47,3-47,920,nL, ,H2O,0,2.895671e+01,1.559104e-03,4.927049e+16,8.523340e+13,4.117306e-04,7.981806e-07,1.969143e-03,5.319787e-07,2.058653e-04,3.990903e-07,1.969143e-03,5.319787e-07,3.216041e+02,0.000000e+00,-1.799229e+01,0.000000e+00
L-026601,2,-1,2023/08/29 20:49:08,186,BlaJ-0142_D0_treatment_tech2,230807-T3-47,3-47,920,nL, ,H2O,0,2.895441e+01,1.106859e-03,4.924013e+16,9.541218e+13,3.437720e-04,7.789312e-07,1.969110e-03,5.005360e-07,1.718860e-04,3.894656e-07,1.969110e-03,5.005360e-07,1.034654e+02,0.000000e+00,-1.800836e+01,0.000000e+00
L-026601,3,0,2023/08/29 20:51:09,187,BlaJ-0142_D0_treatment_tech2,230807-T3-47,3-47,920,nL, ,H2O,0,2.895140e+01,1.545053e-03,5.001188e+16,6.890003e+13,3.146354e-04,6.131381e-07,1.969388e-03,4.645055e-07,1.573177e-04,3.065691e-07,1.969388e-03,4.645055e-07,9.940628e+00,0.000000e+00,-1.786996e+01,0.000000e+00
L-026601,4,0,2023/08/29 20:53:10,188,BlaJ-0142_D0_treatment_tech2,230807-T3-47,3-47,920,nL, ,H2O,0,2.895822e+01,1.835798e-03,4.895641e+16,1.074623e+14,2.988996e-04,4.797344e-07,1.968226e-03,5.201371e-07,1.494498e-04,2.398672e-07,1.968226e-03,5.201371e-07,-4.056951e+01,0.000000e+00,-1.844961e+01,0.000000e+00
L-026601,5,0,2023/08/29 20:55:11,189,BlaJ-0142_D0_treatment_tech2,230807-T3-47,3-47,920,nL, ,H2O,0,2.896658e+01,1.674011e-03,5.083835e+16,9.800407e+13,2.930702e-04,3.388720e-07,1.969552e-03,3.545478e-07,1.465351e-04,1.694360e-07,1.969552e-03,3.545478e-07,-5.928107e+01,0.000000e+00,-1.778792e+01,0.000000e+00
L-026601,6,0,2023/08/29 20:57:12,190,BlaJ-0142_D0_treatment_tech2,230807-T3-47,3-47,920,nL, ,H2O,0,2.897217e+01,1.429612e-03,5.048271e+16,9.681850e+13,2.889445e-04,2.638363e-07,1.969462e-03,4.902548e-07,1.444723e-04,1.319181e-07,1.969462e-03,4.902548e-07,-7.252395e+01,0.000000e+00,-1.783297e+01,0.000000e+00
L-026601,7,0,2023/08/29 20:59:14,191,BlaJ-0142_D0_treatment_tech2,230807-T3-47,3-47,920,nL, ,H2O,0,2.897390e+01,1.502187e-03,4.988784e+16,1.004548e+14,2.862899e-04,2.153638e-07,1.969433e-03,5.469448e-07,1.431450e-04,1.076819e-07,1.969433e-03,5.469448e-07,-8.104477e+01,0.000000e+00,-1.784770e+01,0.000000e+00
L-026601,8,0,2023/08/29 21:01:14,192,BlaJ-0142_D0_treatment_tech2,230807-T3-47,3-47,920,nL, ,H2O,0,2.897059e+01,1.372030e-03,5.099933e+16,8.751526e+13,2.847906e-04,2.881475e-07,1.969600e-03,3.988857e-07,1.423953e-04,1.440738e-07,1.969600e-03,3.988857e-07,-8.585748e+01,0.000000e+00,-1.776419e+01,0.000000e+00
L-026602,1,-1,2023/08/29 21:03:15,193,BlaJ-0183_D32_treatment_tech2,230807-T3-17,3-17,920,nL, ,H2O,0,2.896718e+01,1.406557e-03,5.051551e+16,1.141431e+14,4.433844e-04,9.060921e-07,1.969878e-03,5.102150e-07,2.216922e-04,4.530461e-07,1.969878e-03,5.102150e-07,4.232089e+02,0.000000e+00,-1.762532e+01,0.000000e+00
L-026602,2,-1,2023/08/29 21:05:16,194,BlaJ-0183_D32_treatment_tech2,230807-T3-17,3-17,920,nL, ,H2O,0,2.896088e+01,1.288869e-03,5.092959e+16,8.648448e+13,5.106423e-04,5.622137e-07,1.969740e-03,4.994520e-07,2.553211e-04,2.811069e-07,1.969740e-03,4.994520e-07,6.390984e+02,0.000000e+00,-1.769431e+01,0.000000e+00
L-026602,3,0,2023/08/29 21:07:17,195,BlaJ-0183_D32_treatment_tech2,230807-T3-17,3-17,920,nL, ,H2O,0,2.896133e+01,1.519575e-03,4.970529e+16,8.573643e+13,5.426907e-04,4.903247e-07,1.969527e-03,4.875642e-07,2.713454e-04,2.451624e-07,1.969527e-03,4.875642e-07,7.419699e+02,0.000000e+00,-1.780068e+01,0.000000e+00
L-026602,4,0,2023/08/29 21:09:18,196,BlaJ-0183_D32_treatment_tech2,230807-T3-17,3-17,920,nL, ,H2O,0,2.896967e+01,1.259783e-03,4.897345e+16,1.029521e+14,5.579714e-04,3.966173e-07,1.969371e-03,5.276887e-07,2.789857e-04,1.983087e-07,1.969371e-03,5.276887e-07,7.910189e+02,0.000000e+00,-1.787823e+01,0.000000e+00
L-026602,5,0,2023/08/29 21:11:19,197,BlaJ-0183_D32_treatment_tech2,230807-T3-17,3-17,920,nL, ,H2O,0,2.897721e+01,1.392272e-03,5.043231e+16,8.847863e+13,5.657440e-04,3.564935e-07,1.969548e-03,5.292486e-07,2.828720e-04,1.782467e-07,1.969548e-03,5.292486e-07,8.159680e+02,0.000000e+00,-1.778989e+01,0.000000e+00
L-026602,6,0,2023/08/29 21:13:20,198,BlaJ-0183_D32_treatment_tech2,230807-T3-17,3-17,920,nL, ,H2O,0,2.898239e+01,1.568575e-03,5.027986e+16,1.144308e+14,5.694930e-04,3.663024e-07,1.969434e-03,3.949042e-07,2.847465e-04,1.831512e-07,1.969434e-03,3.949042e-07,8.280019e+02,0.000000e+00,-1.784680e+01,0.000000e+00
L-026602,7,0,2023/08/29 21:15:21,199,BlaJ-0183_D32_treatment_tech2,230807-T3-17,3-17,920,nL, ,H2O,0,2.898343e+01,1.121167e-03,4.959643e+16,8.989844e+13,5.715487e-04,2.683354e-07,1.969424e-03,3.382464e-07,2.857744e-04,1.341677e-07,1.969424e-03,3.382464e-07,8.346005e+02,0.000000e+00,-1.785219e+01,0.000000e+00
L-026602,8,0,2023/08/29 21:17:22,200,BlaJ-0183_D32_treatment_tech2,230807-T3-17,3-17,920,nL, ,H2O,0,2.897805e+01,1.159798e-03,5.097816e+16,6.375361e+13,5.734300e-04,2.464887e-07,1.970045e-03,3.987263e-07,2.867150e-04,1.232444e-07,1.970045e-03,3.987263e-07,8.406393e+02,0.000000e+00,-1.754213e+01,0.000000e+00
L-026603,1,-1,2023/08/29 21:19:24,201,YF_2/3_D2_E3-1_tech3,230807-T1-24,1-24,920,nL, ,H2O,0,2.897367e+01,1.310752e-03,5.183743e+16,9.530700e+13,6.080286e-04,3.956937e-07,1.969304e-03,4.826761e-07,3.040143e-04,1.978468e-07,1.969304e-03,4.826761e-07,9.516963e+02,0.000000e+00,-1.791174e+01,0.000000e+00
L-026603,2,-1,2023/08/29 21:21:26,202,YF_2/3_D2_E3-1_tech3,230807-T1-24,1-24,920,nL, ,H2O,0,2.897501e+01,1.587642e-03,5.118149e+16,9.162952e+13,6.224434e-04,3.584012e-07,1.968767e-03,4.806223e-07,3.112217e-04,1.792006e-07,1.968767e-03,4.806223e-07,9.979660e+02,0.000000e+00,-1.817946e+01,0.000000e+00
L-026603,3,0,2023/08/29 21:23:28,203,YF_2/3_D2_E3-1_tech3,230807-T1-24,1-24,920,nL, ,H2O,0,2.898121e+01,1.600043e-03,5.205490e+16,1.125398e+14,6.279141e-04,2.913535e-07,1.968379e-03,5.020223e-07,3.139570e-04,1.456767e-07,1.968379e-03,5.020223e-07,1.015526e+03,0.000000e+00,-1.837327e+01,0.000000e+00
L-026603,4,0,2023/08/29 21:25:30,204,YF_2/3_D2_E3-1_tech3,230807-T1-24,1-24,920,nL, ,H2O,0,2.897935e+01,1.341295e-03,5.177575e+16,1.103952e+14,6.328585e-04,2.943834e-07,1.968765e-03,4.490765e-07,3.164293e-04,1.471917e-07,1.968765e-03,4.490765e-07,1.031397e+03,0.000000e+00,-1.818081e+01,0.000000e+00
L-026603,5,0,2023/08/29 21:27:32,205,YF_2/3_D2_E3-1_tech3,230807-T1-24,1-24,920,nL, ,H2O,0,2.898074e+01,1.530346e-03,4.978538e+16,9.025088e+13,6.341459e-04,2.288339e-07,1.968549e-03,4.487842e-07,3.170729e-04,1.144169e-07,1.968549e-03,4.487842e-07,1.035530e+03,0.000000e+00,-1.828824e+01,0.000000e+00
L-026603,6,0,2023/08/29 21:29:33,206,YF_2/3_D2_E3-1_tech3,230807-T1-24,1-24,920,nL, ,H2O,0,2.898637e+01,1.576261e-03,4.877462e+16,1.063617e+14,6.350360e-04,2.631802e-07,1.968281e-03,4.473042e-07,3.175180e-04,1.315901e-07,1.968281e-03,4.473042e-07,1.038387e+03,0.000000e+00,-1.842179e+01,0.000000e+00
L-026603,7,0,2023/08/29 21:31:35,207,YF_2/3_D2_E3-1_tech3,230807-T1-24,1-24,920,nL, ,H2O,0,2.899463e+01,1.595981e-03,5.079872e+16,7.830963e+13,6.359604e-04,2.571989e-07,1.968422e-03,5.761102e-07,3.179802e-04,1.285995e-07,1.968422e-03,5.761102e-07,1.041354e+03,0.000000e+00,-1.835183e+01,0.000000e+00
L-026603,8,0,2023/08/29 21:33:37,208,YF_2/3_D2_E3-1_tech3,230807-T1-24,1-24,920,nL, ,H2O,0,2.899438e+01,1.291774e-03,5.065947e+16,1.059374e+14,6.361613e-04,2.656461e-07,1.968488e-03,5.004332e-07,3.180806e-04,1.328231e-07,1.968488e-03,5.004332e-07,1.041999e+03,0.000000e+00,-1.831859e+01,0.000000e+00
L-026604,1,-1,2023/08/29 21:35:38,209,BlaJ-0175_D8_treatment_tech3,230807-T3-3,3-3,920,nL, ,H2O,0,2.898818e+01,1.141933e-03,4.909175e+16,1.037601e+14,6.230713e-04,2.697007e-07,1.969021e-03,4.354148e-07,3.115356e-04,1.348504e-07,1.969021e-03,4.354148e-07,9.999815e+02,0.000000e+00,-1.805313e+01,0.000000e+00
L-026604,2,-1,2023/08/29 21:37:39,210,BlaJ-0175_D8_treatment_tech3,230807-T3-3,3-3,920,nL, ,H2O,0,2.898511e+01,1.174980e-03,4.997701e+16,9.347678e+13,6.178646e-04,2.462788e-07,1.969059e-03,4.572858e-07,3.089323e-04,1.231394e-07,1.969059e-03,4.572858e-07,9.832686e+02,0.000000e+00,-1.803376e+01,0.000000e+00
L-026604,3,0,2023/08/29 21:39:40,211,BlaJ-0175_D8_treatment_tech3,230807-T3-3,3-3,920,nL, ,H2O,0,2.899033e+01,1.791192e-03,5.065285e+16,7.964249e+13,6.158920e-04,2.752315e-07,1.969125e-03,4.306776e-07,3.079460e-04,1.376158e-07,1.969125e-03,4.306776e-07,9.769371e+02,0.000000e+00,-1.800111e+01,0.000000e+00
L-026604,4,0,2023/08/29 21:41:41,212,BlaJ-0175_D8_treatment_tech3,230807-T3-3,3-3,920,nL, ,H2O,0,2.899357e+01,1.613807e-03,4.923364e+16,7.944492e+13,6.149924e-04,2.576149e-07,1.969130e-03,4.888177e-07,3.074962e-04,1.288074e-07,1.969130e-03,4.888177e-07,9.740494e+02,0.000000e+00,-1.799849e+01,0.000000e+00
L-026604,5,0,2023/08/29 21:43:42,213,BlaJ-0175_D8_treatment_tech3,230807-T3-3,3-3,920,nL, ,H2O,0,2.900029e+01,1.398870e-03,5.047940e+16,1.280201e+14,6.148305e-04,2.280181e-07,1.969147e-03,4.438671e-07,3.074153e-04,1.140091e-07,1.969147e-03,4.438671e-07,9.735298e+02,0.000000e+00,-1.798989e+01,0.000000e+00
L-026604,6,0,2023/08/29 21:45:43,214,BlaJ-0175_D8_treatment_tech3,230807-T3-3,3-3,920,nL, ,H2O,0,2.900348e+01,1.540499e-03,5.038841e+16,1.162149e+14,6.145078e-04,2.421833e-07,1.969338e-03,4.008618e-07,3.072539e-04,1.210916e-07,1.969338e-03,4.008618e-07,9.724940e+02,0.000000e+00,-1.789476e+01,0.000000e+00
L-026604,7,0,2023/08/29 21:47:44,215,BlaJ-0175_D8_treatment_tech3,230807-T3-3,3-3,920,nL, ,H2O,0,2.900207e+01,1.211939e-03,5.088272e+16,1.078601e+14,6.138990e-04,2.282553e-07,1.969528e-03,4.950321e-07,3.069495e-04,1.141277e-07,1.969528e-03,4.950321e-07,9.705397e+02,0.000000e+00,-1.779987e+01,0.000000e+00
L-026604,8,0,2023/08/29 21:49:45,216,BlaJ-0175_D8_treatment_tech3,230807-T3-3,3-3,920,nL, ,H2O,0,2.900126e+01,1.534230e-03,5.008378e+16,9.507544e+13,6.139622e-04,2.250393e-07,1.969371e-03,4.318125e-07,3.069811e-04,1.125197e-07,1.969371e-03,4.318125e-07,9.707424e+02,0.000000e+00,-1.787815e+01,0.000000e+00
L-026605,1,-1,2023/08/29 21:51:46,217,BlaJ-0170_D32_treatment_tech1,230807-T3-25,3-25,920,nL, ,H2O,0,2.900445e+01,1.493841e-03,5.086043e+16,9.386369e+13,6.093991e-04,2.342641e-07,1.969650e-03,5.452547e-07,3.046996e-04,1.171321e-07,1.969650e-03,5.452547e-07,9.560955e+02,0.000000e+00,-1.773902e+01,0.000000e+00
L-026605,2,-1,2023/08/29 21:53:47,218,BlaJ-0170_D32_treatment_tech1,230807-T3-25,3-25,920,nL, ,H2O,0,2.900507e+01,1.240358e-03,5.110093e+16,8.530189e+13,6.069272e-04,3.081373e-07,1.969582e-03,3.793645e-07,3.034636e-04,1.540686e-07,1.969582e-03,3.793645e-07,9.481611e+02,0.000000e+00,-1.777336e+01,0.000000e+00
L-026605,3,0,2023/08/29 21:55:48,219,BlaJ-0170_D32_treatment_tech1,230807-T3-25,3-25,920,nL, ,H2O,0,2.900106e+01,1.475420e-03,4.985529e+16,1.021556e+14,6.056584e-04,1.926966e-07,1.969641e-03,5.210765e-07,3.028292e-04,9.634830e-08,1.969641e-03,5.210765e-07,9.440883e+02,0.000000e+00,-1.774371e+01,0.000000e+00
L-026605,4,0,2023/08/29 21:57:49,220,BlaJ-0170_D32_treatment_tech1,230807-T3-25,3-25,920,nL, ,H2O,0,2.900272e+01,1.694604e-03,5.065106e+16,8.170338e+13,6.054098e-04,1.886040e-07,1.969342e-03,4.488576e-07,3.027049e-04,9.430201e-08,1.969342e-03,4.488576e-07,9.432904e+02,0.000000e+00,-1.789278e+01,0.000000e+00
L-026605,5,0,2023/08/29 21:59:50,221,BlaJ-0170_D32_treatment_tech1,230807-T3-25,3-25,920,nL, ,H2O,0,2.901048e+01,1.343769e-03,5.012362e+16,6.906277e+13,6.050748e-04,2.791614e-07,1.969166e-03,4.506855e-07,3.025374e-04,1.395807e-07,1.969166e-03,4.506855e-07,9.422150e+02,0.000000e+00,-1.798040e+01,0.000000e+00
L-026605,6,0,2023/08/29 22:01:51,222,BlaJ-0170_D32_treatment_tech1,230807-T3-25,3-25,920,nL, ,H2O,0,2.901882e+01,1.388895e-03,4.915483e+16,1.310506e+14,6.049009e-04,2.672013e-07,1.969067e-03,4.501651e-07,3.024505e-04,1.336006e-07,1.969067e-03,4.501651e-07,9.416569e+02,0.000000e+00,-1.803010e+01,0.000000e+00
L-026605,7,0,2023/08/29 22:03:52,223,BlaJ-0170_D32_treatment_tech1,230807-T3-25,3-25,920,nL, ,H2O,0,2.902266e+01,1.438833e-03,4.898357e+16,9.943320e+13,6.046115e-04,3.564694e-07,1.969186e-03,4.048286e-07,3.023057e-04,1.782347e-07,1.969186e-03,4.048286e-07,9.407279e+02,0.000000e+00,-1.797066e+01,0.000000e+00
L-026605,8,0,2023/08/29 22:05:53,224,BlaJ-0170_D32_treatment_tech1,230807-T3-25,3-25,920,nL, ,H2O,0,2.902197e+01,1.224267e-03,5.082238e+16,1.151440e+14,6.040266e-04,2.409012e-07,1.969296e-03,5.013926e-07,3.020133e-04,1.204506e-07,1.969296e-03,5.013926e-07,9.388505e+02,0.000000e+00,-1.791573e+01,0.000000e+00
L-026606,1,-1,2023/08/29 22:07:54,225,Curve_1_std_5,230807-T4-38,4-38,920,nL, ,H2O,0,2.901635e+01,1.241354e-03,5.279832e+16,1.206878e+14,5.886906e-04,1.792064e-07,1.969551e-03,3.882123e-07,2.943453e-04,8.960320e-08,1.969551e-03,3.882123e-07,8.896239e+02,0.000000e+00,-1.778854e+01,0.000000e+00
L-026606,2,-1,2023/08/29 22:09:55,226,Curve_1_std_5,230807-T4-38,4-38,920,nL, ,H2O,0,2.901533e+01,1.392775e-03,5.069126e+16,1.019486e+14,5.800146e-04,2.925878e-07,1.968362e-03,4.909899e-07,2.900073e-04,1.462939e-07,1.968362e-03,4.909899e-07,8.617750e+02,0.000000e+00,-1.838143e+01,0.000000e+00
L-026606,3,0,2023/08/29 22:11:56,227,Curve_1_std_5,230807-T4-38,4-38,920,nL, ,H2O,0,2.901966e+01,1.502836e-03,5.102174e+16,1.137670e+14,5.783341e-04,3.022842e-07,1.968709e-03,4.355319e-07,2.891670e-04,1.511421e-07,1.968709e-03,4.355319e-07,8.563807e+02,0.000000e+00,-1.820867e+01,0.000000e+00
L-026606,4,0,2023/08/29 22:13:57,228,Curve_1_std_5,230807-T4-38,4-38,920,nL, ,H2O,0,2.902207e+01,1.363341e-03,5.075423e+16,7.736290e+13,5.764603e-04,2.439612e-07,1.968656e-03,4.053156e-07,2.882302e-04,1.219806e-07,1.968656e-03,4.053156e-07,8.503662e+02,0.000000e+00,-1.823480e+01,0.000000e+00
L-026606,5,0,2023/08/29 22:15:58,229,Curve_1_std_5,230807-T4-38,4-38,920,nL, ,H2O,0,2.902036e+01,1.276230e-03,5.145064e+16,8.583925e+13,5.755470e-04,2.127673e-07,1.968920e-03,3.943758e-07,2.877735e-04,1.063837e-07,1.968920e-03,3.943758e-07,8.474344e+02,0.000000e+00,-1.810343e+01,0.000000e+00
L-026606,6,0,2023/08/29 22:17:59,230,Curve_1_std_5,230807-T4-38,4-38,920,nL, ,H2O,0,2.901521e+01,1.401850e-03,5.175313e+16,7.981723e+13,5.754453e-04,1.760694e-07,1.969172e-03,5.354247e-07,2.877227e-04,8.803470e-08,1.969172e-03,5.354247e-07,8.471080e+02,0.000000e+00,-1.797765e+01,0.000000e+00
L-026606,7,0,2023/08/29 22:20:00,231,Curve_1_std_5,230807-T4-38,4-38,920,nL, ,H2O,0,2.901605e+01,1.564558e-03,5.166761e+16,1.037630e+14,5.751706e-04,2.940814e-07,1.968973e-03,4.732263e-07,2.875853e-04,1.470407e-07,1.968973e-03,4.732263e-07,8.462263e+02,0.000000e+00,-1.807683e+01,0.000000e+00
L-026606,8,0,2023/08/29 22:22:01,232,Curve_1_std_5,230807-T4-38,4-38,920,nL, ,H2O,0,2.902090e+01,1.686606e-03,5.167464e+16,8.007960e+13,5.753080e-04,2.467749e-07,1.968867e-03,2.953202e-07,2.876540e-04,1.233874e-07,1.968867e-03,2.953202e-07,8.466673e+02,0.000000e+00,-1.812987e+01,0.000000e+00
L-026607,1,-1,2023/08/29 22:24:02,233,BlaJ-0177_D2_treatment_tech1,230807-T2-31,2-31,920,nL, ,H2O,0,2.903135e+01,1.506498e-03,5.157372e+16,1.125811e+14,5.130115e-04,3.335502e-07,1.968865e-03,5.752127e-07,2.565057e-04,1.667751e-07,1.968865e-03,5.752127e-07,6.467032e+02,0.000000e+00,-1.813085e+01,0.000000e+00
L-026607,2,-1,2023/08/29 22:26:03,234,BlaJ-0177_D2_treatment_tech1,230807-T2-31,2-31,920,nL, ,H2O,0,2.903435e+01,1.336078e-03,5.150788e+16,8.721947e+13,4.852820e-04,3.265974e-07,1.969217e-03,4.541524e-07,2.426410e-04,1.632987e-07,1.969217e-03,4.541524e-07,5.576951e+02,0.000000e+00,-1.795518e+01,0.000000e+00
L-026607,3,0,2023/08/29 22:28:04,235,BlaJ-0177_D2_treatment_tech1,230807-T2-31,2-31,920,nL, ,H2O,0,2.903365e+01,1.245605e-03,5.142098e+16,1.178433e+14,4.727600e-04,3.594404e-07,1.969686e-03,5.138525e-07,2.363800e-04,1.797202e-07,1.969686e-03,5.138525e-07,5.175010e+02,0.000000e+00,-1.772146e+01,0.000000e+00
L-026607,4,0,2023/08/29 22:30:05,236,BlaJ-0177_D2_treatment_tech1,230807-T2-31,2-31,920,nL, ,H2O,0,2.902994e+01,1.380831e-03,5.145339e+16,7.899524e+13,4.667616e-04,2.828005e-07,1.969738e-03,4.147444e-07,2.333808e-04,1.414002e-07,1.969738e-03,4.147444e-07,4.982470e+02,0.000000e+00,-1.769527e+01,0.000000e+00
L-026607,5,0,2023/08/29 22:32:06,237,BlaJ-0177_D2_treatment_tech1,230807-T2-31,2-31,920,nL, ,H2O,0,2.902187e+01,1.202094e-03,5.132120e+16,9.449551e+13,4.636508e-04,2.717475e-07,1.969587e-03,5.237907e-07,2.318254e-04,1.358737e-07,1.969587e-03,5.237907e-07,4.882615e+02,0.000000e+00,-1.777043e+01,0.000000e+00
L-026607,6,0,2023/08/29 22:34:07,238,BlaJ-0177_D2_treatment_tech1,230807-T2-31,2-31,920,nL, ,H2O,0,2.902095e+01,1.583314e-03,5.114785e+16,1.267171e+14,4.614367e-04,1.615083e-07,1.969754e-03,5.011339e-07,2.307183e-04,8.075416e-08,1.969754e-03,5.011339e-07,4.811544e+02,0.000000e+00,-1.768744e+01,0.000000e+00
L-026607,7,0,2023/08/29 22:36:08,239,BlaJ-0177_D2_treatment_tech1,230807-T2-31,2-31,920,nL, ,H2O,0,2.902563e+01,1.510345e-03,4.990086e+16,1.136693e+14,4.599566e-04,2.424702e-07,1.969222e-03,4.247080e-07,2.299783e-04,1.212351e-07,1.969222e-03,4.247080e-07,4.764037e+02,0.000000e+00,-1.795252e+01,0.000000e+00
L-026607,8,0,2023/08/29 22:38:09,240,BlaJ-0177_D2_treatment_tech1,230807-T2-31,2-31,920,nL, ,H2O,0,2.903081e+01,1.489106e-03,5.041417e+16,8.785398e+13,4.594247e-04,1.855366e-07,1.969140e-03,3.519767e-07,2.297124e-04,9.276830e-08,1.969140e-03,3.519767e-07,4.746964e+02,0.000000e+00,-1.799345e+01,0.000000e+00
L-026608,1,-1,2023/08/29 22:40:10,241,YM_2/3_D4_E4-1_tech3,230807-T2-21,2-21,920,nL, ,H2O,0,2.903232e+01,1.254134e-03,5.180721e+16,1.142609e+14,5.957834e-04,6.947216e-07,1.968315e-03,5.901264e-07,2.978917e-04,3.473608e-07,1.968315e-03,5.901264e-07,9.123907e+02,0.000000e+00,-1.840507e+01,0.000000e+00
L-026608,2,-1,2023/08/29 22:42:11,242,YM_2/3_D4_E4-1_tech3,230807-T2-21,2-21,920,nL, ,H2O,0,2.903039e+01,1.262848e-03,5.174031e+16,1.051179e+14,6.533372e-04,5.814007e-07,1.969195e-03,3.314562e-07,3.266686e-04,2.907004e-07,1.969195e-03,3.314562e-07,1.097131e+03,0.000000e+00,-1.796598e+01,0.000000e+00
L-026608,3,0,2023/08/29 22:44:12,243,YM_2/3_D4_E4-1_tech3,230807-T2-21,2-21,920,nL, ,H2O,0,2.903175e+01,1.476902e-03,5.184323e+16,1.276029e+14,6.755469e-04,4.112370e-07,1.968470e-03,2.924807e-07,3.377734e-04,2.056185e-07,1.968470e-03,2.924807e-07,1.168422e+03,0.000000e+00,-1.832755e+01,0.000000e+00
L-026608,4,0,2023/08/29 22:46:14,244,YM_2/3_D4_E4-1_tech3,230807-T2-21,2-21,920,nL, ,H2O,0,2.903801e+01,1.737505e-03,5.124685e+16,9.834988e+13,6.897601e-04,3.029112e-07,1.968784e-03,5.109328e-07,3.448800e-04,1.514556e-07,1.968784e-03,5.109328e-07,1.214044e+03,0.000000e+00,-1.817089e+01,0.000000e+00
L-026608,5,0,2023/08/29 22:48:15,245,YM_2/3_D4_E4-1_tech3,230807-T2-21,2-21,920,nL, ,H2O,0,2.904656e+01,1.641205e-03,4.955087e+16,1.045336e+14,6.953898e-04,3.220146e-07,1.968132e-03,4.671497e-07,3.476949e-04,1.610073e-07,1.968132e-03,4.671497e-07,1.232115e+03,0.000000e+00,-1.849616e+01,0.000000e+00
L-026608,6,0,2023/08/29 22:50:16,246,YM_2/3_D4_E4-1_tech3,230807-T2-21,2-21,920,nL, ,H2O,0,2.905070e+01,1.408764e-03,5.104432e+16,1.073194e+14,6.986009e-04,3.286087e-07,1.968516e-03,4.263046e-07,3.493004e-04,1.643043e-07,1.968516e-03,4.263046e-07,1.242422e+03,0.000000e+00,-1.830485e+01,0.000000e+00
L-026608,7,0,2023/08/29 22:52:17,247,YM_2/3_D4_E4-1_tech3,230807-T2-21,2-21,920,nL, ,H2O,0,2.905095e+01,1.356516e-03,5.151109e+16,8.905427e+13,7.002491e-04,2.812075e-07,1.968697e-03,5.378438e-07,3.501245e-04,1.406038e-07,1.968697e-03,5.378438e-07,1.247713e+03,0.000000e+00,-1.821449e+01,0.000000e+00
L-026608,8,0,2023/08/29 22:54:18,248,YM_2/3_D4_E4-1_tech3,230807-T2-21,2-21,920,nL, ,H2O,0,2.904748e+01,1.427167e-03,4.951591e+16,1.174842e+14,7.010715e-04,2.029685e-07,1.968438e-03,2.926723e-07,3.505358e-04,1.014843e-07,1.968438e-03,2.926723e-07,1.250353e+03,0.000000e+00,-1.834378e+01,0.000000e+00
L-026609,1,-1,2023/08/29 22:56:19,249,BlaJ-0180_D8_treatment_tech1,230807-T3-4,3-4,920,nL, ,H2O,0,2.903950e+01,1.210030e-03,4.904096e+16,9.722187e+13,6.200972e-04,4.221411e-07,1.969912e-03,3.922765e-07,3.100486e-04,2.110705e-07,1.969912e-03,3.922765e-07,9.904352e+02,0.000000e+00,-1.760836e+01,0.000000e+00
L-026609,2,-1,2023/08/29 22:58:20,250,BlaJ-0180_D8_treatment_tech1,230807-T3-4,3-4,920,nL, ,H2O,0,2.904205e+01,1.535397e-03,4.899692e+16,1.260469e+14,5.868983e-04,3.724607e-07,1.970396e-03,6.474813e-07,2.934491e-04,1.862303e-07,1.970396e-03,6.474813e-07,8.838706e+02,0.000000e+00,-1.736706e+01,0.000000e+00
L-026609,3,0,2023/08/29 23:00:21,251,BlaJ-0180_D8_treatment_tech1,230807-T3-4,3-4,920,nL, ,H2O,0,2.904517e+01,1.191936e-03,4.856210e+16,8.569154e+13,5.717706e-04,3.717089e-07,1.970453e-03,5.517661e-07,2.858853e-04,1.858545e-07,1.970453e-03,5.517661e-07,8.353129e+02,0.000000e+00,-1.733904e+01,0.000000e+00
L-026609,4,0,2023/08/29 23:02:22,252,BlaJ-0180_D8_treatment_tech1,230807-T3-4,3-4,920,nL, ,H2O,0,2.904574e+01,1.446824e-03,4.823518e+16,1.075206e+14,5.642148e-04,3.235234e-07,1.970310e-03,4.682240e-07,2.821074e-04,1.617617e-07,1.970310e-03,4.682240e-07,8.110596e+02,0.000000e+00,-1.741007e+01,0.000000e+00
L-026609,5,0,2023/08/29 23:04:23,253,BlaJ-0180_D8_treatment_tech1,230807-T3-4,3-4,920,nL, ,H2O,0,2.904272e+01,1.334560e-03,4.898142e+16,1.020723e+14,5.622749e-04,2.563447e-07,1.970824e-03,4.200229e-07,2.811374e-04,1.281724e-07,1.970824e-03,4.200229e-07,8.048327e+02,0.000000e+00,-1.715358e+01,0.000000e+00
L-026609,6,0,2023/08/29 23:06:23,254,BlaJ-0180_D8_treatment_tech1,230807-T3-4,3-4,920,nL, ,H2O,0,2.904493e+01,1.423856e-03,4.974456e+16,8.285572e+13,5.583006e-04,2.705433e-07,1.969964e-03,5.452672e-07,2.791503e-04,1.352716e-07,1.969964e-03,5.452672e-07,7.920757e+02,0.000000e+00,-1.758261e+01,0.000000e+00
L-026609,7,0,2023/08/29 23:08:24,255,BlaJ-0180_D8_treatment_tech1,230807-T3-4,3-4,920,nL, ,H2O,0,2.905085e+01,1.439376e-03,5.008247e+16,7.934170e+13,5.600028e-04,2.373493e-07,1.970887e-03,5.649241e-07,2.800014e-04,1.186746e-07,1.970887e-03,5.649241e-07,7.975394e+02,0.000000e+00,-1.712245e+01,0.000000e+00
L-026609,8,0,2023/08/29 23:10:25,256,BlaJ-0180_D8_treatment_tech1,230807-T3-4,3-4,920,nL, ,H2O,0,2.905526e+01,1.252666e-03,4.986710e+16,1.145936e+14,5.589191e-04,2.455803e-07,1.970823e-03,3.528748e-07,2.794595e-04,1.227901e-07,1.970823e-03,3.528748e-07,7.940609e+02,0.000000e+00,-1.715441e+01,0.000000e+00
L-026610,1,-1,2023/08/29 23:12:26,257,BlaJ-0182_D8_saline_tech3,230807-T2-39,2-39,920,nL, ,H2O,0,2.905397e+01,1.468253e-03,4.944336e+16,8.566678e+13,5.837436e-04,2.756729e-07,1.969864e-03,5.372989e-07,2.918718e-04,1.378364e-07,1.969864e-03,5.372989e-07,8.737445e+02,0.000000e+00,-1.763231e+01,0.000000e+00
L-026610,2,-1,2023/08/29 23:14:27,258,BlaJ-0182_D8_saline_tech3,230807-T2-39,2-39,920,nL, ,H2O,0,2.905469e+01,1.529667e-03,4.937921e+16,8.387658e+13,5.942765e-04,2.438742e-07,1.969564e-03,4.767328e-07,2.971383e-04,1.219371e-07,1.969564e-03,4.767328e-07,9.075539e+02,0.000000e+00,-1.778226e+01,0.000000e+00
L-026610,3,0,2023/08/29 23:16:29,259,BlaJ-0182_D8_saline_tech3,230807-T2-39,2-39,920,nL, ,H2O,0,2.905858e+01,1.445638e-03,4.934857e+16,8.973355e+13,5.992631e-04,1.996418e-07,1.969682e-03,3.541379e-07,2.996315e-04,9.982090e-08,1.969682e-03,3.541379e-07,9.235602e+02,0.000000e+00,-1.772343e+01,0.000000e+00
L-026610,4,0,2023/08/29 23:18:30,260,BlaJ-0182_D8_saline_tech3,230807-T2-39,2-39,920,nL, ,H2O,0,2.906273e+01,1.282058e-03,4.933854e+16,9.932483e+13,6.009209e-04,3.039621e-07,1.969462e-03,3.317597e-07,3.004605e-04,1.519810e-07,1.969462e-03,3.317597e-07,9.288817e+02,0.000000e+00,-1.783277e+01,0.000000e+00
L-026610,5,0,2023/08/29 23:20:31,261,BlaJ-0182_D8_saline_tech3,230807-T2-39,2-39,920,nL, ,H2O,0,2.906116e+01,1.311424e-03,4.921185e+16,4.933137e+13,6.024657e-04,2.845450e-07,1.969430e-03,5.973693e-07,3.012328e-04,1.422725e-07,1.969430e-03,5.973693e-07,9.338401e+02,0.000000e+00,-1.784909e+01,0.000000e+00
L-026610,6,0,2023/08/29 23:22:32,262,BlaJ-0182_D8_saline_tech3,230807-T2-39,2-39,920,nL, ,H2O,0,2.905799e+01,1.407830e-03,4.893778e+16,2.252192e+14,6.001244e-04,3.365430e-07,1.968456e-03,5.011733e-07,3.000622e-04,1.682715e-07,1.968456e-03,5.011733e-07,9.263247e+02,0.000000e+00,-1.833483e+01,0.000000e+00
L-026610,7,0,2023/08/29 23:24:33,263,BlaJ-0182_D8_saline_tech3,230807-T2-39,2-39,920,nL, ,H2O,0,2.905397e+01,1.521842e-03,4.965656e+16,7.734911e+13,6.035687e-04,2.951480e-07,1.969616e-03,6.186865e-07,3.017843e-04,1.475740e-07,1.969616e-03,6.186865e-07,9.373806e+02,0.000000e+00,-1.775626e+01,0.000000e+00
L-026610,8,0,2023/08/29 23:26:35,264,BlaJ-0182_D8_saline_tech3,230807-T2-39,2-39,920,nL, ,H2O,0,2.905673e+01,1.399694e-03,5.021797e+16,6.801315e+14,6.007362e-04,9.733176e-07,1.968543e-03,7.250044e-07,3.003681e-04,4.866588e-07,1.968543e-03,7.250044e-07,9.282887e+02,0.000000e+00,-1.829151e+01,0.000000e+00
L-026611,1,-1,2023/08/29 23:28:36,265,BlaJ-0164_D4_saline_tech1,230807-T3-34,3-34,920,nL, ,H2O,0,2.906206e+01,1.676133e-03,4.927140e+16,9.749446e+13,6.065350e-04,2.111335e-07,1.970083e-03,5.055972e-07,3.032675e-04,1.055667e-07,1.970083e-03,5.055972e-07,9.469021e+02,0.000000e+00,-1.752345e+01,0.000000e+00
L-026611,2,-1,2023/08/29 23:30:37,266,BlaJ-0164_D4_saline_tech1,230807-T3-34,3-34,920,nL, ,H2O,0,2.906535e+01,1.345663e-03,5.023089e+16,9.946717e+13,6.067422e-04,2.647043e-07,1.969901e-03,3.927153e-07,3.033711e-04,1.323521e-07,1.969901e-03,3.927153e-07,9.475672e+02,0.000000e+00,-1.761422e+01,0.000000e+00
L-026611,3,0,2023/08/29 23:32:38,267,BlaJ-0164_D4_saline_tech1,230807-T3-34,3-34,920,nL, ,H2O,0,2.906240e+01,1.195945e-03,4.972026e+16,8.289213e+13,6.068185e-04,1.934777e-07,1.969679e-03,5.277441e-07,3.034093e-04,9.673887e-08,1.969679e-03,5.277441e-07,9.478122e+02,0.000000e+00,-1.772481e+01,0.000000e+00
L-026611,4,0,2023/08/29 23:34:39,268,BlaJ-0164_D4_saline_tech1,230807-T3-34,3-34,920,nL, ,H2O,0,2.905871e+01,1.130641e-03,5.104731e+16,1.021209e+14,6.068098e-04,2.608368e-07,1.969589e-03,4.102286e-07,3.034049e-04,1.304184e-07,1.969589e-03,4.102286e-07,9.477841e+02,0.000000e+00,-1.776959e+01,0.000000e+00
L-026611,5,0,2023/08/29 23:36:40,269,BlaJ-0164_D4_saline_tech1,230807-T3-34,3-34,920,nL, ,H2O,0,2.906000e+01,1.594389e-03,5.047098e+16,1.107636e+14,6.064679e-04,2.643213e-07,1.969881e-03,3.492646e-07,3.032340e-04,1.321606e-07,1.969881e-03,3.492646e-07,9.466869e+02,0.000000e+00,-1.762425e+01,0.000000e+00
L-026611,6,0,2023/08/29 23:38:41,270,BlaJ-0164_D4_saline_tech1,230807-T3-34,3-34,920,nL, ,H2O,0,2.906659e+01,1.584058e-03,4.956618e+16,1.320522e+14,6.049021e-04,2.855723e-07,1.969042e-03,4.385183e-07,3.024511e-04,1.427862e-07,1.969042e-03,4.385183e-07,9.416607e+02,0.000000e+00,-1.804247e+01,0.000000e+00
L-026611,7,0,2023/08/29 23:40:42,271,BlaJ-0164_D4_saline_tech1,230807-T3-34,3-34,920,nL, ,H2O,0,2.907515e+01,1.675755e-03,5.085437e+16,7.905120e+13,6.073241e-04,2.561118e-07,1.969758e-03,5.102619e-07,3.036620e-04,1.280559e-07,1.969758e-03,5.102619e-07,9.494350e+02,0.000000e+00,-1.768550e+01,0.000000e+00
L-026611,8,0,2023/08/29 23:42:43,272,BlaJ-0164_D4_saline_tech1,230807-T3-34,3-34,920,nL, ,H2O,0,2.907910e+01,1.428771e-03,5.029488e+16,7.535875e+13,6.056501e-04,3.113748e-07,1.969319e-03,4.139350e-07,3.028250e-04,1.556874e-07,1.969319e-03,4.139350e-07,9.440617e+02,0.000000e+00,-1.790452e+01,0.000000e+00
L-026612,1,-1,2023/08/29 23:44:44,273,BlaJ-0163_D16_treatment_tech1,230807-T3-7,3-7,920,nL, ,H2O,0,2.908071e+01,1.533652e-03,5.104244e+16,1.140112e+14,5.709871e-04,2.909633e-07,1.969753e-03,4.354458e-07,2.854936e-04,1.454817e-07,1.969753e-03,4.354458e-07,8.327979e+02,0.000000e+00,-1.768772e+01,0.000000e+00
L-026612,2,-1,2023/08/29 23:46:45,274,BlaJ-0163_D16_treatment_tech1,230807-T3-7,3-7,920,nL, ,H2O,0,2.907347e+01,1.234219e-03,4.998136e+16,9.896647e+13,5.559532e-04,3.143087e-07,1.970333e-03,5.983047e-07,2.779766e-04,1.571543e-07,1.970333e-03,5.983047e-07,7.845408e+02,0.000000e+00,-1.739858e+01,0.000000e+00
L-026612,3,0,2023/08/29 23:48:46,275,BlaJ-0163_D16_treatment_tech1,230807-T3-7,3-7,920,nL, ,H2O,0,2.906796e+01,1.463502e-03,4.945496e+16,9.701462e+13,5.492491e-04,2.334985e-07,1.970395e-03,5.830648e-07,2.746245e-04,1.167493e-07,1.970395e-03,5.830648e-07,7.630215e+02,0.000000e+00,-1.736749e+01,0.000000e+00
L-026612,4,0,2023/08/29 23:50:47,276,BlaJ-0163_D16_treatment_tech1,230807-T3-7,3-7,920,nL, ,H2O,0,2.907076e+01,1.671745e-03,5.074100e+16,9.943611e+13,5.441799e-04,2.689230e-07,1.970060e-03,3.749140e-07,2.720900e-04,1.344615e-07,1.970060e-03,3.749140e-07,7.467500e+02,0.000000e+00,-1.753462e+01,0.000000e+00
L-026612,5,0,2023/08/29 23:52:48,277,BlaJ-0163_D16_treatment_tech1,230807-T3-7,3-7,920,nL, ,H2O,0,2.907592e+01,1.664736e-03,5.037062e+16,1.022123e+14,5.443793e-04,2.753378e-07,1.970720e-03,5.004555e-07,2.721897e-04,1.376689e-07,1.970720e-03,5.004555e-07,7.473901e+02,0.000000e+00,-1.720557e+01,0.000000e+00
L-026612,6,0,2023/08/29 23:54:49,278,BlaJ-0163_D16_treatment_tech1,230807-T3-7,3-7,920,nL, ,H2O,0,2.907458e+01,1.382899e-03,5.011752e+16,9.628732e+13,5.431692e-04,2.126530e-07,1.970517e-03,4.769821e-07,2.715846e-04,1.063265e-07,1.970517e-03,4.769821e-07,7.435057e+02,0.000000e+00,-1.730703e+01,0.000000e+00
L-026612,7,0,2023/08/29 23:56:50,279,BlaJ-0163_D16_treatment_tech1,230807-T3-7,3-7,920,nL, ,H2O,0,2.907133e+01,9.852708e-04,5.045461e+16,1.337403e+14,5.426799e-04,2.497426e-07,1.970681e-03,4.954649e-07,2.713399e-04,1.248713e-07,1.970681e-03,4.954649e-07,7.419350e+02,0.000000e+00,-1.722511e+01,0.000000e+00
L-026612,8,0,2023/08/29 23:58:51,280,BlaJ-0163_D16_treatment_tech1,230807-T3-7,3-7,920,nL, ,H2O,0,2.906761e+01,1.386594e-03,4.987336e+16,1.068977e+14,5.419682e-04,1.935034e-07,1.970527e-03,5.874843e-07,2.709841e-04,9.675172e-08,1.970527e-03,5.874843e-07,7.396507e+02,0.000000e+00,-1.730177e+01,0.000000e+00
L-026613,1,-1,2023/08/30 00:00:52,281,Curve_1_std_7,230807-T4-40,4-40,920,nL, ,H2O,0,2.907190e+01,1.495284e-03,5.290641e+16,1.121709e+14,8.012395e-04,1.285238e-06,1.968909e-03,5.427131e-07,4.006197e-04,6.426191e-07,1.968909e-03,5.427131e-07,1.571879e+03,0.000000e+00,-1.810877e+01,0.000000e+00
L-026613,2,-1,2023/08/30 00:02:53,282,Curve_1_std_7,230807-T4-40,4-40,920,nL, ,H2O,0,2.907813e+01,1.650751e-03,5.089756e+16,9.567993e+13,9.122127e-04,1.171388e-06,1.969292e-03,4.658539e-07,4.561064e-04,5.856939e-07,1.969292e-03,4.658539e-07,1.928090e+03,0.000000e+00,-1.791765e+01,0.000000e+00
L-026613,3,0,2023/08/30 00:04:54,283,Curve_1_std_7,230807-T4-40,4-40,920,nL, ,H2O,0,2.908290e+01,1.345875e-03,5.023967e+16,1.263335e+14,9.606391e-04,9.926332e-07,1.968774e-03,4.496761e-07,4.803195e-04,4.963166e-07,1.968774e-03,4.496761e-07,2.083532e+03,0.000000e+00,-1.817607e+01,0.000000e+00
L-026613,4,0,2023/08/30 00:06:55,284,Curve_1_std_7,230807-T4-40,4-40,920,nL, ,H2O,0,2.908337e+01,1.369022e-03,5.106456e+16,9.442711e+13,9.814058e-04,6.858678e-07,1.968109e-03,4.492736e-07,4.907029e-04,3.429339e-07,1.968109e-03,4.492736e-07,2.150191e+03,0.000000e+00,-1.850795e+01,0.000000e+00
L-026613,5,0,2023/08/30 00:08:56,285,Curve_1_std_7,230807-T4-40,4-40,920,nL, ,H2O,0,2.907684e+01,1.124462e-03,5.015546e+16,1.072694e+14,9.971479e-04,6.548057e-07,1.968576e-03,5.196647e-07,4.985739e-04,3.274029e-07,1.968576e-03,5.196647e-07,2.200721e+03,0.000000e+00,-1.827494e+01,0.000000e+00
L-026613,6,0,2023/08/30 00:10:57,286,Curve_1_std_7,230807-T4-40,4-40,920,nL, ,H2O,0,2.907344e+01,1.593519e-03,5.140274e+16,1.012984e+14,1.003390e-03,4.989847e-07,1.968812e-03,5.086362e-07,5.016951e-04,2.494923e-07,1.968812e-03,5.086362e-07,2.220758e+03,0.000000e+00,-1.815736e+01,0.000000e+00
L-026613,7,0,2023/08/30 00:12:58,287,Curve_1_std_7,230807-T4-40,4-40,920,nL, ,H2O,0,2.907721e+01,1.467061e-03,5.184128e+16,1.026471e+14,1.007196e-03,4.178056e-07,1.968993e-03,4.732981e-07,5.035982e-04,2.089028e-07,1.968993e-03,4.732981e-07,2.232976e+03,0.000000e+00,-1.806694e+01,0.000000e+00
L-026613,8,0,2023/08/30 00:14:59,288,Curve_1_std_7,230807-T4-40,4-40,920,nL, ,H2O,0,2.908039e+01,1.399099e-03,5.164701e+16,9.777793e+13,1.008950e-03,3.653793e-07,1.968635e-03,4.146492e-07,5.044752e-04,1.826896e-07,1.968635e-03,4.146492e-07,2.238606e+03,0.000000e+00,-1.824532e+01,0.000000e+00
L-026614,1,-1,2023/08/30 00:17:00,289,YM_2/3_D16_E3-1_tech3,230807-T2-6,2-6,920,nL, ,H2O,0,2.907662e+01,1.262410e-03,5.306054e+16,9.081197e+13,8.428482e-04,8.037821e-07,1.968552e-03,4.849663e-07,4.214241e-04,4.018910e-07,1.968552e-03,4.849663e-07,1.705438e+03,0.000000e+00,-1.828677e+01,0.000000e+00
L-026614,2,-1,2023/08/30 00:19:01,290,YM_2/3_D16_E3-1_tech3,230807-T2-6,2-6,920,nL, ,H2O,0,2.906940e+01,1.178859e-03,5.351607e+16,1.129637e+14,7.744285e-04,6.978829e-07,1.968596e-03,4.599853e-07,3.872142e-04,3.489414e-07,1.968596e-03,4.599853e-07,1.485819e+03,0.000000e+00,-1.826486e+01,0.000000e+00
L-026614,3,0,2023/08/30 00:21:02,291,YM_2/3_D16_E3-1_tech3,230807-T2-6,2-6,920,nL, ,H2O,0,2.906910e+01,1.377132e-03,5.348111e+16,7.994485e+13,7.441572e-04,3.810165e-07,1.968941e-03,4.796577e-07,3.720786e-04,1.905082e-07,1.968941e-03,4.796577e-07,1.388652e+03,0.000000e+00,-1.809303e+01,0.000000e+00
L-026614,4,0,2023/08/30 00:23:03,292,YM_2/3_D16_E3-1_tech3,230807-T2-6,2-6,920,nL, ,H2O,0,2.907580e+01,1.620282e-03,5.144492e+16,1.231242e+14,7.282117e-04,3.263380e-07,1.968628e-03,3.242434e-07,3.641058e-04,1.631690e-07,1.968628e-03,3.242434e-07,1.337469e+03,0.000000e+00,-1.824917e+01,0.000000e+00
L-026614,5,0,2023/08/30 00:25:04,293,YM_2/3_D16_E3-1_tech3,230807-T2-6,2-6,920,nL, ,H2O,0,2.908248e+01,1.207516e-03,5.267500e+16,1.115664e+14,7.216623e-04,3.359626e-07,1.968683e-03,3.721067e-07,3.608312e-04,1.679813e-07,1.968683e-03,3.721067e-07,1.316447e+03,0.000000e+00,-1.822127e+01,0.000000e+00
L-026614,6,0,2023/08/30 00:27:05,294,YM_2/3_D16_E3-1_tech3,230807-T2-6,2-6,920,nL, ,H2O,0,2.908511e+01,1.325676e-03,5.311152e+16,1.149300e+14,7.183731e-04,3.109922e-07,1.968708e-03,3.631362e-07,3.591866e-04,1.554961e-07,1.968708e-03,3.631362e-07,1.305889e+03,0.000000e+00,-1.820917e+01,0.000000e+00
L-026614,7,0,2023/08/30 00:29:06,295,YM_2/3_D16_E3-1_tech3,230807-T2-6,2-6,920,nL, ,H2O,0,2.908027e+01,1.348399e-03,5.335722e+16,1.267621e+14,7.169100e-04,2.478867e-07,1.968854e-03,4.987694e-07,3.584550e-04,1.239433e-07,1.968854e-03,4.987694e-07,1.301192e+03,0.000000e+00,-1.813600e+01,0.000000e+00
L-026614,8,0,2023/08/30 00:31:07,296,YM_2/3_D16_E3-1_tech3,230807-T2-6,2-6,920,nL, ,H2O,0,2.907543e+01,1.321038e-03,5.363640e+16,1.097964e+14,7.151123e-04,2.516946e-07,1.968518e-03,3.886566e-07,3.575562e-04,1.258473e-07,1.968518e-03,3.886566e-07,1.295422e+03,0.000000e+00,-1.830399e+01,0.000000e+00
L-026615,1,-1,2023/08/30 00:33:09,297,YF_2/3_D2_E4-1_tech2,230807-T1-20,1-20,920,nL, ,H2O,0,2.907642e+01,1.409868e-03,5.383313e+16,1.024445e+14,6.677261e-04,4.024182e-07,1.968950e-03,4.483681e-07,3.338630e-04,2.012091e-07,1.968950e-03,4.483681e-07,1.143318e+03,0.000000e+00,-1.808815e+01,0.000000e+00
L-026615,2,-1,2023/08/30 00:35:10,298,YF_2/3_D2_E4-1_tech2,230807-T1-20,1-20,920,nL, ,H2O,0,2.908188e+01,1.557111e-03,5.350580e+16,7.519797e+13,6.465296e-04,2.909243e-07,1.968825e-03,4.540404e-07,3.232648e-04,1.454622e-07,1.968825e-03,4.540404e-07,1.075280e+03,0.000000e+00,-1.815055e+01,0.000000e+00
L-026615,3,0,2023/08/30 00:37:12,299,YF_2/3_D2_E4-1_tech2,230807-T1-20,1-20,920,nL, ,H2O,0,2.908498e+01,1.472348e-03,5.303001e+16,1.405924e+14,6.375450e-04,3.868742e-07,1.968840e-03,5.730889e-07,3.187725e-04,1.934371e-07,1.968840e-03,5.730889e-07,1.046440e+03,0.000000e+00,-1.814308e+01,0.000000e+00
L-026615,4,0,2023/08/30 00:39:14,300,YF_2/3_D2_E4-1_tech2,230807-T1-20,1-20,920,nL, ,H2O,0,2.908190e+01,1.494333e-03,5.300758e+16,8.733917e+13,6.326633e-04,2.435889e-07,1.968727e-03,4.124922e-07,3.163316e-04,1.217945e-07,1.968727e-03,4.124922e-07,1.030771e+03,0.000000e+00,-1.819954e+01,0.000000e+00
L-026615,5,0,2023/08/30 00:41:16,301,YF_2/3_D2_E4-1_tech2,230807-T1-20,1-20,920,nL, ,H2O,0,2.907945e+01,1.416216e-03,5.181948e+16,9.077055e+13,6.302329e-04,2.657906e-07,1.968620e-03,3.620604e-07,3.151164e-04,1.328953e-07,1.968620e-03,3.620604e-07,1.022969e+03,0.000000e+00,-1.825268e+01,0.000000e+00
L-026615,6,0,2023/08/30 00:43:18,302,YF_2/3_D2_E4-1_tech2,230807-T1-20,1-20,920,nL, ,H2O,0,2.908310e+01,1.874811e-03,5.310136e+16,7.142695e+13,6.286376e-04,1.648314e-07,1.968875e-03,4.553892e-07,3.143188e-04,8.241569e-08,1.968875e-03,4.553892e-07,1.017849e+03,0.000000e+00,-1.812589e+01,0.000000e+00
L-026615,7,0,2023/08/30 00:45:19,303,YF_2/3_D2_E4-1_tech2,230807-T1-20,1-20,920,nL, ,H2O,0,2.909074e+01,1.702244e-03,5.327094e+16,1.407054e+14,6.278313e-04,1.328700e-07,1.968745e-03,4.258084e-07,3.139157e-04,6.643500e-08,1.968745e-03,4.258084e-07,1.015261e+03,0.000000e+00,-1.819081e+01,0.000000e+00
L-026615,8,0,2023/08/30 00:47:21,304,YF_2/3_D2_E4-1_tech2,230807-T1-20,1-20,920,nL, ,H2O,0,2.909752e+01,1.603156e-03,5.311149e+16,1.098514e+14,6.273311e-04,2.170595e-07,1.969065e-03,3.755712e-07,3.136656e-04,1.085298e-07,1.969065e-03,3.755712e-07,1.013655e+03,0.000000e+00,-1.803077e+01,0.000000e+00
L-026616,1,-1,2023/08/30 00:49:22,305,BlaJ-0167_D4_saline_tech1,230807-T3-43,3-43,920,nL, ,H2O,0,2.910035e+01,1.555524e-03,5.221869e+16,9.077508e+13,5.819115e-04,3.259222e-07,1.970155e-03,5.147491e-07,2.909557e-04,1.629611e-07,1.970155e-03,5.147491e-07,8.678637e+02,0.000000e+00,-1.748751e+01,0.000000e+00
L-026616,2,-1,2023/08/30 00:51:23,306,BlaJ-0167_D4_saline_tech1,230807-T3-43,3-43,920,nL, ,H2O,0,2.909750e+01,1.355331e-03,5.202416e+16,1.157595e+14,5.611437e-04,3.328825e-07,1.969987e-03,4.796480e-07,2.805719e-04,1.664412e-07,1.969987e-03,4.796480e-07,8.012017e+02,0.000000e+00,-1.757144e+01,0.000000e+00
L-026616,3,0,2023/08/30 00:53:24,307,BlaJ-0167_D4_saline_tech1,230807-T3-43,3-43,920,nL, ,H2O,0,2.909022e+01,1.355149e-03,5.194891e+16,7.875912e+13,5.527177e-04,1.749619e-07,1.970672e-03,3.327395e-07,2.763588e-04,8.748093e-08,1.970672e-03,3.327395e-07,7.741552e+02,0.000000e+00,-1.722974e+01,0.000000e+00
L-026616,4,0,2023/08/30 00:55:25,308,BlaJ-0167_D4_saline_tech1,230807-T3-43,3-43,920,nL, ,H2O,0,2.908312e+01,1.176944e-03,5.189572e+16,1.316811e+14,5.480651e-04,2.449126e-07,1.970794e-03,3.831346e-07,2.740325e-04,1.224563e-07,1.970794e-03,3.831346e-07,7.592208e+02,0.000000e+00,-1.716892e+01,0.000000e+00
L-026616,5,0,2023/08/30 00:57:26,309,BlaJ-0167_D4_saline_tech1,230807-T3-43,3-43,920,nL, ,H2O,0,2.907975e+01,1.384364e-03,5.189588e+16,1.279884e+14,5.452408e-04,2.228122e-07,1.970639e-03,4.301771e-07,2.726204e-04,1.114061e-07,1.970639e-03,4.301771e-07,7.501554e+02,0.000000e+00,-1.724614e+01,0.000000e+00
L-026616,6,0,2023/08/30 00:59:27,310,BlaJ-0167_D4_saline_tech1,230807-T3-43,3-43,920,nL, ,H2O,0,2.908466e+01,1.499173e-03,5.174706e+16,1.217835e+14,5.437062e-04,2.105233e-07,1.970630e-03,5.263840e-07,2.718531e-04,1.052616e-07,1.970630e-03,5.263840e-07,7.452294e+02,0.000000e+00,-1.725072e+01,0.000000e+00
L-026616,7,0,2023/08/30 01:01:28,311,BlaJ-0167_D4_saline_tech1,230807-T3-43,3-43,920,nL, ,H2O,0,2.908675e+01,1.375025e-03,5.192049e+16,8.945247e+13,5.427143e-04,2.817904e-07,1.970702e-03,4.752932e-07,2.713572e-04,1.408952e-07,1.970702e-03,4.752932e-07,7.420456e+02,0.000000e+00,-1.721468e+01,0.000000e+00
L-026616,8,0,2023/08/30 01:03:29,312,BlaJ-0167_D4_saline_tech1,230807-T3-43,3-43,920,nL, ,H2O,0,2.908300e+01,1.326931e-03,5.125026e+16,1.295110e+14,5.421833e-04,2.376301e-07,1.970597e-03,5.255257e-07,2.710917e-04,1.188150e-07,1.970597e-03,5.255257e-07,7.403413e+02,0.000000e+00,-1.726708e+01,0.000000e+00
L-026617,1,-1,2023/08/30 01:05:31,313,YM_2/3_D0_E3-1_tech1,230807-T1-46,1-46,920,nL, ,H2O,0,2.907759e+01,1.369944e-03,5.328746e+16,9.391182e+13,4.000085e-04,7.905089e-07,1.969859e-03,3.216410e-07,2.000043e-04,3.952545e-07,1.969859e-03,3.216410e-07,2.839777e+02,0.000000e+00,-1.763520e+01,0.000000e+00
L-026617,2,-1,2023/08/30 01:07:33,314,YM_2/3_D0_E3-1_tech1,230807-T1-46,1-46,920,nL, ,H2O,0,2.907736e+01,1.858269e-03,5.342106e+16,1.024218e+14,3.398480e-04,6.715955e-07,1.969504e-03,5.148292e-07,1.699240e-04,3.357978e-07,1.969504e-03,5.148292e-07,9.086993e+01,0.000000e+00,-1.781204e+01,0.000000e+00
L-026617,3,0,2023/08/30 01:09:35,315,YM_2/3_D0_E3-1_tech1,230807-T1-46,1-46,920,nL, ,H2O,0,2.908322e+01,1.693454e-03,5.181288e+16,9.089127e+13,3.133814e-04,6.188546e-07,1.969494e-03,4.546325e-07,1.566907e-04,3.094273e-07,1.969494e-03,4.546325e-07,5.915499e+00,0.000000e+00,-1.781729e+01,0.000000e+00
L-026617,4,0,2023/08/30 01:11:37,316,YM_2/3_D0_E3-1_tech1,230807-T1-46,1-46,920,nL, ,H2O,0,2.908804e+01,1.691903e-03,5.087405e+16,1.134505e+14,2.997543e-04,3.974999e-07,1.969263e-03,4.255635e-07,1.498772e-04,1.987500e-07,1.969263e-03,4.255635e-07,-3.782583e+01,0.000000e+00,-1.793243e+01,0.000000e+00
L-026617,5,0,2023/08/30 01:13:39,317,YM_2/3_D0_E3-1_tech1,230807-T1-46,1-46,920,nL, ,H2O,0,2.909032e+01,1.507831e-03,5.154923e+16,9.953596e+13,2.927262e-04,4.178728e-07,1.969128e-03,5.444107e-07,1.463631e-04,2.089364e-07,1.969128e-03,5.444107e-07,-6.038518e+01,0.000000e+00,-1.799938e+01,0.000000e+00
L-026617,6,0,2023/08/30 01:15:41,318,YM_2/3_D0_E3-1_tech1,230807-T1-46,1-46,920,nL, ,H2O,0,2.908689e+01,1.332618e-03,5.143135e+16,9.555220e+13,2.886745e-04,3.993238e-07,1.968747e-03,3.874125e-07,1.443372e-04,1.996619e-07,1.968747e-03,3.874125e-07,-7.339070e+01,0.000000e+00,-1.818934e+01,0.000000e+00
L-026617,7,0,2023/08/30 01:17:43,319,YM_2/3_D0_E3-1_tech1,230807-T1-46,1-46,920,nL, ,H2O,0,2.907845e+01,1.144676e-03,5.155155e+16,7.796948e+13,2.867029e-04,3.394263e-07,1.969102e-03,3.892544e-07,1.433514e-04,1.697131e-07,1.969102e-03,3.892544e-07,-7.971933e+01,0.000000e+00,-1.801235e+01,0.000000e+00
L-026617,8,0,2023/08/30 01:19:45,320,YM_2/3_D0_E3-1_tech1,230807-T1-46,1-46,920,nL, ,H2O,0,2.907146e+01,1.297786e-03,5.149650e+16,1.076253e+14,2.850742e-04,2.763480e-07,1.969086e-03,5.189744e-07,1.425371e-04,1.381740e-07,1.969086e-03,5.189744e-07,-8.494725e+01,0.000000e+00,-1.802048e+01,0.000000e+00
L-026618,1,-1,2023/08/30 01:21:46,321,YF_2/3_D16_E3-1_tech2,230807-T1-17,1-17,920,nL, ,H2O,0,2.907314e+01,1.651309e-03,5.129587e+16,1.242972e+14,5.065140e-04,1.064308e-06,1.968707e-03,3.788550e-07,2.532570e-04,5.321540e-07,1.968707e-03,3.788550e-07,6.258470e+02,0.000000e+00,-1.820929e+01,0.000000e+00
L-026618,2,-1,2023/08/30 01:23:47,322,YF_2/3_D16_E3-1_tech2,230807-T1-17,1-17,920,nL, ,H2O,0,2.908017e+01,1.561565e-03,5.035575e+16,9.168232e+13,5.966006e-04,9.301993e-07,1.968732e-03,5.776014e-07,2.983003e-04,4.650996e-07,1.968732e-03,5.776014e-07,9.150138e+02,0.000000e+00,-1.819698e+01,0.000000e+00
L-026618,3,0,2023/08/30 01:25:48,323,YF_2/3_D16_E3-1_tech2,230807-T1-17,1-17,920,nL, ,H2O,0,2.908084e+01,1.405915e-03,4.699201e+16,9.698613e+14,6.223796e-04,8.420485e-07,1.966220e-03,4.424060e-07,3.111898e-04,4.210242e-07,1.966220e-03,4.424060e-07,9.977614e+02,0.000000e+00,-1.944958e+01,0.000000e+00
L-026618,4,0,2023/08/30 01:27:49,324,YF_2/3_D16_E3-1_tech2,230807-T1-17,1-17,920,nL, ,H2O,0,2.907853e+01,1.398679e-03,5.036555e+16,6.558697e+13,6.562313e-04,5.633037e-07,1.969888e-03,3.852712e-07,3.281157e-04,2.816519e-07,1.969888e-03,3.852712e-07,1.106421e+03,0.000000e+00,-1.762060e+01,0.000000e+00
L-026618,5,0,2023/08/30 01:29:50,325,YF_2/3_D16_E3-1_tech2,230807-T1-17,1-17,920,nL, ,H2O,0,2.908265e+01,1.299575e-03,5.115793e+16,1.060503e+14,6.632882e-04,3.512212e-07,1.969455e-03,5.049566e-07,3.316441e-04,1.756106e-07,1.969455e-03,5.049566e-07,1.129073e+03,0.000000e+00,-1.783655e+01,0.000000e+00
L-026618,6,0,2023/08/30 01:31:51,326,YF_2/3_D16_E3-1_tech2,230807-T1-17,1-17,920,nL, ,H2O,0,2.908647e+01,1.573659e-03,5.042999e+16,8.840877e+13,6.675260e-04,2.860682e-07,1.968908e-03,5.066590e-07,3.337630e-04,1.430341e-07,1.968908e-03,5.066590e-07,1.142676e+03,0.000000e+00,-1.810953e+01,0.000000e+00
L-026618,7,0,2023/08/30 01:33:52,327,YF_2/3_D16_E3-1_tech2,230807-T1-17,1-17,920,nL, ,H2O,0,2.909012e+01,1.418158e-03,5.144495e+16,1.228427e+14,6.702393e-04,2.843905e-07,1.968976e-03,3.796887e-07,3.351197e-04,1.421953e-07,1.968976e-03,3.796887e-07,1.151385e+03,0.000000e+00,-1.807524e+01,0.000000e+00
L-026618,8,0,2023/08/30 01:35:53,328,YF_2/3_D16_E3-1_tech2,230807-T1-17,1-17,920,nL, ,H2O,0,2.908516e+01,1.400449e-03,5.145585e+16,1.514405e+14,6.719301e-04,2.752951e-07,1.968553e-03,4.921394e-07,3.359651e-04,1.376475e-07,1.968553e-03,4.921394e-07,1.156812e+03,0.000000e+00,-1.828634e+01,0.000000e+00
L-026619,1,-1,2023/08/30 01:37:54,329,BlaJ-0165_D4_treatment_tech2,230807-T3-38,3-38,920,nL, ,H2O,0,2.908054e+01,1.590854e-03,5.133577e+16,1.160268e+14,6.421432e-04,2.826509e-07,1.969649e-03,4.337086e-07,3.210716e-04,1.413255e-07,1.969649e-03,4.337086e-07,1.061200e+03,0.000000e+00,-1.773977e+01,0.000000e+00
L-026619,2,-1,2023/08/30 01:39:55,330,BlaJ-0165_D4_treatment_tech2,230807-T3-38,3-38,920,nL, ,H2O,0,2.908240e+01,1.447759e-03,4.934165e+16,1.132638e+14,6.287724e-04,2.452319e-07,1.969980e-03,5.182421e-07,3.143862e-04,1.226160e-07,1.969980e-03,5.182421e-07,1.018282e+03,0.000000e+00,-1.757463e+01,0.000000e+00
L-026619,3,0,2023/08/30 01:41:56,331,BlaJ-0165_D4_treatment_tech2,230807-T3-38,3-38,920,nL, ,H2O,0,2.908958e+01,1.900085e-03,4.946837e+16,9.815480e+13,6.234005e-04,1.935263e-07,1.970150e-03,4.591724e-07,3.117002e-04,9.676314e-08,1.970150e-03,4.591724e-07,1.001038e+03,0.000000e+00,-1.748992e+01,0.000000e+00
L-026619,4,0,2023/08/30 01:43:57,332,BlaJ-0165_D4_treatment_tech2,230807-T3-38,3-38,920,nL, ,H2O,0,2.909790e+01,1.849198e-03,5.115474e+16,1.095468e+14,6.212535e-04,3.309380e-07,1.970590e-03,4.528464e-07,3.106267e-04,1.654690e-07,1.970590e-03,4.528464e-07,9.941465e+02,0.000000e+00,-1.727066e+01,0.000000e+00
L-026619,5,0,2023/08/30 01:45:58,333,BlaJ-0165_D4_treatment_tech2,230807-T3-38,3-38,920,nL, ,H2O,0,2.910450e+01,1.587216e-03,5.171151e+16,1.249027e+14,6.198911e-04,2.506730e-07,1.970595e-03,3.871847e-07,3.099456e-04,1.253365e-07,1.970595e-03,3.871847e-07,9.897736e+02,0.000000e+00,-1.726806e+01,0.000000e+00
L-026619,6,0,2023/08/30 01:47:59,334,BlaJ-0165_D4_treatment_tech2,230807-T3-38,3-38,920,nL, ,H2O,0,2.910729e+01,1.386574e-03,5.175030e+16,1.180110e+14,6.196742e-04,2.202388e-07,1.970664e-03,4.280917e-07,3.098371e-04,1.101194e-07,1.970664e-03,4.280917e-07,9.890773e+02,0.000000e+00,-1.723366e+01,0.000000e+00
L-026619,7,0,2023/08/30 01:50:00,335,BlaJ-0165_D4_treatment_tech2,230807-T3-38,3-38,920,nL, ,H2O,0,2.910147e+01,1.172749e-03,5.187052e+16,9.149987e+13,6.197116e-04,2.117997e-07,1.970813e-03,5.275507e-07,3.098558e-04,1.058999e-07,1.970813e-03,5.275507e-07,9.891975e+02,0.000000e+00,-1.715931e+01,0.000000e+00
L-026619,8,0,2023/08/30 01:52:01,336,BlaJ-0165_D4_treatment_tech2,230807-T3-38,3-38,920,nL, ,H2O,0,2.909708e+01,1.175122e-03,5.194569e+16,1.328850e+14,6.193459e-04,2.591428e-07,1.970643e-03,4.643323e-07,3.096730e-04,1.295714e-07,1.970643e-03,4.643323e-07,9.880236e+02,0.000000e+00,-1.724394e+01,0.000000e+00
L-026620,1,-1,2023/08/30 01:54:02,337,Curve_1_std_4,230807-T4-37,4-37,920,nL, ,H2O,0,2.910122e+01,1.448922e-03,5.285312e+16,1.096645e+14,5.137332e-04,5.314087e-07,1.969840e-03,5.071589e-07,2.568666e-04,2.657043e-07,1.969840e-03,5.071589e-07,6.490200e+02,0.000000e+00,-1.764428e+01,0.000000e+00
L-026620,2,-1,2023/08/30 01:56:03,338,Curve_1_std_4,230807-T4-37,4-37,920,nL, ,H2O,0,2.910920e+01,1.677957e-03,5.177619e+16,8.637643e+13,4.705679e-04,4.989599e-07,1.969340e-03,4.161856e-07,2.352840e-04,2.494800e-07,1.969340e-03,4.161856e-07,5.104647e+02,0.000000e+00,-1.789401e+01,0.000000e+00
L-026620,3,0,2023/08/30 01:58:04,339,Curve_1_std_4,230807-T4-37,4-37,920,nL, ,H2O,0,2.911502e+01,1.600200e-03,5.068049e+16,5.069809e+14,4.485785e-04,5.807987e-07,1.967776e-03,6.313751e-07,2.242893e-04,2.903994e-07,1.967776e-03,6.313751e-07,4.398814e+02,0.000000e+00,-1.867376e+01,0.000000e+00
L-026620,4,0,2023/08/30 02:00:05,340,Curve_1_std_4,230807-T4-37,4-37,920,nL, ,H2O,0,2.911452e+01,1.435786e-03,5.093547e+16,5.342309e+14,4.397309e-04,7.476233e-07,1.968145e-03,5.341509e-07,2.198654e-04,3.738116e-07,1.968145e-03,5.341509e-07,4.114815e+02,0.000000e+00,-1.848969e+01,0.000000e+00
L-026620,5,0,2023/08/30 02:02:06,341,Curve_1_std_4,230807-T4-37,4-37,920,nL, ,H2O,0,2.910952e+01,1.288902e-03,5.047724e+16,1.275654e+14,4.363807e-04,2.802164e-07,1.969422e-03,4.029872e-07,2.181904e-04,1.401082e-07,1.969422e-03,4.029872e-07,4.007279e+02,0.000000e+00,-1.785278e+01,0.000000e+00
L-026620,6,0,2023/08/30 02:04:07,342,Curve_1_std_4,230807-T4-37,4-37,920,nL, ,H2O,0,2.910652e+01,1.571843e-03,5.036859e+16,9.802628e+13,4.337351e-04,2.042529e-07,1.969167e-03,4.409698e-07,2.168675e-04,1.021264e-07,1.969167e-03,4.409698e-07,3.922359e+02,0.000000e+00,-1.797997e+01,0.000000e+00
L-026620,7,0,2023/08/30 02:06:08,343,Curve_1_std_4,230807-T4-37,4-37,920,nL, ,H2O,0,2.911047e+01,1.936114e-03,5.053713e+16,8.749290e+13,4.316211e-04,1.939167e-07,1.969215e-03,4.766949e-07,2.158106e-04,9.695836e-08,1.969215e-03,4.766949e-07,3.854503e+02,0.000000e+00,-1.795633e+01,0.000000e+00
L-026620,8,0,2023/08/30 02:08:09,344,Curve_1_std_4,230807-T4-37,4-37,920,nL, ,H2O,0,2.911646e+01,1.573562e-03,5.071565e+16,1.229696e+14,4.303070e-04,2.327367e-07,1.969045e-03,5.071718e-07,2.151535e-04,1.163683e-07,1.969045e-03,5.071718e-07,3.812321e+02,0.000000e+00,-1.804115e+01,0.000000e+00
L-026621,1,-1,2023/08/30 02:10:10,345,BlaJ-0173_D16_saline_tech3,230807-T3-12,3-12,920,nL, ,H2O,0,2.911554e+01,1.571179e-03,5.040734e+16,4.248089e+14,4.995320e-04,8.253569e-07,1.968168e-03,5.557883e-07,2.497660e-04,4.126784e-07,1.968168e-03,5.557883e-07,6.034358e+02,0.000000e+00,-1.847810e+01,0.000000e+00
L-026621,2,-1,2023/08/30 02:12:11,346,BlaJ-0173_D16_saline_tech3,230807-T3-12,3-12,920,nL, ,H2O,0,2.911178e+01,1.265083e-03,4.990740e+16,8.246576e+13,5.350859e-04,4.428762e-07,1.970355e-03,5.772592e-07,2.675430e-04,2.214381e-07,1.970355e-03,5.772592e-07,7.175595e+02,0.000000e+00,-1.738763e+01,0.000000e+00
L-026621,3,0,2023/08/30 02:14:12,347,BlaJ-0173_D16_saline_tech3,230807-T3-12,3-12,920,nL, ,H2O,0,2.911268e+01,1.501366e-03,4.867337e+16,1.033742e+14,5.488704e-04,3.545297e-07,1.970171e-03,5.277537e-07,2.744352e-04,1.772648e-07,1.970171e-03,5.277537e-07,7.618059e+02,0.000000e+00,-1.747944e+01,0.000000e+00
L-026621,4,0,2023/08/30 02:16:13,348,BlaJ-0173_D16_saline_tech3,230807-T3-12,3-12,920,nL, ,H2O,0,2.911797e+01,1.705132e-03,4.970289e+16,1.297587e+14,5.544003e-04,2.077026e-07,1.970142e-03,4.836897e-07,2.772002e-04,1.038513e-07,1.970142e-03,4.836897e-07,7.795562e+02,0.000000e+00,-1.749380e+01,0.000000e+00
L-026621,5,0,2023/08/30 02:18:14,349,BlaJ-0173_D16_saline_tech3,230807-T3-12,3-12,920,nL, ,H2O,0,2.912785e+01,1.570368e-03,5.118905e+16,1.099124e+14,5.577381e-04,2.837814e-07,1.970315e-03,4.700836e-07,2.788690e-04,1.418907e-07,1.970315e-03,4.700836e-07,7.902701e+02,0.000000e+00,-1.740737e+01,0.000000e+00
L-026621,6,0,2023/08/30 02:20:15,350,BlaJ-0173_D16_saline_tech3,230807-T3-12,3-12,920,nL, ,H2O,0,2.913660e+01,1.447873e-03,5.182142e+16,9.971024e+13,5.593379e-04,2.926556e-07,1.970348e-03,4.571373e-07,2.796689e-04,1.463278e-07,1.970348e-03,4.571373e-07,7.954052e+02,0.000000e+00,-1.739121e+01,0.000000e+00
L-026621,7,0,2023/08/30 02:22:16,351,BlaJ-0173_D16_saline_tech3,230807-T3-12,3-12,920,nL, ,H2O,0,2.914076e+01,1.317591e-03,5.185414e+16,8.941744e+13,5.604725e-04,2.065270e-07,1.970315e-03,4.344545e-07,2.802362e-04,1.032635e-07,1.970315e-03,4.344545e-07,7.990471e+02,0.000000e+00,-1.740785e+01,0.000000e+00
L-026621,8,0,2023/08/30 02:24:17,352,BlaJ-0173_D16_saline_tech3,230807-T3-12,3-12,920,nL, ,H2O,0,2.913663e+01,1.610774e-03,5.076790e+16,9.964323e+13,5.607130e-04,2.215097e-07,1.969896e-03,5.212722e-07,2.803565e-04,1.107548e-07,1.969896e-03,5.212722e-07,7.998193e+02,0.000000e+00,-1.761634e+01,0.000000e+00
L-026622,1,-1,2023/08/30 02:26:18,353,BlaJ-0142_D0_treatment_tech1,230807-T3-46,3-46,920,nL, ,H2O,0,2.912989e+01,1.441099e-03,5.126890e+16,6.971436e+13,4.125137e-04,8.810492e-07,1.970330e-03,5.776743e-07,2.062568e-04,4.405246e-07,1.970330e-03,5.776743e-07,3.241177e+02,0.000000e+00,-1.740000e+01,0.000000e+00
L-026622,2,-1,2023/08/30 02:28:19,354,BlaJ-0142_D0_treatment_tech1,230807-T3-46,3-46,920,nL, ,H2O,0,2.913038e+01,1.554004e-03,5.140041e+16,9.109487e+13,3.464601e-04,7.967763e-07,1.969931e-03,5.831372e-07,1.732301e-04,3.983882e-07,1.969931e-03,5.831372e-07,1.120940e+02,0.000000e+00,-1.759934e+01,0.000000e+00
L-026622,3,0,2023/08/30 02:30:20,355,BlaJ-0142_D0_treatment_tech1,230807-T3-46,3-46,920,nL, ,H2O,0,2.913451e+01,1.404986e-03,5.071557e+16,1.052055e+14,3.162530e-04,6.155546e-07,1.970062e-03,4.129552e-07,1.581265e-04,3.077773e-07,1.970062e-03,4.129552e-07,1.513295e+01,0.000000e+00,-1.753390e+01,0.000000e+00
L-026622,4,0,2023/08/30 02:32:21,356,BlaJ-0142_D0_treatment_tech1,230807-T3-46,3-46,920,nL, ,H2O,0,2.913961e+01,1.382810e-03,5.009090e+16,1.145324e+14,3.012183e-04,4.083175e-07,1.970178e-03,3.627497e-07,1.506092e-04,2.041587e-07,1.970178e-03,3.627497e-07,-3.312662e+01,0.000000e+00,-1.747587e+01,0.000000e+00
L-026622,5,0,2023/08/30 02:34:22,357,BlaJ-0142_D0_treatment_tech1,230807-T3-46,3-46,920,nL, ,H2O,0,2.913645e+01,1.409688e-03,5.074560e+16,9.471251e+13,2.934563e-04,3.759084e-07,1.970209e-03,4.576260e-07,1.467282e-04,1.879542e-07,1.970209e-03,4.576260e-07,-5.804161e+01,0.000000e+00,-1.746047e+01,0.000000e+00
L-026622,6,0,2023/08/30 02:36:23,358,BlaJ-0142_D0_treatment_tech1,230807-T3-46,3-46,920,nL, ,H2O,0,2.913601e+01,1.455322e-03,5.028695e+16,1.182869e+14,2.891182e-04,3.288489e-07,1.969958e-03,5.431682e-07,1.445591e-04,1.644244e-07,1.969958e-03,5.431682e-07,-7.196653e+01,0.000000e+00,-1.758586e+01,0.000000e+00
L-026622,7,0,2023/08/30 02:38:24,359,BlaJ-0142_D0_treatment_tech1,230807-T3-46,3-46,920,nL, ,H2O,0,2.913822e+01,1.411739e-03,5.006317e+16,9.728228e+13,2.865107e-04,3.004688e-07,1.970096e-03,5.320089e-07,1.432554e-04,1.502344e-07,1.970096e-03,5.320089e-07,-8.033607e+01,0.000000e+00,-1.751695e+01,0.000000e+00
L-026622,8,0,2023/08/30 02:40:25,360,BlaJ-0142_D0_treatment_tech1,230807-T3-46,3-46,920,nL, ,H2O,0,2.914350e+01,1.259901e-03,5.164467e+16,1.049384e+14,2.851460e-04,2.950822e-07,1.970375e-03,5.639497e-07,1.425730e-04,1.475411e-07,1.970375e-03,5.639497e-07,-8.471665e+01,0.000000e+00,-1.737756e+01,0.000000e+00
L-026623,1,-1,2023/08/30 02:42:27,361,YF_2/3_D16_E4-1_tech1,230807-T1-13,1-13,920,nL, ,H2O,0,2.914088e+01,1.500493e-03,5.349531e+16,1.286150e+14,4.985320e-04,1.002658e-06,1.969663e-03,4.004166e-07,2.492660e-04,5.013288e-07,1.969663e-03,4.004166e-07,6.002259e+02,0.000000e+00,-1.773275e+01,0.000000e+00
L-026623,2,-1,2023/08/30 02:44:28,362,YF_2/3_D16_E4-1_tech1,230807-T1-13,1-13,920,nL, ,H2O,0,2.913800e+01,1.359855e-03,5.369974e+16,1.010946e+14,5.887109e-04,8.846230e-07,1.969257e-03,4.004183e-07,2.943555e-04,4.423115e-07,1.969257e-03,4.004183e-07,8.896890e+02,0.000000e+00,-1.793511e+01,0.000000e+00
L-026623,3,0,2023/08/30 02:46:30,363,YF_2/3_D16_E4-1_tech1,230807-T1-13,1-13,920,nL, ,H2O,0,2.913942e+01,1.278719e-03,5.340840e+16,1.290060e+14,6.298060e-04,5.861781e-07,1.969213e-03,4.854405e-07,3.149030e-04,2.930890e-07,1.969213e-03,4.854405e-07,1.021599e+03,0.000000e+00,-1.795732e+01,0.000000e+00
L-026623,4,0,2023/08/30 02:48:32,364,YF_2/3_D16_E4-1_tech1,230807-T1-13,1-13,920,nL, ,H2O,0,2.914404e+01,1.356431e-03,5.291081e+16,1.259591e+14,6.499158e-04,5.693773e-07,1.969444e-03,3.993185e-07,3.249579e-04,2.846886e-07,1.969444e-03,3.993185e-07,1.086149e+03,0.000000e+00,-1.784222e+01,0.000000e+00
L-026623,5,0,2023/08/30 02:50:34,365,YF_2/3_D16_E4-1_tech1,230807-T1-13,1-13,920,nL, ,H2O,0,2.914907e+01,1.472001e-03,5.262599e+16,8.179490e+13,6.592751e-04,3.733580e-07,1.968968e-03,4.797501e-07,3.296376e-04,1.866790e-07,1.968968e-03,4.797501e-07,1.116191e+03,0.000000e+00,-1.807947e+01,0.000000e+00
L-026623,6,0,2023/08/30 02:52:36,366,YF_2/3_D16_E4-1_tech1,230807-T1-13,1-13,920,nL, ,H2O,0,2.914815e+01,1.451928e-03,5.165337e+16,1.205403e+14,6.651565e-04,3.873170e-07,1.969268e-03,5.039822e-07,3.325782e-04,1.936585e-07,1.969268e-03,5.039822e-07,1.135070e+03,0.000000e+00,-1.792964e+01,0.000000e+00
L-026623,7,0,2023/08/30 02:54:38,367,YF_2/3_D16_E4-1_tech1,230807-T1-13,1-13,920,nL, ,H2O,0,2.913919e+01,1.459803e-03,5.252419e+16,6.820824e+13,6.671085e-04,3.150240e-07,1.968959e-03,5.485557e-07,3.335543e-04,1.575120e-07,1.968959e-03,5.485557e-07,1.141336e+03,0.000000e+00,-1.808391e+01,0.000000e+00
L-026623,8,0,2023/08/30 02:56:40,368,YF_2/3_D16_E4-1_tech1,230807-T1-13,1-13,920,nL, ,H2O,0,2.914188e+01,1.535422e-03,5.193490e+16,9.372845e+13,6.704602e-04,2.864357e-07,1.969227e-03,3.953195e-07,3.352301e-04,1.432178e-07,1.969227e-03,3.953195e-07,1.152094e+03,0.000000e+00,-1.795022e+01,0.000000e+00
L-026624,1,-1,2023/08/30 02:58:41,369,YM_2/3_D16_E4-1_tech2,230807-T2-2,2-2,920,nL, ,H2O,0,2.914843e+01,1.653502e-03,5.205615e+16,8.763732e+13,7.055534e-04,3.348285e-07,1.969111e-03,5.365199e-07,3.527767e-04,1.674143e-07,1.969111e-03,5.365199e-07,1.264739e+03,0.000000e+00,-1.800825e+01,0.000000e+00
L-026624,2,-1,2023/08/30 03:00:42,370,YM_2/3_D16_E4-1_tech2,230807-T2-2,2-2,920,nL, ,H2O,0,2.915316e+01,1.462857e-03,5.314231e+16,8.774575e+13,7.200988e-04,4.441106e-07,1.969079e-03,5.258782e-07,3.600494e-04,2.220553e-07,1.969079e-03,5.258782e-07,1.311428e+03,0.000000e+00,-1.802416e+01,0.000000e+00
L-026624,3,0,2023/08/30 03:02:43,371,YM_2/3_D16_E4-1_tech2,230807-T2-2,2-2,920,nL, ,H2O,0,2.915034e+01,1.450568e-03,5.336748e+16,9.897429e+13,7.269131e-04,3.071016e-07,1.969334e-03,4.271819e-07,3.634565e-04,1.535508e-07,1.969334e-03,4.271819e-07,1.333301e+03,0.000000e+00,-1.789696e+01,0.000000e+00
L-026624,4,0,2023/08/30 03:04:44,372,YM_2/3_D16_E4-1_tech2,230807-T2-2,2-2,920,nL, ,H2O,0,2.914721e+01,1.438857e-03,5.347054e+16,8.057794e+13,7.295467e-04,2.871094e-07,1.969004e-03,3.036422e-07,3.647733e-04,1.435547e-07,1.969004e-03,3.036422e-07,1.341754e+03,0.000000e+00,-1.806162e+01,0.000000e+00
L-026624,5,0,2023/08/30 03:06:45,373,YM_2/3_D16_E4-1_tech2,230807-T2-2,2-2,920,nL, ,H2O,0,2.915281e+01,1.509730e-03,5.334619e+16,1.016896e+14,7.316710e-04,2.957307e-07,1.969147e-03,4.306457e-07,3.658355e-04,1.478654e-07,1.969147e-03,4.306457e-07,1.348573e+03,0.000000e+00,-1.799018e+01,0.000000e+00
L-026624,6,0,2023/08/30 03:08:46,374,YM_2/3_D16_E4-1_tech2,230807-T2-2,2-2,920,nL, ,H2O,0,2.916145e+01,1.804212e-03,5.243216e+16,8.800663e+13,7.328254e-04,2.715418e-07,1.969153e-03,4.496501e-07,3.664127e-04,1.357709e-07,1.969153e-03,4.496501e-07,1.352279e+03,0.000000e+00,-1.798726e+01,0.000000e+00
L-026624,7,0,2023/08/30 03:10:47,375,YM_2/3_D16_E4-1_tech2,230807-T2-2,2-2,920,nL, ,H2O,0,2.916838e+01,1.731146e-03,5.172742e+16,1.042262e+14,7.334069e-04,2.999386e-07,1.969079e-03,5.457693e-07,3.667034e-04,1.499693e-07,1.969079e-03,5.457693e-07,1.354145e+03,0.000000e+00,-1.802397e+01,0.000000e+00
L-026624,8,0,2023/08/30 03:12:48,376,YM_2/3_D16_E4-1_tech2,230807-T2-2,2-2,920,nL, ,H2O,0,2.916987e+01,1.485048e-03,5.200543e+16,7.076762e+13,7.320912e-04,2.346730e-07,1.968607e-03,4.197059e-07,3.660456e-04,1.173365e-07,1.968607e-03,4.197059e-07,1.349922e+03,0.000000e+00,-1.825922e+01,0.000000e+00
L-026625,1,-1,2023/08/30 03:14:49,377,BlaJ-0168_D32_saline_tech2,230807-T3-20,3-20,920,nL, ,H2O,0,2.916598e+01,1.460349e-03,5.056046e+16,1.014131e+14,6.825811e-04,2.398271e-07,1.970684e-03,5.351883e-07,3.412906e-04,1.199135e-07,1.970684e-03,5.351883e-07,1.191001e+03,0.000000e+00,-1.722353e+01,0.000000e+00
L-026625,2,-1,2023/08/30 03:16:50,378,BlaJ-0168_D32_saline_tech2,230807-T3-20,3-20,920,nL, ,H2O,0,2.916143e+01,1.374076e-03,5.153935e+16,7.091924e+13,6.610918e-04,2.543170e-07,1.971130e-03,4.375604e-07,3.305459e-04,1.271585e-07,1.971130e-03,4.375604e-07,1.122023e+03,0.000000e+00,-1.700119e+01,0.000000e+00
L-026625,3,0,2023/08/30 03:18:51,379,BlaJ-0168_D32_saline_tech2,230807-T3-20,3-20,920,nL, ,H2O,0,2.916359e+01,1.446409e-03,5.174681e+16,8.953663e+13,6.512071e-04,2.643652e-07,1.971131e-03,4.406189e-07,3.256035e-04,1.321826e-07,1.971131e-03,4.406189e-07,1.090294e+03,0.000000e+00,-1.700058e+01,0.000000e+00
L-026625,4,0,2023/08/30 03:20:52,380,BlaJ-0168_D32_saline_tech2,230807-T3-20,3-20,920,nL, ,H2O,0,2.916651e+01,1.653042e-03,5.171802e+16,8.680490e+13,6.465969e-04,1.628181e-07,1.971428e-03,5.549820e-07,3.232984e-04,8.140907e-08,1.971428e-03,5.549820e-07,1.075496e+03,0.000000e+00,-1.685249e+01,0.000000e+00
L-026625,5,0,2023/08/30 03:22:53,381,BlaJ-0168_D32_saline_tech2,230807-T3-20,3-20,920,nL, ,H2O,0,2.916441e+01,1.309294e-03,5.126735e+16,9.401657e+13,6.436295e-04,2.713879e-07,1.971446e-03,3.439905e-07,3.218148e-04,1.356940e-07,1.971446e-03,3.439905e-07,1.065971e+03,0.000000e+00,-1.684365e+01,0.000000e+00
L-026625,6,0,2023/08/30 03:24:54,382,BlaJ-0168_D32_saline_tech2,230807-T3-20,3-20,920,nL, ,H2O,0,2.915515e+01,1.192217e-03,4.976015e+16,1.136660e+14,6.419047e-04,2.897586e-07,1.971516e-03,4.947527e-07,3.209523e-04,1.448793e-07,1.971516e-03,4.947527e-07,1.060434e+03,0.000000e+00,-1.680882e+01,0.000000e+00
L-026625,7,0,2023/08/30 03:26:55,383,BlaJ-0168_D32_saline_tech2,230807-T3-20,3-20,920,nL, ,H2O,0,2.914989e+01,1.525616e-03,4.895027e+16,7.277916e+13,6.413392e-04,2.000742e-07,1.971258e-03,4.862737e-07,3.206696e-04,1.000371e-07,1.971258e-03,4.862737e-07,1.058619e+03,0.000000e+00,-1.693736e+01,0.000000e+00
L-026625,8,0,2023/08/30 03:28:56,384,BlaJ-0168_D32_saline_tech2,230807-T3-20,3-20,920,nL, ,H2O,0,2.915226e+01,1.615951e-03,4.952623e+16,1.097571e+14,6.408948e-04,2.893178e-07,1.971193e-03,4.929131e-07,3.204474e-04,1.446589e-07,1.971193e-03,4.929131e-07,1.057193e+03,0.000000e+00,-1.696998e+01,0.000000e+00
L-026626,1,-1,2023/08/30 03:30:57,385,YM_2/3_D32_E4-1_tech1,230807-T2-13,2-13,920,nL, ,H2O,0,2.915649e+01,1.631435e-03,5.282982e+16,1.123533e+14,6.974215e-04,4.530498e-07,1.970023e-03,3.893349e-07,3.487107e-04,2.265249e-07,1.970023e-03,3.893349e-07,1.238636e+03,0.000000e+00,-1.755303e+01,0.000000e+00
L-026626,2,-1,2023/08/30 03:32:58,386,YM_2/3_D32_E4-1_tech1,230807-T2-13,2-13,920,nL, ,H2O,0,2.916133e+01,1.482496e-03,5.311352e+16,1.215120e+14,7.211096e-04,3.082910e-07,1.969608e-03,6.060019e-07,3.605548e-04,1.541455e-07,1.969608e-03,6.060019e-07,1.314672e+03,0.000000e+00,-1.776044e+01,0.000000e+00
L-026626,3,0,2023/08/30 03:34:59,387,YM_2/3_D32_E4-1_tech1,230807-T2-13,2-13,920,nL, ,H2O,0,2.916260e+01,1.499413e-03,5.258215e+16,1.249696e+14,7.311504e-04,3.596838e-07,1.969328e-03,3.891531e-07,3.655752e-04,1.798419e-07,1.969328e-03,3.891531e-07,1.346902e+03,0.000000e+00,-1.789963e+01,0.000000e+00
L-026626,4,0,2023/08/30 03:37:00,388,YM_2/3_D32_E4-1_tech1,230807-T2-13,2-13,920,nL, ,H2O,0,2.916095e+01,1.309628e-03,5.156984e+16,9.919039e+13,7.359886e-04,3.126273e-07,1.969209e-03,4.082026e-07,3.679943e-04,1.563136e-07,1.969209e-03,4.082026e-07,1.362432e+03,0.000000e+00,-1.795942e+01,0.000000e+00
L-026626,5,0,2023/08/30 03:39:01,389,YM_2/3_D32_E4-1_tech1,230807-T2-13,2-13,920,nL, ,H2O,0,2.915689e+01,1.419035e-03,5.144023e+16,8.003299e+13,7.383460e-04,2.771632e-07,1.969182e-03,4.714246e-07,3.691730e-04,1.385816e-07,1.969182e-03,4.714246e-07,1.369999e+03,0.000000e+00,-1.797247e+01,0.000000e+00
L-026626,6,0,2023/08/30 03:41:02,390,YM_2/3_D32_E4-1_tech1,230807-T2-13,2-13,920,nL, ,H2O,0,2.915149e+01,1.079630e-03,5.132118e+16,1.024820e+14,7.395763e-04,2.821320e-07,1.969183e-03,3.746179e-07,3.697882e-04,1.410660e-07,1.969183e-03,3.746179e-07,1.373948e+03,0.000000e+00,-1.797234e+01,0.000000e+00
L-026626,7,0,2023/08/30 03:43:03,391,YM_2/3_D32_E4-1_tech1,230807-T2-13,2-13,920,nL, ,H2O,0,2.915199e+01,1.509795e-03,5.227225e+16,1.309434e+14,7.400904e-04,2.588091e-07,1.969127e-03,3.840814e-07,3.700452e-04,1.294046e-07,1.969127e-03,3.840814e-07,1.375598e+03,0.000000e+00,-1.800010e+01,0.000000e+00
L-026626,8,0,2023/08/30 03:45:04,392,YM_2/3_D32_E4-1_tech1,230807-T2-13,2-13,920,nL, ,H2O,0,2.915353e+01,1.388781e-03,5.101532e+16,9.996278e+13,7.407942e-04,1.615203e-07,1.969246e-03,4.021468e-07,3.703971e-04,8.076016e-08,1.969246e-03,4.021468e-07,1.377858e+03,0.000000e+00,-1.794059e+01,0.000000e+00
L-026627,1,-1,2023/08/30 03:47:05,393,Curve_3_std_6,230807-T4-53,4-53,920,nL, ,H2O,0,2.915126e+01,1.303866e-03,5.324833e+16,9.029137e+13,7.311312e-04,2.740817e-07,1.969623e-03,4.765574e-07,3.655656e-04,1.370408e-07,1.969623e-03,4.765574e-07,1.346841e+03,0.000000e+00,-1.775247e+01,0.000000e+00
L-026627,2,-1,2023/08/30 03:49:06,394,Curve_3_std_6,230807-T4-53,4-53,920,nL, ,H2O,0,2.914357e+01,1.243378e-03,5.253187e+16,1.134215e+14,7.271039e-04,1.777172e-07,1.969765e-03,3.921433e-07,3.635519e-04,8.885860e-08,1.969765e-03,3.921433e-07,1.333913e+03,0.000000e+00,-1.768207e+01,0.000000e+00
L-026627,3,0,2023/08/30 03:51:07,395,Curve_3_std_6,230807-T4-53,4-53,920,nL, ,H2O,0,2.914372e+01,1.527985e-03,5.315823e+16,1.143903e+14,7.249239e-04,2.958090e-07,1.969298e-03,4.477499e-07,3.624620e-04,1.479045e-07,1.969298e-03,4.477499e-07,1.326916e+03,0.000000e+00,-1.791490e+01,0.000000e+00
L-026627,4,0,2023/08/30 03:53:08,396,Curve_3_std_6,230807-T4-53,4-53,920,nL, ,H2O,0,2.914750e+01,1.304943e-03,5.184073e+16,9.311484e+13,7.243216e-04,2.208169e-07,1.969247e-03,3.492102e-07,3.621608e-04,1.104084e-07,1.969247e-03,3.492102e-07,1.324983e+03,0.000000e+00,-1.794015e+01,0.000000e+00
L-026627,5,0,2023/08/30 03:55:09,397,Curve_3_std_6,230807-T4-53,4-53,920,nL, ,H2O,0,2.914733e+01,1.358727e-03,5.250182e+16,1.038910e+14,7.235394e-04,3.339104e-07,1.969500e-03,3.640372e-07,3.617697e-04,1.669552e-07,1.969500e-03,3.640372e-07,1.322472e+03,0.000000e+00,-1.781401e+01,0.000000e+00
L-026627,6,0,2023/08/30 03:57:10,398,Curve_3_std_6,230807-T4-53,4-53,920,nL, ,H2O,0,2.914362e+01,1.328994e-03,5.236906e+16,1.274785e+14,7.236647e-04,2.201645e-07,1.969650e-03,5.536733e-07,3.618324e-04,1.100822e-07,1.969650e-03,5.536733e-07,1.322874e+03,0.000000e+00,-1.773914e+01,0.000000e+00
L-026627,7,0,2023/08/30 03:59:11,399,Curve_3_std_6,230807-T4-53,4-53,920,nL, ,H2O,0,2.913785e+01,1.238689e-03,5.127475e+16,9.751110e+13,7.234569e-04,2.752533e-07,1.969511e-03,3.609596e-07,3.617284e-04,1.376267e-07,1.969511e-03,3.609596e-07,1.322207e+03,0.000000e+00,-1.780882e+01,0.000000e+00
L-026627,8,0,2023/08/30 04:01:12,400,Curve_3_std_6,230807-T4-53,4-53,920,nL, ,H2O,0,2.913643e+01,1.459655e-03,5.166157e+16,9.972302e+13,7.233438e-04,3.185095e-07,1.969408e-03,4.658114e-07,3.616719e-04,1.592547e-07,1.969408e-03,4.658114e-07,1.321844e+03,0.000000e+00,-1.785999e+01,0.000000e+00
L-026628,1,-1,2023/08/30 04:03:19,401,YM_2/3_D1_E3-1_tech2,230807-T1-53,1-53,920,nL, ,H2O,0,2.913538e+01,1.188853e-03,5.336897e+16,1.271229e+14,6.459255e-04,5.306466e-07,1.968950e-03,4.383858e-07,3.229627e-04,2.653233e-07,1.968950e-03,4.383858e-07,1.073341e+03,0.000000e+00,-1.808841e+01,0.000000e+00
L-026628,2,-1,2023/08/30 04:05:23,402,YM_2/3_D1_E3-1_tech2,230807-T1-53,1-53,920,nL, ,H2O,0,2.913073e+01,1.546583e-03,5.240563e+16,1.138033e+14,6.144033e-04,4.653872e-07,1.969830e-03,4.089111e-07,3.072017e-04,2.326936e-07,1.969830e-03,4.089111e-07,9.721584e+02,0.000000e+00,-1.764927e+01,0.000000e+00
L-026628,3,0,2023/08/30 04:07:25,403,YM_2/3_D1_E3-1_tech2,230807-T1-53,1-53,920,nL, ,H2O,0,2.912730e+01,1.457568e-03,5.346417e+16,1.077736e+14,5.998942e-04,3.061518e-07,1.969750e-03,4.538716e-07,2.999471e-04,1.530759e-07,1.969750e-03,4.538716e-07,9.255859e+02,0.000000e+00,-1.768951e+01,0.000000e+00
L-026628,4,0,2023/08/30 04:09:26,404,YM_2/3_D1_E3-1_tech2,230807-T1-53,1-53,920,nL, ,H2O,0,2.913128e+01,1.450021e-03,5.355672e+16,1.146778e+14,5.929689e-04,3.131562e-07,1.969691e-03,4.968189e-07,2.964845e-04,1.565781e-07,1.969691e-03,4.968189e-07,9.033567e+02,0.000000e+00,-1.771894e+01,0.000000e+00
L-026628,5,0,2023/08/30 04:11:28,405,YM_2/3_D1_E3-1_tech2,230807-T1-53,1-53,920,nL, ,H2O,0,2.913558e+01,1.374537e-03,5.311236e+16,8.314322e+13,5.892334e-04,3.432735e-07,1.969702e-03,4.381232e-07,2.946167e-04,1.716368e-07,1.969702e-03,4.381232e-07,8.913661e+02,0.000000e+00,-1.771326e+01,0.000000e+00
L-026628,6,0,2023/08/30 04:13:29,406,YM_2/3_D1_E3-1_tech2,230807-T1-53,1-53,920,nL, ,H2O,0,2.913830e+01,1.367435e-03,5.181578e+16,1.332710e+14,5.873225e-04,3.311370e-07,1.969552e-03,3.991031e-07,2.936613e-04,1.655685e-07,1.969552e-03,3.991031e-07,8.852324e+02,0.000000e+00,-1.778797e+01,0.000000e+00
L-026628,7,0,2023/08/30 04:15:30,407,YM_2/3_D1_E3-1_tech2,230807-T1-53,1-53,920,nL, ,H2O,0,2.913541e+01,1.259844e-03,5.225441e+16,1.141696e+14,5.864732e-04,2.588517e-07,1.969774e-03,4.018837e-07,2.932366e-04,1.294258e-07,1.969774e-03,4.018837e-07,8.825062e+02,0.000000e+00,-1.767721e+01,0.000000e+00
L-026628,8,0,2023/08/30 04:17:32,408,YM_2/3_D1_E3-1_tech2,230807-T1-53,1-53,920,nL, ,H2O,0,2.913222e+01,1.280090e-03,5.086951e+16,6.618124e+13,5.852086e-04,3.073841e-07,1.969530e-03,3.289857e-07,2.926043e-04,1.536921e-07,1.969530e-03,3.289857e-07,8.784470e+02,0.000000e+00,-1.779886e+01,0.000000e+00
L-026629,1,-1,2023/08/30 04:19:33,409,YF_2/3_D1_E4-1_tech2,230807-T1-08,1-8,920,nL, ,H2O,0,2.912389e+01,1.273601e-03,5.286196e+16,1.267885e+14,5.937834e-04,2.535195e-07,1.969876e-03,4.021370e-07,2.968917e-04,1.267597e-07,1.969876e-03,4.021370e-07,9.059710e+02,0.000000e+00,-1.762644e+01,0.000000e+00
L-026629,2,-1,2023/08/30 04:21:34,410,YF_2/3_D1_E4-1_tech2,230807-T1-08,1-8,920,nL, ,H2O,0,2.911964e+01,1.421055e-03,5.299661e+16,1.235635e+14,5.965510e-04,2.455401e-07,1.969589e-03,4.212021e-07,2.982755e-04,1.227700e-07,1.969589e-03,4.212021e-07,9.148546e+02,0.000000e+00,-1.776949e+01,0.000000e+00
L-026629,3,0,2023/08/30 04:23:35,411,YF_2/3_D1_E4-1_tech2,230807-T1-08,1-8,920,nL, ,H2O,0,2.912168e+01,1.278975e-03,5.148280e+16,1.283187e+14,5.979346e-04,2.462083e-07,1.969426e-03,4.597054e-07,2.989673e-04,1.231041e-07,1.969426e-03,4.597054e-07,9.192959e+02,0.000000e+00,-1.785076e+01,0.000000e+00
L-026629,4,0,2023/08/30 04:25:36,412,YF_2/3_D1_E4-1_tech2,230807-T1-08,1-8,920,nL, ,H2O,0,2.912260e+01,1.323640e-03,5.088482e+16,8.923378e+13,5.981554e-04,2.410120e-07,1.969481e-03,5.166639e-07,2.990777e-04,1.205060e-07,1.969481e-03,5.166639e-07,9.200045e+02,0.000000e+00,-1.782360e+01,0.000000e+00
L-026629,5,0,2023/08/30 04:27:37,413,YF_2/3_D1_E4-1_tech2,230807-T1-08,1-8,920,nL, ,H2O,0,2.911904e+01,1.214896e-03,5.201468e+16,8.019717e+13,5.987151e-04,1.909217e-07,1.969551e-03,4.362521e-07,2.993576e-04,9.546085e-08,1.969551e-03,4.362521e-07,9.218013e+02,0.000000e+00,-1.778870e+01,0.000000e+00
L-026629,6,0,2023/08/30 04:29:38,414,YF_2/3_D1_E4-1_tech2,230807-T1-08,1-8,920,nL, ,H2O,0,2.911303e+01,1.388520e-03,5.208337e+16,1.068068e+14,5.992059e-04,1.932912e-07,1.969872e-03,4.878427e-07,2.996030e-04,9.664560e-08,1.969872e-03,4.878427e-07,9.233767e+02,0.000000e+00,-1.762862e+01,0.000000e+00
L-026629,7,0,2023/08/30 04:31:39,415,YF_2/3_D1_E4-1_tech2,230807-T1-08,1-8,920,nL, ,H2O,0,2.911318e+01,1.590659e-03,5.176805e+16,1.341477e+14,5.987460e-04,1.563939e-07,1.969864e-03,4.108976e-07,2.993730e-04,7.819693e-08,1.969864e-03,4.108976e-07,9.219004e+02,0.000000e+00,-1.763233e+01,0.000000e+00
L-026629,8,0,2023/08/30 04:33:40,416,YF_2/3_D1_E4-1_tech2,230807-T1-08,1-8,920,nL, ,H2O,0,2.911758e+01,1.400508e-03,5.044335e+16,1.219858e+14,5.982769e-04,3.055163e-07,1.969465e-03,5.774505e-07,2.991384e-04,1.527582e-07,1.969465e-03,5.774505e-07,9.203945e+02,0.000000e+00,-1.783149e+01,0.000000e+00
L-026630,1,-1,2023/08/30 04:35:41,417,BlaJ-0171_D32_saline_tech3,230807-T3-30,3-30,920,nL, ,H2O,0,2.912265e+01,1.731436e-03,5.097407e+16,1.834218e+14,5.992425e-04,2.307117e-07,1.969190e-03,4.113315e-07,2.996212e-04,1.153558e-07,1.969190e-03,4.113315e-07,9.234941e+02,0.000000e+00,-1.796847e+01,0.000000e+00
L-026630,2,-1,2023/08/30 04:37:42,418,BlaJ-0171_D32_saline_tech3,230807-T3-30,3-30,920,nL, ,H2O,0,2.912436e+01,1.741457e-03,5.000715e+16,8.896737e+13,6.033689e-04,3.122593e-07,1.970416e-03,4.341678e-07,3.016845e-04,1.561296e-07,1.970416e-03,4.341678e-07,9.367394e+02,0.000000e+00,-1.735734e+01,0.000000e+00
L-026630,3,0,2023/08/30 04:39:43,419,BlaJ-0171_D32_saline_tech3,230807-T3-30,3-30,920,nL, ,H2O,0,2.912364e+01,1.412730e-03,4.956074e+16,1.055559e+14,6.034621e-04,2.303631e-07,1.970079e-03,4.411951e-07,3.017310e-04,1.151815e-07,1.970079e-03,4.411951e-07,9.370384e+02,0.000000e+00,-1.752527e+01,0.000000e+00
L-026630,4,0,2023/08/30 04:41:44,420,BlaJ-0171_D32_saline_tech3,230807-T3-30,3-30,920,nL, ,H2O,0,2.912059e+01,1.183558e-03,5.124196e+16,1.056120e+14,6.038853e-04,2.525987e-07,1.970416e-03,3.665598e-07,3.019427e-04,1.262993e-07,1.970416e-03,3.665598e-07,9.383970e+02,0.000000e+00,-1.735711e+01,0.000000e+00
L-026630,5,0,2023/08/30 04:43:45,421,BlaJ-0171_D32_saline_tech3,230807-T3-30,3-30,920,nL, ,H2O,0,2.911569e+01,1.368465e-03,5.183024e+16,1.013164e+14,6.040759e-04,1.982537e-07,1.970503e-03,4.869033e-07,3.020380e-04,9.912684e-08,1.970503e-03,4.869033e-07,9.390088e+02,0.000000e+00,-1.731371e+01,0.000000e+00
L-026630,6,0,2023/08/30 04:45:46,422,BlaJ-0171_D32_saline_tech3,230807-T3-30,3-30,920,nL, ,H2O,0,2.910838e+01,1.499344e-03,5.231581e+16,8.574473e+13,6.038682e-04,2.863590e-07,1.970390e-03,5.602631e-07,3.019341e-04,1.431795e-07,1.970390e-03,5.602631e-07,9.383419e+02,0.000000e+00,-1.736997e+01,0.000000e+00
L-026630,7,0,2023/08/30 04:47:47,423,BlaJ-0171_D32_saline_tech3,230807-T3-30,3-30,920,nL, ,H2O,0,2.910229e+01,1.418683e-03,5.155463e+16,9.482703e+13,6.041478e-04,2.451835e-07,1.970305e-03,4.714398e-07,3.020739e-04,1.225917e-07,1.970305e-03,4.714398e-07,9.392394e+02,0.000000e+00,-1.741268e+01,0.000000e+00
L-026630,8,0,2023/08/30 04:49:48,424,BlaJ-0171_D32_saline_tech3,230807-T3-30,3-30,920,nL, ,H2O,0,2.910408e+01,1.515020e-03,5.143403e+16,1.330427e+14,6.037950e-04,1.497914e-07,1.970534e-03,4.383078e-07,3.018975e-04,7.489572e-08,1.970534e-03,4.383078e-07,9.381069e+02,0.000000e+00,-1.729859e+01,0.000000e+00
L-026631,1,-1,2023/08/30 04:51:49,425,YM_2/3_D2_E4-1_tech2,230807-T2-8,2-8,920,nL, ,H2O,0,2.910517e+01,1.579942e-03,5.341247e+16,1.194825e+14,6.381894e-04,3.102650e-07,1.970280e-03,4.169810e-07,3.190947e-04,1.551325e-07,1.970280e-03,4.169810e-07,1.048509e+03,0.000000e+00,-1.742491e+01,0.000000e+00
L-026631,2,-1,2023/08/30 04:53:50,426,YM_2/3_D2_E4-1_tech2,230807-T2-8,2-8,920,nL, ,H2O,0,2.910316e+01,1.255947e-03,5.288037e+16,7.940314e+13,6.521253e-04,2.445884e-07,1.969895e-03,3.597419e-07,3.260627e-04,1.222942e-07,1.969895e-03,3.597419e-07,1.093241e+03,0.000000e+00,-1.761703e+01,0.000000e+00
L-026631,3,0,2023/08/30 04:55:51,427,YM_2/3_D2_E4-1_tech2,230807-T2-8,2-8,920,nL, ,H2O,0,2.910090e+01,1.545624e-03,5.027803e+16,9.777913e+13,6.563151e-04,2.308478e-07,1.968760e-03,4.341107e-07,3.281575e-04,1.154239e-07,1.968760e-03,4.341107e-07,1.106690e+03,0.000000e+00,-1.818301e+01,0.000000e+00
L-026631,4,0,2023/08/30 04:57:52,428,YM_2/3_D2_E4-1_tech2,230807-T2-8,2-8,920,nL, ,H2O,0,2.909608e+01,1.483575e-03,5.005865e+16,1.160456e+14,6.629969e-04,3.125546e-07,1.969835e-03,4.989871e-07,3.314984e-04,1.562773e-07,1.969835e-03,4.989871e-07,1.128138e+03,0.000000e+00,-1.764693e+01,0.000000e+00
L-026631,5,0,2023/08/30 04:59:53,429,YM_2/3_D2_E4-1_tech2,230807-T2-8,2-8,920,nL, ,H2O,0,2.909134e+01,1.336657e-03,4.965480e+16,7.189628e+13,6.628674e-04,2.158184e-07,1.969415e-03,4.257475e-07,3.314337e-04,1.079092e-07,1.969415e-03,4.257475e-07,1.127722e+03,0.000000e+00,-1.785632e+01,0.000000e+00
L-026631,6,0,2023/08/30 05:01:53,430,YM_2/3_D2_E4-1_tech2,230807-T2-8,2-8,920,nL, ,H2O,0,2.908697e+01,1.293435e-03,5.016997e+16,8.395040e+13,6.646289e-04,2.884644e-07,1.969674e-03,4.207769e-07,3.323145e-04,1.442322e-07,1.969674e-03,4.207769e-07,1.133376e+03,0.000000e+00,-1.772738e+01,0.000000e+00
L-026631,7,0,2023/08/30 05:03:54,431,YM_2/3_D2_E4-1_tech2,230807-T2-8,2-8,920,nL, ,H2O,0,2.908593e+01,1.644094e-03,4.948018e+16,1.154478e+14,6.644839e-04,2.141903e-07,1.969636e-03,4.546982e-07,3.322420e-04,1.070951e-07,1.969636e-03,4.546982e-07,1.132911e+03,0.000000e+00,-1.774626e+01,0.000000e+00
L-026631,8,0,2023/08/30 05:05:55,432,YM_2/3_D2_E4-1_tech2,230807-T2-8,2-8,920,nL, ,H2O,0,2.908414e+01,1.372557e-03,4.894440e+16,1.554044e+14,6.622200e-04,1.624481e-07,1.968845e-03,4.349051e-07,3.311100e-04,8.122407e-08,1.968845e-03,4.349051e-07,1.125644e+03,0.000000e+00,-1.814052e+01,0.000000e+00
L-026632,1,-1,2023/08/30 05:07:57,433,YF_2/3_D1_E3-1_tech1,230807-T1-10,1-10,920,nL, ,H2O,0,2.907987e+01,1.269376e-03,5.028094e+16,9.708536e+13,6.216304e-04,2.879128e-07,1.969921e-03,4.738472e-07,3.108152e-04,1.439564e-07,1.969921e-03,4.738472e-07,9.953566e+02,0.000000e+00,-1.760408e+01,0.000000e+00
L-026632,2,-1,2023/08/30 05:09:59,434,YF_2/3_D1_E3-1_tech1,230807-T1-10,1-10,920,nL, ,H2O,0,2.907228e+01,1.400948e-03,5.050248e+16,1.020022e+14,6.034589e-04,3.121321e-07,1.969887e-03,4.557479e-07,3.017294e-04,1.560661e-07,1.969887e-03,4.557479e-07,9.370282e+02,0.000000e+00,-1.762112e+01,0.000000e+00
L-026632,3,0,2023/08/30 05:12:01,435,YF_2/3_D1_E3-1_tech1,230807-T1-10,1-10,920,nL, ,H2O,0,2.907456e+01,1.599648e-03,5.028217e+16,9.658327e+13,5.958383e-04,2.593320e-07,1.969726e-03,5.316277e-07,2.979192e-04,1.296660e-07,1.969726e-03,5.316277e-07,9.125671e+02,0.000000e+00,-1.770148e+01,0.000000e+00
L-026632,4,0,2023/08/30 05:14:03,436,YF_2/3_D1_E3-1_tech1,230807-T1-10,1-10,920,nL, ,H2O,0,2.907481e+01,1.514555e-03,4.985252e+16,1.022767e+14,5.924140e-04,1.992555e-07,1.969839e-03,5.086433e-07,2.962070e-04,9.962774e-08,1.969839e-03,5.086433e-07,9.015755e+02,0.000000e+00,-1.764504e+01,0.000000e+00
L-026632,5,0,2023/08/30 05:16:05,437,YF_2/3_D1_E3-1_tech1,230807-T1-10,1-10,920,nL, ,H2O,0,2.907042e+01,1.278197e-03,5.021236e+16,1.020840e+14,5.905162e-04,1.856493e-07,1.969734e-03,3.445825e-07,2.952581e-04,9.282466e-08,1.969734e-03,3.445825e-07,8.954838e+02,0.000000e+00,-1.769725e+01,0.000000e+00
L-026632,6,0,2023/08/30 05:18:07,438,YF_2/3_D1_E3-1_tech1,230807-T1-10,1-10,920,nL, ,H2O,0,2.906364e+01,1.335701e-03,5.117050e+16,1.192982e+14,5.892921e-04,2.192856e-07,1.969755e-03,4.350294e-07,2.946461e-04,1.096428e-07,1.969755e-03,4.350294e-07,8.915547e+02,0.000000e+00,-1.768677e+01,0.000000e+00
L-026632,7,0,2023/08/30 05:20:09,439,YF_2/3_D1_E3-1_tech1,230807-T1-10,1-10,920,nL, ,H2O,0,2.906488e+01,1.642264e-03,4.984030e+16,1.319669e+14,5.887963e-04,2.610510e-07,1.969843e-03,4.967087e-07,2.943982e-04,1.305255e-07,1.969843e-03,4.967087e-07,8.899631e+02,0.000000e+00,-1.764313e+01,0.000000e+00
L-026632,8,0,2023/08/30 05:22:10,440,YF_2/3_D1_E3-1_tech1,230807-T1-10,1-10,920,nL, ,H2O,0,2.907017e+01,1.511066e-03,5.054389e+16,2.196786e+14,5.861615e-04,4.045454e-07,1.968833e-03,3.628561e-07,2.930808e-04,2.022727e-07,1.968833e-03,3.628561e-07,8.815059e+02,0.000000e+00,-1.814674e+01,0.000000e+00
L-026633,1,-1,2023/08/30 05:24:12,441,YM_2/3_D0_E4-1_tech1,230807-T1-43,1-43,920,nL, ,H2O,0,2.907324e+01,1.742328e-03,5.199402e+16,1.210786e+14,4.174155e-04,9.956006e-07,1.970374e-03,4.776949e-07,2.087077e-04,4.978003e-07,1.970374e-03,4.776949e-07,3.398519e+02,0.000000e+00,-1.737831e+01,0.000000e+00
L-026633,2,-1,2023/08/30 05:26:13,442,YM_2/3_D0_E4-1_tech1,230807-T1-43,1-43,920,nL, ,H2O,0,2.907386e+01,1.574161e-03,5.174912e+16,8.986624e+13,3.492180e-04,9.029097e-07,1.970328e-03,4.248647e-07,1.746090e-04,4.514549e-07,1.970328e-03,4.248647e-07,1.209465e+02,0.000000e+00,-1.740130e+01,0.000000e+00
L-026633,3,0,2023/08/30 05:28:15,443,YM_2/3_D0_E4-1_tech1,230807-T1-43,1-43,920,nL, ,H2O,0,2.906888e+01,1.523091e-03,5.159998e+16,7.323668e+13,3.180044e-04,6.297858e-07,1.970210e-03,4.624812e-07,1.590022e-04,3.148929e-07,1.970210e-03,4.624812e-07,2.075467e+01,0.000000e+00,-1.745991e+01,0.000000e+00
L-026633,4,0,2023/08/30 05:30:16,444,YM_2/3_D0_E4-1_tech1,230807-T1-43,1-43,920,nL, ,H2O,0,2.906411e+01,1.284937e-03,5.069068e+16,1.359368e+14,3.024326e-04,6.165384e-07,1.970350e-03,3.930912e-07,1.512163e-04,3.082692e-07,1.970350e-03,3.930912e-07,-2.922902e+01,0.000000e+00,-1.739023e+01,0.000000e+00
L-026633,5,0,2023/08/30 05:32:18,445,YM_2/3_D0_E4-1_tech1,230807-T1-43,1-43,920,nL, ,H2O,0,2.906010e+01,1.451823e-03,5.159266e+16,1.009442e+14,2.946063e-04,3.678618e-07,1.970343e-03,5.596727e-07,1.473032e-04,1.839309e-07,1.970343e-03,5.596727e-07,-5.435025e+01,0.000000e+00,-1.739363e+01,0.000000e+00
L-026633,6,0,2023/08/30 05:34:19,446,YM_2/3_D0_E4-1_tech1,230807-T1-43,1-43,920,nL, ,H2O,0,2.906243e+01,1.510919e-03,5.035141e+16,9.360833e+13,2.892564e-04,3.380189e-07,1.969510e-03,4.118231e-07,1.446282e-04,1.690094e-07,1.969510e-03,4.118231e-07,-7.152294e+01,0.000000e+00,-1.780928e+01,0.000000e+00
L-026633,7,0,2023/08/30 05:36:20,447,YM_2/3_D0_E4-1_tech1,230807-T1-43,1-43,920,nL, ,H2O,0,2.906027e+01,1.366080e-03,5.079747e+16,7.303354e+13,2.875275e-04,3.236096e-07,1.970412e-03,3.974869e-07,1.437637e-04,1.618048e-07,1.970412e-03,3.974869e-07,-7.707243e+01,0.000000e+00,-1.735936e+01,0.000000e+00
L-026633,8,0,2023/08/30 05:38:21,448,YM_2/3_D0_E4-1_tech1,230807-T1-43,1-43,920,nL, ,H2O,0,2.905328e+01,1.432630e-03,5.039273e+16,6.452218e+13,2.855317e-04,3.182972e-07,1.970267e-03,5.326735e-07,1.427659e-04,1.591486e-07,1.970267e-03,5.326735e-07,-8.347857e+01,0.000000e+00,-1.743165e+01,0.000000e+00
L-026634,1,-1,2023/08/30 05:40:22,449,Curve_2_std_1,230807-T4-41,4-41,920,nL, ,H2O,0,2.904827e+01,1.466367e-03,5.258317e+16,1.127663e+14,2.846044e-04,2.341224e-07,1.970393e-03,4.888154e-07,1.423022e-04,1.170612e-07,1.970393e-03,4.888154e-07,-8.645523e+01,0.000000e+00,-1.736896e+01,0.000000e+00
L-026634,2,-1,2023/08/30 05:42:23,450,Curve_2_std_1,230807-T4-41,4-41,920,nL, ,H2O,0,2.904743e+01,1.616969e-03,5.275399e+16,1.019384e+14,2.832073e-04,2.883508e-07,1.970120e-03,4.020196e-07,1.416037e-04,1.441754e-07,1.970120e-03,4.020196e-07,-9.093955e+01,0.000000e+00,-1.750493e+01,0.000000e+00
L-026634,3,0,2023/08/30 05:44:23,451,Curve_2_std_1,230807-T4-41,4-41,920,nL, ,H2O,0,2.905459e+01,1.517308e-03,5.081553e+16,9.074771e+13,2.825234e-04,2.878360e-07,1.969801e-03,3.383286e-07,1.412617e-04,1.439180e-07,1.969801e-03,3.383286e-07,-9.313502e+01,0.000000e+00,-1.766378e+01,0.000000e+00
L-026634,4,0,2023/08/30 05:46:25,452,Curve_2_std_1,230807-T4-41,4-41,920,nL, ,H2O,0,2.906144e+01,1.468423e-03,5.053952e+16,9.071995e+13,2.822164e-04,2.396512e-07,1.969738e-03,5.527476e-07,1.411082e-04,1.198256e-07,1.969738e-03,5.527476e-07,-9.412026e+01,0.000000e+00,-1.769561e+01,0.000000e+00
L-026634,5,0,2023/08/30 05:48:26,453,Curve_2_std_1,230807-T4-41,4-41,920,nL, ,H2O,0,2.906121e+01,1.348245e-03,5.048708e+16,8.374667e+13,2.818323e-04,1.983183e-07,1.970072e-03,3.429293e-07,1.409161e-04,9.915916e-08,1.970072e-03,3.429293e-07,-9.535338e+01,0.000000e+00,-1.752869e+01,0.000000e+00
L-026634,6,0,2023/08/30 05:50:27,454,Curve_2_std_1,230807-T4-41,4-41,920,nL, ,H2O,0,2.905613e+01,1.078218e-03,5.112685e+16,7.722679e+13,2.816006e-04,2.313347e-07,1.970166e-03,4.233710e-07,1.408003e-04,1.156673e-07,1.970166e-03,4.233710e-07,-9.609688e+01,0.000000e+00,-1.748186e+01,0.000000e+00
L-026634,7,0,2023/08/30 05:52:27,455,Curve_2_std_1,230807-T4-41,4-41,920,nL, ,H2O,0,2.905149e+01,1.079404e-03,5.177317e+16,8.334801e+13,2.813032e-04,2.334580e-07,1.970356e-03,4.321287e-07,1.406516e-04,1.167290e-07,1.970356e-03,4.321287e-07,-9.705176e+01,0.000000e+00,-1.738704e+01,0.000000e+00
L-026634,8,0,2023/08/30 05:54:29,456,Curve_2_std_1,230807-T4-41,4-41,920,nL, ,H2O,0,2.905251e+01,1.680705e-03,5.115067e+16,9.688307e+13,2.811113e-04,2.111787e-07,1.970482e-03,3.144827e-07,1.405557e-04,1.055894e-07,1.970482e-03,3.144827e-07,-9.766751e+01,0.000000e+00,-1.732435e+01,0.000000e+00
L-026635,1,-1,2023/08/30 05:56:30,457,BlaJ-0178_D2_treatment_tech3,230807-T2-51,2-51,920,nL, ,H2O,0,2.906054e+01,1.489518e-03,5.020797e+16,9.718639e+13,4.415198e-04,8.502021e-07,1.971378e-03,3.705598e-07,2.207599e-04,4.251010e-07,1.971378e-03,3.705598e-07,4.172237e+02,0.000000e+00,-1.687739e+01,0.000000e+00
L-026635,2,-1,2023/08/30 05:58:30,458,BlaJ-0178_D2_treatment_tech3,230807-T2-51,2-51,920,nL, ,H2O,0,2.906883e+01,1.589311e-03,5.154987e+16,9.707456e+13,5.066562e-04,7.423115e-07,1.972361e-03,5.476161e-07,2.533281e-04,3.711558e-07,1.972361e-03,5.476161e-07,6.263035e+02,0.000000e+00,-1.638708e+01,0.000000e+00
L-026635,3,0,2023/08/30 06:00:32,459,BlaJ-0178_D2_treatment_tech3,230807-T2-51,2-51,920,nL, ,H2O,0,2.907374e+01,1.298888e-03,5.178160e+16,9.483562e+13,5.362201e-04,4.896242e-07,1.972636e-03,3.261421e-07,2.681101e-04,2.448121e-07,1.972636e-03,3.261421e-07,7.212001e+02,0.000000e+00,-1.625012e+01,0.000000e+00
L-026635,4,0,2023/08/30 06:02:33,460,BlaJ-0178_D2_treatment_tech3,230807-T2-51,2-51,920,nL, ,H2O,0,2.907401e+01,1.235896e-03,5.059723e+16,1.167222e+14,5.511811e-04,3.703034e-07,1.973055e-03,4.592613e-07,2.755905e-04,1.851517e-07,1.973055e-03,4.592613e-07,7.692229e+02,0.000000e+00,-1.604134e+01,0.000000e+00
L-026635,5,0,2023/08/30 06:04:34,461,BlaJ-0178_D2_treatment_tech3,230807-T2-51,2-51,920,nL, ,H2O,0,2.906774e+01,1.392724e-03,5.062720e+16,1.140102e+14,5.589085e-04,3.454800e-07,1.973131e-03,4.985459e-07,2.794542e-04,1.727400e-07,1.973131e-03,4.985459e-07,7.940268e+02,0.000000e+00,-1.600344e+01,0.000000e+00
L-026635,6,0,2023/08/30 06:06:35,462,BlaJ-0178_D2_treatment_tech3,230807-T2-51,2-51,920,nL, ,H2O,0,2.906032e+01,1.336202e-03,5.012236e+16,1.040013e+14,5.631856e-04,1.991583e-07,1.973075e-03,3.204291e-07,2.815928e-04,9.957913e-08,1.973075e-03,3.204291e-07,8.077560e+02,0.000000e+00,-1.603118e+01,0.000000e+00
L-026635,7,0,2023/08/30 06:08:35,463,BlaJ-0178_D2_treatment_tech3,230807-T2-51,2-51,920,nL, ,H2O,0,2.905804e+01,1.402388e-03,5.127816e+16,1.118339e+14,5.658796e-04,2.749224e-07,1.973527e-03,5.173032e-07,2.829398e-04,1.374612e-07,1.973527e-03,5.173032e-07,8.164034e+02,0.000000e+00,-1.580571e+01,0.000000e+00
L-026635,8,0,2023/08/30 06:10:37,464,BlaJ-0178_D2_treatment_tech3,230807-T2-51,2-51,920,nL, ,H2O,0,2.906054e+01,1.676993e-03,5.070241e+16,9.289148e+13,5.671585e-04,2.352099e-07,1.973494e-03,5.099911e-07,2.835793e-04,1.176049e-07,1.973494e-03,5.099911e-07,8.205085e+02,0.000000e+00,-1.582242e+01,0.000000e+00
L-026636,1,-1,2023/08/30 06:12:38,465,BlaJ-0183_D32_treatment_tech3,230807-T3-18,3-18,920,nL, ,H2O,0,2.906253e+01,1.234896e-03,5.197780e+16,9.777534e+13,5.769396e-04,2.144180e-07,1.972085e-03,4.686618e-07,2.884698e-04,1.072090e-07,1.972085e-03,4.686618e-07,8.519045e+02,0.000000e+00,-1.652490e+01,0.000000e+00
L-026636,2,-1,2023/08/30 06:14:39,466,BlaJ-0183_D32_treatment_tech3,230807-T3-18,3-18,920,nL, ,H2O,0,2.905856e+01,1.231502e-03,5.167654e+16,1.247645e+14,5.812438e-04,3.210165e-07,1.971472e-03,4.292126e-07,2.906219e-04,1.605082e-07,1.971472e-03,4.292126e-07,8.657204e+02,0.000000e+00,-1.683057e+01,0.000000e+00
L-026636,3,0,2023/08/30 06:16:40,467,BlaJ-0183_D32_treatment_tech3,230807-T3-18,3-18,920,nL, ,H2O,0,2.905405e+01,1.434464e-03,5.088138e+16,1.019141e+14,5.835081e-04,2.751734e-07,1.971152e-03,4.487775e-07,2.917541e-04,1.375867e-07,1.971152e-03,4.487775e-07,8.729886e+02,0.000000e+00,-1.699033e+01,0.000000e+00
L-026636,4,0,2023/08/30 06:18:41,468,BlaJ-0183_D32_treatment_tech3,230807-T3-18,3-18,920,nL, ,H2O,0,2.905338e+01,1.493569e-03,5.174182e+16,1.122231e+14,5.847966e-04,2.264697e-07,1.971139e-03,4.966407e-07,2.923983e-04,1.132348e-07,1.971139e-03,4.966407e-07,8.771245e+02,0.000000e+00,-1.699676e+01,0.000000e+00
L-026636,5,0,2023/08/30 06:20:42,469,BlaJ-0183_D32_treatment_tech3,230807-T3-18,3-18,920,nL, ,H2O,0,2.905824e+01,1.672529e-03,5.094351e+16,1.069115e+14,5.850777e-04,1.834952e-07,1.970960e-03,4.525810e-07,2.925388e-04,9.174758e-08,1.970960e-03,4.525810e-07,8.780267e+02,0.000000e+00,-1.708576e+01,0.000000e+00
L-026636,6,0,2023/08/30 06:22:42,470,BlaJ-0183_D32_treatment_tech3,230807-T3-18,3-18,920,nL, ,H2O,0,2.906367e+01,1.643925e-03,5.203822e+16,1.129007e+14,5.857623e-04,2.068077e-07,1.971094e-03,3.423149e-07,2.928812e-04,1.034038e-07,1.971094e-03,3.423149e-07,8.802244e+02,0.000000e+00,-1.701921e+01,0.000000e+00
L-026636,7,0,2023/08/30 06:24:44,471,BlaJ-0183_D32_treatment_tech3,230807-T3-18,3-18,920,nL, ,H2O,0,2.906664e+01,1.384058e-03,5.215909e+16,1.539759e+14,5.840120e-04,2.832874e-07,1.970347e-03,4.798184e-07,2.920060e-04,1.416437e-07,1.970347e-03,4.798184e-07,8.746062e+02,0.000000e+00,-1.739155e+01,0.000000e+00
L-026636,8,0,2023/08/30 06:26:45,472,BlaJ-0183_D32_treatment_tech3,230807-T3-18,3-18,920,nL, ,H2O,0,2.906526e+01,1.379085e-03,5.140290e+16,1.050501e+14,5.871540e-04,2.199779e-07,1.971312e-03,5.036884e-07,2.935770e-04,1.099889e-07,1.971312e-03,5.036884e-07,8.846914e+02,0.000000e+00,-1.691029e+01,0.000000e+00
L-026637,1,-1,2023/08/30 06:28:46,473,BlaJ-0175_D8_treatment_tech2,230807-T3-2,3-2,920,nL, ,H2O,0,2.905950e+01,1.358450e-03,5.040462e+16,9.419399e+13,6.007345e-04,3.379141e-07,1.971511e-03,4.031331e-07,3.003673e-04,1.689570e-07,1.971511e-03,4.031331e-07,9.282834e+02,0.000000e+00,-1.681107e+01,0.000000e+00
L-026637,2,-1,2023/08/30 06:30:47,474,BlaJ-0175_D8_treatment_tech2,230807-T3-2,3-2,920,nL, ,H2O,0,2.905293e+01,1.413375e-03,5.159370e+16,1.317104e+14,6.052122e-04,2.492807e-07,1.971535e-03,4.885170e-07,3.026061e-04,1.246404e-07,1.971535e-03,4.885170e-07,9.426561e+02,0.000000e+00,-1.679923e+01,0.000000e+00
L-026637,3,0,2023/08/30 06:32:48,475,BlaJ-0175_D8_treatment_tech2,230807-T3-2,3-2,920,nL, ,H2O,0,2.905457e+01,1.781183e-03,5.221844e+16,7.212384e+13,6.102222e-04,2.277545e-07,1.972634e-03,4.180215e-07,3.051111e-04,1.138773e-07,1.972634e-03,4.180215e-07,9.587376e+02,0.000000e+00,-1.625112e+01,0.000000e+00
L-026637,4,0,2023/08/30 06:34:49,476,BlaJ-0175_D8_treatment_tech2,230807-T3-2,3-2,920,nL, ,H2O,0,2.905598e+01,1.307565e-03,4.747218e+16,9.903838e+14,6.032327e-04,5.755836e-07,1.969908e-03,6.492675e-07,3.016164e-04,2.877918e-07,1.969908e-03,6.492675e-07,9.363023e+02,0.000000e+00,-1.761079e+01,0.000000e+00
L-026637,5,0,2023/08/30 06:36:49,477,BlaJ-0175_D8_treatment_tech2,230807-T3-2,3-2,920,nL, ,H2O,0,2.905338e+01,1.331086e-03,5.133239e+16,9.052179e+13,6.143655e-04,2.344116e-07,1.973371e-03,5.413878e-07,3.071828e-04,1.172058e-07,1.973371e-03,5.413878e-07,9.720371e+02,0.000000e+00,-1.588340e+01,0.000000e+00
L-026637,6,0,2023/08/30 06:38:51,478,BlaJ-0175_D8_treatment_tech2,230807-T3-2,3-2,920,nL, ,H2O,0,2.905065e+01,1.077571e-03,5.053749e+16,8.859398e+13,6.132690e-04,2.959553e-07,1.972488e-03,5.170586e-07,3.066345e-04,1.479777e-07,1.972488e-03,5.170586e-07,9.685175e+02,0.000000e+00,-1.632403e+01,0.000000e+00
L-026637,7,0,2023/08/30 06:40:52,479,BlaJ-0175_D8_treatment_tech2,230807-T3-2,3-2,920,nL, ,H2O,0,2.904421e+01,1.173529e-03,5.181861e+16,1.004366e+14,6.128934e-04,2.658260e-07,1.972622e-03,6.061493e-07,3.064467e-04,1.329130e-07,1.972622e-03,6.061493e-07,9.673119e+02,0.000000e+00,-1.625700e+01,0.000000e+00
L-026637,8,0,2023/08/30 06:42:53,480,BlaJ-0175_D8_treatment_tech2,230807-T3-2,3-2,920,nL, ,H2O,0,2.904656e+01,1.774777e-03,5.064156e+16,1.943595e+14,6.103928e-04,2.594612e-07,1.971716e-03,5.494628e-07,3.051964e-04,1.297306e-07,1.971716e-03,5.494628e-07,9.592851e+02,0.000000e+00,-1.670877e+01,0.000000e+00
L-026638,1,-1,2023/08/30 06:44:54,481,YF_2/3_D1_E4-1_tech1,230807-T1-07,1-7,920,nL, ,H2O,0,2.905283e+01,1.718296e-03,4.895641e+16,9.991404e+14,5.962245e-04,6.989740e-07,1.968748e-03,5.351588e-07,2.981122e-04,3.494870e-07,1.968748e-03,5.351588e-07,9.138067e+02,0.000000e+00,-1.818918e+01,0.000000e+00
L-026638,2,-1,2023/08/30 06:46:55,482,YF_2/3_D1_E4-1_tech1,230807-T1-07,1-7,920,nL, ,H2O,0,2.905591e+01,1.476261e-03,5.158115e+16,8.977062e+13,6.016799e-04,2.642354e-07,1.971933e-03,4.222134e-07,3.008399e-04,1.321177e-07,1.971933e-03,4.222134e-07,9.313178e+02,0.000000e+00,-1.660061e+01,0.000000e+00
L-026638,3,0,2023/08/30 06:48:56,483,YF_2/3_D1_E4-1_tech1,230807-T1-07,1-7,920,nL, ,H2O,0,2.905787e+01,1.607829e-03,5.111082e+16,1.095699e+14,5.982941e-04,2.207696e-07,1.971103e-03,4.522613e-07,2.991470e-04,1.103848e-07,1.971103e-03,4.522613e-07,9.204498e+02,0.000000e+00,-1.701447e+01,0.000000e+00
L-026638,4,0,2023/08/30 06:50:56,484,YF_2/3_D1_E4-1_tech1,230807-T1-07,1-7,920,nL, ,H2O,0,2.905397e+01,1.219868e-03,4.935549e+16,6.983888e+13,5.963936e-04,1.812440e-07,1.970288e-03,2.865029e-07,2.981968e-04,9.062199e-08,1.970288e-03,2.865029e-07,9.143494e+02,0.000000e+00,-1.742089e+01,0.000000e+00
L-026638,5,0,2023/08/30 06:52:57,485,YF_2/3_D1_E4-1_tech1,230807-T1-07,1-7,920,nL, ,H2O,0,2.904451e+01,1.347286e-03,5.054243e+16,1.272840e+14,5.963251e-04,2.631124e-07,1.970646e-03,4.471315e-07,2.981626e-04,1.315562e-07,1.970646e-03,4.471315e-07,9.141297e+02,0.000000e+00,-1.724247e+01,0.000000e+00
L-026638,6,0,2023/08/30 06:54:58,486,YF_2/3_D1_E4-1_tech1,230807-T1-07,1-7,920,nL, ,H2O,0,2.904356e+01,1.466402e-03,5.184594e+16,1.212976e+14,5.958240e-04,1.936849e-07,1.970703e-03,5.613975e-07,2.979120e-04,9.684244e-08,1.970703e-03,5.613975e-07,9.125213e+02,0.000000e+00,-1.721397e+01,0.000000e+00
L-026638,7,0,2023/08/30 06:57:00,487,YF_2/3_D1_E4-1_tech1,230807-T1-07,1-7,920,nL, ,H2O,0,2.904931e+01,1.510757e-03,5.066997e+16,9.237026e+13,5.956101e-04,1.616398e-07,1.970465e-03,4.171052e-07,2.978050e-04,8.081991e-08,1.970465e-03,4.171052e-07,9.118345e+02,0.000000e+00,-1.733279e+01,0.000000e+00
L-026638,8,0,2023/08/30 06:59:01,488,YF_2/3_D1_E4-1_tech1,230807-T1-07,1-7,920,nL, ,H2O,0,2.905923e+01,1.599437e-03,5.171121e+16,9.113112e+13,5.945790e-04,2.972732e-07,1.970099e-03,5.421479e-07,2.972895e-04,1.486366e-07,1.970099e-03,5.421479e-07,9.085247e+02,0.000000e+00,-1.751549e+01,0.000000e+00
L-026639,1,-1,2023/08/30 07:01:02,489,YF_2/3_D8_E4-1_tech1,230807-T1-37,1-37,920,nL, ,H2O,0,2.906302e+01,1.708913e-03,5.133210e+16,5.601841e+14,6.457894e-04,7.524889e-07,1.969446e-03,6.833422e-07,3.228947e-04,3.762445e-07,1.969446e-03,6.833422e-07,1.072904e+03,0.000000e+00,-1.784086e+01,0.000000e+00
L-026639,2,-1,2023/08/30 07:03:05,490,YF_2/3_D8_E4-1_tech1,230807-T1-37,1-37,920,nL, ,H2O,0,2.906503e+01,1.409126e-03,5.247698e+16,1.237684e+14,6.761701e-04,3.943595e-07,1.971161e-03,4.111216e-07,3.380851e-04,1.971798e-07,1.971161e-03,4.111216e-07,1.170422e+03,0.000000e+00,-1.698549e+01,0.000000e+00
L-026639,3,0,2023/08/30 07:05:07,491,YF_2/3_D8_E4-1_tech1,230807-T1-37,1-37,920,nL, ,H2O,0,2.906322e+01,1.329807e-03,5.271102e+16,9.957158e+13,6.850373e-04,2.674681e-07,1.970891e-03,4.903044e-07,3.425187e-04,1.337341e-07,1.970891e-03,4.903044e-07,1.198885e+03,0.000000e+00,-1.712022e+01,0.000000e+00
L-026639,4,0,2023/08/30 07:07:08,492,YF_2/3_D8_E4-1_tech1,230807-T1-37,1-37,920,nL, ,H2O,0,2.905601e+01,1.374933e-03,5.082455e+16,6.982567e+13,6.897650e-04,2.569137e-07,1.970672e-03,4.125877e-07,3.448825e-04,1.284569e-07,1.970672e-03,4.125877e-07,1.214060e+03,0.000000e+00,-1.722968e+01,0.000000e+00
L-026639,5,0,2023/08/30 07:09:11,493,YF_2/3_D8_E4-1_tech1,230807-T1-37,1-37,920,nL, ,H2O,0,2.904911e+01,1.345011e-03,5.209061e+16,1.226768e+14,6.921011e-04,3.371865e-07,1.970840e-03,4.247787e-07,3.460506e-04,1.685933e-07,1.970840e-03,4.247787e-07,1.221559e+03,0.000000e+00,-1.714592e+01,0.000000e+00
L-026639,6,0,2023/08/30 07:11:13,494,YF_2/3_D8_E4-1_tech1,230807-T1-37,1-37,920,nL, ,H2O,0,2.905167e+01,1.667589e-03,5.050928e+16,1.056723e+14,6.925552e-04,2.801036e-07,1.970546e-03,3.868252e-07,3.462776e-04,1.400518e-07,1.970546e-03,3.868252e-07,1.223016e+03,0.000000e+00,-1.729257e+01,0.000000e+00
L-026639,7,0,2023/08/30 07:13:14,495,YF_2/3_D8_E4-1_tech1,230807-T1-37,1-37,920,nL, ,H2O,0,2.905405e+01,1.387157e-03,5.182572e+16,8.502630e+13,6.940616e-04,2.151859e-07,1.970844e-03,4.521045e-07,3.470308e-04,1.075930e-07,1.970844e-03,4.521045e-07,1.227852e+03,0.000000e+00,-1.714401e+01,0.000000e+00
L-026639,8,0,2023/08/30 07:15:17,496,YF_2/3_D8_E4-1_tech1,230807-T1-37,1-37,920,nL, ,H2O,0,2.905162e+01,1.096222e-03,5.197980e+16,9.673902e+13,6.938965e-04,2.493311e-07,1.970731e-03,4.851596e-07,3.469482e-04,1.246655e-07,1.970731e-03,4.851596e-07,1.227322e+03,0.000000e+00,-1.720039e+01,0.000000e+00
L-026640,1,-1,2023/08/30 07:17:17,497,BlaJ-0170_D32_treatment_tech2,230807-T3-26,3-26,920,nL, ,H2O,0,2.904708e+01,1.481658e-03,5.143127e+16,1.329922e+14,6.459409e-04,3.462249e-07,1.971955e-03,4.792522e-07,3.229705e-04,1.731125e-07,1.971955e-03,4.792522e-07,1.073390e+03,0.000000e+00,-1.658965e+01,0.000000e+00
L-026640,2,-1,2023/08/30 07:19:19,498,BlaJ-0170_D32_treatment_tech2,230807-T3-26,3-26,920,nL, ,H2O,0,2.904255e+01,1.475855e-03,5.087130e+16,1.079972e+14,6.254651e-04,3.467872e-07,1.972724e-03,5.033434e-07,3.127325e-04,1.733936e-07,1.972724e-03,5.033434e-07,1.007665e+03,0.000000e+00,-1.620646e+01,0.000000e+00
L-026640,3,0,2023/08/30 07:21:20,499,BlaJ-0170_D32_treatment_tech2,230807-T3-26,3-26,920,nL, ,H2O,0,2.904022e+01,1.597376e-03,5.193213e+16,1.037345e+14,6.161191e-04,3.030846e-07,1.972922e-03,3.738426e-07,3.080595e-04,1.515423e-07,1.972922e-03,3.738426e-07,9.776658e+02,0.000000e+00,-1.610731e+01,0.000000e+00
L-026640,4,0,2023/08/30 07:23:20,500,BlaJ-0170_D32_treatment_tech2,230807-T3-26,3-26,920,nL, ,H2O,0,2.904319e+01,1.549646e-03,5.179888e+16,1.113165e+14,6.120270e-04,2.539860e-07,1.973149e-03,4.686920e-07,3.060135e-04,1.269930e-07,1.973149e-03,4.686920e-07,9.645309e+02,0.000000e+00,-1.599419e+01,0.000000e+00
L-026640,5,0,2023/08/30 07:25:21,501,BlaJ-0170_D32_treatment_tech2,230807-T3-26,3-26,920,nL, ,H2O,0,2.904666e+01,1.464575e-03,5.048519e+16,1.279502e+14,6.068781e-04,4.494591e-07,1.972149e-03,5.045501e-07,3.034390e-04,2.247296e-07,1.972149e-03,5.045501e-07,9.480034e+02,0.000000e+00,-1.649302e+01,0.000000e+00
L-026640,6,0,2023/08/30 07:27:23,502,BlaJ-0170_D32_treatment_tech2,230807-T3-26,3-26,920,nL, ,H2O,0,2.904845e+01,1.383541e-03,5.196508e+16,7.917310e+13,6.093618e-04,2.439620e-07,1.973537e-03,4.589140e-07,3.046809e-04,1.219810e-07,1.973537e-03,4.589140e-07,9.559758e+02,0.000000e+00,-1.580100e+01,0.000000e+00
L-026640,7,0,2023/08/30 07:29:24,503,BlaJ-0170_D32_treatment_tech2,230807-T3-26,3-26,920,nL, ,H2O,0,2.904703e+01,1.272113e-03,5.190586e+16,1.019139e+14,6.084817e-04,3.254829e-07,1.973471e-03,4.851497e-07,3.042408e-04,1.627415e-07,1.973471e-03,4.851497e-07,9.531508e+02,0.000000e+00,-1.583391e+01,0.000000e+00
L-026640,8,0,2023/08/30 07:31:25,504,BlaJ-0170_D32_treatment_tech2,230807-T3-26,3-26,920,nL, ,H2O,0,2.904265e+01,1.485871e-03,5.190329e+16,1.203839e+14,6.069967e-04,2.737970e-07,1.973148e-03,6.559442e-07,3.034983e-04,1.368985e-07,1.973148e-03,6.559442e-07,9.483841e+02,0.000000e+00,-1.599482e+01,0.000000e+00
L-026641,1,-1,2023/08/30 07:33:25,505,Curve_2_std_5,230807-T4-45,4-45,920,nL, ,H2O,0,2.903502e+01,1.325868e-03,5.201187e+16,8.806885e+13,5.859418e-04,3.082173e-07,1.971137e-03,4.543107e-07,2.929709e-04,1.541087e-07,1.971137e-03,4.543107e-07,8.808006e+02,0.000000e+00,-1.699783e+01,0.000000e+00
L-026641,2,-1,2023/08/30 07:35:26,506,Curve_2_std_5,230807-T4-45,4-45,920,nL, ,H2O,0,2.903497e+01,1.473401e-03,5.354981e+16,1.172623e+14,5.808925e-04,1.762302e-07,1.972037e-03,4.615260e-07,2.904462e-04,8.811511e-08,1.972037e-03,4.615260e-07,8.645927e+02,0.000000e+00,-1.654892e+01,0.000000e+00
L-026641,3,0,2023/08/30 07:37:27,507,Curve_2_std_5,230807-T4-45,4-45,920,nL, ,H2O,0,2.903682e+01,1.467604e-03,5.349262e+16,8.895072e+13,5.766900e-04,2.563111e-07,1.971426e-03,5.027022e-07,2.883450e-04,1.281556e-07,1.971426e-03,5.027022e-07,8.511034e+02,0.000000e+00,-1.685337e+01,0.000000e+00
L-026641,4,0,2023/08/30 07:39:29,508,Curve_2_std_5,230807-T4-45,4-45,920,nL, ,H2O,0,2.903628e+01,1.241609e-03,5.147372e+16,1.390757e+14,5.740624e-04,2.231080e-07,1.970770e-03,3.897441e-07,2.870312e-04,1.115540e-07,1.970770e-03,3.897441e-07,8.426691e+02,0.000000e+00,-1.718063e+01,0.000000e+00
L-026641,5,0,2023/08/30 07:41:30,509,Curve_2_std_5,230807-T4-45,4-45,920,nL, ,H2O,0,2.903284e+01,1.306679e-03,4.986553e+16,1.082944e+14,5.732411e-04,2.515070e-07,1.970744e-03,4.735152e-07,2.866206e-04,1.257535e-07,1.970744e-03,4.735152e-07,8.400329e+02,0.000000e+00,-1.719352e+01,0.000000e+00
L-026641,6,0,2023/08/30 07:43:30,510,Curve_2_std_5,230807-T4-45,4-45,920,nL, ,H2O,0,2.902642e+01,1.433442e-03,5.067270e+16,1.032453e+14,5.724430e-04,2.442212e-07,1.970820e-03,2.903834e-07,2.862215e-04,1.221106e-07,1.970820e-03,2.903834e-07,8.374711e+02,0.000000e+00,-1.715598e+01,0.000000e+00
L-026641,7,0,2023/08/30 07:45:31,511,Curve_2_std_5,230807-T4-45,4-45,920,nL, ,H2O,0,2.902620e+01,1.416169e-03,5.058519e+16,1.179670e+14,5.723348e-04,2.738862e-07,1.970943e-03,3.983013e-07,2.861674e-04,1.369431e-07,1.970943e-03,3.983013e-07,8.371237e+02,0.000000e+00,-1.709454e+01,0.000000e+00
L-026641,8,0,2023/08/30 07:47:33,512,Curve_2_std_5,230807-T4-45,4-45,920,nL, ,H2O,0,2.903328e+01,1.717475e-03,5.064906e+16,6.469647e+13,5.717891e-04,2.235563e-07,1.970554e-03,4.388892e-07,2.858945e-04,1.117782e-07,1.970554e-03,4.388892e-07,8.353720e+02,0.000000e+00,-1.728854e+01,0.000000e+00
L-026642,1,-1,2023/08/30 07:49:34,513,YF_2/3_D4_E4-1_tech3,230807-T1-33,1-33,920,nL, ,H2O,0,2.903905e+01,1.597945e-03,5.276761e+16,7.895285e+13,6.341530e-04,4.128058e-07,1.970497e-03,4.237610e-07,3.170765e-04,2.064029e-07,1.970497e-03,4.237610e-07,1.035553e+03,0.000000e+00,-1.731695e+01,0.000000e+00
L-026642,2,-1,2023/08/30 07:51:34,514,YF_2/3_D4_E4-1_tech3,230807-T1-33,1-33,920,nL, ,H2O,0,2.904173e+01,1.577851e-03,5.201649e+16,1.793356e+14,6.576689e-04,2.960477e-07,1.969674e-03,5.060957e-07,3.288345e-04,1.480239e-07,1.969674e-03,5.060957e-07,1.111036e+03,0.000000e+00,-1.772742e+01,0.000000e+00
L-026642,3,0,2023/08/30 07:53:35,515,YF_2/3_D4_E4-1_tech3,230807-T1-33,1-33,920,nL, ,H2O,0,2.904446e+01,1.448462e-03,5.252087e+16,1.051361e+14,6.725212e-04,2.726051e-07,1.971158e-03,4.584528e-07,3.362606e-04,1.363025e-07,1.971158e-03,4.584528e-07,1.158710e+03,0.000000e+00,-1.698737e+01,0.000000e+00
L-026642,4,0,2023/08/30 07:55:38,516,YF_2/3_D4_E4-1_tech3,230807-T1-33,1-33,920,nL, ,H2O,0,2.904034e+01,1.293676e-03,5.260143e+16,1.162276e+14,6.747940e-04,2.802077e-07,1.970420e-03,4.041845e-07,3.373970e-04,1.401038e-07,1.970420e-03,4.041845e-07,1.166005e+03,0.000000e+00,-1.735546e+01,0.000000e+00
L-026642,5,0,2023/08/30 07:57:40,517,YF_2/3_D4_E4-1_tech3,230807-T1-33,1-33,920,nL, ,H2O,0,2.903395e+01,1.147367e-03,5.216972e+16,1.027061e+14,6.812459e-04,3.227400e-07,1.971265e-03,5.246148e-07,3.406229e-04,1.613700e-07,1.971265e-03,5.246148e-07,1.186715e+03,0.000000e+00,-1.693364e+01,0.000000e+00
L-026642,6,0,2023/08/30 07:59:41,518,YF_2/3_D4_E4-1_tech3,230807-T1-33,1-33,920,nL, ,H2O,0,2.902801e+01,1.351650e-03,5.143680e+16,1.071437e+14,6.816183e-04,2.340353e-07,1.971268e-03,5.050079e-07,3.408091e-04,1.170176e-07,1.971268e-03,5.050079e-07,1.187910e+03,0.000000e+00,-1.693233e+01,0.000000e+00
L-026642,7,0,2023/08/30 08:01:43,519,YF_2/3_D4_E4-1_tech3,230807-T1-33,1-33,920,nL, ,H2O,0,2.902944e+01,1.561415e-03,5.014019e+16,4.991101e+14,6.780738e-04,5.515114e-07,1.969864e-03,4.456227e-07,3.390369e-04,2.757557e-07,1.969864e-03,4.456227e-07,1.176533e+03,0.000000e+00,-1.763266e+01,0.000000e+00
L-026642,8,0,2023/08/30 08:03:46,520,YF_2/3_D4_E4-1_tech3,230807-T1-33,1-33,920,nL, ,H2O,0,2.903004e+01,1.419501e-03,5.139501e+16,1.131635e+14,6.836874e-04,2.095393e-07,1.971420e-03,6.023752e-07,3.418437e-04,1.047696e-07,1.971420e-03,6.023752e-07,1.194552e+03,0.000000e+00,-1.685673e+01,0.000000e+00
L-026643,1,-1,2023/08/30 08:05:46,521,BlaJ-0180_D8_treatment_tech2,230807-T3-5,3-5,920,nL, ,H2O,0,2.902580e+01,1.405860e-03,4.987854e+16,9.123926e+13,6.167867e-04,3.350196e-07,1.971643e-03,4.438722e-07,3.083933e-04,1.675098e-07,1.971643e-03,4.438722e-07,9.798087e+02,0.000000e+00,-1.674513e+01,0.000000e+00
L-026643,2,-1,2023/08/30 08:07:47,522,BlaJ-0180_D8_treatment_tech2,230807-T3-5,3-5,920,nL, ,H2O,0,2.902209e+01,1.460178e-03,4.888162e+16,7.004671e+13,5.889250e-04,3.072176e-07,1.971761e-03,4.864144e-07,2.944625e-04,1.536088e-07,1.971761e-03,4.864144e-07,8.903761e+02,0.000000e+00,-1.668635e+01,0.000000e+00
L-026643,3,0,2023/08/30 08:09:49,523,BlaJ-0180_D8_treatment_tech2,230807-T3-5,3-5,920,nL, ,H2O,0,2.901630e+01,1.468751e-03,4.990710e+16,8.866895e+13,5.772255e-04,2.768323e-07,1.972098e-03,5.424175e-07,2.886128e-04,1.384162e-07,1.972098e-03,5.424175e-07,8.528223e+02,0.000000e+00,-1.651828e+01,0.000000e+00
L-026643,4,0,2023/08/30 08:11:49,524,BlaJ-0180_D8_treatment_tech2,230807-T3-5,3-5,920,nL, ,H2O,0,2.901944e+01,1.605873e-03,4.993695e+16,1.007979e+14,5.714663e-04,3.146309e-07,1.971661e-03,4.198549e-07,2.857332e-04,1.573155e-07,1.971661e-03,4.198549e-07,8.343359e+02,0.000000e+00,-1.673618e+01,0.000000e+00
L-026643,5,0,2023/08/30 08:13:50,525,BlaJ-0180_D8_treatment_tech2,230807-T3-5,3-5,920,nL, ,H2O,0,2.902632e+01,1.843858e-03,5.026293e+16,7.901312e+13,5.689410e-04,2.475769e-07,1.971570e-03,3.256233e-07,2.844705e-04,1.237884e-07,1.971570e-03,3.256233e-07,8.262300e+02,0.000000e+00,-1.678152e+01,0.000000e+00
L-026643,6,0,2023/08/30 08:15:52,526,BlaJ-0180_D8_treatment_tech2,230807-T3-5,3-5,920,nL, ,H2O,0,2.903185e+01,1.764339e-03,5.093560e+16,1.000695e+14,5.671763e-04,2.482221e-07,1.971478e-03,3.653648e-07,2.835881e-04,1.241110e-07,1.971478e-03,3.653648e-07,8.205654e+02,0.000000e+00,-1.682781e+01,0.000000e+00
L-026643,7,0,2023/08/30 08:17:52,527,BlaJ-0180_D8_treatment_tech2,230807-T3-5,3-5,920,nL, ,H2O,0,2.903204e+01,1.389229e-03,5.057319e+16,8.713799e+13,5.665252e-04,2.736567e-07,1.972052e-03,4.436623e-07,2.832626e-04,1.368284e-07,1.972052e-03,4.436623e-07,8.184757e+02,0.000000e+00,-1.654131e+01,0.000000e+00
L-026643,8,0,2023/08/30 08:19:53,528,BlaJ-0180_D8_treatment_tech2,230807-T3-5,3-5,920,nL, ,H2O,0,2.902910e+01,1.369581e-03,5.043996e+16,9.135736e+13,5.655748e-04,2.137288e-07,1.971948e-03,5.128783e-07,2.827874e-04,1.068644e-07,1.971948e-03,5.128783e-07,8.154248e+02,0.000000e+00,-1.659302e+01,0.000000e+00
L-026644,1,-1,2023/08/30 08:21:55,529,YM_2/3_D8_E4-1_tech3,230807-T2-27,2-27,920,nL, ,H2O,0,2.902155e+01,1.282879e-03,5.341348e+16,1.578839e+14,6.474875e-04,3.714204e-07,1.971500e-03,3.965153e-07,3.237438e-04,1.857102e-07,1.971500e-03,3.965153e-07,1.078355e+03,0.000000e+00,-1.681659e+01,0.000000e+00
L-026644,2,-1,2023/08/30 08:23:55,530,YM_2/3_D8_E4-1_tech3,230807-T2-27,2-27,920,nL, ,H2O,0,2.901499e+01,1.441803e-03,5.292069e+16,1.080589e+14,6.815305e-04,4.393471e-07,1.971177e-03,5.559267e-07,3.407653e-04,2.196735e-07,1.971177e-03,5.559267e-07,1.187628e+03,0.000000e+00,-1.697765e+01,0.000000e+00
L-026644,3,0,2023/08/30 08:25:56,531,YM_2/3_D8_E4-1_tech3,230807-T2-27,2-27,920,nL, ,H2O,0,2.901580e+01,1.813299e-03,5.137775e+16,1.334081e+14,6.961008e-04,3.615644e-07,1.970806e-03,3.433223e-07,3.480504e-04,1.807822e-07,1.970806e-03,3.433223e-07,1.234397e+03,0.000000e+00,-1.716300e+01,0.000000e+00
L-026644,4,0,2023/08/30 08:27:57,532,YM_2/3_D8_E4-1_tech3,230807-T2-27,2-27,920,nL, ,H2O,0,2.901645e+01,1.484437e-03,5.219414e+16,1.105141e+14,7.029473e-04,2.373638e-07,1.970974e-03,4.890954e-07,3.514736e-04,1.186819e-07,1.970974e-03,4.890954e-07,1.256374e+03,0.000000e+00,-1.707906e+01,0.000000e+00
L-026644,5,0,2023/08/30 08:29:59,533,YM_2/3_D8_E4-1_tech3,230807-T2-27,2-27,920,nL, ,H2O,0,2.901499e+01,1.184000e-03,5.184505e+16,1.219254e+14,7.065115e-04,2.520180e-07,1.971014e-03,4.840457e-07,3.532557e-04,1.260090e-07,1.971014e-03,4.840457e-07,1.267814e+03,0.000000e+00,-1.705892e+01,0.000000e+00
L-026644,6,0,2023/08/30 08:31:59,534,YM_2/3_D8_E4-1_tech3,230807-T2-27,2-27,920,nL, ,H2O,0,2.900685e+01,1.452812e-03,5.045880e+16,9.844981e+13,7.083420e-04,2.759757e-07,1.970700e-03,4.302662e-07,3.541710e-04,1.379879e-07,1.970700e-03,4.302662e-07,1.273690e+03,0.000000e+00,-1.721569e+01,0.000000e+00
L-026644,7,0,2023/08/30 08:34:00,535,YM_2/3_D8_E4-1_tech3,230807-T2-27,2-27,920,nL, ,H2O,0,2.900190e+01,1.511752e-03,5.160261e+16,8.896863e+13,7.093992e-04,2.422587e-07,1.970981e-03,5.533064e-07,3.546996e-04,1.211293e-07,1.970981e-03,5.533064e-07,1.277083e+03,0.000000e+00,-1.707524e+01,0.000000e+00
L-026644,8,0,2023/08/30 08:36:01,536,YM_2/3_D8_E4-1_tech3,230807-T2-27,2-27,920,nL, ,H2O,0,2.900648e+01,1.688193e-03,5.066268e+16,1.138704e+14,7.097179e-04,2.408562e-07,1.970457e-03,3.970580e-07,3.548590e-04,1.204281e-07,1.970457e-03,3.970580e-07,1.278107e+03,0.000000e+00,-1.733668e+01,0.000000e+00
L-026645,1,-1,2023/08/30 08:38:02,537,YM_2/3_D1_E4-1_tech2,230807-T1-50,1-50,920,nL, ,H2O,0,2.901593e+01,1.497880e-03,5.284529e+16,1.407754e+14,6.627983e-04,2.224631e-07,1.970699e-03,4.136317e-07,3.313992e-04,1.112315e-07,1.970699e-03,4.136317e-07,1.127500e+03,0.000000e+00,-1.721602e+01,0.000000e+00
L-026645,2,-1,2023/08/30 08:40:05,538,YM_2/3_D1_E4-1_tech2,230807-T1-50,1-50,920,nL, ,H2O,0,2.902382e+01,1.570849e-03,5.265739e+16,7.237171e+13,6.417029e-04,3.536291e-07,1.970425e-03,5.706480e-07,3.208514e-04,1.768146e-07,1.970425e-03,5.706480e-07,1.059787e+03,0.000000e+00,-1.735257e+01,0.000000e+00
L-026645,3,0,2023/08/30 08:42:05,539,YM_2/3_D1_E4-1_tech2,230807-T1-50,1-50,920,nL, ,H2O,0,2.902343e+01,1.433212e-03,5.181278e+16,8.508592e+13,6.327893e-04,3.083730e-07,1.970866e-03,4.792040e-07,3.163946e-04,1.541865e-07,1.970866e-03,4.792040e-07,1.031175e+03,0.000000e+00,-1.713280e+01,0.000000e+00
L-026645,4,0,2023/08/30 08:44:07,540,YM_2/3_D1_E4-1_tech2,230807-T1-50,1-50,920,nL, ,H2O,0,2.901650e+01,1.422971e-03,5.274479e+16,1.167965e+14,6.281480e-04,2.814581e-07,1.970805e-03,5.472834e-07,3.140740e-04,1.407291e-07,1.970805e-03,5.472834e-07,1.016277e+03,0.000000e+00,-1.716338e+01,0.000000e+00
L-026645,5,0,2023/08/30 08:46:09,541,YM_2/3_D1_E4-1_tech2,230807-T1-50,1-50,920,nL, ,H2O,0,2.900890e+01,1.401576e-03,5.211603e+16,9.365586e+13,6.272537e-04,2.710684e-07,1.971308e-03,4.856664e-07,3.136269e-04,1.355342e-07,1.971308e-03,4.856664e-07,1.013407e+03,0.000000e+00,-1.691232e+01,0.000000e+00
L-026645,6,0,2023/08/30 08:48:10,542,YM_2/3_D1_E4-1_tech2,230807-T1-50,1-50,920,nL, ,H2O,0,2.900949e+01,1.518424e-03,5.103008e+16,1.175769e+14,6.250922e-04,2.948081e-07,1.971197e-03,4.018153e-07,3.125461e-04,1.474041e-07,1.971197e-03,4.018153e-07,1.006468e+03,0.000000e+00,-1.696792e+01,0.000000e+00
L-026645,7,0,2023/08/30 08:50:12,543,YM_2/3_D1_E4-1_tech2,230807-T1-50,1-50,920,nL, ,H2O,0,2.901120e+01,1.595697e-03,5.213206e+16,1.261241e+14,6.251169e-04,2.551972e-07,1.971347e-03,5.226894e-07,3.125585e-04,1.275986e-07,1.971347e-03,5.226894e-07,1.006548e+03,0.000000e+00,-1.689284e+01,0.000000e+00
L-026645,8,0,2023/08/30 08:52:14,544,YM_2/3_D1_E4-1_tech2,230807-T1-50,1-50,920,nL, ,H2O,0,2.901303e+01,1.482470e-03,5.232599e+16,1.176540e+14,6.246068e-04,2.150670e-07,1.971355e-03,4.292886e-07,3.123034e-04,1.075335e-07,1.971355e-03,4.292886e-07,1.004910e+03,0.000000e+00,-1.688906e+01,0.000000e+00
L-026646,1,-1,2023/08/30 08:54:15,545,YM_2/3_D4_E3-1_tech2,230807-T2-23,2-23,920,nL, ,H2O,0,2.901323e+01,1.638623e-03,5.344715e+16,9.783948e+13,6.663257e-04,2.487599e-07,1.971160e-03,5.264696e-07,3.331629e-04,1.243799e-07,1.971160e-03,5.264696e-07,1.138823e+03,0.000000e+00,-1.698611e+01,0.000000e+00
L-026646,2,-1,2023/08/30 08:56:16,546,YM_2/3_D4_E3-1_tech2,230807-T2-23,2-23,920,nL, ,H2O,0,2.901437e+01,1.502808e-03,5.220086e+16,1.125060e+14,6.840262e-04,2.781269e-07,1.971195e-03,4.684201e-07,3.420131e-04,1.390634e-07,1.971195e-03,4.684201e-07,1.195639e+03,0.000000e+00,-1.696861e+01,0.000000e+00
L-026646,3,0,2023/08/30 08:58:17,547,YM_2/3_D4_E3-1_tech2,230807-T2-23,2-23,920,nL, ,H2O,0,2.901100e+01,1.340944e-03,5.227410e+16,7.507233e+13,6.917025e-04,2.547607e-07,1.971240e-03,5.018574e-07,3.458512e-04,1.273804e-07,1.971240e-03,5.018574e-07,1.220279e+03,0.000000e+00,-1.694646e+01,0.000000e+00
L-026646,4,0,2023/08/30 09:00:18,548,YM_2/3_D4_E3-1_tech2,230807-T2-23,2-23,920,nL, ,H2O,0,2.900593e+01,1.484885e-03,5.220872e+16,1.192333e+14,6.954420e-04,2.990200e-07,1.971243e-03,5.167457e-07,3.477210e-04,1.495100e-07,1.971243e-03,5.167457e-07,1.232283e+03,0.000000e+00,-1.694473e+01,0.000000e+00
L-026646,5,0,2023/08/30 09:02:19,549,YM_2/3_D4_E3-1_tech2,230807-T2-23,2-23,920,nL, ,H2O,0,2.899755e+01,1.090549e-03,4.961871e+16,5.605272e+14,6.918227e-04,5.918221e-07,1.969708e-03,5.083087e-07,3.459114e-04,2.959111e-07,1.969708e-03,5.083087e-07,1.220665e+03,0.000000e+00,-1.771057e+01,0.000000e+00
L-026646,6,0,2023/08/30 09:04:20,550,YM_2/3_D4_E3-1_tech2,230807-T2-23,2-23,920,nL, ,H2O,0,2.899713e+01,1.472414e-03,5.188351e+16,9.270037e+13,6.993452e-04,1.691339e-07,1.971713e-03,3.185798e-07,3.496726e-04,8.456696e-08,1.971713e-03,3.185798e-07,1.244811e+03,0.000000e+00,-1.671047e+01,0.000000e+00
L-026646,7,0,2023/08/30 09:06:21,551,YM_2/3_D4_E3-1_tech2,230807-T2-23,2-23,920,nL, ,H2O,0,2.900230e+01,1.494828e-03,5.155960e+16,9.420724e+13,6.997012e-04,2.244000e-07,1.971558e-03,3.970554e-07,3.498506e-04,1.122000e-07,1.971558e-03,3.970554e-07,1.245954e+03,0.000000e+00,-1.678761e+01,0.000000e+00
L-026646,8,0,2023/08/30 09:08:22,552,YM_2/3_D4_E3-1_tech2,230807-T2-23,2-23,920,nL, ,H2O,0,2.900655e+01,1.279994e-03,5.066501e+16,9.460265e+13,6.981534e-04,1.701045e-07,1.970838e-03,4.991695e-07,3.490767e-04,8.505226e-08,1.970838e-03,4.991695e-07,1.240986e+03,0.000000e+00,-1.714660e+01,0.000000e+00
L-026647,1,-1,2023/08/30 09:10:23,553,YF_2/3_D8_E3-1_tech3,230807-T1-42,1-42,920,nL, ,H2O,0,2.900546e+01,1.481263e-03,5.317032e+16,1.406651e+14,6.891885e-04,1.933688e-07,1.971432e-03,4.093606e-07,3.445943e-04,9.668440e-08,1.971432e-03,4.093606e-07,1.212210e+03,0.000000e+00,-1.685038e+01,0.000000e+00
L-026647,2,-1,2023/08/30 09:12:25,554,YF_2/3_D8_E3-1_tech3,230807-T1-42,1-42,920,nL, ,H2O,0,2.900328e+01,1.553647e-03,5.364248e+16,1.201595e+14,6.845049e-04,2.480628e-07,1.971323e-03,3.523231e-07,3.422524e-04,1.240314e-07,1.971323e-03,3.523231e-07,1.197176e+03,0.000000e+00,-1.690506e+01,0.000000e+00
L-026647,3,0,2023/08/30 09:14:27,555,YF_2/3_D8_E3-1_tech3,230807-T1-42,1-42,920,nL, ,H2O,0,2.900148e+01,1.399054e-03,5.232894e+16,1.075247e+14,6.812072e-04,2.289942e-07,1.971084e-03,4.659065e-07,3.406036e-04,1.144971e-07,1.971084e-03,4.659065e-07,1.186590e+03,0.000000e+00,-1.702424e+01,0.000000e+00
L-026647,4,0,2023/08/30 09:16:29,556,YF_2/3_D8_E3-1_tech3,230807-T1-42,1-42,920,nL, ,H2O,0,2.900747e+01,1.718514e-03,5.237737e+16,1.136703e+14,6.795920e-04,2.001218e-07,1.970412e-03,5.568595e-07,3.397960e-04,1.000609e-07,1.970412e-03,5.568595e-07,1.181406e+03,0.000000e+00,-1.735919e+01,0.000000e+00
L-026647,5,0,2023/08/30 09:18:31,557,YF_2/3_D8_E3-1_tech3,230807-T1-42,1-42,920,nL, ,H2O,0,2.901387e+01,1.701008e-03,5.219282e+16,1.324962e+14,6.815727e-04,2.227145e-07,1.971045e-03,3.904887e-07,3.407863e-04,1.113572e-07,1.971045e-03,3.904887e-07,1.187764e+03,0.000000e+00,-1.704380e+01,0.000000e+00
L-026647,6,0,2023/08/30 09:20:32,558,YF_2/3_D8_E3-1_tech3,230807-T1-42,1-42,920,nL, ,H2O,0,2.901880e+01,1.561187e-03,5.024451e+16,1.188339e+14,6.801522e-04,2.618434e-07,1.970544e-03,4.236899e-07,3.400761e-04,1.309217e-07,1.970544e-03,4.236899e-07,1.183204e+03,0.000000e+00,-1.729319e+01,0.000000e+00
L-026647,7,0,2023/08/30 09:22:34,559,YF_2/3_D8_E3-1_tech3,230807-T1-42,1-42,920,nL, ,H2O,0,2.902214e+01,1.372747e-03,5.039220e+16,9.363011e+13,6.798616e-04,2.655303e-07,1.970882e-03,3.938167e-07,3.399308e-04,1.327652e-07,1.970882e-03,3.938167e-07,1.182272e+03,0.000000e+00,-1.712495e+01,0.000000e+00
L-026647,8,0,2023/08/30 09:24:36,560,YF_2/3_D8_E3-1_tech3,230807-T1-42,1-42,920,nL, ,H2O,0,2.902065e+01,1.351299e-03,5.082225e+16,1.088269e+14,6.797480e-04,2.481743e-07,1.971121e-03,3.558861e-07,3.398740e-04,1.240872e-07,1.971121e-03,3.558861e-07,1.181907e+03,0.000000e+00,-1.700564e+01,0.000000e+00
L-026648,1,-1,2023/08/30 09:26:37,561,Curve_1_std_2,230807-T4-35,4-35,920,nL, ,H2O,0,2.901843e+01,1.654795e-03,5.370494e+16,1.211985e+14,4.852660e-04,9.773738e-07,1.971367e-03,3.672195e-07,2.426330e-04,4.886869e-07,1.971367e-03,3.672195e-07,5.576435e+02,0.000000e+00,-1.688322e+01,0.000000e+00
L-026648,2,-1,2023/08/30 09:28:38,562,Curve_1_std_2,230807-T4-35,4-35,920,nL, ,H2O,0,2.901600e+01,1.547805e-03,5.417958e+16,8.355515e+13,4.041594e-04,8.305187e-07,1.971671e-03,4.079725e-07,2.020797e-04,4.152594e-07,1.971671e-03,4.079725e-07,2.973017e+02,0.000000e+00,-1.673118e+01,0.000000e+00
L-026648,3,0,2023/08/30 09:30:39,563,Curve_1_std_2,230807-T4-35,4-35,920,nL, ,H2O,0,2.901613e+01,1.508416e-03,5.228834e+16,1.200574e+14,3.684731e-04,7.521705e-07,1.971432e-03,3.430060e-07,1.842366e-04,3.760852e-07,1.971432e-03,3.430060e-07,1.827530e+02,0.000000e+00,-1.685035e+01,0.000000e+00
L-026648,4,0,2023/08/30 09:32:40,564,Curve_1_std_2,230807-T4-35,4-35,920,nL, ,H2O,0,2.902264e+01,2.003073e-03,4.924244e+16,7.706078e+14,3.494290e-04,6.175584e-07,1.968836e-03,4.957955e-07,1.747145e-04,3.087792e-07,1.968836e-03,4.957955e-07,1.216236e+02,0.000000e+00,-1.814522e+01,0.000000e+00
L-026648,5,0,2023/08/30 09:34:41,565,Curve_1_std_2,230807-T4-35,4-35,920,nL, ,H2O,0,2.903279e+01,1.477387e-03,5.109069e+16,1.097243e+14,3.421194e-04,4.289195e-07,1.971445e-03,2.985496e-07,1.710597e-04,2.144597e-07,1.971445e-03,2.985496e-07,9.816077e+01,0.000000e+00,-1.684428e+01,0.000000e+00
L-026648,6,0,2023/08/30 09:36:42,566,Curve_1_std_2,230807-T4-35,4-35,920,nL, ,H2O,0,2.904411e+01,1.519819e-03,5.214008e+16,1.030196e+14,3.370184e-04,4.146953e-07,1.971167e-03,4.392478e-07,1.685092e-04,2.073477e-07,1.971167e-03,4.392478e-07,8.178715e+01,0.000000e+00,-1.698258e+01,0.000000e+00
L-026648,7,0,2023/08/30 09:38:43,567,Curve_1_std_2,230807-T4-35,4-35,920,nL, ,H2O,0,2.905313e+01,1.778140e-03,5.252004e+16,1.259392e+14,3.339250e-04,3.143583e-07,1.970832e-03,4.942108e-07,1.669625e-04,1.571792e-07,1.970832e-03,4.942108e-07,7.185781e+01,0.000000e+00,-1.714974e+01,0.000000e+00
L-026648,8,0,2023/08/30 09:40:44,568,Curve_1_std_2,230807-T4-35,4-35,920,nL, ,H2O,0,2.906072e+01,1.455599e-03,5.252040e+16,1.009798e+14,3.318832e-04,3.005084e-07,1.970926e-03,3.522713e-07,1.659416e-04,1.502542e-07,1.970926e-03,3.522713e-07,6.530403e+01,0.000000e+00,-1.710301e+01,0.000000e+00
L-026649,1,-1,2023/08/30 09:42:46,569,YF_2/3_D0_E4-1_tech3,230807-T1-03,1-3,920,nL, ,H2O,0,2.906932e+01,1.638037e-03,5.337487e+16,1.221399e+14,3.059135e-04,3.101814e-07,1.970634e-03,3.463548e-07,1.529567e-04,1.550907e-07,1.970634e-03,3.463548e-07,-1.805570e+01,0.000000e+00,-1.724851e+01,0.000000e+00
L-026649,2,-1,2023/08/30 09:44:48,570,YF_2/3_D0_E4-1_tech3,230807-T1-03,1-3,920,nL, ,H2O,0,2.907920e+01,1.737684e-03,5.256085e+16,1.113277e+14,2.942672e-04,3.660003e-07,1.970588e-03,4.723320e-07,1.471336e-04,1.830001e-07,1.970588e-03,4.723320e-07,-5.543888e+01,0.000000e+00,-1.727154e+01,0.000000e+00
L-026649,3,0,2023/08/30 09:46:49,571,YF_2/3_D0_E4-1_tech3,230807-T1-03,1-3,920,nL, ,H2O,0,2.908935e+01,1.582541e-03,5.354118e+16,1.198017e+14,2.887140e-04,2.903507e-07,1.970879e-03,3.615115e-07,1.443570e-04,1.451754e-07,1.970879e-03,3.615115e-07,-7.326394e+01,0.000000e+00,-1.712641e+01,0.000000e+00
L-026649,4,0,2023/08/30 09:48:50,572,YF_2/3_D0_E4-1_tech3,230807-T1-03,1-3,920,nL, ,H2O,0,2.909342e+01,1.285607e-03,5.286756e+16,4.552198e+14,2.846011e-04,4.210627e-07,1.970312e-03,6.197700e-07,1.423006e-04,2.105314e-07,1.970312e-03,6.197700e-07,-8.646577e+01,0.000000e+00,-1.740926e+01,0.000000e+00
L-026649,5,0,2023/08/30 09:50:52,573,YF_2/3_D0_E4-1_tech3,230807-T1-03,1-3,920,nL, ,H2O,0,2.909233e+01,1.306204e-03,5.315448e+16,1.012685e+14,2.844549e-04,2.691340e-07,1.971811e-03,3.570899e-07,1.422274e-04,1.345670e-07,1.971811e-03,3.570899e-07,-8.693506e+01,0.000000e+00,-1.666156e+01,0.000000e+00
L-026649,6,0,2023/08/30 09:52:53,574,YF_2/3_D0_E4-1_tech3,230807-T1-03,1-3,920,nL, ,H2O,0,2.908632e+01,1.440401e-03,5.260225e+16,1.275219e+14,2.836528e-04,3.077723e-07,1.971510e-03,4.294419e-07,1.418264e-04,1.538861e-07,1.971510e-03,4.294419e-07,-8.950982e+01,0.000000e+00,-1.681146e+01,0.000000e+00
L-026649,7,0,2023/08/30 09:54:55,575,YF_2/3_D0_E4-1_tech3,230807-T1-03,1-3,920,nL, ,H2O,0,2.908449e+01,1.207793e-03,5.284147e+16,1.113627e+14,2.830619e-04,2.830076e-07,1.971906e-03,5.688764e-07,1.415309e-04,1.415038e-07,1.971906e-03,5.688764e-07,-9.140654e+01,0.000000e+00,-1.661437e+01,0.000000e+00
L-026649,8,0,2023/08/30 09:56:57,576,YF_2/3_D0_E4-1_tech3,230807-T1-03,1-3,920,nL, ,H2O,0,2.908853e+01,1.643262e-03,5.119626e+16,1.620431e+14,2.821582e-04,2.649694e-07,1.971609e-03,5.514232e-07,1.410791e-04,1.324847e-07,1.971609e-03,5.514232e-07,-9.430713e+01,0.000000e+00,-1.676253e+01,0.000000e+00
L-026650,1,-1,2023/08/30 09:58:58,577,YF_2/3_D2_E3-1_tech1,230807-T1-22,1-22,920,nL, ,H2O,0,2.909253e+01,1.408342e-03,5.216675e+16,1.012657e+14,4.787012e-04,9.935375e-07,1.971334e-03,4.392073e-07,2.393506e-04,4.967687e-07,1.971334e-03,4.392073e-07,5.365715e+02,0.000000e+00,-1.689956e+01,0.000000e+00
L-026650,2,-1,2023/08/30 10:00:59,578,YF_2/3_D2_E3-1_tech1,230807-T1-22,1-22,920,nL, ,H2O,0,2.909320e+01,1.454485e-03,5.260726e+16,9.941161e+13,5.587497e-04,8.022184e-07,1.970982e-03,4.907519e-07,2.793748e-04,4.011092e-07,1.970982e-03,4.907519e-07,7.935172e+02,0.000000e+00,-1.707478e+01,0.000000e+00
L-026650,3,0,2023/08/30 10:03:01,579,YF_2/3_D2_E3-1_tech1,230807-T1-22,1-22,920,nL, ,H2O,0,2.908719e+01,1.313572e-03,5.338485e+16,1.012529e+14,5.946181e-04,5.641677e-07,1.971105e-03,3.400868e-07,2.973090e-04,2.820839e-07,1.971105e-03,3.400868e-07,9.086503e+02,0.000000e+00,-1.701357e+01,0.000000e+00
L-026650,4,0,2023/08/30 10:05:03,580,YF_2/3_D2_E3-1_tech1,230807-T1-22,1-22,920,nL, ,H2O,0,2.908506e+01,1.729884e-03,5.345327e+16,1.114768e+14,6.111633e-04,4.602968e-07,1.971293e-03,5.284833e-07,3.055816e-04,2.301484e-07,1.971293e-03,5.284833e-07,9.617583e+02,0.000000e+00,-1.691993e+01,0.000000e+00
L-026650,5,0,2023/08/30 10:07:05,581,YF_2/3_D2_E3-1_tech1,230807-T1-22,1-22,920,nL, ,H2O,0,2.909131e+01,1.772057e-03,5.256626e+16,1.078011e+14,6.195252e-04,4.209915e-07,1.971194e-03,4.663907e-07,3.097626e-04,2.104958e-07,1.971194e-03,4.663907e-07,9.885991e+02,0.000000e+00,-1.696925e+01,0.000000e+00
L-026650,6,0,2023/08/30 10:09:07,582,YF_2/3_D2_E3-1_tech1,230807-T1-22,1-22,920,nL, ,H2O,0,2.909909e+01,1.793266e-03,5.200044e+16,1.102440e+14,6.246360e-04,3.897599e-07,1.971167e-03,4.265091e-07,3.123180e-04,1.948800e-07,1.971167e-03,4.265091e-07,1.005004e+03,0.000000e+00,-1.698253e+01,0.000000e+00
L-026650,7,0,2023/08/30 10:11:09,583,YF_2/3_D2_E3-1_tech1,230807-T1-22,1-22,920,nL, ,H2O,0,2.910137e+01,1.415757e-03,5.225077e+16,8.411094e+13,6.275583e-04,2.680584e-07,1.971175e-03,4.177331e-07,3.137792e-04,1.340292e-07,1.971175e-03,4.177331e-07,1.014384e+03,0.000000e+00,-1.697867e+01,0.000000e+00
L-026650,8,0,2023/08/30 10:13:11,584,YF_2/3_D2_E3-1_tech1,230807-T1-22,1-22,920,nL, ,H2O,0,2.909688e+01,1.214810e-03,5.237051e+16,9.910093e+13,6.291900e-04,2.573303e-07,1.971101e-03,4.110064e-07,3.145950e-04,1.286651e-07,1.971101e-03,4.110064e-07,1.019622e+03,0.000000e+00,-1.701578e+01,0.000000e+00
L-026651,1,-1,2023/08/30 10:15:13,585,YM_2/3_D0_E3-1_tech3,230807-T1-48,1-48,920,nL, ,H2O,0,2.908826e+01,1.543607e-03,5.369211e+16,5.822359e+13,4.373630e-04,8.846656e-07,1.970896e-03,4.990100e-07,2.186815e-04,4.423328e-07,1.970896e-03,4.990100e-07,4.038809e+02,0.000000e+00,-1.711789e+01,0.000000e+00
L-026651,2,-1,2023/08/30 10:17:15,586,YM_2/3_D0_E3-1_tech3,230807-T1-48,1-48,920,nL, ,H2O,0,2.908126e+01,1.295468e-03,5.389605e+16,1.207413e+14,3.571196e-04,8.047930e-07,1.971680e-03,3.471056e-07,1.785598e-04,4.023965e-07,1.971680e-03,3.471056e-07,1.463095e+02,0.000000e+00,-1.672704e+01,0.000000e+00
L-026651,3,0,2023/08/30 10:19:17,587,YM_2/3_D0_E3-1_tech3,230807-T1-48,1-48,920,nL, ,H2O,0,2.907806e+01,1.702283e-03,5.198571e+16,1.013451e+14,3.196664e-04,6.212206e-07,1.971374e-03,3.251258e-07,1.598332e-04,3.106103e-07,1.971374e-03,3.251258e-07,2.608951e+01,0.000000e+00,-1.687952e+01,0.000000e+00
L-026651,4,0,2023/08/30 10:21:19,588,YM_2/3_D0_E3-1_tech3,230807-T1-48,1-48,920,nL, ,H2O,0,2.908032e+01,1.395946e-03,5.013274e+16,9.683385e+13,3.014053e-04,5.356093e-07,1.970442e-03,4.497481e-07,1.507026e-04,2.678047e-07,1.970442e-03,4.497481e-07,-3.252646e+01,0.000000e+00,-1.734425e+01,0.000000e+00
L-026651,5,0,2023/08/30 10:23:21,589,YM_2/3_D0_E3-1_tech3,230807-T1-48,1-48,920,nL, ,H2O,0,2.907989e+01,1.352094e-03,5.079547e+16,5.661570e+13,2.937122e-04,4.367125e-07,1.971499e-03,4.876808e-07,1.468561e-04,2.183562e-07,1.971499e-03,4.876808e-07,-5.722034e+01,0.000000e+00,-1.681737e+01,0.000000e+00
L-026651,6,0,2023/08/30 10:25:23,590,YM_2/3_D0_E3-1_tech3,230807-T1-48,1-48,920,nL, ,H2O,0,2.907242e+01,1.373433e-03,5.066106e+16,9.418932e+13,2.892445e-04,3.696399e-07,1.971428e-03,5.516120e-07,1.446222e-04,1.848200e-07,1.971428e-03,5.516120e-07,-7.156118e+01,0.000000e+00,-1.685267e+01,0.000000e+00
L-026651,7,0,2023/08/30 10:27:25,591,YM_2/3_D0_E3-1_tech3,230807-T1-48,1-48,920,nL, ,H2O,0,2.906345e+01,1.544514e-03,5.119868e+16,1.070066e+14,2.866012e-04,3.278903e-07,1.971287e-03,4.749931e-07,1.433006e-04,1.639451e-07,1.971287e-03,4.749931e-07,-8.004566e+01,0.000000e+00,-1.692292e+01,0.000000e+00
L-026651,8,0,2023/08/30 10:29:27,592,YM_2/3_D0_E3-1_tech3,230807-T1-48,1-48,920,nL, ,H2O,0,2.906285e+01,1.615412e-03,4.929061e+16,2.259530e+14,2.839049e-04,2.976167e-07,1.970216e-03,3.860236e-07,1.419524e-04,1.488083e-07,1.970216e-03,3.860236e-07,-8.870062e+01,0.000000e+00,-1.745708e+01,0.000000e+00
L-026652,1,-1,2023/08/30 10:31:29,593,YF_2/3_D32_E3-1_tech2,230807-T1-29,1-29,920,nL, ,H2O,0,2.906707e+01,1.382021e-03,5.100325e+16,4.411796e+14,4.907048e-04,4.270055e-07,1.970132e-03,3.903377e-07,2.453524e-04,2.135028e-07,1.970132e-03,3.903377e-07,5.751017e+02,0.000000e+00,-1.749909e+01,0.000000e+00
L-026652,2,-1,2023/08/30 10:33:31,594,YF_2/3_D32_E3-1_tech2,230807-T1-29,1-29,920,nL, ,H2O,0,2.906555e+01,1.493165e-03,5.320927e+16,1.187069e+14,5.816653e-04,8.436793e-07,1.971768e-03,4.567417e-07,2.908326e-04,4.218396e-07,1.971768e-03,4.567417e-07,8.670734e+02,0.000000e+00,-1.668292e+01,0.000000e+00
L-026652,3,0,2023/08/30 10:35:33,595,YF_2/3_D32_E3-1_tech2,230807-T1-29,1-29,920,nL, ,H2O,0,2.905960e+01,1.220610e-03,5.268544e+16,4.973270e+14,6.145242e-04,9.062461e-07,1.969885e-03,6.503303e-07,3.072621e-04,4.531230e-07,1.969885e-03,6.503303e-07,9.725464e+02,0.000000e+00,-1.762196e+01,0.000000e+00
L-026652,4,0,2023/08/30 10:37:35,596,YF_2/3_D32_E3-1_tech2,230807-T1-29,1-29,920,nL, ,H2O,0,2.905323e+01,1.171683e-03,5.237340e+16,1.010682e+14,6.381284e-04,5.299592e-07,1.971725e-03,4.563124e-07,3.190642e-04,2.649796e-07,1.971725e-03,4.563124e-07,1.048313e+03,0.000000e+00,-1.670427e+01,0.000000e+00
L-026652,5,0,2023/08/30 10:39:37,597,YF_2/3_D32_E3-1_tech2,230807-T1-29,1-29,920,nL, ,H2O,0,2.904941e+01,1.560925e-03,5.192294e+16,1.269619e+14,6.452369e-04,4.611910e-07,1.971328e-03,6.078386e-07,3.226185e-04,2.305955e-07,1.971328e-03,6.078386e-07,1.071130e+03,0.000000e+00,-1.690236e+01,0.000000e+00
L-026652,6,0,2023/08/30 10:41:38,598,YF_2/3_D32_E3-1_tech2,230807-T1-29,1-29,920,nL, ,H2O,0,2.905596e+01,1.760037e-03,5.063127e+16,1.068576e+14,6.497872e-04,3.047981e-07,1.971300e-03,5.054776e-07,3.248936e-04,1.523991e-07,1.971300e-03,5.054776e-07,1.085736e+03,0.000000e+00,-1.691650e+01,0.000000e+00
L-026652,7,0,2023/08/30 10:43:39,599,YF_2/3_D32_E3-1_tech2,230807-T1-29,1-29,920,nL, ,H2O,0,2.906129e+01,1.288909e-03,5.139244e+16,8.935282e+13,6.508611e-04,2.298215e-07,1.970751e-03,4.737050e-07,3.254305e-04,1.149108e-07,1.970751e-03,4.737050e-07,1.089183e+03,0.000000e+00,-1.719034e+01,0.000000e+00
L-026652,8,0,2023/08/30 10:45:41,600,YF_2/3_D32_E3-1_tech2,230807-T1-29,1-29,920,nL, ,H2O,0,2.906560e+01,1.524573e-03,5.128497e+16,1.016899e+14,6.538561e-04,2.577525e-07,1.971011e-03,4.390278e-07,3.269281e-04,1.288763e-07,1.971011e-03,4.390278e-07,1.098797e+03,0.000000e+00,-1.706033e+01,0.000000e+00
L-026653,1,-1,2023/08/30 10:47:42,601,BlaJ-0173_D16_saline_tech2,230807-T3-11,3-11,920,nL, ,H2O,0,2.906585e+01,1.388241e-03,5.002595e+16,7.720717e+13,6.038597e-04,2.777718e-07,1.972337e-03,6.015707e-07,3.019298e-04,1.388859e-07,1.972337e-03,6.015707e-07,9.383147e+02,0.000000e+00,-1.639910e+01,0.000000e+00
L-026653,2,-1,2023/08/30 10:49:43,602,BlaJ-0173_D16_saline_tech2,230807-T3-11,3-11,920,nL, ,H2O,0,2.906352e+01,1.356365e-03,5.160163e+16,1.031720e+14,5.835453e-04,2.525927e-07,1.972626e-03,3.292417e-07,2.917726e-04,1.262963e-07,1.972626e-03,3.292417e-07,8.731079e+02,0.000000e+00,-1.625528e+01,0.000000e+00
L-026653,3,0,2023/08/30 10:51:44,603,BlaJ-0173_D16_saline_tech2,230807-T3-11,3-11,920,nL, ,H2O,0,2.905794e+01,1.213283e-03,5.135103e+16,8.863965e+13,5.743460e-04,2.201287e-07,1.972609e-03,4.201072e-07,2.871730e-04,1.100644e-07,1.972609e-03,4.201072e-07,8.435793e+02,0.000000e+00,-1.626362e+01,0.000000e+00
L-026653,4,0,2023/08/30 10:53:45,604,BlaJ-0173_D16_saline_tech2,230807-T3-11,3-11,920,nL, ,H2O,0,2.904993e+01,1.486209e-03,5.135391e+16,9.477476e+13,5.700539e-04,2.379233e-07,1.972776e-03,4.548069e-07,2.850270e-04,1.189616e-07,1.972776e-03,4.548069e-07,8.298024e+02,0.000000e+00,-1.618014e+01,0.000000e+00
L-026653,5,0,2023/08/30 10:55:46,605,BlaJ-0173_D16_saline_tech2,230807-T3-11,3-11,920,nL, ,H2O,0,2.904639e+01,1.513488e-03,5.209484e+16,1.352462e+14,5.679576e-04,2.141191e-07,1.972897e-03,3.858399e-07,2.839788e-04,1.070595e-07,1.972897e-03,3.858399e-07,8.230735e+02,0.000000e+00,-1.612005e+01,0.000000e+00
L-026653,6,0,2023/08/30 10:57:47,606,BlaJ-0173_D16_saline_tech2,230807-T3-11,3-11,920,nL, ,H2O,0,2.905301e+01,1.621014e-03,5.107790e+16,9.988472e+13,5.651826e-04,2.569860e-07,1.972338e-03,3.254436e-07,2.825913e-04,1.284930e-07,1.972338e-03,3.254436e-07,8.141660e+02,0.000000e+00,-1.639888e+01,0.000000e+00
L-026653,7,0,2023/08/30 10:59:48,607,BlaJ-0173_D16_saline_tech2,230807-T3-11,3-11,920,nL, ,H2O,0,2.905472e+01,1.468039e-03,5.199684e+16,1.076439e+14,5.663128e-04,2.340968e-07,1.973198e-03,5.061263e-07,2.831564e-04,1.170484e-07,1.973198e-03,5.061263e-07,8.177938e+02,0.000000e+00,-1.597008e+01,0.000000e+00
L-026653,8,0,2023/08/30 11:01:49,608,BlaJ-0173_D16_saline_tech2,230807-T3-11,3-11,920,nL, ,H2O,0,2.905078e+01,1.254331e-03,5.203808e+16,1.262767e+14,5.651383e-04,1.845224e-07,1.972521e-03,5.078752e-07,2.825692e-04,9.226119e-08,1.972521e-03,5.078752e-07,8.140239e+02,0.000000e+00,-1.630732e+01,0.000000e+00
L-026654,1,-1,2023/08/30 11:03:51,609,YF_2/3_D4_E4-1_tech1,230807-T1-31,1-31,920,nL, ,H2O,0,2.904428e+01,1.130619e-03,5.308559e+16,1.053441e+14,6.326358e-04,4.393803e-07,1.971959e-03,4.189102e-07,3.163179e-04,2.196902e-07,1.971959e-03,4.189102e-07,1.030683e+03,0.000000e+00,-1.658795e+01,0.000000e+00
L-026654,2,-1,2023/08/30 11:05:52,610,YF_2/3_D4_E4-1_tech1,230807-T1-31,1-31,920,nL, ,H2O,0,2.904044e+01,1.424702e-03,5.409162e+16,7.870931e+13,6.586377e-04,3.207421e-07,1.971590e-03,5.204194e-07,3.293188e-04,1.603711e-07,1.971590e-03,5.204194e-07,1.114145e+03,0.000000e+00,-1.677192e+01,0.000000e+00
L-026654,3,0,2023/08/30 11:07:54,611,YF_2/3_D4_E4-1_tech1,230807-T1-31,1-31,920,nL, ,H2O,0,2.904356e+01,1.900377e-03,5.413378e+16,1.066766e+14,6.709020e-04,2.985407e-07,1.971298e-03,4.274081e-07,3.354510e-04,1.492704e-07,1.971298e-03,4.274081e-07,1.153512e+03,0.000000e+00,-1.691740e+01,0.000000e+00
L-026654,4,0,2023/08/30 11:09:56,612,YF_2/3_D4_E4-1_tech1,230807-T1-31,1-31,920,nL, ,H2O,0,2.904421e+01,1.303865e-03,5.166484e+16,9.454435e+13,6.759104e-04,2.812260e-07,1.970901e-03,3.908522e-07,3.379552e-04,1.406130e-07,1.970901e-03,3.908522e-07,1.169589e+03,0.000000e+00,-1.711533e+01,0.000000e+00
L-026654,5,0,2023/08/30 11:11:58,613,YF_2/3_D4_E4-1_tech1,230807-T1-31,1-31,920,nL, ,H2O,0,2.904438e+01,1.370652e-03,5.054029e+16,1.349163e+14,6.786072e-04,2.967571e-07,1.970919e-03,4.169660e-07,3.393036e-04,1.483786e-07,1.970919e-03,4.169660e-07,1.178245e+03,0.000000e+00,-1.710663e+01,0.000000e+00
L-026654,6,0,2023/08/30 11:14:00,614,YF_2/3_D4_E4-1_tech1,230807-T1-31,1-31,920,nL, ,H2O,0,2.904052e+01,1.237085e-03,5.164387e+16,1.055328e+14,6.802174e-04,2.906631e-07,1.971115e-03,6.261663e-07,3.401087e-04,1.453315e-07,1.971115e-03,6.261663e-07,1.183414e+03,0.000000e+00,-1.700886e+01,0.000000e+00
L-026654,7,0,2023/08/30 11:16:02,615,YF_2/3_D4_E4-1_tech1,230807-T1-31,1-31,920,nL, ,H2O,0,2.903900e+01,1.502618e-03,5.196510e+16,6.433522e+13,6.810800e-04,2.686676e-07,1.970930e-03,4.681122e-07,3.405400e-04,1.343338e-07,1.970930e-03,4.681122e-07,1.186182e+03,0.000000e+00,-1.710094e+01,0.000000e+00
L-026654,8,0,2023/08/30 11:18:04,616,YF_2/3_D4_E4-1_tech1,230807-T1-31,1-31,920,nL, ,H2O,0,2.903460e+01,1.530554e-03,5.137365e+16,1.176368e+14,6.798016e-04,2.541638e-07,1.970385e-03,4.146938e-07,3.399008e-04,1.270819e-07,1.970385e-03,4.146938e-07,1.182079e+03,0.000000e+00,-1.737291e+01,0.000000e+00
L-026655,1,-1,2023/08/30 11:20:05,617,Curve_2_std_7,230807-T4-47,4-47,920,nL, ,H2O,0,2.903583e+01,1.551002e-03,5.326474e+16,1.049482e+14,8.656957e-04,1.067762e-06,1.971334e-03,3.769902e-07,4.328478e-04,5.338809e-07,1.971334e-03,3.769902e-07,1.778776e+03,0.000000e+00,-1.689924e+01,0.000000e+00
L-026655,2,-1,2023/08/30 11:22:06,618,Curve_2_std_7,230807-T4-47,4-47,920,nL, ,H2O,0,2.903583e+01,1.421575e-03,5.352805e+16,1.157478e+14,9.429076e-04,9.107968e-07,1.971226e-03,4.035240e-07,4.714538e-04,4.553984e-07,1.971226e-03,4.035240e-07,2.026616e+03,0.000000e+00,-1.695327e+01,0.000000e+00
L-026655,3,0,2023/08/30 11:24:07,619,Curve_2_std_7,230807-T4-47,4-47,920,nL, ,H2O,0,2.903078e+01,1.381800e-03,5.225003e+16,8.839789e+13,9.778809e-04,8.301647e-07,1.970868e-03,4.874354e-07,4.889404e-04,4.150824e-07,1.970868e-03,4.874354e-07,2.138876e+03,0.000000e+00,-1.713200e+01,0.000000e+00
L-026655,4,0,2023/08/30 11:26:08,620,Curve_2_std_7,230807-T4-47,4-47,920,nL, ,H2O,0,2.902687e+01,1.569211e-03,5.156954e+16,1.386333e+14,9.901055e-04,4.744791e-07,1.970172e-03,3.828060e-07,4.950528e-04,2.372396e-07,1.970172e-03,3.828060e-07,2.178116e+03,0.000000e+00,-1.747911e+01,0.000000e+00
L-026655,5,0,2023/08/30 11:28:09,621,Curve_2_std_7,230807-T4-47,4-47,920,nL, ,H2O,0,2.903328e+01,1.451465e-03,5.294770e+16,1.220389e+14,1.004362e-03,5.626372e-07,1.971500e-03,4.601161e-07,5.021808e-04,2.813186e-07,1.971500e-03,4.601161e-07,2.223876e+03,0.000000e+00,-1.681653e+01,0.000000e+00
L-026655,6,0,2023/08/30 11:30:10,622,Curve_2_std_7,230807-T4-47,4-47,920,nL, ,H2O,0,2.903598e+01,1.422951e-03,5.327298e+16,1.019257e+14,1.008301e-03,3.933741e-07,1.971249e-03,4.700380e-07,5.041505e-04,1.966871e-07,1.971249e-03,4.700380e-07,2.236521e+03,0.000000e+00,-1.694203e+01,0.000000e+00
L-026655,7,0,2023/08/30 11:32:11,623,Curve_2_std_7,230807-T4-47,4-47,920,nL, ,H2O,0,2.903076e+01,1.347529e-03,5.287264e+16,7.960948e+13,1.010691e-03,3.692901e-07,1.971193e-03,3.711521e-07,5.053457e-04,1.846451e-07,1.971193e-03,3.711521e-07,2.244194e+03,0.000000e+00,-1.696986e+01,0.000000e+00
L-026655,8,0,2023/08/30 11:34:12,624,Curve_2_std_7,230807-T4-47,4-47,920,nL, ,H2O,0,2.902103e+01,1.352058e-03,5.260832e+16,9.361856e+13,1.012083e-03,3.632694e-07,1.971146e-03,4.632394e-07,5.060417e-04,1.816347e-07,1.971146e-03,4.632394e-07,2.248662e+03,0.000000e+00,-1.699344e+01,0.000000e+00
L-026656,1,-1,2023/08/30 11:36:13,625,BlaJ-0167_D4_saline_tech2,230807-T3-44,3-44,920,nL, ,H2O,0,2.902046e+01,1.564421e-03,5.146564e+16,9.450250e+13,7.563811e-04,1.252121e-06,1.971251e-03,4.697936e-07,3.781906e-04,6.260605e-07,1.971251e-03,4.697936e-07,1.427890e+03,0.000000e+00,-1.694104e+01,0.000000e+00
L-026656,2,-1,2023/08/30 11:38:14,626,BlaJ-0167_D4_saline_tech2,230807-T3-44,3-44,920,nL, ,H2O,0,2.902689e+01,1.566417e-03,5.181821e+16,1.234253e+14,6.519626e-04,1.064362e-06,1.971517e-03,5.238567e-07,3.259813e-04,5.321812e-07,1.971517e-03,5.238567e-07,1.092719e+03,0.000000e+00,-1.680813e+01,0.000000e+00
L-026656,3,0,2023/08/30 11:40:15,627,BlaJ-0167_D4_saline_tech2,230807-T3-44,3-44,920,nL, ,H2O,0,2.903685e+01,1.701499e-03,5.052674e+16,9.392887e+13,6.025961e-04,7.187598e-07,1.971182e-03,3.645688e-07,3.012981e-04,3.593799e-07,1.971182e-03,3.645688e-07,9.342589e+02,0.000000e+00,-1.697513e+01,0.000000e+00
L-026656,4,0,2023/08/30 11:42:16,628,BlaJ-0167_D4_saline_tech2,230807-T3-44,3-44,920,nL, ,H2O,0,2.904071e+01,1.376215e-03,5.194525e+16,1.136471e+14,5.800439e-04,5.220850e-07,1.971752e-03,4.520778e-07,2.900219e-04,2.610425e-07,1.971752e-03,4.520778e-07,8.618688e+02,0.000000e+00,-1.669081e+01,0.000000e+00
L-026656,5,0,2023/08/30 11:44:17,629,BlaJ-0167_D4_saline_tech2,230807-T3-44,3-44,920,nL, ,H2O,0,2.904049e+01,1.473381e-03,5.221798e+16,1.251567e+14,5.680703e-04,4.888845e-07,1.971707e-03,3.539159e-07,2.840351e-04,2.444423e-07,1.971707e-03,3.539159e-07,8.234351e+02,0.000000e+00,-1.671344e+01,0.000000e+00
L-026656,6,0,2023/08/30 11:46:18,630,BlaJ-0167_D4_saline_tech2,230807-T3-44,3-44,920,nL, ,H2O,0,2.903440e+01,1.257134e-03,5.256942e+16,1.223276e+14,5.627720e-04,3.109539e-07,1.972023e-03,3.859413e-07,2.813860e-04,1.554770e-07,1.972023e-03,3.859413e-07,8.064284e+02,0.000000e+00,-1.655562e+01,0.000000e+00
L-026656,7,0,2023/08/30 11:48:19,631,BlaJ-0167_D4_saline_tech2,230807-T3-44,3-44,920,nL, ,H2O,0,2.902826e+01,1.482676e-03,5.256207e+16,1.127647e+14,5.588696e-04,2.964491e-07,1.972032e-03,5.152240e-07,2.794348e-04,1.482246e-07,1.972032e-03,5.152240e-07,7.939021e+02,0.000000e+00,-1.655123e+01,0.000000e+00
L-026656,8,0,2023/08/30 11:50:20,632,BlaJ-0167_D4_saline_tech2,230807-T3-44,3-44,920,nL, ,H2O,0,2.903130e+01,1.717479e-03,5.235486e+16,1.021646e+14,5.558198e-04,2.724205e-07,1.971790e-03,4.518686e-07,2.779099e-04,1.362103e-07,1.971790e-03,4.518686e-07,7.841127e+02,0.000000e+00,-1.667184e+01,0.000000e+00
L-026657,1,-1,2023/08/30 11:52:21,633,BlaJ-0169_D32_saline_tech2,230807-T3-23,3-23,920,nL, ,H2O,0,2.903707e+01,1.602305e-03,5.167769e+16,1.259521e+14,6.000848e-04,2.385831e-07,1.971804e-03,4.143995e-07,3.000424e-04,1.192916e-07,1.971804e-03,4.143995e-07,9.261978e+02,0.000000e+00,-1.666504e+01,0.000000e+00
L-026657,2,-1,2023/08/30 11:54:22,634,BlaJ-0169_D32_saline_tech2,230807-T3-23,3-23,920,nL, ,H2O,0,2.903571e+01,1.463666e-03,5.021440e+16,7.844499e+13,6.171764e-04,2.399467e-07,1.970891e-03,4.186407e-07,3.085882e-04,1.199733e-07,1.970891e-03,4.186407e-07,9.810597e+02,0.000000e+00,-1.712028e+01,0.000000e+00
L-026657,3,0,2023/08/30 11:56:23,635,BlaJ-0169_D32_saline_tech2,230807-T3-23,3-23,920,nL, ,H2O,0,2.902811e+01,1.319894e-03,5.182834e+16,8.855012e+13,6.280695e-04,2.701911e-07,1.972022e-03,3.638937e-07,3.140347e-04,1.350956e-07,1.972022e-03,3.638937e-07,1.016025e+03,0.000000e+00,-1.655643e+01,0.000000e+00
L-026657,4,0,2023/08/30 11:58:24,636,BlaJ-0169_D32_saline_tech2,230807-T3-23,3-23,920,nL, ,H2O,0,2.902078e+01,1.604608e-03,5.188913e+16,7.772464e+13,6.313168e-04,1.524303e-07,1.971501e-03,5.083553e-07,3.156584e-04,7.621513e-08,1.971501e-03,5.083553e-07,1.026449e+03,0.000000e+00,-1.681612e+01,0.000000e+00
L-026657,5,0,2023/08/30 12:00:25,637,BlaJ-0169_D32_saline_tech2,230807-T3-23,3-23,920,nL, ,H2O,0,2.902580e+01,1.799951e-03,5.192693e+16,1.178480e+14,6.327830e-04,2.449877e-07,1.971719e-03,3.337385e-07,3.163915e-04,1.224939e-07,1.971719e-03,3.337385e-07,1.031155e+03,0.000000e+00,-1.670735e+01,0.000000e+00
L-026657,6,0,2023/08/30 12:02:26,638,BlaJ-0169_D32_saline_tech2,230807-T3-23,3-23,920,nL, ,H2O,0,2.903296e+01,1.706787e-03,5.049983e+16,8.746400e+13,6.332628e-04,2.759666e-07,1.971276e-03,5.131560e-07,3.166314e-04,1.379833e-07,1.971276e-03,5.131560e-07,1.032695e+03,0.000000e+00,-1.692841e+01,0.000000e+00
L-026657,7,0,2023/08/30 12:04:27,639,BlaJ-0169_D32_saline_tech2,230807-T3-23,3-23,920,nL, ,H2O,0,2.904228e+01,1.746985e-03,5.036053e+16,1.306679e+14,6.333695e-04,2.178904e-07,1.971015e-03,4.758798e-07,3.166848e-04,1.089452e-07,1.971015e-03,4.758798e-07,1.033038e+03,0.000000e+00,-1.705834e+01,0.000000e+00
L-026657,8,0,2023/08/30 12:06:28,640,BlaJ-0169_D32_saline_tech2,230807-T3-23,3-23,920,nL, ,H2O,0,2.904545e+01,1.351460e-03,5.084127e+16,1.219262e+14,6.332311e-04,1.998585e-07,1.971252e-03,3.801551e-07,3.166156e-04,9.992926e-08,1.971252e-03,3.801551e-07,1.032593e+03,0.000000e+00,-1.694027e+01,0.000000e+00
L-026658,1,-1,2023/08/30 12:08:30,641,YF_2/3_D8_E4-1_tech3,230807-T1-39,1-39,920,nL, ,H2O,0,2.904282e+01,1.552620e-03,5.159592e+16,8.818563e+13,6.664023e-04,3.207744e-07,1.971335e-03,3.758470e-07,3.332011e-04,1.603872e-07,1.971335e-03,3.758470e-07,1.139069e+03,0.000000e+00,-1.689881e+01,0.000000e+00
L-026658,2,-1,2023/08/30 12:10:32,642,YF_2/3_D8_E4-1_tech3,230807-T1-39,1-39,920,nL, ,H2O,0,2.903524e+01,1.361418e-03,5.145879e+16,1.030382e+14,6.772013e-04,2.142754e-07,1.970092e-03,4.611613e-07,3.386006e-04,1.071377e-07,1.970092e-03,4.611613e-07,1.173732e+03,0.000000e+00,-1.751888e+01,0.000000e+00
L-026658,3,0,2023/08/30 12:12:34,643,YF_2/3_D8_E4-1_tech3,230807-T1-39,1-39,920,nL, ,H2O,0,2.902910e+01,1.528267e-03,5.141844e+16,7.667477e+13,6.857154e-04,2.997260e-07,1.971215e-03,4.358926e-07,3.428577e-04,1.498630e-07,1.971215e-03,4.358926e-07,1.201061e+03,0.000000e+00,-1.695855e+01,0.000000e+00
L-026658,4,0,2023/08/30 12:14:36,644,YF_2/3_D8_E4-1_tech3,230807-T1-39,1-39,920,nL, ,H2O,0,2.903254e+01,1.714423e-03,5.046836e+16,1.202190e+14,6.874325e-04,2.912176e-07,1.970853e-03,4.173054e-07,3.437162e-04,1.456088e-07,1.970853e-03,4.173054e-07,1.206573e+03,0.000000e+00,-1.713917e+01,0.000000e+00
L-026658,5,0,2023/08/30 12:16:38,645,YF_2/3_D8_E4-1_tech3,230807-T1-39,1-39,920,nL, ,H2O,0,2.903368e+01,1.537137e-03,5.031535e+16,1.000249e+14,6.885367e-04,2.436051e-07,1.971071e-03,4.264598e-07,3.442684e-04,1.218025e-07,1.971071e-03,4.264598e-07,1.210117e+03,0.000000e+00,-1.703085e+01,0.000000e+00
L-026658,6,0,2023/08/30 12:18:40,646,YF_2/3_D8_E4-1_tech3,230807-T1-39,1-39,920,nL, ,H2O,0,2.903209e+01,1.458706e-03,5.058986e+16,8.691619e+13,6.892052e-04,2.218169e-07,1.970667e-03,5.162299e-07,3.446026e-04,1.109085e-07,1.970667e-03,5.162299e-07,1.212263e+03,0.000000e+00,-1.723220e+01,0.000000e+00
L-026658,7,0,2023/08/30 12:20:42,647,YF_2/3_D8_E4-1_tech3,230807-T1-39,1-39,920,nL, ,H2O,0,2.902657e+01,1.356622e-03,5.219837e+16,9.724845e+13,6.896738e-04,2.303261e-07,1.970727e-03,3.340791e-07,3.448369e-04,1.151631e-07,1.970727e-03,3.340791e-07,1.213767e+03,0.000000e+00,-1.720205e+01,0.000000e+00
L-026658,8,0,2023/08/30 12:22:44,648,YF_2/3_D8_E4-1_tech3,230807-T1-39,1-39,920,nL, ,H2O,0,2.902863e+01,1.596080e-03,5.162264e+16,9.438042e+13,6.898614e-04,2.190470e-07,1.970953e-03,4.492035e-07,3.449307e-04,1.095235e-07,1.970953e-03,4.492035e-07,1.214369e+03,0.000000e+00,-1.708922e+01,0.000000e+00
L-026659,1,-1,2023/08/30 12:24:45,649,BlaJ-0181_D8_saline_tech1,230807-T2-34,2-34,920,nL, ,H2O,0,2.903432e+01,1.464526e-03,5.077421e+16,8.596252e+13,6.537359e-04,3.282982e-07,1.972272e-03,4.408796e-07,3.268679e-04,1.641491e-07,1.972272e-03,4.408796e-07,1.098411e+03,0.000000e+00,-1.643167e+01,0.000000e+00
L-026659,2,-1,2023/08/30 12:26:46,650,BlaJ-0181_D8_saline_tech1,230807-T2-34,2-34,920,nL, ,H2O,0,2.904094e+01,1.567583e-03,5.202874e+16,9.260166e+13,6.411976e-04,3.573213e-07,1.973547e-03,4.305629e-07,3.205988e-04,1.786607e-07,1.973547e-03,4.305629e-07,1.058165e+03,0.000000e+00,-1.579571e+01,0.000000e+00
L-026659,3,0,2023/08/30 12:28:47,651,BlaJ-0181_D8_saline_tech1,230807-T2-34,2-34,920,nL, ,H2O,0,2.904032e+01,1.262708e-03,4.947262e+16,8.379547e+14,6.280751e-04,7.223077e-07,1.971501e-03,3.152714e-07,3.140375e-04,3.611539e-07,1.971501e-03,3.152714e-07,1.016043e+03,0.000000e+00,-1.681622e+01,0.000000e+00
L-026659,4,0,2023/08/30 12:30:48,652,BlaJ-0181_D8_saline_tech1,230807-T2-34,2-34,920,nL, ,H2O,0,2.903705e+01,1.264129e-03,5.237645e+16,8.043927e+13,6.336381e-04,1.952195e-07,1.974872e-03,2.604303e-07,3.168191e-04,9.760975e-08,1.974872e-03,2.604303e-07,1.033900e+03,0.000000e+00,-1.513526e+01,0.000000e+00
L-026659,5,0,2023/08/30 12:32:49,653,BlaJ-0181_D8_saline_tech1,230807-T2-34,2-34,920,nL, ,H2O,0,2.902932e+01,1.450437e-03,5.128538e+16,1.175840e+14,6.302452e-04,1.624771e-07,1.974240e-03,5.212230e-07,3.151226e-04,8.123855e-08,1.974240e-03,5.212230e-07,1.023009e+03,0.000000e+00,-1.545005e+01,0.000000e+00
L-026659,6,0,2023/08/30 12:34:50,654,BlaJ-0181_D8_saline_tech1,230807-T2-34,2-34,920,nL, ,H2O,0,2.902571e+01,1.408573e-03,5.101471e+16,1.228185e+14,6.290155e-04,2.671276e-07,1.973849e-03,3.907334e-07,3.145077e-04,1.335638e-07,1.973849e-03,3.907334e-07,1.019062e+03,0.000000e+00,-1.564511e+01,0.000000e+00
L-026659,7,0,2023/08/30 12:36:51,655,BlaJ-0181_D8_saline_tech1,230807-T2-34,2-34,920,nL, ,H2O,0,2.903024e+01,1.679138e-03,5.212968e+16,8.019490e+13,6.284887e-04,2.112216e-07,1.974260e-03,4.821375e-07,3.142444e-04,1.056108e-07,1.974260e-03,4.821375e-07,1.017371e+03,0.000000e+00,-1.544025e+01,0.000000e+00
L-026659,8,0,2023/08/30 12:38:52,656,BlaJ-0181_D8_saline_tech1,230807-T2-34,2-34,920,nL, ,H2O,0,2.903410e+01,1.759660e-03,5.246748e+16,8.832343e+13,6.280835e-04,2.415648e-07,1.974232e-03,4.292406e-07,3.140418e-04,1.207824e-07,1.974232e-03,4.292406e-07,1.016070e+03,0.000000e+00,-1.545405e+01,0.000000e+00
L-026660,1,-1,2023/08/30 12:40:53,657,YF_2/3_D16_E3-1_tech3,230807-T1-18,1-18,920,nL, ,H2O,0,2.903321e+01,1.523812e-03,5.345800e+16,1.171269e+14,6.510426e-04,1.517558e-07,1.972307e-03,4.020981e-07,3.255213e-04,7.587788e-08,1.972307e-03,4.020981e-07,1.089766e+03,0.000000e+00,-1.641409e+01,0.000000e+00
L-026660,2,-1,2023/08/30 12:42:54,658,YF_2/3_D16_E3-1_tech3,230807-T1-18,1-18,920,nL, ,H2O,0,2.902704e+01,1.465168e-03,5.303428e+16,8.203952e+13,6.613844e-04,1.923830e-07,1.971652e-03,3.784425e-07,3.306922e-04,9.619149e-08,1.971652e-03,3.784425e-07,1.122962e+03,0.000000e+00,-1.674084e+01,0.000000e+00
L-026660,3,0,2023/08/30 12:44:55,659,YF_2/3_D16_E3-1_tech3,230807-T1-18,1-18,920,nL, ,H2O,0,2.901957e+01,1.475776e-03,5.182465e+16,1.153576e+14,6.636713e-04,2.848191e-07,1.970667e-03,3.944278e-07,3.318357e-04,1.424095e-07,1.970667e-03,3.944278e-07,1.130303e+03,0.000000e+00,-1.723216e+01,0.000000e+00
L-026660,4,0,2023/08/30 12:46:56,660,YF_2/3_D16_E3-1_tech3,230807-T1-18,1-18,920,nL, ,H2O,0,2.902296e+01,1.929635e-03,5.253878e+16,1.131465e+14,6.679662e-04,2.134406e-07,1.971396e-03,4.424607e-07,3.339831e-04,1.067203e-07,1.971396e-03,4.424607e-07,1.144089e+03,0.000000e+00,-1.686846e+01,0.000000e+00
L-026660,5,0,2023/08/30 12:48:57,661,YF_2/3_D16_E3-1_tech3,230807-T1-18,1-18,920,nL, ,H2O,0,2.902952e+01,1.544740e-03,5.085175e+16,1.270514e+14,6.673274e-04,2.150200e-07,1.970348e-03,4.001976e-07,3.336637e-04,1.075100e-07,1.970348e-03,4.001976e-07,1.142038e+03,0.000000e+00,-1.739096e+01,0.000000e+00
L-026660,6,0,2023/08/30 12:50:58,662,YF_2/3_D16_E3-1_tech3,230807-T1-18,1-18,920,nL, ,H2O,0,2.903559e+01,1.654554e-03,5.206265e+16,1.246923e+14,6.663268e-04,2.915861e-07,1.969826e-03,4.737500e-07,3.331634e-04,1.457930e-07,1.969826e-03,4.737500e-07,1.138826e+03,0.000000e+00,-1.765170e+01,0.000000e+00
L-026660,7,0,2023/08/30 12:52:59,663,YF_2/3_D16_E3-1_tech3,230807-T1-18,1-18,920,nL, ,H2O,0,2.903938e+01,1.525536e-03,5.245160e+16,9.316012e+13,6.703960e-04,2.075125e-07,1.971335e-03,4.656888e-07,3.351980e-04,1.037562e-07,1.971335e-03,4.656888e-07,1.151888e+03,0.000000e+00,-1.689876e+01,0.000000e+00
L-026660,8,0,2023/08/30 12:55:00,664,YF_2/3_D16_E3-1_tech3,230807-T1-18,1-18,920,nL, ,H2O,0,2.903791e+01,1.388306e-03,5.245955e+16,8.008711e+13,6.702360e-04,2.817077e-07,1.971196e-03,4.481458e-07,3.351180e-04,1.408538e-07,1.971196e-03,4.481458e-07,1.151374e+03,0.000000e+00,-1.696834e+01,0.000000e+00
L-026661,1,-1,2023/08/30 12:57:02,665,YF_2/3_D32_E3-1_tech3,230807-T1-30,1-30,920,nL, ,H2O,0,2.903165e+01,1.247959e-03,5.350177e+16,9.380294e+13,6.641769e-04,2.634592e-07,1.970822e-03,3.949738e-07,3.320885e-04,1.317296e-07,1.970822e-03,3.949738e-07,1.131925e+03,0.000000e+00,-1.715457e+01,0.000000e+00
L-026661,2,-1,2023/08/30 12:59:04,666,YF_2/3_D32_E3-1_tech3,230807-T1-30,1-30,920,nL, ,H2O,0,2.902541e+01,1.487984e-03,5.237349e+16,7.251521e+13,6.611621e-04,1.878819e-07,1.970824e-03,4.226666e-07,3.305810e-04,9.394093e-08,1.970824e-03,4.226666e-07,1.122248e+03,0.000000e+00,-1.715385e+01,0.000000e+00
L-026661,3,0,2023/08/30 13:01:06,667,YF_2/3_D32_E3-1_tech3,230807-T1-30,1-30,920,nL, ,H2O,0,2.902756e+01,1.420937e-03,5.334594e+16,8.922037e+13,6.601106e-04,2.118586e-07,1.970786e-03,4.460385e-07,3.300553e-04,1.059293e-07,1.970786e-03,4.460385e-07,1.118873e+03,0.000000e+00,-1.717259e+01,0.000000e+00
L-026661,4,0,2023/08/30 13:03:08,668,YF_2/3_D32_E3-1_tech3,230807-T1-30,1-30,920,nL, ,H2O,0,2.902712e+01,1.580972e-03,4.669942e+16,1.198440e+15,6.486197e-04,7.116944e-07,1.967646e-03,5.802037e-07,3.243099e-04,3.558472e-07,1.967646e-03,5.802037e-07,1.081989e+03,0.000000e+00,-1.873865e+01,0.000000e+00
L-026661,5,0,2023/08/30 13:05:10,669,YF_2/3_D32_E3-1_tech3,230807-T1-30,1-30,920,nL, ,H2O,0,2.902588e+01,1.340802e-03,5.357869e+16,1.107166e+14,6.634621e-04,1.999670e-07,1.972437e-03,3.851598e-07,3.317310e-04,9.998351e-08,1.972437e-03,3.851598e-07,1.129631e+03,0.000000e+00,-1.634953e+01,0.000000e+00
L-026661,6,0,2023/08/30 13:07:12,670,YF_2/3_D32_E3-1_tech3,230807-T1-30,1-30,920,nL, ,H2O,0,2.901947e+01,1.435232e-03,5.088174e+16,1.164498e+14,6.590898e-04,2.641064e-07,1.970597e-03,3.155065e-07,3.295449e-04,1.320532e-07,1.970597e-03,3.155065e-07,1.115596e+03,0.000000e+00,-1.726710e+01,0.000000e+00
L-026661,7,0,2023/08/30 13:09:14,671,YF_2/3_D32_E3-1_tech3,230807-T1-30,1-30,920,nL, ,H2O,0,2.901278e+01,1.392597e-03,5.221077e+16,9.075607e+13,6.608132e-04,2.071677e-07,1.971535e-03,4.877314e-07,3.304066e-04,1.035839e-07,1.971535e-03,4.877314e-07,1.121128e+03,0.000000e+00,-1.679945e+01,0.000000e+00
L-026661,8,0,2023/08/30 13:11:15,672,YF_2/3_D32_E3-1_tech3,230807-T1-30,1-30,920,nL, ,H2O,0,2.900969e+01,1.481454e-03,4.636060e+16,1.192648e+15,6.495557e-04,5.966628e-07,1.968088e-03,4.030530e-07,3.247778e-04,2.983314e-07,1.968088e-03,4.030530e-07,1.084993e+03,0.000000e+00,-1.851831e+01,0.000000e+00
L-026662,1,-1,2023/08/30 13:13:16,673,Curve_1_std_1,230807-T4-34,4-34,920,nL, ,H2O,0,2.901160e+01,1.231413e-03,5.382757e+16,1.167339e+14,4.571291e-04,1.122168e-06,1.972583e-03,5.196342e-07,2.285646e-04,5.610840e-07,1.972583e-03,5.196342e-07,4.673278e+02,0.000000e+00,-1.627659e+01,0.000000e+00
L-026662,2,-1,2023/08/30 13:15:17,674,Curve_1_std_1,230807-T4-34,4-34,920,nL, ,H2O,0,2.901132e+01,1.407589e-03,5.344170e+16,8.344437e+13,3.669661e-04,1.011284e-06,1.971350e-03,4.246586e-07,1.834830e-04,5.056422e-07,1.971350e-03,4.246586e-07,1.779156e+02,0.000000e+00,-1.689160e+01,0.000000e+00
L-026662,3,0,2023/08/30 13:17:18,675,Curve_1_std_1,230807-T4-34,4-34,920,nL, ,H2O,0,2.900863e+01,1.301037e-03,5.169652e+16,1.039579e+14,3.260032e-04,7.142582e-07,1.971377e-03,3.810730e-07,1.630016e-04,3.571291e-07,1.971377e-03,3.810730e-07,4.642973e+01,0.000000e+00,-1.687795e+01,0.000000e+00
L-026662,4,0,2023/08/30 13:19:19,676,Curve_1_std_1,230807-T4-34,4-34,920,nL, ,H2O,0,2.900155e+01,1.257105e-03,5.217481e+16,7.286772e+13,3.074517e-04,5.523103e-07,1.971383e-03,2.832552e-07,1.537258e-04,2.761552e-07,1.971383e-03,2.832552e-07,-1.311826e+01,0.000000e+00,-1.687515e+01,0.000000e+00
L-026662,5,0,2023/08/30 13:21:20,677,Curve_1_std_1,230807-T4-34,4-34,920,nL, ,H2O,0,2.899228e+01,1.447722e-03,5.220225e+16,1.006608e+14,2.974950e-04,5.198482e-07,1.971336e-03,3.032398e-07,1.487475e-04,2.599241e-07,1.971336e-03,3.032398e-07,-4.507787e+01,0.000000e+00,-1.689845e+01,0.000000e+00
L-026662,6,0,2023/08/30 13:23:21,678,Curve_1_std_1,230807-T4-34,4-34,920,nL, ,H2O,0,2.898301e+01,1.410923e-03,5.077898e+16,1.098198e+14,2.918980e-04,4.119282e-07,1.971120e-03,4.053202e-07,1.459490e-04,2.059641e-07,1.971120e-03,4.053202e-07,-6.304355e+01,0.000000e+00,-1.700639e+01,0.000000e+00
L-026662,7,0,2023/08/30 13:25:22,679,Curve_1_std_1,230807-T4-34,4-34,920,nL, ,H2O,0,2.897953e+01,1.365407e-03,5.171437e+16,1.238860e+14,2.887696e-04,3.545316e-07,1.971103e-03,4.130816e-07,1.443848e-04,1.772658e-07,1.971103e-03,4.130816e-07,-7.308555e+01,0.000000e+00,-1.701486e+01,0.000000e+00
L-026662,8,0,2023/08/30 13:27:23,680,Curve_1_std_1,230807-T4-34,4-34,920,nL, ,H2O,0,2.897567e+01,1.488202e-03,5.035677e+16,1.039906e+14,2.867596e-04,3.056781e-07,1.971234e-03,3.415296e-07,1.433798e-04,1.528390e-07,1.971234e-03,3.415296e-07,-7.953734e+01,0.000000e+00,-1.694946e+01,0.000000e+00
L-026663,1,-1,2023/08/30 13:29:24,681,YF_2/3_D16_E3-1_tech1,230807-T1-16,1-16,920,nL, ,H2O,0,2.896829e+01,1.222645e-03,5.116174e+16,1.384240e+14,5.105011e-04,1.129228e-06,1.970278e-03,4.591152e-07,2.552506e-04,5.646139e-07,1.970278e-03,4.591152e-07,6.386454e+02,0.000000e+00,-1.742621e+01,0.000000e+00
L-026663,2,-1,2023/08/30 13:31:26,682,YF_2/3_D16_E3-1_tech1,230807-T1-16,1-16,920,nL, ,H2O,0,2.896096e+01,1.412738e-03,5.282190e+16,1.210374e+14,6.046439e-04,9.760910e-07,1.971230e-03,5.045093e-07,3.023220e-04,4.880455e-07,1.971230e-03,5.045093e-07,9.408319e+02,0.000000e+00,-1.695142e+01,0.000000e+00
L-026663,3,0,2023/08/30 13:33:27,683,YF_2/3_D16_E3-1_tech1,230807-T1-16,1-16,920,nL, ,H2O,0,2.895819e+01,1.616323e-03,5.070406e+16,1.013528e+14,6.426803e-04,5.447964e-07,1.969935e-03,4.876130e-07,3.213402e-04,2.723982e-07,1.969935e-03,4.876130e-07,1.062924e+03,0.000000e+00,-1.759691e+01,0.000000e+00
L-026663,4,0,2023/08/30 13:35:28,684,YF_2/3_D16_E3-1_tech1,230807-T1-16,1-16,920,nL, ,H2O,0,2.895787e+01,1.298222e-03,5.060927e+16,9.079746e+13,6.636481e-04,5.137183e-07,1.970696e-03,3.670071e-07,3.318241e-04,2.568592e-07,1.970696e-03,3.670071e-07,1.130228e+03,0.000000e+00,-1.721752e+01,0.000000e+00
L-026663,5,0,2023/08/30 13:37:30,685,YF_2/3_D16_E3-1_tech1,230807-T1-16,1-16,920,nL, ,H2O,0,2.895464e+01,1.356530e-03,5.198127e+16,1.057958e+14,6.703100e-04,3.871996e-07,1.969937e-03,3.208419e-07,3.351550e-04,1.935998e-07,1.969937e-03,3.208419e-07,1.151612e+03,0.000000e+00,-1.759627e+01,0.000000e+00
L-026663,6,0,2023/08/30 13:39:32,686,YF_2/3_D16_E3-1_tech1,230807-T1-16,1-16,920,nL, ,H2O,0,2.894923e+01,1.357851e-03,5.067306e+16,8.542374e+13,6.769075e-04,3.245380e-07,1.970516e-03,2.657540e-07,3.384537e-04,1.622690e-07,1.970516e-03,2.657540e-07,1.172789e+03,0.000000e+00,-1.730749e+01,0.000000e+00
L-026663,7,0,2023/08/30 13:41:33,687,YF_2/3_D16_E3-1_tech1,230807-T1-16,1-16,920,nL, ,H2O,0,2.894013e+01,1.381016e-03,5.021848e+16,9.340443e+13,6.804574e-04,2.964632e-07,1.970966e-03,3.544124e-07,3.402287e-04,1.482316e-07,1.970966e-03,3.544124e-07,1.184184e+03,0.000000e+00,-1.708313e+01,0.000000e+00
L-026663,8,0,2023/08/30 13:43:34,688,YF_2/3_D16_E3-1_tech1,230807-T1-16,1-16,920,nL, ,H2O,0,2.892916e+01,1.417844e-03,5.041867e+16,1.185596e+14,6.822003e-04,2.968273e-07,1.970958e-03,4.335098e-07,3.411002e-04,1.484136e-07,1.970958e-03,4.335098e-07,1.189778e+03,0.000000e+00,-1.708700e+01,0.000000e+00
L-026664,1,-1,2023/08/30 13:45:35,689,YM_2/3_D4_E3-1_tech3,230807-T2-24,2-24,920,nL, ,H2O,0,2.892477e+01,1.397320e-03,5.034682e+16,1.064276e+14,6.886892e-04,2.183687e-07,1.970747e-03,5.207626e-07,3.443446e-04,1.091843e-07,1.970747e-03,5.207626e-07,1.210607e+03,0.000000e+00,-1.719242e+01,0.000000e+00
L-026664,2,-1,2023/08/30 13:47:36,690,YM_2/3_D4_E3-1_tech3,230807-T2-24,2-24,920,nL, ,H2O,0,2.892221e+01,1.483440e-03,4.597055e+16,1.101649e+15,6.810507e-04,8.979184e-07,1.968249e-03,5.944590e-07,3.405253e-04,4.489592e-07,1.968249e-03,5.944590e-07,1.186088e+03,0.000000e+00,-1.843787e+01,0.000000e+00
L-026664,3,0,2023/08/30 13:49:37,691,YM_2/3_D4_E3-1_tech3,230807-T2-24,2-24,920,nL, ,H2O,0,2.891728e+01,1.314185e-03,5.072787e+16,9.539256e+13,6.963007e-04,2.703154e-07,1.971824e-03,4.328744e-07,3.481504e-04,1.351577e-07,1.971824e-03,4.328744e-07,1.235039e+03,0.000000e+00,-1.665517e+01,0.000000e+00
L-026664,4,0,2023/08/30 13:51:38,692,YM_2/3_D4_E3-1_tech3,230807-T2-24,2-24,920,nL, ,H2O,0,2.890915e+01,1.291939e-03,5.064601e+16,9.888566e+13,6.948747e-04,2.821598e-07,1.971052e-03,3.679481e-07,3.474374e-04,1.410799e-07,1.971052e-03,3.679481e-07,1.230462e+03,0.000000e+00,-1.703986e+01,0.000000e+00
L-026664,5,0,2023/08/30 13:53:39,693,YM_2/3_D4_E3-1_tech3,230807-T2-24,2-24,920,nL, ,H2O,0,2.890563e+01,1.514473e-03,5.076201e+16,1.265065e+14,6.949187e-04,2.398470e-07,1.970644e-03,3.937910e-07,3.474594e-04,1.199235e-07,1.970644e-03,3.937910e-07,1.230603e+03,0.000000e+00,-1.724364e+01,0.000000e+00
L-026664,6,0,2023/08/30 13:55:40,694,YM_2/3_D4_E3-1_tech3,230807-T2-24,2-24,920,nL, ,H2O,0,2.890422e+01,1.407588e-03,5.125856e+16,1.166106e+14,6.950053e-04,2.962963e-07,1.970226e-03,4.386194e-07,3.475026e-04,1.481482e-07,1.970226e-03,4.386194e-07,1.230881e+03,0.000000e+00,-1.745211e+01,0.000000e+00
L-026664,7,0,2023/08/30 13:57:41,695,YM_2/3_D4_E3-1_tech3,230807-T2-24,2-24,920,nL, ,H2O,0,2.890193e+01,1.507747e-03,5.046145e+16,8.494404e+13,6.947894e-04,2.546656e-07,1.970243e-03,4.167736e-07,3.473947e-04,1.273328e-07,1.970243e-03,4.167736e-07,1.230188e+03,0.000000e+00,-1.744375e+01,0.000000e+00
L-026664,8,0,2023/08/30 13:59:42,696,YM_2/3_D4_E3-1_tech3,230807-T2-24,2-24,920,nL, ,H2O,0,2.889445e+01,1.297180e-03,5.013778e+16,9.642297e+13,6.949024e-04,1.810643e-07,1.970530e-03,4.436238e-07,3.474512e-04,9.053217e-08,1.970530e-03,4.436238e-07,1.230550e+03,0.000000e+00,-1.730024e+01,0.000000e+00
L-026665,1,-1,2023/08/30 14:01:43,697,BlaJ-0165_D4_treatment_tech3,230807-T3-39,3-39,920,nL, ,H2O,0,2.888874e+01,1.499377e-03,4.932097e+16,1.202613e+14,6.519537e-04,3.888116e-07,1.970440e-03,5.720869e-07,3.259768e-04,1.944058e-07,1.970440e-03,5.720869e-07,1.092690e+03,0.000000e+00,-1.734552e+01,0.000000e+00
L-026665,2,-1,2023/08/30 14:03:44,698,BlaJ-0165_D4_treatment_tech3,230807-T3-39,3-39,920,nL, ,H2O,0,2.888894e+01,1.616786e-03,4.925588e+16,1.115366e+14,6.356731e-04,2.762386e-07,1.970386e-03,4.913542e-07,3.178365e-04,1.381193e-07,1.970386e-03,4.913542e-07,1.040432e+03,0.000000e+00,-1.737241e+01,0.000000e+00
L-026665,3,0,2023/08/30 14:05:45,699,BlaJ-0165_D4_treatment_tech3,230807-T3-39,3-39,920,nL, ,H2O,0,2.889479e+01,1.670174e-03,4.952342e+16,8.679319e+13,6.280063e-04,2.771022e-07,1.970350e-03,5.999719e-07,3.140032e-04,1.385511e-07,1.970350e-03,5.999719e-07,1.015822e+03,0.000000e+00,-1.739026e+01,0.000000e+00
L-026665,4,0,2023/08/30 14:07:46,700,BlaJ-0165_D4_treatment_tech3,230807-T3-39,3-39,920,nL, ,H2O,0,2.889762e+01,1.456334e-03,5.011978e+16,9.633156e+13,6.249061e-04,2.911723e-07,1.970597e-03,3.572568e-07,3.124530e-04,1.455862e-07,1.970597e-03,3.572568e-07,1.005871e+03,0.000000e+00,-1.726704e+01,0.000000e+00
L-026665,5,0,2023/08/30 14:09:47,701,BlaJ-0165_D4_treatment_tech3,230807-T3-39,3-39,920,nL, ,H2O,0,2.889558e+01,1.158361e-03,4.941001e+16,9.863786e+13,6.218277e-04,1.981384e-07,1.970201e-03,5.525548e-07,3.109139e-04,9.906919e-08,1.970201e-03,5.525548e-07,9.959899e+02,0.000000e+00,-1.746444e+01,0.000000e+00
L-026665,6,0,2023/08/30 14:11:48,702,BlaJ-0165_D4_treatment_tech3,230807-T3-39,3-39,920,nL, ,H2O,0,2.888734e+01,1.418482e-03,4.260688e+16,1.520416e+15,6.100068e-04,9.798289e-07,1.967605e-03,7.217301e-07,3.050034e-04,4.899145e-07,1.967605e-03,7.217301e-07,9.580461e+02,0.000000e+00,-1.875887e+01,0.000000e+00
L-026665,7,0,2023/08/30 14:13:49,703,BlaJ-0165_D4_treatment_tech3,230807-T3-39,3-39,920,nL, ,H2O,0,2.888116e+01,1.387542e-03,5.114132e+16,7.388922e+13,6.242254e-04,2.106653e-07,1.972446e-03,4.262726e-07,3.121127e-04,1.053326e-07,1.972446e-03,4.262726e-07,1.003686e+03,0.000000e+00,-1.634512e+01,0.000000e+00
L-026665,8,0,2023/08/30 14:15:50,704,BlaJ-0165_D4_treatment_tech3,230807-T3-39,3-39,920,nL, ,H2O,0,2.887477e+01,1.499641e-03,5.058931e+16,1.164381e+14,6.234521e-04,2.507021e-07,1.971760e-03,4.108025e-07,3.117261e-04,1.253510e-07,1.971760e-03,4.108025e-07,1.001204e+03,0.000000e+00,-1.668705e+01,0.000000e+00
L-026666,1,-1,2023/08/30 14:17:52,705,YF_2/3_D0_E4-1_tech1,230807-T1-01,1-1,920,nL, ,H2O,0,2.887472e+01,1.532411e-03,5.197842e+16,1.134954e+14,4.330883e-04,1.074622e-06,1.970770e-03,3.800623e-07,2.165441e-04,5.373110e-07,1.970770e-03,3.800623e-07,3.901597e+02,0.000000e+00,-1.718053e+01,0.000000e+00
L-026666,2,-1,2023/08/30 14:19:54,706,YF_2/3_D0_E4-1_tech1,230807-T1-01,1-1,920,nL, ,H2O,0,2.887437e+01,1.389961e-03,4.666036e+16,1.479205e+15,3.568741e-04,7.020469e-07,1.967533e-03,5.715391e-07,1.784370e-04,3.510235e-07,1.967533e-03,5.715391e-07,1.455215e+02,0.000000e+00,-1.879516e+01,0.000000e+00
L-026666,3,0,2023/08/30 14:21:56,707,YF_2/3_D0_E4-1_tech1,230807-T1-01,1-1,920,nL, ,H2O,0,2.886805e+01,1.348237e-03,5.194414e+16,9.437558e+13,3.192761e-04,7.867509e-07,1.972019e-03,3.629742e-07,1.596381e-04,3.933754e-07,1.972019e-03,3.629742e-07,2.483678e+01,0.000000e+00,-1.655773e+01,0.000000e+00
L-026666,4,0,2023/08/30 14:23:58,708,YF_2/3_D0_E4-1_tech1,230807-T1-01,1-1,920,nL, ,H2O,0,2.885955e+01,1.234288e-03,5.204247e+16,9.514430e+13,3.036738e-04,5.814345e-07,1.971134e-03,4.100952e-07,1.518369e-04,2.907173e-07,1.971134e-03,4.100952e-07,-2.524461e+01,0.000000e+00,-1.699930e+01,0.000000e+00
L-026666,5,0,2023/08/30 14:26:00,709,YF_2/3_D0_E4-1_tech1,230807-T1-01,1-1,920,nL, ,H2O,0,2.886144e+01,1.606424e-03,5.179486e+16,1.141624e+14,2.950125e-04,4.653458e-07,1.970405e-03,4.315130e-07,1.475062e-04,2.326729e-07,1.970405e-03,4.315130e-07,-5.304662e+01,0.000000e+00,-1.736298e+01,0.000000e+00
L-026666,6,0,2023/08/30 14:28:01,710,YF_2/3_D0_E4-1_tech1,230807-T1-01,1-1,920,nL, ,H2O,0,2.886097e+01,1.438568e-03,5.054974e+16,1.074525e+14,2.904607e-04,4.423925e-07,1.969834e-03,2.896744e-07,1.452303e-04,2.211962e-07,1.969834e-03,2.896744e-07,-6.765726e+01,0.000000e+00,-1.764728e+01,0.000000e+00
L-026666,7,0,2023/08/30 14:30:03,711,YF_2/3_D0_E4-1_tech1,230807-T1-01,1-1,920,nL, ,H2O,0,2.886117e+01,1.385327e-03,5.187595e+16,8.332450e+13,2.881866e-04,3.562678e-07,1.970307e-03,4.058287e-07,1.440933e-04,1.781339e-07,1.970307e-03,4.058287e-07,-7.495685e+01,0.000000e+00,-1.741142e+01,0.000000e+00
L-026666,8,0,2023/08/30 14:32:05,712,YF_2/3_D0_E4-1_tech1,230807-T1-01,1-1,920,nL, ,H2O,0,2.885803e+01,1.237159e-03,5.193041e+16,1.152580e+14,2.859166e-04,3.267041e-07,1.969862e-03,4.669210e-07,1.429583e-04,1.633520e-07,1.969862e-03,4.669210e-07,-8.224312e+01,0.000000e+00,-1.763342e+01,0.000000e+00
L-026667,1,-1,2023/08/30 14:34:06,713,BlaJ-0145_D0_treatment_tech3,230807-T3-51,3-51,920,nL, ,H2O,0,2.884970e+01,1.284811e-03,5.070818e+16,9.219007e+13,2.856539e-04,2.383323e-07,1.971366e-03,4.990683e-07,1.428270e-04,1.191662e-07,1.971366e-03,4.990683e-07,-8.308640e+01,0.000000e+00,-1.688350e+01,0.000000e+00
L-026667,2,-1,2023/08/30 14:36:07,714,BlaJ-0145_D0_treatment_tech3,230807-T3-51,3-51,920,nL, ,H2O,0,2.883919e+01,1.214286e-03,4.969657e+16,9.899643e+13,2.844928e-04,2.699732e-07,1.971776e-03,4.239196e-07,1.422464e-04,1.349866e-07,1.971776e-03,4.239196e-07,-8.681353e+01,0.000000e+00,-1.667886e+01,0.000000e+00
L-026667,3,0,2023/08/30 14:38:08,715,BlaJ-0145_D0_treatment_tech3,230807-T3-51,3-51,920,nL, ,H2O,0,2.883086e+01,1.619217e-03,5.082856e+16,8.898078e+13,2.839302e-04,2.984755e-07,1.971949e-03,3.868159e-07,1.419651e-04,1.492378e-07,1.971949e-03,3.868159e-07,-8.861932e+01,0.000000e+00,-1.659252e+01,0.000000e+00
L-026667,4,0,2023/08/30 14:40:09,716,BlaJ-0145_D0_treatment_tech3,230807-T3-51,3-51,920,nL, ,H2O,0,2.882704e+01,1.501312e-03,4.895148e+16,7.471714e+13,2.834331e-04,2.636477e-07,1.971206e-03,4.632677e-07,1.417165e-04,1.318238e-07,1.971206e-03,4.632677e-07,-9.021492e+01,0.000000e+00,-1.696338e+01,0.000000e+00
L-026667,5,0,2023/08/30 14:42:10,717,BlaJ-0145_D0_treatment_tech3,230807-T3-51,3-51,920,nL, ,H2O,0,2.882674e+01,1.276394e-03,4.891507e+16,9.183645e+13,2.830550e-04,2.564176e-07,1.971057e-03,4.095898e-07,1.415275e-04,1.282088e-07,1.971057e-03,4.095898e-07,-9.142857e+01,0.000000e+00,-1.703776e+01,0.000000e+00
L-026667,6,0,2023/08/30 14:44:11,718,BlaJ-0145_D0_treatment_tech3,230807-T3-51,3-51,920,nL, ,H2O,0,2.882689e+01,1.295361e-03,5.052623e+16,8.686564e+13,2.827567e-04,2.921479e-07,1.971286e-03,4.858121e-07,1.413783e-04,1.460739e-07,1.971286e-03,4.858121e-07,-9.238610e+01,0.000000e+00,-1.692362e+01,0.000000e+00
L-026667,7,0,2023/08/30 14:46:12,719,BlaJ-0145_D0_treatment_tech3,230807-T3-51,3-51,920,nL, ,H2O,0,2.882259e+01,1.453066e-03,5.130911e+16,1.134996e+14,2.822875e-04,1.742423e-07,1.971457e-03,3.656321e-07,1.411437e-04,8.712114e-08,1.971457e-03,3.656321e-07,-9.389225e+01,0.000000e+00,-1.683824e+01,0.000000e+00
L-026667,8,0,2023/08/30 14:48:13,720,BlaJ-0145_D0_treatment_tech3,230807-T3-51,3-51,920,nL, ,H2O,0,2.881658e+01,1.396102e-03,5.138474e+16,1.077275e+14,2.823369e-04,2.991253e-07,1.971418e-03,5.288425e-07,1.411684e-04,1.495626e-07,1.971418e-03,5.288425e-07,-9.373369e+01,0.000000e+00,-1.685757e+01,0.000000e+00
L-026668,1,-1,2023/08/30 14:50:14,721,BlaJ-0179_D2_saline_tech2,230807-T2-47,2-47,920,nL, ,H2O,0,2.881580e+01,1.257715e-03,5.090497e+16,8.685950e+13,4.421845e-04,7.679605e-07,1.971561e-03,3.412067e-07,2.210923e-04,3.839802e-07,1.971561e-03,3.412067e-07,4.193575e+02,0.000000e+00,-1.678629e+01,0.000000e+00
L-026668,2,-1,2023/08/30 14:52:15,722,BlaJ-0179_D2_saline_tech2,230807-T2-47,2-47,920,nL, ,H2O,0,2.882159e+01,1.491783e-03,5.018465e+16,1.135602e+14,5.100028e-04,6.442730e-07,1.971537e-03,4.003900e-07,2.550014e-04,3.221365e-07,1.971537e-03,4.003900e-07,6.370457e+02,0.000000e+00,-1.679810e+01,0.000000e+00
L-026668,3,0,2023/08/30 14:54:16,723,BlaJ-0179_D2_saline_tech2,230807-T2-47,2-47,920,nL, ,H2O,0,2.882662e+01,1.413100e-03,5.008173e+16,4.723517e+14,5.356637e-04,3.024629e-07,1.970239e-03,4.528022e-07,2.678318e-04,1.512314e-07,1.970239e-03,4.528022e-07,7.194140e+02,0.000000e+00,-1.744561e+01,0.000000e+00
L-026668,4,0,2023/08/30 14:56:17,724,BlaJ-0179_D2_saline_tech2,230807-T2-47,2-47,920,nL, ,H2O,0,2.882615e+01,1.514633e-03,5.127775e+16,8.115443e+13,5.548230e-04,4.874051e-07,1.972088e-03,2.917782e-07,2.774115e-04,2.437026e-07,1.972088e-03,2.917782e-07,7.809131e+02,0.000000e+00,-1.652333e+01,0.000000e+00
L-026668,5,0,2023/08/30 14:58:18,725,BlaJ-0179_D2_saline_tech2,230807-T2-47,2-47,920,nL, ,H2O,0,2.882156e+01,1.485027e-03,5.148849e+16,1.080037e+14,5.612716e-04,2.580190e-07,1.972147e-03,4.514351e-07,2.806358e-04,1.290095e-07,1.972147e-03,4.514351e-07,8.016121e+02,0.000000e+00,-1.649399e+01,0.000000e+00
L-026668,6,0,2023/08/30 15:00:19,726,BlaJ-0179_D2_saline_tech2,230807-T2-47,2-47,920,nL, ,H2O,0,2.881028e+01,1.474864e-03,5.014365e+16,1.121443e+14,5.647716e-04,2.958560e-07,1.972181e-03,3.533113e-07,2.823858e-04,1.479280e-07,1.972181e-03,3.533113e-07,8.128467e+02,0.000000e+00,-1.647695e+01,0.000000e+00
L-026668,7,0,2023/08/30 15:02:20,727,BlaJ-0179_D2_saline_tech2,230807-T2-47,2-47,920,nL, ,H2O,0,2.880261e+01,1.315486e-03,5.030355e+16,1.085274e+14,5.669734e-04,2.204614e-07,1.971931e-03,4.401451e-07,2.834867e-04,1.102307e-07,1.971931e-03,4.401451e-07,8.199144e+02,0.000000e+00,-1.660187e+01,0.000000e+00
L-026668,8,0,2023/08/30 15:04:21,728,BlaJ-0179_D2_saline_tech2,230807-T2-47,2-47,920,nL, ,H2O,0,2.879940e+01,1.540845e-03,4.931010e+16,7.644859e+13,5.683628e-04,2.403957e-07,1.971511e-03,4.744309e-07,2.841814e-04,1.201979e-07,1.971511e-03,4.744309e-07,8.243739e+02,0.000000e+00,-1.681106e+01,0.000000e+00
L-026669,1,-1,2023/08/30 15:06:22,729,Curve_3_std_1,230807-T4-48,4-48,920,nL, ,H2O,0,2.880366e+01,1.436814e-03,5.038571e+16,8.984502e+13,4.023190e-04,8.163355e-07,1.969894e-03,4.161398e-07,2.011595e-04,4.081677e-07,1.969894e-03,4.161398e-07,2.913942e+02,0.000000e+00,-1.761749e+01,0.000000e+00
L-026669,2,-1,2023/08/30 15:08:23,730,Curve_3_std_1,230807-T4-48,4-48,920,nL, ,H2O,0,2.880312e+01,1.576212e-03,5.227486e+16,1.004494e+14,3.385003e-04,6.667579e-07,1.969947e-03,4.343373e-07,1.692502e-04,3.333790e-07,1.969947e-03,4.343373e-07,8.654408e+01,0.000000e+00,-1.759106e+01,0.000000e+00
L-026669,3,0,2023/08/30 15:10:24,731,Curve_3_std_1,230807-T4-48,4-48,920,nL, ,H2O,0,2.880062e+01,1.620596e-03,5.161643e+16,9.422575e+13,3.099239e-04,4.584066e-07,1.969730e-03,4.689871e-07,1.549619e-04,2.292033e-07,1.969730e-03,4.689871e-07,-5.182856e+00,0.000000e+00,-1.769931e+01,0.000000e+00
L-026669,4,0,2023/08/30 15:12:25,732,Curve_3_std_1,230807-T4-48,4-48,920,nL, ,H2O,0,2.879584e+01,1.517170e-03,4.976164e+16,1.141062e+14,2.960478e-04,4.723525e-07,1.968822e-03,4.699803e-07,1.480239e-04,2.361763e-07,1.968822e-03,4.699803e-07,-4.972339e+01,0.000000e+00,-1.815205e+01,0.000000e+00
L-026669,5,0,2023/08/30 15:14:26,733,Curve_3_std_1,230807-T4-48,4-48,920,nL, ,H2O,0,2.879930e+01,1.639733e-03,4.968961e+16,1.230392e+14,2.897681e-04,3.569420e-07,1.968685e-03,5.025755e-07,1.448841e-04,1.784710e-07,1.968685e-03,5.025755e-07,-6.988029e+01,0.000000e+00,-1.822072e+01,0.000000e+00
L-026669,6,0,2023/08/30 15:16:27,734,Curve_3_std_1,230807-T4-48,4-48,920,nL, ,H2O,0,2.880298e+01,1.764676e-03,5.144698e+16,8.547551e+13,2.870013e-04,2.967566e-07,1.969396e-03,3.679204e-07,1.435006e-04,1.483783e-07,1.969396e-03,3.679204e-07,-7.876152e+01,0.000000e+00,-1.786581e+01,0.000000e+00
L-026669,7,0,2023/08/30 15:18:28,735,Curve_3_std_1,230807-T4-48,4-48,920,nL, ,H2O,0,2.880248e+01,1.445476e-03,5.015833e+16,9.499184e+13,2.848555e-04,2.094163e-07,1.969055e-03,3.527770e-07,1.424278e-04,1.047081e-07,1.969055e-03,3.527770e-07,-8.564908e+01,0.000000e+00,-1.803622e+01,0.000000e+00
L-026669,8,0,2023/08/30 15:20:29,736,Curve_3_std_1,230807-T4-48,4-48,920,nL, ,H2O,0,2.879437e+01,1.146079e-03,5.050406e+16,1.641162e+15,2.816068e-04,1.360305e-06,1.967947e-03,1.045592e-06,1.408034e-04,6.801523e-07,1.967947e-03,1.045592e-06,-9.607707e+01,0.000000e+00,-1.858836e+01,0.000000e+00
L-026670,1,-1,2023/08/30 15:22:31,737,YF_2/3_D1_E3-1_tech2,230807-T1-11,1-11,920,nL, ,H2O,0,2.879031e+01,1.510903e-03,5.099772e+16,9.095099e+13,4.520130e-04,8.929823e-07,1.969249e-03,4.739894e-07,2.260065e-04,4.464912e-07,1.969249e-03,4.739894e-07,4.509058e+02,0.000000e+00,-1.793915e+01,0.000000e+00
L-026670,2,-1,2023/08/30 15:24:32,738,YF_2/3_D1_E3-1_tech2,230807-T1-11,1-11,920,nL, ,H2O,0,2.879119e+01,1.579946e-03,5.191299e+16,9.180489e+13,5.200853e-04,6.272620e-07,1.968323e-03,3.016640e-07,2.600427e-04,3.136310e-07,1.968323e-03,3.016640e-07,6.694094e+02,0.000000e+00,-1.840116e+01,0.000000e+00
L-026670,3,0,2023/08/30 15:26:34,739,YF_2/3_D1_E3-1_tech2,230807-T1-11,1-11,920,nL, ,H2O,0,2.879447e+01,1.798608e-03,5.254723e+16,9.257805e+13,5.523347e-04,5.520994e-07,1.969306e-03,3.103557e-07,2.761674e-04,2.760497e-07,1.969306e-03,3.103557e-07,7.729260e+02,0.000000e+00,-1.791091e+01,0.000000e+00
L-026670,4,0,2023/08/30 15:28:36,740,YF_2/3_D1_E3-1_tech2,230807-T1-11,1-11,920,nL, ,H2O,0,2.879655e+01,1.532379e-03,4.766591e+16,1.025054e+15,5.563604e-04,7.338141e-07,1.966332e-03,3.806003e-07,2.781802e-04,3.669071e-07,1.966332e-03,3.806003e-07,7.858478e+02,0.000000e+00,-1.939377e+01,0.000000e+00
L-026670,5,0,2023/08/30 15:30:38,741,YF_2/3_D1_E3-1_tech2,230807-T1-11,1-11,920,nL, ,H2O,0,2.879222e+01,1.326364e-03,5.211166e+16,9.668618e+13,5.744061e-04,3.124908e-07,1.969688e-03,3.385988e-07,2.872030e-04,1.562454e-07,1.969688e-03,3.385988e-07,8.437722e+02,0.000000e+00,-1.772013e+01,0.000000e+00
L-026670,6,0,2023/08/30 15:32:40,742,YF_2/3_D1_E3-1_tech2,230807-T1-11,1-11,920,nL, ,H2O,0,2.878673e+01,1.157565e-03,4.991154e+16,1.073914e+14,5.765178e-04,2.622910e-07,1.969281e-03,4.290771e-07,2.882589e-04,1.311455e-07,1.969281e-03,4.290771e-07,8.505507e+02,0.000000e+00,-1.792317e+01,0.000000e+00
L-026670,7,0,2023/08/30 15:34:42,743,YF_2/3_D1_E3-1_tech2,230807-T1-11,1-11,920,nL, ,H2O,0,2.878384e+01,1.305375e-03,5.053398e+16,1.284436e+14,5.792291e-04,3.200568e-07,1.969125e-03,3.524346e-07,2.896146e-04,1.600284e-07,1.969125e-03,3.524346e-07,8.592536e+02,0.000000e+00,-1.800082e+01,0.000000e+00
L-026670,8,0,2023/08/30 15:36:44,744,YF_2/3_D1_E3-1_tech2,230807-T1-11,1-11,920,nL, ,H2O,0,2.878421e+01,1.500720e-03,4.978569e+16,1.286112e+14,5.799321e-04,2.843571e-07,1.968519e-03,5.111182e-07,2.899660e-04,1.421785e-07,1.968519e-03,5.111182e-07,8.615100e+02,0.000000e+00,-1.830349e+01,0.000000e+00
L-026671,1,-1,2023/08/30 15:39:33,745,BlaJ-0177_D2_treatment_tech2,230807-T2-32,2-32,920,nL, ,H2O,0,2.879141e+01,1.622849e-03,4.998779e+16,1.041836e+14,5.112243e-04,4.506169e-07,1.968550e-03,4.897569e-07,2.556122e-04,2.253085e-07,1.968550e-03,4.897569e-07,6.409667e+02,0.000000e+00,-1.828794e+01,0.000000e+00
L-026671,2,-1,2023/08/30 15:41:34,746,BlaJ-0177_D2_treatment_tech2,230807-T2-32,2-32,920,nL, ,H2O,0,2.879712e+01,1.276053e-03,5.040584e+16,1.105182e+14,4.857768e-04,3.611846e-07,1.969823e-03,3.191429e-07,2.428884e-04,1.805923e-07,1.969823e-03,3.191429e-07,5.592832e+02,0.000000e+00,-1.765315e+01,0.000000e+00
L-026671,3,0,2023/08/30 15:43:35,747,BlaJ-0177_D2_treatment_tech2,230807-T2-32,2-32,920,nL, ,H2O,0,2.880138e+01,1.485802e-03,4.905793e+16,9.141937e+13,4.719960e-04,3.534061e-07,1.968699e-03,3.608731e-07,2.359980e-04,1.767031e-07,1.968699e-03,3.608731e-07,5.150485e+02,0.000000e+00,-1.821336e+01,0.000000e+00
L-026671,4,0,2023/08/30 15:45:36,748,BlaJ-0177_D2_treatment_tech2,230807-T2-32,2-32,920,nL, ,H2O,0,2.880258e+01,1.524341e-03,5.099291e+16,9.827915e+13,4.680863e-04,2.406115e-07,1.969464e-03,3.820408e-07,2.340432e-04,1.203058e-07,1.969464e-03,3.820408e-07,5.024990e+02,0.000000e+00,-1.783202e+01,0.000000e+00
L-026671,5,0,2023/08/30 15:47:37,749,BlaJ-0177_D2_treatment_tech2,230807-T2-32,2-32,920,nL, ,H2O,0,2.880202e+01,1.410341e-03,5.090117e+16,4.792619e+14,4.634238e-04,5.439496e-07,1.968626e-03,3.189550e-07,2.317119e-04,2.719748e-07,1.968626e-03,3.189550e-07,4.875329e+02,0.000000e+00,-1.825000e+01,0.000000e+00
L-026671,6,0,2023/08/30 15:49:38,750,BlaJ-0177_D2_treatment_tech2,230807-T2-32,2-32,920,nL, ,H2O,0,2.880082e+01,1.503326e-03,5.107000e+16,9.842153e+13,4.646322e-04,2.347617e-07,1.969980e-03,4.666609e-07,2.323161e-04,1.173809e-07,1.969980e-03,4.666609e-07,4.914117e+02,0.000000e+00,-1.757452e+01,0.000000e+00
L-026671,7,0,2023/08/30 15:51:39,751,BlaJ-0177_D2_treatment_tech2,230807-T2-32,2-32,920,nL, ,H2O,0,2.880065e+01,1.508813e-03,5.105752e+16,1.049874e+14,4.630820e-04,2.670215e-07,1.969575e-03,3.231446e-07,2.315410e-04,1.335108e-07,1.969575e-03,3.231446e-07,4.864358e+02,0.000000e+00,-1.777669e+01,0.000000e+00
L-026671,8,0,2023/08/30 15:53:40,752,BlaJ-0177_D2_treatment_tech2,230807-T2-32,2-32,920,nL, ,H2O,0,2.880148e+01,1.454695e-03,4.916942e+16,6.510712e+13,4.625576e-04,3.053465e-07,1.969482e-03,5.437032e-07,2.312788e-04,1.526733e-07,1.969482e-03,5.437032e-07,4.847527e+02,0.000000e+00,-1.782280e+01,0.000000e+00
L-026672,1,-1,2023/08/30 15:55:41,753,YM_2/3_D0_E4-1_tech3,230807-T1-45,1-45,920,nL, ,H2O,0,2.879996e+01,1.656145e-03,4.991130e+16,7.159145e+13,3.581142e-04,6.797294e-07,1.968794e-03,4.759607e-07,1.790571e-04,3.398647e-07,1.968794e-03,4.759607e-07,1.495020e+02,0.000000e+00,-1.816601e+01,0.000000e+00
L-026672,2,-1,2023/08/30 15:57:42,754,YM_2/3_D0_E4-1_tech3,230807-T1-45,1-45,920,nL, ,H2O,0,2.879464e+01,1.401605e-03,5.041200e+16,1.140299e+14,3.171122e-04,4.441371e-07,1.968371e-03,3.478425e-07,1.585561e-04,2.220686e-07,1.968371e-03,3.478425e-07,1.789073e+01,0.000000e+00,-1.837700e+01,0.000000e+00
L-026672,3,0,2023/08/30 15:59:43,755,YM_2/3_D0_E4-1_tech3,230807-T1-45,1-45,920,nL, ,H2O,0,2.879347e+01,1.645524e-03,5.107922e+16,1.321362e+14,2.995142e-04,4.287003e-07,1.968119e-03,4.618922e-07,1.497571e-04,2.143501e-07,1.968119e-03,4.618922e-07,-3.859661e+01,0.000000e+00,-1.850276e+01,0.000000e+00
L-026672,4,0,2023/08/30 16:01:44,756,YM_2/3_D0_E4-1_tech3,230807-T1-45,1-45,920,nL, ,H2O,0,2.879739e+01,1.599545e-03,5.201367e+16,1.006779e+14,2.917701e-04,4.081626e-07,1.968301e-03,4.805358e-07,1.458850e-04,2.040813e-07,1.968301e-03,4.805358e-07,-6.345423e+01,0.000000e+00,-1.841218e+01,0.000000e+00
L-026672,5,0,2023/08/30 16:03:45,757,YM_2/3_D0_E4-1_tech3,230807-T1-45,1-45,920,nL, ,H2O,0,2.879577e+01,1.299876e-03,5.195484e+16,1.039432e+14,2.877949e-04,3.129640e-07,1.968506e-03,4.108731e-07,1.438974e-04,1.564820e-07,1.968506e-03,4.108731e-07,-7.621419e+01,0.000000e+00,-1.830969e+01,0.000000e+00
L-026672,6,0,2023/08/30 16:05:47,758,YM_2/3_D0_E4-1_tech3,230807-T1-45,1-45,920,nL, ,H2O,0,2.879239e+01,1.431457e-03,5.202246e+16,8.650619e+13,2.856077e-04,2.738151e-07,1.968458e-03,4.278694e-07,1.428039e-04,1.369076e-07,1.968458e-03,4.278694e-07,-8.323465e+01,0.000000e+00,-1.833379e+01,0.000000e+00
L-026672,7,0,2023/08/30 16:07:48,759,YM_2/3_D0_E4-1_tech3,230807-T1-45,1-45,920,nL, ,H2O,0,2.878969e+01,1.810219e-03,5.091311e+16,1.340890e+14,2.839707e-04,2.136761e-07,1.968080e-03,3.790960e-07,1.419853e-04,1.068380e-07,1.968080e-03,3.790960e-07,-8.848941e+01,0.000000e+00,-1.852216e+01,0.000000e+00
L-026672,8,0,2023/08/30 16:09:49,760,YM_2/3_D0_E4-1_tech3,230807-T1-45,1-45,920,nL, ,H2O,0,2.879131e+01,1.764566e-03,5.103532e+16,1.105167e+14,2.826536e-04,2.500164e-07,1.967742e-03,2.117447e-07,1.413268e-04,1.250082e-07,1.967742e-03,2.117447e-07,-9.271707e+01,0.000000e+00,-1.869076e+01,0.000000e+00
L-026673,1,-1,2023/08/30 16:11:50,761,YM_2/3_D0_E4-1_tech2,230807-T1-44,1-44,920,nL, ,H2O,0,2.878800e+01,1.453662e-03,5.257178e+16,1.000497e+14,2.824877e-04,2.617719e-07,1.968674e-03,4.725417e-07,1.412439e-04,1.308860e-07,1.968674e-03,4.725417e-07,-9.324946e+01,0.000000e+00,-1.822590e+01,0.000000e+00
L-026673,2,-1,2023/08/30 16:13:51,762,YM_2/3_D0_E4-1_tech2,230807-T1-44,1-44,920,nL, ,H2O,0,2.878056e+01,1.548624e-03,5.193035e+16,1.089213e+14,2.818230e-04,2.363188e-07,1.968857e-03,4.472657e-07,1.409115e-04,1.181594e-07,1.968857e-03,4.472657e-07,-9.538319e+01,0.000000e+00,-1.813476e+01,0.000000e+00
L-026673,3,0,2023/08/30 16:15:52,763,YM_2/3_D0_E4-1_tech2,230807-T1-44,1-44,920,nL, ,H2O,0,2.878070e+01,1.705265e-03,5.188179e+16,7.763770e+13,2.813499e-04,2.748461e-07,1.968115e-03,4.497096e-07,1.406749e-04,1.374231e-07,1.968115e-03,4.497096e-07,-9.690173e+01,0.000000e+00,-1.850500e+01,0.000000e+00
L-026673,4,0,2023/08/30 16:17:53,764,YM_2/3_D0_E4-1_tech2,230807-T1-44,1-44,920,nL, ,H2O,0,2.878291e+01,1.473323e-03,5.183250e+16,1.116780e+14,2.813477e-04,2.081168e-07,1.968199e-03,5.021354e-07,1.406739e-04,1.040584e-07,1.968199e-03,5.021354e-07,-9.690865e+01,0.000000e+00,-1.846290e+01,0.000000e+00
L-026673,5,0,2023/08/30 16:19:55,765,YM_2/3_D0_E4-1_tech2,230807-T1-44,1-44,920,nL, ,H2O,0,2.878580e+01,1.385289e-03,5.100768e+16,8.573905e+13,2.809090e-04,2.158924e-07,1.968209e-03,3.881606e-07,1.404545e-04,1.079462e-07,1.968209e-03,3.881606e-07,-9.831695e+01,0.000000e+00,-1.845787e+01,0.000000e+00
L-026673,6,0,2023/08/30 16:21:56,766,YM_2/3_D0_E4-1_tech2,230807-T1-44,1-44,920,nL, ,H2O,0,2.878061e+01,1.479896e-03,5.188949e+16,1.302913e+14,2.806717e-04,1.632321e-07,1.968775e-03,4.354826e-07,1.403359e-04,8.161607e-08,1.968775e-03,4.354826e-07,-9.907852e+01,0.000000e+00,-1.817548e+01,0.000000e+00
L-026673,7,0,2023/08/30 16:23:57,767,YM_2/3_D0_E4-1_tech2,230807-T1-44,1-44,920,nL, ,H2O,0,2.877412e+01,1.417060e-03,5.144843e+16,1.053995e+14,2.805011e-04,2.220297e-07,1.968322e-03,4.774805e-07,1.402505e-04,1.110148e-07,1.968322e-03,4.774805e-07,-9.962639e+01,0.000000e+00,-1.840153e+01,0.000000e+00
L-026673,8,0,2023/08/30 16:25:58,768,YM_2/3_D0_E4-1_tech2,230807-T1-44,1-44,920,nL, ,H2O,0,2.877324e+01,1.606426e-03,5.049855e+16,8.564437e+13,2.802883e-04,2.570922e-07,1.967866e-03,4.722239e-07,1.401442e-04,1.285461e-07,1.967866e-03,4.722239e-07,-1.003092e+02,0.000000e+00,-1.862901e+01,0.000000e+00
L-026674,1,-1,2023/08/30 16:27:59,769,YM_2/3_D2_E3-1_tech2,230807-T2-11,2-11,920,nL, ,H2O,0,2.877588e+01,1.444482e-03,5.065662e+16,1.075273e+14,4.926279e-04,1.124528e-06,1.967678e-03,5.389105e-07,2.463139e-04,5.622641e-07,1.967678e-03,5.389105e-07,5.812743e+02,0.000000e+00,-1.872252e+01,0.000000e+00
L-026674,2,-1,2023/08/30 16:30:00,770,YM_2/3_D2_E3-1_tech2,230807-T2-11,2-11,920,nL, ,H2O,0,2.877172e+01,1.125017e-03,5.244038e+16,8.923475e+13,5.747893e-04,9.708851e-07,1.967788e-03,4.282155e-07,2.873946e-04,4.854425e-07,1.967788e-03,4.282155e-07,8.450022e+02,0.000000e+00,-1.866800e+01,0.000000e+00
L-026674,3,0,2023/08/30 16:32:01,771,YM_2/3_D2_E3-1_tech2,230807-T2-11,2-11,920,nL, ,H2O,0,2.876213e+01,1.417662e-03,5.317518e+16,9.137597e+13,6.109668e-04,6.110541e-07,1.968324e-03,3.009748e-07,3.054834e-04,3.055270e-07,1.968324e-03,3.009748e-07,9.611276e+02,0.000000e+00,-1.840062e+01,0.000000e+00
L-026674,4,0,2023/08/30 16:34:02,772,YM_2/3_D2_E3-1_tech2,230807-T2-11,2-11,920,nL, ,H2O,0,2.875613e+01,1.522001e-03,5.225958e+16,1.221070e+14,6.270084e-04,4.810319e-07,1.967763e-03,5.001456e-07,3.135042e-04,2.405160e-07,1.967763e-03,5.001456e-07,1.012619e+03,0.000000e+00,-1.868006e+01,0.000000e+00
L-026674,5,0,2023/08/30 16:36:03,773,YM_2/3_D2_E3-1_tech2,230807-T2-11,2-11,920,nL, ,H2O,0,2.875535e+01,1.325427e-03,5.142827e+16,1.044939e+14,6.360028e-04,4.106009e-07,1.967568e-03,4.552040e-07,3.180014e-04,2.053004e-07,1.967568e-03,4.552040e-07,1.041490e+03,0.000000e+00,-1.877776e+01,0.000000e+00
L-026674,6,0,2023/08/30 16:38:04,774,YM_2/3_D2_E3-1_tech2,230807-T2-11,2-11,920,nL, ,H2O,0,2.875425e+01,1.459332e-03,5.120790e+16,1.091508e+14,6.422930e-04,3.565369e-07,1.967971e-03,4.552811e-07,3.211465e-04,1.782685e-07,1.967971e-03,4.552811e-07,1.061681e+03,0.000000e+00,-1.857639e+01,0.000000e+00
L-026674,7,0,2023/08/30 16:40:05,775,YM_2/3_D2_E3-1_tech2,230807-T2-11,2-11,920,nL, ,H2O,0,2.874916e+01,1.358803e-03,4.892988e+16,1.022629e+14,6.449328e-04,2.718478e-07,1.967751e-03,5.491421e-07,3.224664e-04,1.359239e-07,1.967751e-03,5.491421e-07,1.070154e+03,0.000000e+00,-1.868643e+01,0.000000e+00
L-026674,8,0,2023/08/30 16:42:06,776,YM_2/3_D2_E3-1_tech2,230807-T2-11,2-11,920,nL, ,H2O,0,2.874542e+01,1.262929e-03,4.908609e+16,1.068903e+14,6.468235e-04,3.252775e-07,1.967757e-03,2.977788e-07,3.234117e-04,1.626388e-07,1.967757e-03,2.977788e-07,1.076223e+03,0.000000e+00,-1.868322e+01,0.000000e+00
L-026675,1,-1,2023/08/30 16:44:08,777,YM_2/3_D4_E4-1_tech1,230807-T2-19,2-19,920,nL, ,H2O,0,2.874048e+01,1.291880e-03,5.213282e+16,1.233678e+14,6.764009e-04,3.517368e-07,1.967907e-03,4.128348e-07,3.382005e-04,1.758684e-07,1.967907e-03,4.128348e-07,1.171163e+03,0.000000e+00,-1.860844e+01,0.000000e+00
L-026675,2,-1,2023/08/30 16:46:09,778,YM_2/3_D4_E4-1_tech1,230807-T2-19,2-19,920,nL, ,H2O,0,2.873562e+01,1.316585e-03,5.208762e+16,9.141026e+13,6.883804e-04,3.002606e-07,1.967592e-03,3.383732e-07,3.441902e-04,1.501303e-07,1.967592e-03,3.383732e-07,1.209616e+03,0.000000e+00,-1.876568e+01,0.000000e+00
L-026675,3,0,2023/08/30 16:48:11,779,YM_2/3_D4_E4-1_tech1,230807-T2-19,2-19,920,nL, ,H2O,0,2.873361e+01,1.445286e-03,4.983151e+16,7.222715e+14,6.873162e-04,7.793717e-07,1.965530e-03,5.779116e-07,3.436581e-04,3.896859e-07,1.965530e-03,5.779116e-07,1.206200e+03,0.000000e+00,-1.979402e+01,0.000000e+00
L-026675,4,0,2023/08/30 16:50:13,780,YM_2/3_D4_E4-1_tech1,230807-T2-19,2-19,920,nL, ,H2O,0,2.873371e+01,1.486230e-03,5.211644e+16,1.064907e+14,6.991551e-04,3.318583e-07,1.968642e-03,3.748210e-07,3.495776e-04,1.659291e-07,1.968642e-03,3.748210e-07,1.244201e+03,0.000000e+00,-1.824218e+01,0.000000e+00
L-026675,5,0,2023/08/30 16:52:14,781,YM_2/3_D4_E4-1_tech1,230807-T2-19,2-19,920,nL, ,H2O,0,2.873552e+01,1.489841e-03,4.911507e+16,1.417376e+14,6.961220e-04,2.894820e-07,1.967058e-03,3.603634e-07,3.480610e-04,1.447410e-07,1.967058e-03,3.603634e-07,1.234465e+03,0.000000e+00,-1.903206e+01,0.000000e+00
L-026675,6,0,2023/08/30 16:54:15,782,YM_2/3_D4_E4-1_tech1,230807-T2-19,2-19,920,nL, ,H2O,0,2.873518e+01,1.525768e-03,5.111733e+16,9.432365e+13,7.013032e-04,2.817038e-07,1.968347e-03,4.277065e-07,3.506516e-04,1.408519e-07,1.968347e-03,4.277065e-07,1.251096e+03,0.000000e+00,-1.838897e+01,0.000000e+00
L-026675,7,0,2023/08/30 16:56:17,783,YM_2/3_D4_E4-1_tech1,230807-T2-19,2-19,920,nL, ,H2O,0,2.873388e+01,1.477686e-03,5.146700e+16,1.113251e+14,7.011341e-04,2.607988e-07,1.968031e-03,5.416741e-07,3.505670e-04,1.303994e-07,1.968031e-03,5.416741e-07,1.250553e+03,0.000000e+00,-1.854652e+01,0.000000e+00
L-026675,8,0,2023/08/30 16:58:19,784,YM_2/3_D4_E4-1_tech1,230807-T2-19,2-19,920,nL, ,H2O,0,2.872922e+01,1.584134e-03,5.155814e+16,9.070064e+13,7.002496e-04,2.390943e-07,1.967636e-03,2.583567e-07,3.501248e-04,1.195471e-07,1.967636e-03,2.583567e-07,1.247714e+03,0.000000e+00,-1.874380e+01,0.000000e+00
L-026676,1,-1,2023/08/30 17:00:20,785,Curve_3_std_3,230807-T4-50,4-50,920,nL, ,H2O,0,2.872619e+01,1.456172e-03,5.259937e+16,1.141876e+14,5.089453e-04,9.726622e-07,1.968092e-03,3.485540e-07,2.544726e-04,4.863311e-07,1.968092e-03,3.485540e-07,6.336511e+02,0.000000e+00,-1.851638e+01,0.000000e+00
L-026676,2,-1,2023/08/30 17:02:21,786,Curve_3_std_3,230807-T4-50,4-50,920,nL, ,H2O,0,2.872262e+01,1.628562e-03,5.272411e+16,9.877511e+13,4.289917e-04,8.113096e-07,1.968180e-03,3.659034e-07,2.144959e-04,4.056548e-07,1.968180e-03,3.659034e-07,3.770102e+02,0.000000e+00,-1.847251e+01,0.000000e+00
L-026676,3,0,2023/08/30 17:04:22,787,Curve_3_std_3,230807-T4-50,4-50,920,nL, ,H2O,0,2.872387e+01,1.510140e-03,5.200777e+16,1.130332e+14,3.924418e-04,6.169099e-07,1.967646e-03,3.767784e-07,1.962209e-04,3.084549e-07,1.967646e-03,3.767784e-07,2.596895e+02,0.000000e+00,-1.873856e+01,0.000000e+00
L-026676,4,0,2023/08/30 17:06:23,788,Curve_3_std_3,230807-T4-50,4-50,920,nL, ,H2O,0,2.872983e+01,1.622564e-03,5.285043e+16,8.683930e+13,3.772457e-04,4.045648e-07,1.968550e-03,3.426344e-07,1.886229e-04,2.022824e-07,1.968550e-03,3.426344e-07,2.109120e+02,0.000000e+00,-1.828788e+01,0.000000e+00
L-026676,5,0,2023/08/30 17:08:24,789,Curve_3_std_3,230807-T4-50,4-50,920,nL, ,H2O,0,2.873161e+01,1.485436e-03,5.293394e+16,1.035459e+14,3.689784e-04,3.058245e-07,1.968331e-03,2.436129e-07,1.844892e-04,1.529122e-07,1.968331e-03,2.436129e-07,1.843749e+02,0.000000e+00,-1.839681e+01,0.000000e+00
L-026676,6,0,2023/08/30 17:10:25,790,Curve_3_std_3,230807-T4-50,4-50,920,nL, ,H2O,0,2.872795e+01,1.421808e-03,5.255641e+16,1.082807e+14,3.648119e-04,2.724200e-07,1.968210e-03,4.717310e-07,1.824060e-04,1.362100e-07,1.968210e-03,4.717310e-07,1.710010e+02,0.000000e+00,-1.845721e+01,0.000000e+00
L-026676,7,0,2023/08/30 17:12:26,791,Curve_3_std_3,230807-T4-50,4-50,920,nL, ,H2O,0,2.872528e+01,1.287859e-03,4.963463e+16,8.955199e+13,3.616754e-04,2.498662e-07,1.968086e-03,4.796088e-07,1.808377e-04,1.249331e-07,1.968086e-03,4.796088e-07,1.609332e+02,0.000000e+00,-1.851909e+01,0.000000e+00
L-026676,8,0,2023/08/30 17:14:27,792,Curve_3_std_3,230807-T4-50,4-50,920,nL, ,H2O,0,2.872616e+01,1.422057e-03,4.867004e+16,4.656888e+13,3.596837e-04,2.494110e-07,1.967968e-03,4.065865e-07,1.798419e-04,1.247055e-07,1.967968e-03,4.065865e-07,1.545401e+02,0.000000e+00,-1.857812e+01,0.000000e+00
L-026677,1,-1,2023/08/30 17:16:28,793,BlaJ-0165_D4_treatment_tech1,230807-T3-37,3-37,920,nL, ,H2O,0,2.873149e+01,1.744510e-03,4.865356e+16,9.647015e+13,5.130195e-04,7.611119e-07,1.969708e-03,3.534115e-07,2.565097e-04,3.805560e-07,1.969708e-03,3.534115e-07,6.467289e+02,0.000000e+00,-1.771050e+01,0.000000e+00
L-026677,2,-1,2023/08/30 17:18:29,794,BlaJ-0165_D4_treatment_tech1,230807-T3-37,3-37,920,nL, ,H2O,0,2.873518e+01,1.477053e-03,5.067407e+16,8.349449e+13,5.714336e-04,6.115447e-07,1.970603e-03,3.811390e-07,2.857168e-04,3.057724e-07,1.970603e-03,3.811390e-07,8.342310e+02,0.000000e+00,-1.726386e+01,0.000000e+00
L-026677,3,0,2023/08/30 17:20:30,795,BlaJ-0165_D4_treatment_tech1,230807-T3-37,3-37,920,nL, ,H2O,0,2.873146e+01,1.238574e-03,5.137558e+16,9.208808e+13,5.978733e-04,6.174160e-07,1.971107e-03,5.475172e-07,2.989367e-04,3.087080e-07,1.971107e-03,5.475172e-07,9.190992e+02,0.000000e+00,-1.701245e+01,0.000000e+00
L-026677,4,0,2023/08/30 17:22:31,796,BlaJ-0165_D4_treatment_tech1,230807-T3-37,3-37,920,nL, ,H2O,0,2.872694e+01,1.237918e-03,5.112522e+16,1.071564e+14,6.105350e-04,3.406324e-07,1.970995e-03,2.931885e-07,3.052675e-04,1.703162e-07,1.970995e-03,2.931885e-07,9.597415e+02,0.000000e+00,-1.706836e+01,0.000000e+00
L-026677,5,0,2023/08/30 17:24:32,797,BlaJ-0165_D4_treatment_tech1,230807-T3-37,3-37,920,nL, ,H2O,0,2.872926e+01,1.355890e-03,4.990402e+16,9.754303e+13,6.171082e-04,3.589122e-07,1.971133e-03,4.289177e-07,3.085541e-04,1.794561e-07,1.971133e-03,4.289177e-07,9.808408e+02,0.000000e+00,-1.699971e+01,0.000000e+00
L-026677,6,0,2023/08/30 17:26:33,798,BlaJ-0165_D4_treatment_tech1,230807-T3-37,3-37,920,nL, ,H2O,0,2.873523e+01,1.492000e-03,5.100187e+16,9.077121e+13,6.202622e-04,3.550087e-07,1.970904e-03,4.281877e-07,3.101311e-04,1.775044e-07,1.970904e-03,4.281877e-07,9.909649e+02,0.000000e+00,-1.711389e+01,0.000000e+00
L-026677,7,0,2023/08/30 17:28:34,799,BlaJ-0165_D4_treatment_tech1,230807-T3-37,3-37,920,nL, ,H2O,0,2.874036e+01,1.508822e-03,5.107763e+16,1.244775e+14,6.226579e-04,2.751046e-07,1.970947e-03,2.938048e-07,3.113290e-04,1.375523e-07,1.970947e-03,2.938048e-07,9.986547e+02,0.000000e+00,-1.709232e+01,0.000000e+00
L-026677,8,0,2023/08/30 17:30:35,800,BlaJ-0165_D4_treatment_tech1,230807-T3-37,3-37,920,nL, ,H2O,0,2.874466e+01,1.307903e-03,5.087755e+16,1.088846e+14,6.246182e-04,1.467973e-07,1.971417e-03,4.096547e-07,3.123091e-04,7.339863e-08,1.971417e-03,4.096547e-07,1.004947e+03,0.000000e+00,-1.685818e+01,0.000000e+00
L-026678,1,-1,2023/08/30 17:32:36,801,YM_2/3_D8_E4-1_tech2,230807-T2-26,2-26,920,nL, ,H2O,0,2.874757e+01,1.541272e-03,5.075633e+16,9.724650e+13,6.728730e-04,3.876447e-07,1.969116e-03,4.081725e-07,3.364365e-04,1.938223e-07,1.969116e-03,4.081725e-07,1.159839e+03,0.000000e+00,-1.800575e+01,0.000000e+00
L-026678,2,-1,2023/08/30 17:34:37,802,YM_2/3_D8_E4-1_tech2,230807-T2-26,2-26,920,nL, ,H2O,0,2.875704e+01,1.720811e-03,4.739973e+16,1.134893e+15,6.803378e-04,9.997934e-07,1.965481e-03,3.751368e-07,3.401689e-04,4.998967e-07,1.965481e-03,3.751368e-07,1.183800e+03,0.000000e+00,-1.981844e+01,0.000000e+00
L-026678,3,0,2023/08/30 17:36:38,803,YM_2/3_D8_E4-1_tech2,230807-T2-26,2-26,920,nL, ,H2O,0,2.876815e+01,1.908134e-03,5.262960e+16,8.663060e+13,7.054029e-04,2.816703e-07,1.969054e-03,5.057078e-07,3.527014e-04,1.408352e-07,1.969054e-03,5.057078e-07,1.264256e+03,0.000000e+00,-1.803628e+01,0.000000e+00
L-026678,4,0,2023/08/30 17:38:39,804,YM_2/3_D8_E4-1_tech2,230807-T2-26,2-26,920,nL, ,H2O,0,2.877737e+01,1.372657e-03,5.183933e+16,1.057359e+14,7.071269e-04,2.713874e-07,1.968258e-03,3.832487e-07,3.535635e-04,1.356937e-07,1.968258e-03,3.832487e-07,1.269790e+03,0.000000e+00,-1.843330e+01,0.000000e+00
L-026678,5,0,2023/08/30 17:40:40,805,YM_2/3_D8_E4-1_tech2,230807-T2-26,2-26,920,nL, ,H2O,0,2.878391e+01,1.691664e-03,5.035451e+16,7.587566e+13,7.082621e-04,2.949722e-07,1.967952e-03,5.195176e-07,3.541311e-04,1.474861e-07,1.967952e-03,5.195176e-07,1.273434e+03,0.000000e+00,-1.858590e+01,0.000000e+00
L-026678,6,0,2023/08/30 17:42:41,806,YM_2/3_D8_E4-1_tech2,230807-T2-26,2-26,920,nL, ,H2O,0,2.878800e+01,1.439815e-03,5.105920e+16,1.180992e+14,7.077271e-04,2.950588e-07,1.967639e-03,3.750453e-07,3.538635e-04,1.475294e-07,1.967639e-03,3.750453e-07,1.271716e+03,0.000000e+00,-1.874232e+01,0.000000e+00
L-026678,7,0,2023/08/30 17:44:42,807,YM_2/3_D8_E4-1_tech2,230807-T2-26,2-26,920,nL, ,H2O,0,2.879050e+01,1.499771e-03,5.184588e+16,8.612255e+13,7.105621e-04,2.965729e-07,1.968192e-03,4.114242e-07,3.552811e-04,1.482865e-07,1.968192e-03,4.114242e-07,1.280816e+03,0.000000e+00,-1.846656e+01,0.000000e+00
L-026678,8,0,2023/08/30 17:46:43,808,YM_2/3_D8_E4-1_tech2,230807-T2-26,2-26,920,nL, ,H2O,0,2.879935e+01,1.643674e-03,5.203105e+16,9.937295e+13,7.108052e-04,3.103972e-07,1.968128e-03,3.965235e-07,3.554026e-04,1.551986e-07,1.968128e-03,3.965235e-07,1.281597e+03,0.000000e+00,-1.849805e+01,0.000000e+00
L-026679,1,-1,2023/08/30 17:48:44,809,BlaJ-0181_D8_saline_tech2,230807-T2-35,2-35,920,nL, ,H2O,0,2.881021e+01,1.766483e-03,5.181696e+16,1.169337e+14,6.627797e-04,3.125474e-07,1.968246e-03,4.166923e-07,3.313899e-04,1.562737e-07,1.968246e-03,4.166923e-07,1.127441e+03,0.000000e+00,-1.843963e+01,0.000000e+00
L-026679,2,-1,2023/08/30 17:50:45,810,BlaJ-0181_D8_saline_tech2,230807-T2-35,2-35,920,nL, ,H2O,0,2.881906e+01,1.705663e-03,5.038354e+16,1.006427e+14,6.426842e-04,2.411317e-07,1.968923e-03,3.741177e-07,3.213421e-04,1.205658e-07,1.968923e-03,3.741177e-07,1.062937e+03,0.000000e+00,-1.810187e+01,0.000000e+00
L-026679,3,0,2023/08/30 17:52:46,811,BlaJ-0181_D8_saline_tech2,230807-T2-35,2-35,920,nL, ,H2O,0,2.882578e+01,1.663345e-03,5.156324e+16,1.089497e+14,6.337904e-04,2.441524e-07,1.968791e-03,3.635208e-07,3.168952e-04,1.220762e-07,1.968791e-03,3.635208e-07,1.034389e+03,0.000000e+00,-1.816742e+01,0.000000e+00
L-026679,4,0,2023/08/30 17:54:47,812,BlaJ-0181_D8_saline_tech2,230807-T2-35,2-35,920,nL, ,H2O,0,2.883295e+01,1.599687e-03,5.188735e+16,1.273206e+14,6.293011e-04,2.487529e-07,1.969020e-03,3.670495e-07,3.146505e-04,1.243765e-07,1.969020e-03,3.670495e-07,1.019978e+03,0.000000e+00,-1.805330e+01,0.000000e+00
L-026679,5,0,2023/08/30 17:56:48,813,BlaJ-0181_D8_saline_tech2,230807-T2-35,2-35,920,nL, ,H2O,0,2.884179e+01,1.674227e-03,5.172981e+16,1.237454e+14,6.270842e-04,2.808020e-07,1.969050e-03,4.135402e-07,3.135421e-04,1.404010e-07,1.969050e-03,4.135402e-07,1.012862e+03,0.000000e+00,-1.803838e+01,0.000000e+00
L-026679,6,0,2023/08/30 17:58:49,814,BlaJ-0181_D8_saline_tech2,230807-T2-35,2-35,920,nL, ,H2O,0,2.884930e+01,1.568344e-03,5.148171e+16,9.361325e+13,6.256197e-04,2.605287e-07,1.969020e-03,5.611090e-07,3.128099e-04,1.302644e-07,1.969020e-03,5.611090e-07,1.008162e+03,0.000000e+00,-1.805348e+01,0.000000e+00
L-026679,7,0,2023/08/30 18:00:50,815,BlaJ-0181_D8_saline_tech2,230807-T2-35,2-35,920,nL, ,H2O,0,2.885215e+01,1.318703e-03,4.833349e+16,7.690729e+14,6.188620e-04,7.103994e-07,1.966743e-03,4.999725e-07,3.094310e-04,3.551997e-07,1.966743e-03,4.999725e-07,9.864703e+02,0.000000e+00,-1.918899e+01,0.000000e+00
L-026679,8,0,2023/08/30 18:02:51,816,BlaJ-0181_D8_saline_tech2,230807-T2-35,2-35,920,nL, ,H2O,0,2.885631e+01,1.665105e-03,5.119412e+16,4.118149e+14,6.230339e-04,5.960802e-07,1.968623e-03,5.259446e-07,3.115169e-04,2.980401e-07,1.968623e-03,5.259446e-07,9.998614e+02,0.000000e+00,-1.825155e+01,0.000000e+00
L-026680,1,-1,2023/08/30 18:04:51,817,BlaJ-0176_D2_saline_tech3,230807-T2-54,2-54,920,nL, ,H2O,0,2.886242e+01,1.651506e-03,5.249087e+16,1.023361e+14,6.631841e-04,2.764482e-07,1.970540e-03,4.778415e-07,3.315921e-04,1.382241e-07,1.970540e-03,4.778415e-07,1.128739e+03,0.000000e+00,-1.729550e+01,0.000000e+00
L-026680,2,-1,2023/08/30 18:06:53,818,BlaJ-0176_D2_saline_tech3,230807-T2-54,2-54,920,nL, ,H2O,0,2.886439e+01,1.406428e-03,5.219132e+16,1.193347e+14,6.786805e-04,3.053145e-07,1.970545e-03,3.576253e-07,3.393402e-04,1.526573e-07,1.970545e-03,3.576253e-07,1.178480e+03,0.000000e+00,-1.729303e+01,0.000000e+00
L-026680,3,0,2023/08/30 18:08:54,819,BlaJ-0176_D2_saline_tech3,230807-T2-54,2-54,920,nL, ,H2O,0,2.886365e+01,1.332942e-03,5.226948e+16,8.721397e+13,6.848952e-04,1.853000e-07,1.970117e-03,3.819991e-07,3.424476e-04,9.265001e-08,1.970117e-03,3.819991e-07,1.198429e+03,0.000000e+00,-1.750636e+01,0.000000e+00
L-026680,4,0,2023/08/30 18:10:55,820,BlaJ-0176_D2_saline_tech3,230807-T2-54,2-54,920,nL, ,H2O,0,2.886513e+01,1.527737e-03,5.232981e+16,1.222465e+14,6.892521e-04,2.562017e-07,1.970356e-03,4.120913e-07,3.446260e-04,1.281009e-07,1.970356e-03,4.120913e-07,1.212414e+03,0.000000e+00,-1.738716e+01,0.000000e+00
L-026680,5,0,2023/08/30 18:12:56,821,BlaJ-0176_D2_saline_tech3,230807-T2-54,2-54,920,nL, ,H2O,0,2.887300e+01,1.887515e-03,5.174465e+16,1.045906e+14,6.908408e-04,2.480346e-07,1.970530e-03,3.323896e-07,3.454204e-04,1.240173e-07,1.970530e-03,3.323896e-07,1.217513e+03,0.000000e+00,-1.730065e+01,0.000000e+00
L-026680,6,0,2023/08/30 18:14:57,822,BlaJ-0176_D2_saline_tech3,230807-T2-54,2-54,920,nL, ,H2O,0,2.887445e+01,1.590639e-03,5.246233e+16,9.645875e+13,6.919367e-04,1.907118e-07,1.970253e-03,5.016033e-07,3.459683e-04,9.535589e-08,1.970253e-03,5.016033e-07,1.221031e+03,0.000000e+00,-1.743874e+01,0.000000e+00
L-026680,7,0,2023/08/30 18:16:58,823,BlaJ-0176_D2_saline_tech3,230807-T2-54,2-54,920,nL, ,H2O,0,2.887346e+01,1.350371e-03,5.228207e+16,1.268597e+14,6.925205e-04,1.780500e-07,1.970225e-03,4.713488e-07,3.462602e-04,8.902502e-08,1.970225e-03,4.713488e-07,1.222905e+03,0.000000e+00,-1.745228e+01,0.000000e+00
L-026680,8,0,2023/08/30 18:18:59,824,BlaJ-0176_D2_saline_tech3,230807-T2-54,2-54,920,nL, ,H2O,0,2.887959e+01,1.717751e-03,5.044013e+16,6.980841e+14,6.868976e-04,6.476497e-07,1.968564e-03,4.473154e-07,3.434488e-04,3.238249e-07,1.968564e-03,4.473154e-07,1.204856e+03,0.000000e+00,-1.828080e+01,0.000000e+00
L-026681,1,-1,2023/08/30 18:21:01,825,YF_2/3_D2_E4-1_tech3,230807-T1-21,1-21,920,nL, ,H2O,0,2.888766e+01,1.648179e-03,5.363542e+16,1.061110e+14,6.543714e-04,2.698110e-07,1.969607e-03,4.611934e-07,3.271857e-04,1.349055e-07,1.969607e-03,4.611934e-07,1.100451e+03,0.000000e+00,-1.776076e+01,0.000000e+00
L-026681,2,-1,2023/08/30 18:23:03,826,YF_2/3_D2_E4-1_tech3,230807-T1-21,1-21,920,nL, ,H2O,0,2.889061e+01,1.493426e-03,5.350103e+16,8.002797e+13,6.367832e-04,3.047633e-07,1.968580e-03,4.926493e-07,3.183916e-04,1.523817e-07,1.968580e-03,4.926493e-07,1.043995e+03,0.000000e+00,-1.827302e+01,0.000000e+00
L-026681,3,0,2023/08/30 18:25:04,827,YF_2/3_D2_E4-1_tech3,230807-T1-21,1-21,920,nL, ,H2O,0,2.889324e+01,1.614752e-03,5.287594e+16,9.975546e+13,6.283613e-04,2.568449e-07,1.968395e-03,4.772893e-07,3.141807e-04,1.284224e-07,1.968395e-03,4.772893e-07,1.016962e+03,0.000000e+00,-1.836519e+01,0.000000e+00
L-026681,4,0,2023/08/30 18:27:06,828,YF_2/3_D2_E4-1_tech3,230807-T1-21,1-21,920,nL, ,H2O,0,2.890055e+01,1.743679e-03,5.237626e+16,1.351929e+14,6.240994e-04,2.370879e-07,1.968386e-03,4.246579e-07,3.120497e-04,1.185439e-07,1.968386e-03,4.246579e-07,1.003282e+03,0.000000e+00,-1.836976e+01,0.000000e+00
L-026681,5,0,2023/08/30 18:29:08,829,YF_2/3_D2_E4-1_tech3,230807-T1-21,1-21,920,nL, ,H2O,0,2.891038e+01,1.783063e-03,5.208654e+16,1.341143e+14,6.200224e-04,2.572888e-07,1.967680e-03,5.838548e-07,3.100112e-04,1.286444e-07,1.967680e-03,5.838548e-07,9.901950e+02,0.000000e+00,-1.872173e+01,0.000000e+00
L-026681,6,0,2023/08/30 18:31:10,830,YF_2/3_D2_E4-1_tech3,230807-T1-21,1-21,920,nL, ,H2O,0,2.891935e+01,1.766829e-03,5.213508e+16,8.816969e+13,6.218239e-04,2.333442e-07,1.968376e-03,5.001623e-07,3.109120e-04,1.166721e-07,1.968376e-03,5.001623e-07,9.959777e+02,0.000000e+00,-1.837472e+01,0.000000e+00
L-026681,7,0,2023/08/30 18:33:12,831,YF_2/3_D2_E4-1_tech3,230807-T1-21,1-21,920,nL, ,H2O,0,2.892437e+01,1.599100e-03,5.103797e+16,1.103087e+14,6.210790e-04,1.620290e-07,1.967811e-03,4.587962e-07,3.105395e-04,8.101451e-08,1.967811e-03,4.587962e-07,9.935866e+02,0.000000e+00,-1.865612e+01,0.000000e+00
L-026681,8,0,2023/08/30 18:35:14,832,YF_2/3_D2_E4-1_tech3,230807-T1-21,1-21,920,nL, ,H2O,0,2.892455e+01,1.489442e-03,5.205213e+16,8.566402e+13,6.208218e-04,2.685174e-07,1.967782e-03,5.037613e-07,3.104109e-04,1.342587e-07,1.967782e-03,5.037613e-07,9.927611e+02,0.000000e+00,-1.867098e+01,0.000000e+00
L-026682,1,-1,2023/08/30 18:37:15,833,BlaJ-0139_D0_saline_tech1,230807-T3-52,3-52,920,nL, ,H2O,0,2.891834e+01,1.403739e-03,5.257530e+16,1.192149e+14,4.411873e-04,1.007395e-06,1.969327e-03,3.491861e-07,2.205937e-04,5.036973e-07,1.969327e-03,3.491861e-07,4.161566e+02,0.000000e+00,-1.790023e+01,0.000000e+00
L-026682,2,-1,2023/08/30 18:39:16,834,BlaJ-0139_D0_saline_tech1,230807-T3-52,3-52,920,nL, ,H2O,0,2.892001e+01,1.318040e-03,5.271555e+16,1.118270e+14,3.627459e-04,8.404355e-07,1.969672e-03,4.695152e-07,1.813730e-04,4.202177e-07,1.969672e-03,4.695152e-07,1.643694e+02,0.000000e+00,-1.772817e+01,0.000000e+00
L-026682,3,0,2023/08/30 18:41:17,835,BlaJ-0139_D0_saline_tech1,230807-T3-52,3-52,920,nL, ,H2O,0,2.892566e+01,1.594894e-03,5.224292e+16,1.172355e+14,3.258493e-04,6.471367e-07,1.970169e-03,4.285387e-07,1.629246e-04,3.235683e-07,1.970169e-03,4.285387e-07,4.593579e+01,0.000000e+00,-1.748019e+01,0.000000e+00
L-026682,4,0,2023/08/30 18:43:18,836,BlaJ-0139_D0_saline_tech1,230807-T3-52,3-52,920,nL, ,H2O,0,2.893133e+01,1.852631e-03,5.199323e+16,1.328590e+14,3.067881e-04,5.272234e-07,1.969512e-03,4.341751e-07,1.533940e-04,2.636117e-07,1.969512e-03,4.341751e-07,-1.524835e+01,0.000000e+00,-1.780798e+01,0.000000e+00
L-026682,5,0,2023/08/30 18:45:19,837,BlaJ-0139_D0_saline_tech1,230807-T3-52,3-52,920,nL, ,H2O,0,2.892980e+01,1.651123e-03,5.226793e+16,9.718187e+13,2.982476e-04,4.285179e-07,1.970665e-03,4.685117e-07,1.491238e-04,2.142590e-07,1.970665e-03,4.685117e-07,-4.266208e+01,0.000000e+00,-1.723284e+01,0.000000e+00
L-026682,6,0,2023/08/30 18:47:19,838,BlaJ-0139_D0_saline_tech1,230807-T3-52,3-52,920,nL, ,H2O,0,2.892497e+01,1.157977e-03,5.243080e+16,1.069509e+14,2.929486e-04,3.221874e-07,1.970720e-03,3.345900e-07,1.464743e-04,1.610937e-07,1.970720e-03,3.345900e-07,-5.967121e+01,0.000000e+00,-1.720554e+01,0.000000e+00
L-026682,7,0,2023/08/30 18:49:21,839,BlaJ-0139_D0_saline_tech1,230807-T3-52,3-52,920,nL, ,H2O,0,2.892479e+01,1.609325e-03,5.176807e+16,9.828842e+13,2.892480e-04,3.236777e-07,1.970180e-03,3.530479e-07,1.446240e-04,1.618388e-07,1.970180e-03,3.530479e-07,-7.154966e+01,0.000000e+00,-1.747475e+01,0.000000e+00
L-026682,8,0,2023/08/30 18:51:22,840,BlaJ-0139_D0_saline_tech1,230807-T3-52,3-52,920,nL, ,H2O,0,2.893105e+01,1.803748e-03,5.222426e+16,1.213350e+14,2.878754e-04,2.550216e-07,1.970657e-03,5.446666e-07,1.439377e-04,1.275108e-07,1.970657e-03,5.446666e-07,-7.595556e+01,0.000000e+00,-1.723718e+01,0.000000e+00
L-026683,1,-1,2023/08/30 18:53:23,841,Curve_2_std_3,230807-T4-43,4-43,920,nL, ,H2O,0,2.894057e+01,1.687008e-03,5.372852e+16,1.173275e+14,3.273063e-04,2.254630e-07,1.969425e-03,4.226853e-07,1.636532e-04,1.127315e-07,1.969425e-03,4.226853e-07,5.061271e+01,0.000000e+00,-1.785164e+01,0.000000e+00
L-026683,2,-1,2023/08/30 18:55:24,842,Curve_2_std_3,230807-T4-43,4-43,920,nL, ,H2O,0,2.895029e+01,1.638120e-03,5.408166e+16,1.041709e+14,3.436191e-04,2.244520e-07,1.968568e-03,4.642766e-07,1.718096e-04,1.122260e-07,1.968568e-03,4.642766e-07,1.029747e+02,0.000000e+00,-1.827881e+01,0.000000e+00
L-026683,3,0,2023/08/30 18:57:25,843,Curve_2_std_3,230807-T4-43,4-43,920,nL, ,H2O,0,2.895414e+01,1.594567e-03,5.415327e+16,1.100872e+14,3.509924e-04,2.173195e-07,1.968468e-03,3.898047e-07,1.754962e-04,1.086598e-07,1.968468e-03,3.898047e-07,1.266420e+02,0.000000e+00,-1.832896e+01,0.000000e+00
L-026683,4,0,2023/08/30 18:59:26,844,Curve_2_std_3,230807-T4-43,4-43,920,nL, ,H2O,0,2.895478e+01,1.587225e-03,5.368642e+16,1.438118e+14,3.543299e-04,1.955774e-07,1.968407e-03,3.669590e-07,1.771650e-04,9.778872e-08,1.968407e-03,3.669590e-07,1.373552e+02,0.000000e+00,-1.835922e+01,0.000000e+00
L-026683,5,0,2023/08/30 19:01:27,845,Curve_2_std_3,230807-T4-43,4-43,920,nL, ,H2O,0,2.894980e+01,1.486128e-03,5.356091e+16,8.646208e+13,3.558757e-04,2.021063e-07,1.968637e-03,3.277354e-07,1.779378e-04,1.010532e-07,1.968637e-03,3.277354e-07,1.423167e+02,0.000000e+00,-1.824467e+01,0.000000e+00
L-026683,6,0,2023/08/30 19:03:27,846,Curve_2_std_3,230807-T4-43,4-43,920,nL, ,H2O,0,2.894995e+01,1.544329e-03,5.267989e+16,1.346817e+14,3.563889e-04,1.954663e-07,1.968233e-03,3.491945e-07,1.781945e-04,9.773315e-08,1.968233e-03,3.491945e-07,1.439643e+02,0.000000e+00,-1.844611e+01,0.000000e+00
L-026683,7,0,2023/08/30 19:05:29,847,Curve_2_std_3,230807-T4-43,4-43,920,nL, ,H2O,0,2.895076e+01,1.482789e-03,5.264034e+16,1.014716e+14,3.567505e-04,1.618482e-07,1.968306e-03,4.882020e-07,1.783752e-04,8.092409e-08,1.968306e-03,4.882020e-07,1.451247e+02,0.000000e+00,-1.840936e+01,0.000000e+00
L-026683,8,0,2023/08/30 19:07:30,848,Curve_2_std_3,230807-T4-43,4-43,920,nL, ,H2O,0,2.894417e+01,1.494921e-03,5.340506e+16,1.446151e+14,3.569573e-04,2.102490e-07,1.968736e-03,5.100739e-07,1.784786e-04,1.051245e-07,1.968736e-03,5.100739e-07,1.457885e+02,0.000000e+00,-1.819524e+01,0.000000e+00
L-026684,1,-1,2023/08/30 19:09:31,849,YF_2/3_D4_E4-1_tech2,230807-T1-32,1-32,920,nL, ,H2O,0,2.894242e+01,1.438890e-03,5.208598e+16,1.522382e+14,5.365968e-04,1.034210e-06,1.968325e-03,4.331693e-07,2.682984e-04,5.171051e-07,1.968325e-03,4.331693e-07,7.224093e+02,0.000000e+00,-1.840000e+01,0.000000e+00
L-026684,2,-1,2023/08/30 19:11:32,850,YF_2/3_D4_E4-1_tech2,230807-T1-32,1-32,920,nL, ,H2O,0,2.894309e+01,1.514097e-03,5.141903e+16,7.569483e+13,6.120826e-04,8.106151e-07,1.968014e-03,3.182890e-07,3.060413e-04,4.053075e-07,1.968014e-03,3.182890e-07,9.647094e+02,0.000000e+00,-1.855501e+01,0.000000e+00
L-026684,3,0,2023/08/30 19:13:33,851,YF_2/3_D4_E4-1_tech2,230807-T1-32,1-32,920,nL, ,H2O,0,2.894652e+01,1.443778e-03,5.174657e+16,1.188567e+14,6.443366e-04,6.341192e-07,1.968179e-03,3.238295e-07,3.221683e-04,3.170596e-07,1.968179e-03,3.238295e-07,1.068240e+03,0.000000e+00,-1.847285e+01,0.000000e+00
L-026684,4,0,2023/08/30 19:15:34,852,YF_2/3_D4_E4-1_tech2,230807-T1-32,1-32,920,nL, ,H2O,0,2.894373e+01,1.516423e-03,5.149064e+16,9.405264e+13,6.595510e-04,4.754905e-07,1.968380e-03,3.720660e-07,3.297755e-04,2.377452e-07,1.968380e-03,3.720660e-07,1.117077e+03,0.000000e+00,-1.837274e+01,0.000000e+00
L-026684,5,0,2023/08/30 19:17:35,853,YF_2/3_D4_E4-1_tech2,230807-T1-32,1-32,920,nL, ,H2O,0,2.893591e+01,1.458677e-03,5.169729e+16,9.067812e+13,6.673300e-04,3.536862e-07,1.968372e-03,5.214288e-07,3.336650e-04,1.768431e-07,1.968372e-03,5.214288e-07,1.142046e+03,0.000000e+00,-1.837679e+01,0.000000e+00
L-026684,6,0,2023/08/30 19:19:38,854,YF_2/3_D4_E4-1_tech2,230807-T1-32,1-32,920,nL, ,H2O,0,2.893273e+01,1.677241e-03,5.190714e+16,9.309146e+13,6.716122e-04,3.462379e-07,1.968106e-03,4.950512e-07,3.358061e-04,1.731190e-07,1.968106e-03,4.950512e-07,1.155792e+03,0.000000e+00,-1.850928e+01,0.000000e+00
L-026684,7,0,2023/08/30 19:21:39,855,YF_2/3_D4_E4-1_tech2,230807-T1-32,1-32,920,nL, ,H2O,0,2.893880e+01,1.699646e-03,5.197978e+16,8.015575e+13,6.741503e-04,3.253831e-07,1.968001e-03,4.667131e-07,3.370752e-04,1.626915e-07,1.968001e-03,4.667131e-07,1.163939e+03,0.000000e+00,-1.856142e+01,0.000000e+00
L-026684,8,0,2023/08/30 19:23:41,856,YF_2/3_D4_E4-1_tech2,230807-T1-32,1-32,920,nL, ,H2O,0,2.894686e+01,1.871165e-03,5.150068e+16,1.200749e+14,6.756601e-04,2.939549e-07,1.967982e-03,4.567186e-07,3.378300e-04,1.469775e-07,1.967982e-03,4.567186e-07,1.168785e+03,0.000000e+00,-1.857119e+01,0.000000e+00
L-026685,1,-1,2023/08/30 19:25:42,857,YM_2/3_D2_E4-1_tech3,230807-T2-9,2-9,920,nL, ,H2O,0,2.895096e+01,1.648050e-03,5.138116e+16,1.160460e+14,6.658021e-04,2.567969e-07,1.968111e-03,4.085416e-07,3.329010e-04,1.283984e-07,1.968111e-03,4.085416e-07,1.137142e+03,0.000000e+00,-1.850667e+01,0.000000e+00
L-026685,2,-1,2023/08/30 19:27:43,858,YM_2/3_D2_E4-1_tech3,230807-T2-9,2-9,920,nL, ,H2O,0,2.895024e+01,1.504314e-03,5.193272e+16,1.196597e+14,6.619447e-04,2.511493e-07,1.968167e-03,4.056129e-07,3.309724e-04,1.255747e-07,1.968167e-03,4.056129e-07,1.124760e+03,0.000000e+00,-1.847875e+01,0.000000e+00
L-026685,3,0,2023/08/30 19:29:44,859,YM_2/3_D2_E4-1_tech3,230807-T2-9,2-9,920,nL, ,H2O,0,2.894410e+01,1.530424e-03,5.252004e+16,1.266010e+14,6.604945e-04,1.942586e-07,1.968377e-03,3.022943e-07,3.302472e-04,9.712932e-08,1.968377e-03,3.022943e-07,1.120105e+03,0.000000e+00,-1.837423e+01,0.000000e+00
L-026685,4,0,2023/08/30 19:31:44,860,YM_2/3_D2_E4-1_tech3,230807-T2-9,2-9,920,nL, ,H2O,0,2.893887e+01,1.221784e-03,5.340549e+16,1.300907e+14,6.600361e-04,2.477486e-07,1.968492e-03,4.456590e-07,3.300181e-04,1.238743e-07,1.968492e-03,4.456590e-07,1.118634e+03,0.000000e+00,-1.831685e+01,0.000000e+00
L-026685,5,0,2023/08/30 19:33:45,861,YM_2/3_D2_E4-1_tech3,230807-T2-9,2-9,920,nL, ,H2O,0,2.893764e+01,1.515409e-03,5.262578e+16,1.017641e+14,6.600544e-04,2.243446e-07,1.968443e-03,3.647044e-07,3.300272e-04,1.121723e-07,1.968443e-03,3.647044e-07,1.118693e+03,0.000000e+00,-1.834117e+01,0.000000e+00
L-026685,6,0,2023/08/30 19:35:46,862,YM_2/3_D2_E4-1_tech3,230807-T2-9,2-9,920,nL, ,H2O,0,2.893959e+01,1.707447e-03,5.201221e+16,8.286307e+13,6.596549e-04,1.900698e-07,1.968333e-03,3.177695e-07,3.298275e-04,9.503489e-08,1.968333e-03,3.177695e-07,1.117411e+03,0.000000e+00,-1.839590e+01,0.000000e+00
L-026685,7,0,2023/08/30 19:37:47,863,YM_2/3_D2_E4-1_tech3,230807-T2-9,2-9,920,nL, ,H2O,0,2.894405e+01,1.509706e-03,5.321373e+16,1.084761e+14,6.604350e-04,2.697222e-07,1.968490e-03,5.131196e-07,3.302175e-04,1.348611e-07,1.968490e-03,5.131196e-07,1.119914e+03,0.000000e+00,-1.831793e+01,0.000000e+00
L-026685,8,0,2023/08/30 19:39:47,864,YM_2/3_D2_E4-1_tech3,230807-T2-9,2-9,920,nL, ,H2O,0,2.894274e+01,1.467546e-03,5.359372e+16,6.154349e+13,6.603473e-04,2.490571e-07,1.968571e-03,4.085174e-07,3.301737e-04,1.245285e-07,1.968571e-03,4.085174e-07,1.119633e+03,0.000000e+00,-1.827746e+01,0.000000e+00
L-026686,1,-1,2023/08/30 19:41:49,865,BlaJ-0162_D16_treatment_tech1,230807-T2-43,2-43,920,nL, ,H2O,0,2.893823e+01,1.402433e-03,4.417873e+16,1.264801e+15,6.068501e-04,2.909919e-07,1.965668e-03,5.843104e-07,3.034251e-04,1.454959e-07,1.965668e-03,5.843104e-07,9.479136e+02,0.000000e+00,-1.972499e+01,0.000000e+00
L-026686,2,-1,2023/08/30 19:43:50,866,BlaJ-0162_D16_treatment_tech1,230807-T2-43,2-43,920,nL, ,H2O,0,2.894062e+01,1.878613e-03,5.274218e+16,9.831051e+13,5.965230e-04,2.858545e-07,1.970991e-03,3.841938e-07,2.982615e-04,1.429273e-07,1.970991e-03,3.841938e-07,9.147647e+02,0.000000e+00,-1.707046e+01,0.000000e+00
L-026686,3,0,2023/08/30 19:45:50,867,BlaJ-0162_D16_treatment_tech1,230807-T2-43,2-43,920,nL, ,H2O,0,2.894442e+01,1.616100e-03,5.218566e+16,8.090118e+13,5.860044e-04,2.349083e-07,1.970159e-03,4.910591e-07,2.930022e-04,1.174542e-07,1.970159e-03,4.910591e-07,8.810013e+02,0.000000e+00,-1.748558e+01,0.000000e+00
L-026686,4,0,2023/08/30 19:47:52,868,BlaJ-0162_D16_treatment_tech1,230807-T2-43,2-43,920,nL, ,H2O,0,2.894933e+01,1.860026e-03,4.995398e+16,1.658045e+15,5.752272e-04,2.145651e-06,1.967577e-03,8.114428e-07,2.876136e-04,1.072825e-06,1.967577e-03,8.114428e-07,8.464081e+02,0.000000e+00,-1.877300e+01,0.000000e+00
L-026686,5,0,2023/08/30 19:49:53,869,BlaJ-0162_D16_treatment_tech1,230807-T2-43,2-43,920,nL, ,H2O,0,2.895316e+01,1.673210e-03,5.134748e+16,2.090631e+14,5.782314e-04,3.351741e-07,1.969412e-03,4.484598e-07,2.891157e-04,1.675870e-07,1.969412e-03,4.484598e-07,8.560511e+02,0.000000e+00,-1.785817e+01,0.000000e+00
L-026686,6,0,2023/08/30 19:51:55,870,BlaJ-0162_D16_treatment_tech1,230807-T2-43,2-43,920,nL, ,H2O,0,2.895910e+01,1.634177e-03,5.184358e+16,6.024649e+13,5.783371e-04,1.767090e-07,1.969952e-03,3.630707e-07,2.891686e-04,8.835448e-08,1.969952e-03,3.630707e-07,8.563904e+02,0.000000e+00,-1.758871e+01,0.000000e+00
L-026686,7,0,2023/08/30 19:53:56,871,BlaJ-0162_D16_treatment_tech1,230807-T2-43,2-43,920,nL, ,H2O,0,2.896755e+01,1.581941e-03,5.136102e+16,1.199033e+14,5.770452e-04,1.511299e-07,1.970020e-03,4.514489e-07,2.885226e-04,7.556497e-08,1.970020e-03,4.514489e-07,8.522435e+02,0.000000e+00,-1.755472e+01,0.000000e+00
L-026686,8,0,2023/08/30 19:55:57,872,BlaJ-0162_D16_treatment_tech1,230807-T2-43,2-43,920,nL, ,H2O,0,2.897298e+01,1.439370e-03,5.121837e+16,7.653833e+13,5.761091e-04,2.546205e-07,1.969663e-03,4.492353e-07,2.880545e-04,1.273102e-07,1.969663e-03,4.492353e-07,8.492387e+02,0.000000e+00,-1.773281e+01,0.000000e+00
L-026687,1,-1,2023/08/30 19:57:58,873,BlaJ-0178_D2_treatment_tech1,230807-T2-49,2-49,920,nL, ,H2O,0,2.897439e+01,1.299199e-03,5.208746e+16,1.021539e+14,5.833154e-04,2.731616e-07,1.970128e-03,3.691623e-07,2.916577e-04,1.365808e-07,1.970128e-03,3.691623e-07,8.723700e+02,0.000000e+00,-1.750112e+01,0.000000e+00
L-026687,2,-1,2023/08/30 19:59:58,874,BlaJ-0178_D2_treatment_tech1,230807-T2-49,2-49,920,nL, ,H2O,0,2.897508e+01,1.556865e-03,5.226160e+16,9.322202e+13,5.863688e-04,2.658198e-07,1.970103e-03,3.286532e-07,2.931844e-04,1.329099e-07,1.970103e-03,3.286532e-07,8.821710e+02,0.000000e+00,-1.751348e+01,0.000000e+00
L-026687,3,0,2023/08/30 20:02:00,875,BlaJ-0178_D2_treatment_tech1,230807-T2-49,2-49,920,nL, ,H2O,0,2.897471e+01,1.312664e-03,5.220315e+16,1.086625e+14,5.874091e-04,2.665361e-07,1.970377e-03,6.439960e-07,2.937045e-04,1.332681e-07,1.970377e-03,6.439960e-07,8.855102e+02,0.000000e+00,-1.737675e+01,0.000000e+00
L-026687,4,0,2023/08/30 20:04:01,876,BlaJ-0178_D2_treatment_tech1,230807-T2-49,2-49,920,nL, ,H2O,0,2.897422e+01,1.247636e-03,5.242597e+16,1.322810e+14,5.867989e-04,2.002576e-07,1.969739e-03,4.685666e-07,2.933995e-04,1.001288e-07,1.969739e-03,4.685666e-07,8.835517e+02,0.000000e+00,-1.769473e+01,0.000000e+00
L-026687,5,0,2023/08/30 20:06:02,877,BlaJ-0178_D2_treatment_tech1,230807-T2-49,2-49,920,nL, ,H2O,0,2.897740e+01,1.818268e-03,4.643698e+16,1.157181e+15,5.802471e-04,5.123067e-07,1.967981e-03,4.738131e-07,2.901235e-04,2.561534e-07,1.967981e-03,4.738131e-07,8.625211e+02,0.000000e+00,-1.857149e+01,0.000000e+00
L-026687,6,0,2023/08/30 20:08:02,878,BlaJ-0178_D2_treatment_tech1,230807-T2-49,2-49,920,nL, ,H2O,0,2.898118e+01,1.739531e-03,5.270751e+16,1.024681e+14,5.920403e-04,2.436564e-07,1.971826e-03,4.209362e-07,2.960202e-04,1.218282e-07,1.971826e-03,4.209362e-07,9.003760e+02,0.000000e+00,-1.665425e+01,0.000000e+00
L-026687,7,0,2023/08/30 20:10:04,879,BlaJ-0178_D2_treatment_tech1,230807-T2-49,2-49,920,nL, ,H2O,0,2.898474e+01,1.355200e-03,5.140587e+16,9.033666e+13,5.899961e-04,2.700370e-07,1.970763e-03,5.038611e-07,2.949980e-04,1.350185e-07,1.970763e-03,5.038611e-07,8.938142e+02,0.000000e+00,-1.718418e+01,0.000000e+00
L-026687,8,0,2023/08/30 20:12:05,880,BlaJ-0178_D2_treatment_tech1,230807-T2-49,2-49,920,nL, ,H2O,0,2.898494e+01,1.465226e-03,5.095506e+16,8.577889e+13,5.889017e-04,1.826312e-07,1.970850e-03,4.506325e-07,2.944508e-04,9.131562e-08,1.970850e-03,4.506325e-07,8.903013e+02,0.000000e+00,-1.714079e+01,0.000000e+00
L-026688,1,-1,2023/08/30 20:14:05,881,BlaJ-0178_D2_treatment_tech2,230807-T2-50,2-50,920,nL, ,H2O,0,2.898400e+01,1.499209e-03,5.205038e+16,1.147690e+14,5.884388e-04,1.839343e-07,1.970803e-03,4.141456e-07,2.942194e-04,9.196716e-08,1.970803e-03,4.141456e-07,8.888155e+02,0.000000e+00,-1.716411e+01,0.000000e+00
L-026688,2,-1,2023/08/30 20:16:06,882,BlaJ-0178_D2_treatment_tech2,230807-T2-50,2-50,920,nL, ,H2O,0,2.898449e+01,1.560134e-03,5.243585e+16,1.142912e+14,5.882534e-04,2.506833e-07,1.970599e-03,5.600115e-07,2.941267e-04,1.253417e-07,1.970599e-03,5.600115e-07,8.882204e+02,0.000000e+00,-1.726613e+01,0.000000e+00
L-026688,3,0,2023/08/30 20:18:08,883,BlaJ-0178_D2_treatment_tech2,230807-T2-50,2-50,920,nL, ,H2O,0,2.898484e+01,1.564148e-03,5.266661e+16,1.331369e+14,5.879948e-04,1.348764e-07,1.970432e-03,4.449924e-07,2.939974e-04,6.743818e-08,1.970432e-03,4.449924e-07,8.873904e+02,0.000000e+00,-1.734918e+01,0.000000e+00
L-026688,4,0,2023/08/30 20:20:09,884,BlaJ-0178_D2_treatment_tech2,230807-T2-50,2-50,920,nL, ,H2O,0,2.898435e+01,1.420843e-03,5.128282e+16,8.797065e+13,5.878213e-04,2.175549e-07,1.970559e-03,5.265532e-07,2.939107e-04,1.087774e-07,1.970559e-03,5.265532e-07,8.868336e+02,0.000000e+00,-1.728569e+01,0.000000e+00
L-026688,5,0,2023/08/30 20:22:09,885,BlaJ-0178_D2_treatment_tech2,230807-T2-50,2-50,920,nL, ,H2O,0,2.898571e+01,1.649785e-03,5.215574e+16,7.933354e+13,5.880496e-04,2.381160e-07,1.970654e-03,4.355223e-07,2.940248e-04,1.190580e-07,1.970654e-03,4.355223e-07,8.875663e+02,0.000000e+00,-1.723873e+01,0.000000e+00
L-026688,6,0,2023/08/30 20:24:11,886,BlaJ-0178_D2_treatment_tech2,230807-T2-50,2-50,920,nL, ,H2O,0,2.898674e+01,1.662885e-03,5.241562e+16,7.614195e+13,5.880122e-04,2.565434e-07,1.970649e-03,3.392208e-07,2.940061e-04,1.282717e-07,1.970649e-03,3.392208e-07,8.874462e+02,0.000000e+00,-1.724093e+01,0.000000e+00
L-026688,7,0,2023/08/30 20:26:12,887,BlaJ-0178_D2_treatment_tech2,230807-T2-50,2-50,920,nL, ,H2O,0,2.898778e+01,1.452691e-03,5.274448e+16,1.022337e+14,5.879988e-04,2.292722e-07,1.970520e-03,4.351580e-07,2.939994e-04,1.146361e-07,1.970520e-03,4.351580e-07,8.874033e+02,0.000000e+00,-1.730523e+01,0.000000e+00
L-026688,8,0,2023/08/30 20:28:12,888,BlaJ-0178_D2_treatment_tech2,230807-T2-50,2-50,920,nL, ,H2O,0,2.898833e+01,1.411498e-03,5.224971e+16,1.105925e+14,5.879232e-04,1.974923e-07,1.970426e-03,4.198056e-07,2.939616e-04,9.874615e-08,1.970426e-03,4.198056e-07,8.871606e+02,0.000000e+00,-1.735209e+01,0.000000e+00
L-026689,1,-1,2023/08/30 20:30:13,889,YF_2/3_D8_E3-1_tech2,230807-T1-41,1-41,920,nL, ,H2O,0,2.899374e+01,1.495370e-03,5.371207e+16,1.047589e+14,6.356953e-04,2.411755e-07,1.969428e-03,4.740336e-07,3.178477e-04,1.205877e-07,1.969428e-03,4.740336e-07,1.040503e+03,0.000000e+00,-1.784994e+01,0.000000e+00
L-026689,2,-1,2023/08/30 20:32:14,890,YF_2/3_D8_E3-1_tech2,230807-T1-41,1-41,920,nL, ,H2O,0,2.899846e+01,1.532578e-03,5.347111e+16,1.208954e+14,6.553354e-04,2.610177e-07,1.968720e-03,2.535690e-07,3.276677e-04,1.305088e-07,1.968720e-03,2.535690e-07,1.103545e+03,0.000000e+00,-1.820314e+01,0.000000e+00
L-026689,3,0,2023/08/30 20:34:16,891,YF_2/3_D8_E3-1_tech2,230807-T1-41,1-41,920,nL, ,H2O,0,2.900408e+01,1.457096e-03,5.084140e+16,7.743623e+13,6.659527e-04,2.374113e-07,1.968729e-03,4.563962e-07,3.329763e-04,1.187057e-07,1.968729e-03,4.563962e-07,1.137626e+03,0.000000e+00,-1.819877e+01,0.000000e+00
L-026689,4,0,2023/08/30 20:36:16,892,YF_2/3_D8_E3-1_tech2,230807-T1-41,1-41,920,nL, ,H2O,0,2.900756e+01,1.640090e-03,5.182422e+16,1.175696e+14,6.701171e-04,3.816346e-07,1.968756e-03,3.564589e-07,3.350585e-04,1.908173e-07,1.968756e-03,3.564589e-07,1.150993e+03,0.000000e+00,-1.818523e+01,0.000000e+00
L-026689,5,0,2023/08/30 20:38:18,893,YF_2/3_D8_E3-1_tech2,230807-T1-41,1-41,920,nL, ,H2O,0,2.901016e+01,1.410975e-03,5.245940e+16,1.344135e+14,6.687131e-04,2.623930e-07,1.967846e-03,3.850423e-07,3.343565e-04,1.311965e-07,1.967846e-03,3.850423e-07,1.146486e+03,0.000000e+00,-1.863909e+01,0.000000e+00
L-026689,6,0,2023/08/30 20:40:20,894,YF_2/3_D8_E3-1_tech2,230807-T1-41,1-41,920,nL, ,H2O,0,2.901152e+01,1.450508e-03,5.263670e+16,1.287793e+14,6.745292e-04,2.863692e-07,1.969332e-03,4.799696e-07,3.372646e-04,1.431846e-07,1.969332e-03,4.799696e-07,1.165155e+03,0.000000e+00,-1.789769e+01,0.000000e+00
L-026689,7,0,2023/08/30 20:42:21,895,YF_2/3_D8_E3-1_tech2,230807-T1-41,1-41,920,nL, ,H2O,0,2.901274e+01,1.734100e-03,5.301819e+16,9.734801e+13,6.748634e-04,1.741486e-07,1.969315e-03,3.600036e-07,3.374317e-04,8.707430e-08,1.969315e-03,3.600036e-07,1.166228e+03,0.000000e+00,-1.790619e+01,0.000000e+00
L-026689,8,0,2023/08/30 20:44:23,896,YF_2/3_D8_E3-1_tech2,230807-T1-41,1-41,920,nL, ,H2O,0,2.901365e+01,1.599025e-03,5.304716e+16,7.430631e+13,6.743517e-04,2.135507e-07,1.969065e-03,4.037568e-07,3.371759e-04,1.067753e-07,1.969065e-03,4.037568e-07,1.164585e+03,0.000000e+00,-1.803095e+01,0.000000e+00
L-026690,1,-1,2023/08/30 20:46:24,897,Curve_2_std_6,230807-T4-46,4-46,920,nL, ,H2O,0,2.901355e+01,1.739438e-03,5.444689e+16,9.731485e+13,6.994893e-04,2.933006e-07,1.968886e-03,3.677673e-07,3.497447e-04,1.466503e-07,1.968886e-03,3.677673e-07,1.245274e+03,0.000000e+00,-1.812031e+01,0.000000e+00
L-026690,2,-1,2023/08/30 20:48:26,898,Curve_2_std_6,230807-T4-46,4-46,920,nL, ,H2O,0,2.901449e+01,1.692435e-03,5.425209e+16,1.175434e+14,7.119484e-04,2.422927e-07,1.969315e-03,3.014992e-07,3.559742e-04,1.211463e-07,1.969315e-03,3.014992e-07,1.285266e+03,0.000000e+00,-1.790644e+01,0.000000e+00
L-026690,3,0,2023/08/30 20:50:27,899,Curve_2_std_6,230807-T4-46,4-46,920,nL, ,H2O,0,2.901583e+01,1.480354e-03,5.370021e+16,1.076885e+14,7.165450e-04,2.217165e-07,1.969225e-03,3.466252e-07,3.582725e-04,1.108583e-07,1.969225e-03,3.466252e-07,1.300020e+03,0.000000e+00,-1.795131e+01,0.000000e+00
L-026690,4,0,2023/08/30 20:52:27,900,Curve_2_std_6,230807-T4-46,4-46,920,nL, ,H2O,0,2.901672e+01,1.616939e-03,5.371731e+16,1.269068e+14,7.183095e-04,2.869640e-07,1.969004e-03,4.199407e-07,3.591547e-04,1.434820e-07,1.969004e-03,4.199407e-07,1.305684e+03,0.000000e+00,-1.806138e+01,0.000000e+00
L-026690,5,0,2023/08/30 20:54:29,901,Curve_2_std_6,230807-T4-46,4-46,920,nL, ,H2O,0,2.901739e+01,1.525268e-03,5.321988e+16,1.129214e+14,7.177332e-04,2.168481e-07,1.968353e-03,4.073740e-07,3.588666e-04,1.084241e-07,1.968353e-03,4.073740e-07,1.303835e+03,0.000000e+00,-1.838620e+01,0.000000e+00
L-026690,6,0,2023/08/30 20:56:29,902,Curve_2_std_6,230807-T4-46,4-46,920,nL, ,H2O,0,2.902224e+01,1.568507e-03,5.238192e+16,1.114872e+14,7.216316e-04,3.010901e-07,1.969397e-03,4.667562e-07,3.608158e-04,1.505451e-07,1.969397e-03,4.667562e-07,1.316348e+03,0.000000e+00,-1.786557e+01,0.000000e+00
L-026690,7,0,2023/08/30 20:58:30,903,Curve_2_std_6,230807-T4-46,4-46,920,nL, ,H2O,0,2.902563e+01,1.622091e-03,5.272532e+16,8.601590e+13,7.216790e-04,2.189088e-07,1.969273e-03,4.559506e-07,3.608395e-04,1.094544e-07,1.969273e-03,4.559506e-07,1.316500e+03,0.000000e+00,-1.792751e+01,0.000000e+00
L-026690,8,0,2023/08/30 21:00:31,904,Curve_2_std_6,230807-T4-46,4-46,920,nL, ,H2O,0,2.902761e+01,1.428084e-03,5.172397e+16,7.975513e+13,7.213028e-04,2.577840e-07,1.968907e-03,4.212351e-07,3.606514e-04,1.288920e-07,1.968907e-03,4.212351e-07,1.315292e+03,0.000000e+00,-1.810979e+01,0.000000e+00
L-026691,1,-1,2023/08/30 21:02:33,905,BlaJ-0169_D32_saline_tech3,230807-T3-24,3-24,920,nL, ,H2O,0,2.903408e+01,1.798486e-03,5.263825e+16,9.966906e+13,6.745485e-04,3.306994e-07,1.969981e-03,4.552767e-07,3.372743e-04,1.653497e-07,1.969981e-03,4.552767e-07,1.165217e+03,0.000000e+00,-1.757416e+01,0.000000e+00
L-026691,2,-1,2023/08/30 21:04:33,906,BlaJ-0169_D32_saline_tech3,230807-T3-24,3-24,920,nL, ,H2O,0,2.903157e+01,1.399175e-03,5.292438e+16,1.050782e+14,6.538757e-04,2.491461e-07,1.970340e-03,5.619286e-07,3.269379e-04,1.245731e-07,1.970340e-03,5.619286e-07,1.098860e+03,0.000000e+00,-1.739525e+01,0.000000e+00
L-026691,3,0,2023/08/30 21:06:35,907,BlaJ-0169_D32_saline_tech3,230807-T3-24,3-24,920,nL, ,H2O,0,2.903110e+01,1.462653e-03,5.118196e+16,5.123783e+14,6.407989e-04,5.495976e-07,1.968967e-03,4.099255e-07,3.203994e-04,2.747988e-07,1.968967e-03,4.099255e-07,1.056885e+03,0.000000e+00,-1.807991e+01,0.000000e+00
L-026691,4,0,2023/08/30 21:08:36,908,BlaJ-0169_D32_saline_tech3,230807-T3-24,3-24,920,nL, ,H2O,0,2.903061e+01,1.607943e-03,5.294670e+16,9.823279e+13,6.413164e-04,2.042742e-07,1.970897e-03,4.646117e-07,3.206582e-04,1.021371e-07,1.970897e-03,4.646117e-07,1.058546e+03,0.000000e+00,-1.711722e+01,0.000000e+00
L-026691,5,0,2023/08/30 21:10:37,909,BlaJ-0169_D32_saline_tech3,230807-T3-24,3-24,920,nL, ,H2O,0,2.902689e+01,1.488931e-03,4.861038e+16,1.721328e+15,6.303071e-04,1.447604e-06,1.968079e-03,5.687438e-07,3.151535e-04,7.238022e-07,1.968079e-03,5.687438e-07,1.023208e+03,0.000000e+00,-1.852247e+01,0.000000e+00
L-026691,6,0,2023/08/30 21:12:37,910,BlaJ-0169_D32_saline_tech3,230807-T3-24,3-24,920,nL, ,H2O,0,2.902501e+01,1.465999e-03,5.262311e+16,1.161908e+14,6.384709e-04,2.555852e-07,1.971144e-03,4.745172e-07,3.192354e-04,1.277926e-07,1.971144e-03,4.745172e-07,1.049412e+03,0.000000e+00,-1.699419e+01,0.000000e+00
L-026691,7,0,2023/08/30 21:14:38,911,BlaJ-0169_D32_saline_tech3,230807-T3-24,3-24,920,nL, ,H2O,0,2.902122e+01,1.463296e-03,4.506677e+16,1.271810e+15,6.251246e-04,9.219815e-07,1.967187e-03,4.848662e-07,3.125623e-04,4.609908e-07,1.967187e-03,4.848662e-07,1.006573e+03,0.000000e+00,-1.896771e+01,0.000000e+00
L-026691,8,0,2023/08/30 21:16:40,912,BlaJ-0169_D32_saline_tech3,230807-T3-24,3-24,920,nL, ,H2O,0,2.901863e+01,1.663333e-03,5.201196e+16,1.006664e+14,6.377266e-04,2.028124e-07,1.971502e-03,5.156158e-07,3.188633e-04,1.014062e-07,1.971502e-03,5.156158e-07,1.047023e+03,0.000000e+00,-1.681558e+01,0.000000e+00
L-026692,1,-1,2023/08/30 21:18:40,913,BlaJ-0161_D16_saline_tech1,230807-T2-40,2-40,920,nL, ,H2O,0,2.901704e+01,1.386007e-03,5.092221e+16,1.295469e+14,5.983683e-04,3.518521e-07,1.970522e-03,4.266117e-07,2.991841e-04,1.759261e-07,1.970522e-03,4.266117e-07,9.206880e+02,0.000000e+00,-1.730457e+01,0.000000e+00
L-026692,2,-1,2023/08/30 21:20:41,914,BlaJ-0161_D16_saline_tech1,230807-T2-40,2-40,920,nL, ,H2O,0,2.901387e+01,1.596539e-03,5.217012e+16,1.027465e+14,5.822348e-04,3.075534e-07,1.970196e-03,4.728767e-07,2.911174e-04,1.537767e-07,1.970196e-03,4.728767e-07,8.689015e+02,0.000000e+00,-1.746683e+01,0.000000e+00
L-026692,3,0,2023/08/30 21:22:42,915,BlaJ-0161_D16_saline_tech1,230807-T2-40,2-40,920,nL, ,H2O,0,2.901538e+01,1.618314e-03,5.240520e+16,9.869394e+13,5.745756e-04,2.772251e-07,1.970183e-03,4.680552e-07,2.872878e-04,1.386125e-07,1.970183e-03,4.680552e-07,8.443163e+02,0.000000e+00,-1.747347e+01,0.000000e+00
L-026692,4,0,2023/08/30 21:24:44,916,BlaJ-0161_D16_saline_tech1,230807-T2-40,2-40,920,nL, ,H2O,0,2.902177e+01,1.815802e-03,5.258421e+16,1.260540e+14,5.710622e-04,1.858527e-07,1.969912e-03,3.827430e-07,2.855311e-04,9.292637e-08,1.969912e-03,3.827430e-07,8.330389e+02,0.000000e+00,-1.760880e+01,0.000000e+00
L-026692,5,0,2023/08/30 21:26:45,917,BlaJ-0161_D16_saline_tech1,230807-T2-40,2-40,920,nL, ,H2O,0,2.902870e+01,1.396423e-03,5.267610e+16,9.983337e+13,5.687325e-04,2.275070e-07,1.969737e-03,4.198568e-07,2.843662e-04,1.137535e-07,1.969737e-03,4.198568e-07,8.255607e+02,0.000000e+00,-1.769599e+01,0.000000e+00
L-026692,6,0,2023/08/30 21:28:46,918,BlaJ-0161_D16_saline_tech1,230807-T2-40,2-40,920,nL, ,H2O,0,2.903311e+01,1.370182e-03,5.249469e+16,1.120857e+14,5.681716e-04,2.199272e-07,1.969918e-03,3.665862e-07,2.840858e-04,1.099636e-07,1.969918e-03,3.665862e-07,8.237603e+02,0.000000e+00,-1.760580e+01,0.000000e+00
L-026692,7,0,2023/08/30 21:30:47,919,BlaJ-0161_D16_saline_tech1,230807-T2-40,2-40,920,nL, ,H2O,0,2.903249e+01,1.497675e-03,5.213208e+16,1.370287e+14,5.656692e-04,3.671395e-07,1.969288e-03,3.945709e-07,2.828346e-04,1.835697e-07,1.969288e-03,3.945709e-07,8.157279e+02,0.000000e+00,-1.791965e+01,0.000000e+00
L-026692,8,0,2023/08/30 21:32:49,920,BlaJ-0161_D16_saline_tech1,230807-T2-40,2-40,920,nL, ,H2O,0,2.903217e+01,1.320437e-03,5.253642e+16,1.009770e+14,5.674401e-04,2.764716e-07,1.970162e-03,5.255801e-07,2.837201e-04,1.382358e-07,1.970162e-03,5.255801e-07,8.214124e+02,0.000000e+00,-1.748385e+01,0.000000e+00
L-026693,1,-1,2023/08/30 21:34:49,921,YF_2/3_D4_E3-1_tech1,230807-T1-34,1-34,920,nL, ,H2O,0,2.903081e+01,1.337156e-03,5.385071e+16,1.344497e+14,6.101699e-04,2.895828e-07,1.969617e-03,4.651318e-07,3.050850e-04,1.447914e-07,1.969617e-03,4.651318e-07,9.585697e+02,0.000000e+00,-1.775586e+01,0.000000e+00
L-026693,2,-1,2023/08/30 21:36:51,922,YF_2/3_D4_E3-1_tech1,230807-T1-34,1-34,920,nL, ,H2O,0,2.903043e+01,1.502582e-03,5.408311e+16,1.041933e+14,6.281410e-04,1.620138e-07,1.969396e-03,4.498611e-07,3.140705e-04,8.100690e-08,1.969396e-03,4.498611e-07,1.016255e+03,0.000000e+00,-1.786590e+01,0.000000e+00
L-026693,3,0,2023/08/30 21:38:53,923,YF_2/3_D4_E3-1_tech1,230807-T1-34,1-34,920,nL, ,H2O,0,2.902905e+01,1.814473e-03,5.378981e+16,9.929634e+13,6.361874e-04,2.558422e-07,1.969163e-03,4.139714e-07,3.180937e-04,1.279211e-07,1.969163e-03,4.139714e-07,1.042083e+03,0.000000e+00,-1.798210e+01,0.000000e+00
L-026693,4,0,2023/08/30 21:40:54,924,YF_2/3_D4_E3-1_tech1,230807-T1-34,1-34,920,nL, ,H2O,0,2.902863e+01,1.695268e-03,5.389974e+16,9.598745e+13,6.403872e-04,2.830094e-07,1.969389e-03,4.548571e-07,3.201936e-04,1.415047e-07,1.969389e-03,4.548571e-07,1.055563e+03,0.000000e+00,-1.786950e+01,0.000000e+00
L-026693,5,0,2023/08/30 21:42:54,925,YF_2/3_D4_E3-1_tech1,230807-T1-34,1-34,920,nL, ,H2O,0,2.902920e+01,1.449044e-03,5.390482e+16,1.089710e+14,6.420458e-04,2.972233e-07,1.969247e-03,4.209140e-07,3.210229e-04,1.486117e-07,1.969247e-03,4.209140e-07,1.060888e+03,0.000000e+00,-1.794026e+01,0.000000e+00
L-026693,6,0,2023/08/30 21:44:55,926,YF_2/3_D4_E3-1_tech1,230807-T1-34,1-34,920,nL, ,H2O,0,2.903056e+01,1.467292e-03,5.378482e+16,1.270095e+14,6.432251e-04,1.888909e-07,1.969110e-03,2.760910e-07,3.216125e-04,9.444545e-08,1.969110e-03,2.760910e-07,1.064673e+03,0.000000e+00,-1.800834e+01,0.000000e+00
L-026693,7,0,2023/08/30 21:46:57,927,YF_2/3_D4_E3-1_tech1,230807-T1-34,1-34,920,nL, ,H2O,0,2.903289e+01,1.564417e-03,5.390521e+16,1.047165e+14,6.437833e-04,2.323980e-07,1.968964e-03,4.422358e-07,3.218917e-04,1.161990e-07,1.968964e-03,4.422358e-07,1.066465e+03,0.000000e+00,-1.808129e+01,0.000000e+00
L-026693,8,0,2023/08/30 21:48:58,928,YF_2/3_D4_E3-1_tech1,230807-T1-34,1-34,920,nL, ,H2O,0,2.903645e+01,1.658711e-03,5.313543e+16,1.052225e+14,6.428800e-04,2.005047e-07,1.968499e-03,4.598864e-07,3.214400e-04,1.002524e-07,1.968499e-03,4.598864e-07,1.063565e+03,0.000000e+00,-1.831302e+01,0.000000e+00
L-026694,1,-1,2023/08/30 21:50:59,929,BlaJ-0171_D32_saline_tech1,230807-T3-28,3-28,920,nL, ,H2O,0,2.904024e+01,1.397532e-03,5.197208e+16,1.147911e+14,6.216862e-04,2.110883e-07,1.969581e-03,3.564117e-07,3.108431e-04,1.055442e-07,1.969581e-03,3.564117e-07,9.955356e+02,0.000000e+00,-1.777388e+01,0.000000e+00
L-026694,2,-1,2023/08/30 21:53:00,930,BlaJ-0171_D32_saline_tech1,230807-T3-28,3-28,920,nL, ,H2O,0,2.903925e+01,1.510399e-03,5.188288e+16,1.124210e+14,6.121446e-04,2.848119e-07,1.970000e-03,4.465087e-07,3.060723e-04,1.424059e-07,1.970000e-03,4.465087e-07,9.649083e+02,0.000000e+00,-1.756448e+01,0.000000e+00
L-026694,3,0,2023/08/30 21:55:01,931,BlaJ-0171_D32_saline_tech1,230807-T3-28,3-28,920,nL, ,H2O,0,2.903772e+01,1.371665e-03,5.240594e+16,6.292985e+13,6.076840e-04,2.886510e-07,1.969965e-03,4.460417e-07,3.038420e-04,1.443255e-07,1.969965e-03,4.460417e-07,9.505903e+02,0.000000e+00,-1.758195e+01,0.000000e+00
L-026694,4,0,2023/08/30 21:57:03,932,BlaJ-0171_D32_saline_tech1,230807-T3-28,3-28,920,nL, ,H2O,0,2.903318e+01,1.392182e-03,5.099858e+16,9.117023e+13,6.052382e-04,2.137453e-07,1.969908e-03,3.735414e-07,3.026191e-04,1.068726e-07,1.969908e-03,3.735414e-07,9.427396e+02,0.000000e+00,-1.761066e+01,0.000000e+00
L-026694,5,0,2023/08/30 21:59:04,933,BlaJ-0171_D32_saline_tech1,230807-T3-28,3-28,920,nL, ,H2O,0,2.903014e+01,1.440751e-03,5.211548e+16,9.725252e+13,6.043378e-04,1.539355e-07,1.970079e-03,4.643344e-07,3.021689e-04,7.696774e-08,1.970079e-03,4.643344e-07,9.398494e+02,0.000000e+00,-1.752553e+01,0.000000e+00
L-026694,6,0,2023/08/30 22:01:04,934,BlaJ-0171_D32_saline_tech1,230807-T3-28,3-28,920,nL, ,H2O,0,2.902883e+01,1.364001e-03,5.235653e+16,1.372519e+14,6.037953e-04,2.096108e-07,1.969936e-03,4.084191e-07,3.018976e-04,1.048054e-07,1.969936e-03,4.084191e-07,9.381080e+02,0.000000e+00,-1.759675e+01,0.000000e+00
L-026694,7,0,2023/08/30 22:03:05,935,BlaJ-0171_D32_saline_tech1,230807-T3-28,3-28,920,nL, ,H2O,0,2.902818e+01,1.569676e-03,5.269291e+16,7.461353e+13,6.035449e-04,2.440271e-07,1.970301e-03,4.317236e-07,3.017725e-04,1.220136e-07,1.970301e-03,4.317236e-07,9.373044e+02,0.000000e+00,-1.741463e+01,0.000000e+00
L-026694,8,0,2023/08/30 22:05:07,936,BlaJ-0171_D32_saline_tech1,230807-T3-28,3-28,920,nL, ,H2O,0,2.903100e+01,1.465056e-03,5.277181e+16,1.203863e+14,6.032460e-04,1.696563e-07,1.970036e-03,3.995269e-07,3.016230e-04,8.482814e-08,1.970036e-03,3.995269e-07,9.363447e+02,0.000000e+00,-1.754682e+01,0.000000e+00
L-026695,1,-1,2023/08/30 22:07:07,937,BlaJ-0181_D8_saline_tech3,230807-T2-36,2-36,920,nL, ,H2O,0,2.903556e+01,1.804239e-03,5.289675e+16,1.112781e+14,5.860202e-04,2.684924e-07,1.969860e-03,4.589019e-07,2.930101e-04,1.342462e-07,1.969860e-03,4.589019e-07,8.810521e+02,0.000000e+00,-1.763462e+01,0.000000e+00
L-026695,2,-1,2023/08/30 22:09:08,938,BlaJ-0181_D8_saline_tech3,230807-T2-36,2-36,920,nL, ,H2O,0,2.903442e+01,1.426226e-03,5.260818e+16,1.076424e+14,5.789462e-04,2.005458e-07,1.969939e-03,3.879774e-07,2.894731e-04,1.002729e-07,1.969939e-03,3.879774e-07,8.583454e+02,0.000000e+00,-1.759532e+01,0.000000e+00
L-026695,3,0,2023/08/30 22:11:10,939,BlaJ-0181_D8_saline_tech3,230807-T2-36,2-36,920,nL, ,H2O,0,2.903717e+01,1.423436e-03,5.255507e+16,1.038948e+14,5.754606e-04,2.780486e-07,1.969952e-03,4.347031e-07,2.877303e-04,1.390243e-07,1.969952e-03,4.347031e-07,8.471573e+02,0.000000e+00,-1.758868e+01,0.000000e+00
L-026695,4,0,2023/08/30 22:13:10,940,BlaJ-0181_D8_saline_tech3,230807-T2-36,2-36,920,nL, ,H2O,0,2.904057e+01,1.544356e-03,5.246194e+16,2.807317e+14,5.715604e-04,3.828974e-07,1.968995e-03,4.171096e-07,2.857802e-04,1.914487e-07,1.968995e-03,4.171096e-07,8.346379e+02,0.000000e+00,-1.806598e+01,0.000000e+00
L-026695,5,0,2023/08/30 22:15:11,941,BlaJ-0181_D8_saline_tech3,230807-T2-36,2-36,920,nL, ,H2O,0,2.904460e+01,1.534385e-03,5.206897e+16,9.700959e+13,5.735206e-04,2.221810e-07,1.969994e-03,4.525527e-07,2.867603e-04,1.110905e-07,1.969994e-03,4.525527e-07,8.409299e+02,0.000000e+00,-1.756780e+01,0.000000e+00
L-026695,6,0,2023/08/30 22:17:13,942,BlaJ-0181_D8_saline_tech3,230807-T2-36,2-36,920,nL, ,H2O,0,2.904503e+01,1.677285e-03,5.253888e+16,8.651794e+13,5.726142e-04,2.456494e-07,1.970182e-03,4.115043e-07,2.863071e-04,1.228247e-07,1.970182e-03,4.115043e-07,8.380204e+02,0.000000e+00,-1.747398e+01,0.000000e+00
L-026695,7,0,2023/08/30 22:19:13,943,BlaJ-0181_D8_saline_tech3,230807-T2-36,2-36,920,nL, ,H2O,0,2.904517e+01,1.309460e-03,5.156820e+16,7.920021e+13,5.718508e-04,2.616094e-07,1.970094e-03,4.976499e-07,2.859254e-04,1.308047e-07,1.970094e-03,4.976499e-07,8.355703e+02,0.000000e+00,-1.751768e+01,0.000000e+00
L-026695,8,0,2023/08/30 22:21:14,944,BlaJ-0181_D8_saline_tech3,230807-T2-36,2-36,920,nL, ,H2O,0,2.904361e+01,1.319163e-03,5.244026e+16,1.164020e+14,5.718085e-04,2.273531e-07,1.970073e-03,4.657746e-07,2.859042e-04,1.136766e-07,1.970073e-03,4.657746e-07,8.354342e+02,0.000000e+00,-1.752810e+01,0.000000e+00
L-026696,1,-1,2023/08/30 22:23:15,945,BlaJ-0142_D0_treatment_tech3,230807-T3-48,3-48,920,nL, ,H2O,0,2.904304e+01,1.560786e-03,5.257500e+16,1.411050e+14,4.171372e-04,8.882460e-07,1.970284e-03,3.154270e-07,2.085686e-04,4.441230e-07,1.970284e-03,3.154270e-07,3.389588e+02,0.000000e+00,-1.742287e+01,0.000000e+00
L-026696,2,-1,2023/08/30 22:25:16,946,BlaJ-0142_D0_treatment_tech3,230807-T3-48,3-48,920,nL, ,H2O,0,2.904312e+01,1.504428e-03,5.283161e+16,1.014771e+14,3.499549e-04,7.427807e-07,1.970225e-03,4.582352e-07,1.749775e-04,3.713904e-07,1.970225e-03,4.582352e-07,1.233119e+02,0.000000e+00,-1.745256e+01,0.000000e+00
L-026696,3,0,2023/08/30 22:27:18,947,BlaJ-0142_D0_treatment_tech3,230807-T3-48,3-48,920,nL, ,H2O,0,2.904381e+01,1.699856e-03,5.315679e+16,8.719048e+13,3.184575e-04,5.682363e-07,1.970023e-03,5.152399e-07,1.592288e-04,2.841182e-07,1.970023e-03,5.152399e-07,2.220923e+01,0.000000e+00,-1.755299e+01,0.000000e+00
L-026696,4,0,2023/08/30 22:29:18,948,BlaJ-0142_D0_treatment_tech3,230807-T3-48,3-48,920,nL, ,H2O,0,2.904765e+01,1.586026e-03,4.791356e+16,1.109173e+15,3.012822e-04,3.648314e-07,1.967497e-03,4.482264e-07,1.506411e-04,1.824157e-07,1.967497e-03,4.482264e-07,-3.292154e+01,0.000000e+00,-1.881291e+01,0.000000e+00
L-026696,5,0,2023/08/30 22:31:19,949,BlaJ-0142_D0_treatment_tech3,230807-T3-48,3-48,920,nL, ,H2O,0,2.905028e+01,1.395426e-03,5.324630e+16,1.113748e+14,2.952597e-04,4.045217e-07,1.970987e-03,5.412691e-07,1.476298e-04,2.022608e-07,1.970987e-03,5.412691e-07,-5.225306e+01,0.000000e+00,-1.707270e+01,0.000000e+00
L-026696,6,0,2023/08/30 22:33:20,950,BlaJ-0142_D0_treatment_tech3,230807-T3-48,3-48,920,nL, ,H2O,0,2.905306e+01,1.360902e-03,5.288640e+16,1.207540e+14,2.907057e-04,4.091911e-07,1.970640e-03,5.270673e-07,1.453529e-04,2.045955e-07,1.970640e-03,5.270673e-07,-6.687067e+01,0.000000e+00,-1.724556e+01,0.000000e+00
L-026696,7,0,2023/08/30 22:35:21,951,BlaJ-0142_D0_treatment_tech3,230807-T3-48,3-48,920,nL, ,H2O,0,2.905348e+01,1.610495e-03,5.303404e+16,1.026809e+14,2.880623e-04,3.526812e-07,1.970477e-03,4.049536e-07,1.440312e-04,1.763406e-07,1.970477e-03,4.049536e-07,-7.535561e+01,0.000000e+00,-1.732663e+01,0.000000e+00
L-026696,8,0,2023/08/30 22:37:22,952,BlaJ-0142_D0_treatment_tech3,230807-T3-48,3-48,920,nL, ,H2O,0,2.905338e+01,1.354774e-03,5.233343e+16,1.052701e+14,2.862073e-04,3.140718e-07,1.970318e-03,4.405914e-07,1.431036e-04,1.570359e-07,1.970318e-03,4.405914e-07,-8.131015e+01,0.000000e+00,-1.740635e+01,0.000000e+00
L-026697,1,-1,2023/08/30 22:39:23,953,Curve_1_std_3,230807-T4-36,4-36,920,nL, ,H2O,0,2.905308e+01,1.463192e-03,5.407206e+16,8.596441e+13,3.261065e-04,1.840776e-07,1.969834e-03,5.143471e-07,1.630532e-04,9.203882e-08,1.969834e-03,5.143471e-07,4.676135e+01,0.000000e+00,-1.764754e+01,0.000000e+00
L-026697,2,-1,2023/08/30 22:41:24,954,Curve_1_std_3,230807-T4-36,4-36,920,nL, ,H2O,0,2.905933e+01,1.809721e-03,5.324673e+16,8.466064e+13,3.429243e-04,1.875272e-07,1.969366e-03,4.041514e-07,1.714622e-04,9.376362e-08,1.969366e-03,4.041514e-07,1.007446e+02,0.000000e+00,-1.788088e+01,0.000000e+00
L-026697,3,0,2023/08/30 22:43:25,955,Curve_1_std_3,230807-T4-36,4-36,920,nL, ,H2O,0,2.906082e+01,1.642771e-03,5.381601e+16,9.246756e+13,3.500026e-04,2.037811e-07,1.969491e-03,2.979776e-07,1.750013e-04,1.018905e-07,1.969491e-03,2.979776e-07,1.234651e+02,0.000000e+00,-1.781855e+01,0.000000e+00
L-026697,4,0,2023/08/30 22:45:26,956,Curve_1_std_3,230807-T4-36,4-36,920,nL, ,H2O,0,2.906347e+01,8.525264e-04,5.379525e+16,1.088617e+14,3.532758e-04,2.043317e-07,1.969403e-03,3.530466e-07,1.766379e-04,1.021658e-07,1.969403e-03,3.530466e-07,1.339716e+02,0.000000e+00,-1.786234e+01,0.000000e+00
L-026697,5,0,2023/08/30 22:47:27,957,Curve_1_std_3,230807-T4-36,4-36,920,nL, ,H2O,0,2.906144e+01,1.710235e-03,5.380362e+16,9.443755e+13,3.549103e-04,1.718713e-07,1.969369e-03,4.138712e-07,1.774552e-04,8.593567e-08,1.969369e-03,4.138712e-07,1.392182e+02,0.000000e+00,-1.787960e+01,0.000000e+00
L-026697,6,0,2023/08/30 22:49:28,958,Curve_1_std_3,230807-T4-36,4-36,920,nL, ,H2O,0,2.906017e+01,1.313426e-03,5.204237e+16,1.125889e+14,3.555579e-04,1.612434e-07,1.969258e-03,5.339725e-07,1.777789e-04,8.062170e-08,1.969258e-03,5.339725e-07,1.412968e+02,0.000000e+00,-1.793451e+01,0.000000e+00
L-026697,7,0,2023/08/30 22:51:29,959,Curve_1_std_3,230807-T4-36,4-36,920,nL, ,H2O,0,2.905906e+01,1.239481e-03,5.215998e+16,1.010993e+14,3.559438e-04,2.320803e-07,1.969207e-03,3.997089e-07,1.779719e-04,1.160401e-07,1.969207e-03,3.997089e-07,1.425354e+02,0.000000e+00,-1.796028e+01,0.000000e+00
L-026697,8,0,2023/08/30 22:53:30,960,Curve_1_std_3,230807-T4-36,4-36,920,nL, ,H2O,0,2.905858e+01,1.412514e-03,5.306541e+16,1.118060e+14,3.562571e-04,2.327315e-07,1.969379e-03,4.187984e-07,1.781286e-04,1.163657e-07,1.969379e-03,4.187984e-07,1.435413e+02,0.000000e+00,-1.787463e+01,0.000000e+00
L-026698,1,-1,2023/08/30 22:55:31,961,BlaJ-0164_D4_saline_tech2,230807-T3-35,3-35,920,nL, ,H2O,0,2.905854e+01,1.274787e-03,5.310227e+16,1.050390e+14,4.871678e-04,6.273885e-07,1.970206e-03,4.114428e-07,2.435839e-04,3.136942e-07,1.970206e-03,4.114428e-07,5.637482e+02,0.000000e+00,-1.746183e+01,0.000000e+00
L-026698,2,-1,2023/08/30 22:57:32,962,BlaJ-0164_D4_saline_tech2,230807-T3-35,3-35,920,nL, ,H2O,0,2.905576e+01,1.607003e-03,5.264040e+16,1.166983e+14,5.444370e-04,6.400492e-07,1.970599e-03,3.955017e-07,2.722185e-04,3.200246e-07,1.970599e-03,3.955017e-07,7.475753e+02,0.000000e+00,-1.726591e+01,0.000000e+00
L-026698,3,0,2023/08/30 22:59:33,963,BlaJ-0164_D4_saline_tech2,230807-T3-35,3-35,920,nL, ,H2O,0,2.905353e+01,1.549400e-03,5.220879e+16,9.970261e+13,5.710548e-04,4.451149e-07,1.970737e-03,4.326165e-07,2.855274e-04,2.225574e-07,1.970737e-03,4.326165e-07,8.330151e+02,0.000000e+00,-1.719739e+01,0.000000e+00
L-026698,4,0,2023/08/30 23:01:34,964,BlaJ-0164_D4_saline_tech2,230807-T3-35,3-35,920,nL, ,H2O,0,2.905167e+01,1.351155e-03,5.201375e+16,1.180098e+14,5.853140e-04,4.287050e-07,1.971202e-03,4.678830e-07,2.926570e-04,2.143525e-07,1.971202e-03,4.678830e-07,8.787854e+02,0.000000e+00,-1.696520e+01,0.000000e+00
L-026698,5,0,2023/08/30 23:03:35,965,BlaJ-0164_D4_saline_tech2,230807-T3-35,3-35,920,nL, ,H2O,0,2.905353e+01,1.523118e-03,5.256700e+16,1.076820e+14,5.918808e-04,2.582481e-07,1.971234e-03,4.086122e-07,2.959404e-04,1.291241e-07,1.971234e-03,4.086122e-07,8.998641e+02,0.000000e+00,-1.694955e+01,0.000000e+00
L-026698,6,0,2023/08/30 23:05:36,966,BlaJ-0164_D4_saline_tech2,230807-T3-35,3-35,920,nL, ,H2O,0,2.905112e+01,1.358437e-03,5.178706e+16,1.153332e+14,5.953111e-04,2.659671e-07,1.971115e-03,4.989541e-07,2.976555e-04,1.329835e-07,1.971115e-03,4.989541e-07,9.108748e+02,0.000000e+00,-1.700845e+01,0.000000e+00
L-026698,7,0,2023/08/30 23:07:37,967,BlaJ-0164_D4_saline_tech2,230807-T3-35,3-35,920,nL, ,H2O,0,2.904577e+01,1.661931e-03,5.217078e+16,1.196923e+14,5.967898e-04,2.571299e-07,1.970620e-03,4.855181e-07,2.983949e-04,1.285649e-07,1.970620e-03,4.855181e-07,9.156213e+02,0.000000e+00,-1.725535e+01,0.000000e+00
L-026698,8,0,2023/08/30 23:09:38,968,BlaJ-0164_D4_saline_tech2,230807-T3-35,3-35,920,nL, ,H2O,0,2.904503e+01,1.337383e-03,5.276840e+16,1.341330e+14,5.996777e-04,2.468527e-07,1.971284e-03,5.755324e-07,2.998388e-04,1.234263e-07,1.971284e-03,5.755324e-07,9.248910e+02,0.000000e+00,-1.692442e+01,0.000000e+00
L-026699,1,-1,2023/08/30 23:11:39,969,YM_2/3_D2_E3-1_tech1,230807-T2-10,2-10,920,nL, ,H2O,0,2.904636e+01,1.584553e-03,5.376792e+16,1.436380e+14,6.310994e-04,2.436728e-07,1.970089e-03,4.714237e-07,3.155497e-04,1.218364e-07,1.970089e-03,4.714237e-07,1.025751e+03,0.000000e+00,-1.752042e+01,0.000000e+00
L-026699,2,-1,2023/08/30 23:13:40,970,YM_2/3_D2_E3-1_tech1,230807-T2-10,2-10,920,nL, ,H2O,0,2.904398e+01,1.361486e-03,5.428761e+16,8.887517e+13,6.448734e-04,3.250963e-07,1.969578e-03,4.727038e-07,3.224367e-04,1.625481e-07,1.969578e-03,4.727038e-07,1.069964e+03,0.000000e+00,-1.777541e+01,0.000000e+00
L-026699,3,0,2023/08/30 23:15:41,971,YM_2/3_D2_E3-1_tech1,230807-T2-10,2-10,920,nL, ,H2O,0,2.904017e+01,1.415997e-03,5.416392e+16,1.028104e+14,6.505452e-04,2.667491e-07,1.969056e-03,4.407034e-07,3.252726e-04,1.333746e-07,1.969056e-03,4.407034e-07,1.088170e+03,0.000000e+00,-1.803536e+01,0.000000e+00
L-026699,4,0,2023/08/30 23:17:42,972,YM_2/3_D2_E3-1_tech1,230807-T2-10,2-10,920,nL, ,H2O,0,2.903821e+01,1.714017e-03,5.429686e+16,1.058540e+14,6.545863e-04,2.765882e-07,1.969418e-03,4.127215e-07,3.272932e-04,1.382941e-07,1.969418e-03,4.127215e-07,1.101141e+03,0.000000e+00,-1.785506e+01,0.000000e+00
L-026699,5,0,2023/08/30 23:19:43,973,YM_2/3_D2_E3-1_tech1,230807-T2-10,2-10,920,nL, ,H2O,0,2.903930e+01,1.698531e-03,5.425442e+16,1.467717e+14,6.557729e-04,3.101868e-07,1.969304e-03,4.944930e-07,3.278864e-04,1.550934e-07,1.969304e-03,4.944930e-07,1.104950e+03,0.000000e+00,-1.791197e+01,0.000000e+00
L-026699,6,0,2023/08/30 23:21:44,974,YM_2/3_D2_E3-1_tech1,230807-T2-10,2-10,920,nL, ,H2O,0,2.904002e+01,1.680540e-03,5.312336e+16,1.019197e+14,6.566159e-04,3.163286e-07,1.969241e-03,5.153462e-07,3.283079e-04,1.581643e-07,1.969241e-03,5.153462e-07,1.107656e+03,0.000000e+00,-1.794327e+01,0.000000e+00
L-026699,7,0,2023/08/30 23:23:45,975,YM_2/3_D2_E3-1_tech1,230807-T2-10,2-10,920,nL, ,H2O,0,2.904341e+01,1.547134e-03,5.293787e+16,1.150448e+14,6.564438e-04,2.523030e-07,1.968850e-03,4.279991e-07,3.282219e-04,1.261515e-07,1.968850e-03,4.279991e-07,1.107103e+03,0.000000e+00,-1.813805e+01,0.000000e+00
L-026699,8,0,2023/08/30 23:25:46,976,YM_2/3_D2_E3-1_tech1,230807-T2-10,2-10,920,nL, ,H2O,0,2.904433e+01,1.504284e-03,5.268465e+16,1.507015e+14,6.575649e-04,2.512598e-07,1.969102e-03,5.077176e-07,3.287824e-04,1.256299e-07,1.969102e-03,5.077176e-07,1.110702e+03,0.000000e+00,-1.801266e+01,0.000000e+00
L-026700,1,-1,2023/08/30 23:27:47,977,BlaJ-0140_D0_saline_tech2,230807-T4-2,4-2,920,nL, ,H2O,0,2.904569e+01,1.408258e-03,5.257196e+16,1.251847e+14,4.562663e-04,1.024519e-06,1.970450e-03,3.441745e-07,2.281331e-04,5.122595e-07,1.970450e-03,3.441745e-07,4.645581e+02,0.000000e+00,-1.734008e+01,0.000000e+00
L-026700,2,-1,2023/08/30 23:29:47,978,BlaJ-0140_D0_saline_tech2,230807-T4-2,4-2,920,nL, ,H2O,0,2.904914e+01,1.722922e-03,5.171721e+16,4.736358e+14,3.688197e-04,6.927341e-07,1.969887e-03,5.407603e-07,1.844098e-04,3.463670e-07,1.969887e-03,5.407603e-07,1.838654e+02,0.000000e+00,-1.762112e+01,0.000000e+00
L-026700,3,0,2023/08/30 23:31:47,979,BlaJ-0140_D0_saline_tech2,230807-T4-2,4-2,920,nL, ,H2O,0,2.905023e+01,1.406893e-03,5.243380e+16,1.250624e+14,3.282588e-04,7.831759e-07,1.971684e-03,3.531112e-07,1.641294e-04,3.915880e-07,1.971684e-03,3.531112e-07,5.366991e+01,0.000000e+00,-1.672474e+01,0.000000e+00
L-026700,4,0,2023/08/30 23:33:47,980,BlaJ-0140_D0_saline_tech2,230807-T4-2,4-2,920,nL, ,H2O,0,2.904748e+01,1.289935e-03,5.246348e+16,1.073406e+14,3.087143e-04,5.419797e-07,1.971633e-03,4.068693e-07,1.543571e-04,2.709898e-07,1.971633e-03,4.068693e-07,-9.065469e+00,0.000000e+00,-1.675015e+01,0.000000e+00
L-026700,5,0,2023/08/30 23:35:48,981,BlaJ-0140_D0_saline_tech2,230807-T4-2,4-2,920,nL, ,H2O,0,2.904334e+01,1.446574e-03,5.260915e+16,9.595832e+13,2.984803e-04,3.796224e-07,1.971622e-03,4.324307e-07,1.492402e-04,1.898112e-07,1.971622e-03,4.324307e-07,-4.191513e+01,0.000000e+00,-1.675581e+01,0.000000e+00
L-026700,6,0,2023/08/30 23:37:49,982,BlaJ-0140_D0_saline_tech2,230807-T4-2,4-2,920,nL, ,H2O,0,2.904069e+01,1.265655e-03,5.244427e+16,9.738454e+13,2.927316e-04,3.645344e-07,1.971426e-03,3.791085e-07,1.463658e-04,1.822672e-07,1.971426e-03,3.791085e-07,-6.036780e+01,0.000000e+00,-1.685361e+01,0.000000e+00
L-026700,7,0,2023/08/30 23:39:49,983,BlaJ-0140_D0_saline_tech2,230807-T4-2,4-2,920,nL, ,H2O,0,2.903858e+01,1.430341e-03,5.268178e+16,1.309924e+14,2.894036e-04,3.164923e-07,1.971601e-03,4.967147e-07,1.447018e-04,1.582461e-07,1.971601e-03,4.967147e-07,-7.105035e+01,0.000000e+00,-1.676638e+01,0.000000e+00
L-026700,8,0,2023/08/30 23:41:49,984,BlaJ-0140_D0_saline_tech2,230807-T4-2,4-2,920,nL, ,H2O,0,2.903526e+01,1.506625e-03,5.254325e+16,1.192351e+14,2.872398e-04,2.637601e-07,1.971614e-03,3.271670e-07,1.436199e-04,1.318801e-07,1.971614e-03,3.271670e-07,-7.799580e+01,0.000000e+00,-1.675983e+01,0.000000e+00
L-026701,1,-1,2023/08/30 23:43:50,985,BlaJ-0182_D8_saline_tech2,230807-T2-38,2-38,920,nL, ,H2O,0,2.903757e+01,1.514795e-03,5.255241e+16,1.051359e+14,4.620777e-04,8.271362e-07,1.971714e-03,3.190424e-07,2.310389e-04,4.135681e-07,1.971714e-03,3.190424e-07,4.832121e+02,0.000000e+00,-1.671017e+01,0.000000e+00
L-026701,2,-1,2023/08/30 23:45:51,986,BlaJ-0182_D8_saline_tech2,230807-T2-38,2-38,920,nL, ,H2O,0,2.903995e+01,1.593929e-03,5.263431e+16,8.824905e+13,5.376367e-04,6.846884e-07,1.972089e-03,4.372025e-07,2.688183e-04,3.423442e-07,1.972089e-03,4.372025e-07,7.257471e+02,0.000000e+00,-1.652286e+01,0.000000e+00
L-026701,3,0,2023/08/30 23:47:52,987,BlaJ-0182_D8_saline_tech2,230807-T2-38,2-38,920,nL, ,H2O,0,2.903992e+01,1.608521e-03,5.239860e+16,1.073329e+14,5.729276e-04,6.054791e-07,1.972002e-03,4.988875e-07,2.864638e-04,3.027396e-07,1.972002e-03,4.988875e-07,8.390265e+02,0.000000e+00,-1.656613e+01,0.000000e+00
L-026701,4,0,2023/08/30 23:49:53,988,BlaJ-0182_D8_saline_tech2,230807-T2-38,2-38,920,nL, ,H2O,0,2.903601e+01,1.454958e-03,5.161574e+16,7.646020e+13,5.899751e-04,5.176910e-07,1.971913e-03,4.024617e-07,2.949875e-04,2.588455e-07,1.971913e-03,4.024617e-07,8.937469e+02,0.000000e+00,-1.661080e+01,0.000000e+00
L-026701,5,0,2023/08/30 23:51:54,989,BlaJ-0182_D8_saline_tech2,230807-T2-38,2-38,920,nL, ,H2O,0,2.903460e+01,1.722674e-03,5.219801e+16,1.041759e+14,5.972605e-04,3.250228e-07,1.971529e-03,5.034724e-07,2.986303e-04,1.625114e-07,1.971529e-03,5.034724e-07,9.171322e+02,0.000000e+00,-1.680209e+01,0.000000e+00
L-026701,6,0,2023/08/30 23:53:55,990,BlaJ-0182_D8_saline_tech2,230807-T2-38,2-38,920,nL, ,H2O,0,2.903546e+01,1.599185e-03,5.251227e+16,7.364986e+13,6.034526e-04,2.340812e-07,1.972151e-03,4.167971e-07,3.017263e-04,1.170406e-07,1.972151e-03,4.167971e-07,9.370081e+02,0.000000e+00,-1.649201e+01,0.000000e+00
L-026701,7,0,2023/08/30 23:55:57,991,BlaJ-0182_D8_saline_tech2,230807-T2-38,2-38,920,nL, ,H2O,0,2.903673e+01,1.594939e-03,5.272777e+16,9.839218e+13,6.061992e-04,2.902946e-07,1.972228e-03,5.446199e-07,3.030996e-04,1.451473e-07,1.972228e-03,5.446199e-07,9.458242e+02,0.000000e+00,-1.645348e+01,0.000000e+00
L-026701,8,0,2023/08/30 23:57:58,992,BlaJ-0182_D8_saline_tech2,230807-T2-38,2-38,920,nL, ,H2O,0,2.903576e+01,1.546290e-03,5.272730e+16,1.323812e+14,6.076622e-04,2.728820e-07,1.972017e-03,3.859444e-07,3.038311e-04,1.364410e-07,1.972017e-03,3.859444e-07,9.505204e+02,0.000000e+00,-1.655893e+01,0.000000e+00
L-026702,1,-1,2023/08/30 23:59:59,993,YM_2/3_D16_E4-1_tech3,230807-T2-3,2-3,920,nL, ,H2O,0,2.903095e+01,1.380697e-03,5.280849e+16,1.055422e+14,6.777675e-04,5.219097e-07,1.970289e-03,4.495073e-07,3.388838e-04,2.609549e-07,1.970289e-03,4.495073e-07,1.175550e+03,0.000000e+00,-1.742045e+01,0.000000e+00
L-026702,2,-1,2023/08/31 00:02:00,994,YM_2/3_D16_E4-1_tech3,230807-T2-3,2-3,920,nL, ,H2O,0,2.903061e+01,1.394033e-03,5.417228e+16,1.011047e+14,7.062932e-04,3.888267e-07,1.969441e-03,5.041768e-07,3.531466e-04,1.944134e-07,1.969441e-03,5.041768e-07,1.267113e+03,0.000000e+00,-1.784356e+01,0.000000e+00
L-026702,3,0,2023/08/31 00:04:01,995,YM_2/3_D16_E4-1_tech3,230807-T2-3,2-3,920,nL, ,H2O,0,2.903482e+01,1.709812e-03,5.418836e+16,1.257088e+14,7.210632e-04,4.114446e-07,1.969389e-03,3.753531e-07,3.605316e-04,2.057223e-07,1.969389e-03,3.753531e-07,1.314524e+03,0.000000e+00,-1.786936e+01,0.000000e+00
L-026702,4,0,2023/08/31 00:06:02,996,YM_2/3_D16_E4-1_tech3,230807-T2-3,2-3,920,nL, ,H2O,0,2.903663e+01,1.243379e-03,5.413759e+16,1.158649e+14,7.272637e-04,3.207652e-07,1.969381e-03,4.775591e-07,3.636319e-04,1.603826e-07,1.969381e-03,4.775591e-07,1.334426e+03,0.000000e+00,-1.787362e+01,0.000000e+00
L-026702,5,0,2023/08/31 00:08:03,997,YM_2/3_D16_E4-1_tech3,230807-T2-3,2-3,920,nL, ,H2O,0,2.903521e+01,1.296442e-03,5.401478e+16,1.144020e+14,7.305345e-04,4.136655e-07,1.969252e-03,3.329197e-07,3.652672e-04,2.068328e-07,1.969252e-03,3.329197e-07,1.344925e+03,0.000000e+00,-1.793760e+01,0.000000e+00
L-026702,6,0,2023/08/31 00:10:04,998,YM_2/3_D16_E4-1_tech3,230807-T2-3,2-3,920,nL, ,H2O,0,2.903395e+01,1.646990e-03,5.361698e+16,1.063425e+14,7.324064e-04,2.648660e-07,1.969064e-03,4.865202e-07,3.662032e-04,1.324330e-07,1.969064e-03,4.865202e-07,1.350934e+03,0.000000e+00,-1.803127e+01,0.000000e+00
L-026702,7,0,2023/08/31 00:12:05,999,YM_2/3_D16_E4-1_tech3,230807-T2-3,2-3,920,nL, ,H2O,0,2.903165e+01,1.292104e-03,5.353662e+16,1.185492e+14,7.335375e-04,2.463529e-07,1.969315e-03,4.128185e-07,3.667688e-04,1.231765e-07,1.969315e-03,4.128185e-07,1.354564e+03,0.000000e+00,-1.790643e+01,0.000000e+00
L-026702,8,0,2023/08/31 00:14:06,1000,YM_2/3_D16_E4-1_tech3,230807-T2-3,2-3,920,nL, ,H2O,0,2.902967e+01,1.504125e-03,5.236186e+16,9.561335e+13,7.341060e-04,2.570987e-07,1.968896e-03,4.727442e-07,3.670530e-04,1.285493e-07,1.968896e-03,4.727442e-07,1.356389e+03,0.000000e+00,-1.811547e+01,0.000000e+00
L-026703,1,-1,2023/08/31 00:16:07,1001,BlaJ-0168_D32_saline_tech1,230807-T3-19,3-19,920,nL, ,H2O,0,2.902949e+01,1.695768e-03,5.155506e+16,1.084690e+14,6.767956e-04,2.795951e-07,1.969881e-03,3.800232e-07,3.383978e-04,1.397975e-07,1.969881e-03,3.800232e-07,1.172430e+03,0.000000e+00,-1.762399e+01,0.000000e+00
L-026703,2,-1,2023/08/31 00:18:08,1002,BlaJ-0168_D32_saline_tech1,230807-T3-19,3-19,920,nL, ,H2O,0,2.903286e+01,1.579944e-03,5.232527e+16,9.655695e+13,6.530633e-04,2.683309e-07,1.970392e-03,4.761283e-07,3.265317e-04,1.341654e-07,1.970392e-03,4.761283e-07,1.096252e+03,0.000000e+00,-1.736941e+01,0.000000e+00
L-026703,3,0,2023/08/31 00:20:09,1003,BlaJ-0168_D32_saline_tech1,230807-T3-19,3-19,920,nL, ,H2O,0,2.903048e+01,1.458088e-03,5.219735e+16,8.884301e+13,6.421663e-04,2.360301e-07,1.970656e-03,5.339436e-07,3.210832e-04,1.180150e-07,1.970656e-03,5.339436e-07,1.061274e+03,0.000000e+00,-1.723769e+01,0.000000e+00
L-026703,4,0,2023/08/31 00:22:10,1004,BlaJ-0168_D32_saline_tech1,230807-T3-19,3-19,920,nL, ,H2O,0,2.903162e+01,1.575256e-03,5.250568e+16,1.156739e+14,6.368865e-04,2.703971e-07,1.970622e-03,4.698090e-07,3.184433e-04,1.351985e-07,1.970622e-03,4.698090e-07,1.044327e+03,0.000000e+00,-1.725470e+01,0.000000e+00
L-026703,5,0,2023/08/31 00:24:11,1005,BlaJ-0168_D32_saline_tech1,230807-T3-19,3-19,920,nL, ,H2O,0,2.902915e+01,1.641874e-03,5.118324e+16,8.324446e+13,6.313910e-04,2.480042e-07,1.969470e-03,4.170960e-07,3.156955e-04,1.240021e-07,1.969470e-03,4.170960e-07,1.026687e+03,0.000000e+00,-1.782891e+01,0.000000e+00
L-026703,6,0,2023/08/31 00:26:12,1006,BlaJ-0168_D32_saline_tech1,230807-T3-19,3-19,920,nL, ,H2O,0,2.902907e+01,1.665339e-03,5.229805e+16,8.167512e+13,6.335732e-04,2.469325e-07,1.971121e-03,4.468636e-07,3.167866e-04,1.234663e-07,1.971121e-03,4.468636e-07,1.033691e+03,0.000000e+00,-1.700582e+01,0.000000e+00
L-026703,7,0,2023/08/31 00:28:13,1007,BlaJ-0168_D32_saline_tech1,230807-T3-19,3-19,920,nL, ,H2O,0,2.903034e+01,1.705861e-03,5.128644e+16,8.679662e+13,6.305219e-04,2.413938e-07,1.970084e-03,4.720319e-07,3.152609e-04,1.206969e-07,1.970084e-03,4.720319e-07,1.023897e+03,0.000000e+00,-1.752259e+01,0.000000e+00
L-026703,8,0,2023/08/31 00:30:14,1008,BlaJ-0168_D32_saline_tech1,230807-T3-19,3-19,920,nL, ,H2O,0,2.903041e+01,1.473030e-03,5.225716e+16,7.639022e+13,6.324750e-04,2.229791e-07,1.971208e-03,3.187212e-07,3.162375e-04,1.114896e-07,1.971208e-03,3.187212e-07,1.030166e+03,0.000000e+00,-1.696222e+01,0.000000e+00
L-026704,1,-1,2023/08/31 00:32:15,1009,Curve_1_std_6,230807-T4-39,4-39,920,nL, ,H2O,0,2.902543e+01,1.200427e-03,5.368756e+16,1.381761e+14,6.846816e-04,4.335429e-07,1.969775e-03,3.902074e-07,3.423408e-04,2.167714e-07,1.969775e-03,3.902074e-07,1.197743e+03,0.000000e+00,-1.767667e+01,0.000000e+00
L-026704,2,-1,2023/08/31 00:34:16,1010,Curve_1_std_6,230807-T4-39,4-39,920,nL, ,H2O,0,2.902293e+01,1.462007e-03,5.403445e+16,7.859731e+13,7.066471e-04,3.166757e-07,1.969725e-03,4.751034e-07,3.533236e-04,1.583379e-07,1.969725e-03,4.751034e-07,1.268250e+03,0.000000e+00,-1.770176e+01,0.000000e+00
L-026704,3,0,2023/08/31 00:36:17,1011,Curve_1_std_6,230807-T4-39,4-39,920,nL, ,H2O,0,2.902320e+01,1.774449e-03,5.333898e+16,1.131111e+14,7.152311e-04,2.702490e-07,1.969061e-03,5.154287e-07,3.576155e-04,1.351245e-07,1.969061e-03,5.154287e-07,1.295803e+03,0.000000e+00,-1.803303e+01,0.000000e+00
L-026704,4,0,2023/08/31 00:38:18,1012,Curve_1_std_6,230807-T4-39,4-39,920,nL, ,H2O,0,2.902561e+01,1.606596e-03,5.318785e+16,9.244769e+13,7.211899e-04,2.677761e-07,1.969152e-03,3.095475e-07,3.605950e-04,1.338881e-07,1.969152e-03,3.095475e-07,1.314930e+03,0.000000e+00,-1.798756e+01,0.000000e+00
L-026704,5,0,2023/08/31 00:40:19,1013,Curve_1_std_6,230807-T4-39,4-39,920,nL, ,H2O,0,2.902811e+01,1.518456e-03,5.278302e+16,4.949557e+14,7.200524e-04,1.167392e-06,1.968236e-03,6.876328e-07,3.600262e-04,5.836962e-07,1.968236e-03,6.876328e-07,1.311279e+03,0.000000e+00,-1.844441e+01,0.000000e+00
L-026704,6,0,2023/08/31 00:42:20,1014,Curve_1_std_6,230807-T4-39,4-39,920,nL, ,H2O,0,2.902756e+01,1.598533e-03,5.295891e+16,1.026987e+14,7.260899e-04,2.402841e-07,1.969662e-03,4.248469e-07,3.630449e-04,1.201420e-07,1.969662e-03,4.248469e-07,1.330658e+03,0.000000e+00,-1.773311e+01,0.000000e+00
L-026704,7,0,2023/08/31 00:44:21,1015,Curve_1_std_6,230807-T4-39,4-39,920,nL, ,H2O,0,2.902944e+01,1.810232e-03,5.307993e+16,8.081516e+13,7.252711e-04,2.541952e-07,1.968974e-03,4.353461e-07,3.626356e-04,1.270976e-07,1.968974e-03,4.353461e-07,1.328030e+03,0.000000e+00,-1.807619e+01,0.000000e+00
L-026704,8,0,2023/08/31 00:46:22,1016,Curve_1_std_6,230807-T4-39,4-39,920,nL, ,H2O,0,2.903365e+01,1.696610e-03,5.281623e+16,1.162347e+14,7.268488e-04,2.169045e-07,1.969174e-03,3.022789e-07,3.634244e-04,1.084522e-07,1.969174e-03,3.022789e-07,1.333094e+03,0.000000e+00,-1.797675e+01,0.000000e+00
L-026705,1,-1,2023/08/31 00:48:23,1017,YM_2/3_D1_E4-1_tech1,230807-T1-49,1-49,920,nL, ,H2O,0,2.903717e+01,1.805068e-03,5.392860e+16,1.208472e+14,6.740302e-04,4.363763e-07,1.968467e-03,4.080605e-07,3.370151e-04,2.181881e-07,1.968467e-03,4.080605e-07,1.163553e+03,0.000000e+00,-1.832914e+01,0.000000e+00
L-026705,2,-1,2023/08/31 00:50:25,1018,YM_2/3_D1_E4-1_tech1,230807-T1-49,1-49,920,nL, ,H2O,0,2.903898e+01,1.437644e-03,5.404591e+16,1.202093e+14,6.542161e-04,2.934381e-07,1.969552e-03,4.659850e-07,3.271080e-04,1.467190e-07,1.969552e-03,4.659850e-07,1.099952e+03,0.000000e+00,-1.778812e+01,0.000000e+00
L-026705,3,0,2023/08/31 00:52:26,1019,YM_2/3_D1_E4-1_tech1,230807-T1-49,1-49,920,nL, ,H2O,0,2.903450e+01,1.519215e-03,5.388845e+16,9.221418e+13,6.438592e-04,3.036882e-07,1.969198e-03,4.035660e-07,3.219296e-04,1.518441e-07,1.969198e-03,4.035660e-07,1.066708e+03,0.000000e+00,-1.796456e+01,0.000000e+00
L-026705,4,0,2023/08/31 00:54:28,1020,YM_2/3_D1_E4-1_tech1,230807-T1-49,1-49,920,nL, ,H2O,0,2.902962e+01,1.516443e-03,5.288160e+16,1.105031e+14,6.390323e-04,2.185207e-07,1.969112e-03,3.491577e-07,3.195161e-04,1.092604e-07,1.969112e-03,3.491577e-07,1.051214e+03,0.000000e+00,-1.800735e+01,0.000000e+00
L-026705,5,0,2023/08/31 00:56:30,1021,YM_2/3_D1_E4-1_tech1,230807-T1-49,1-49,920,nL, ,H2O,0,2.903147e+01,1.630198e-03,5.272086e+16,9.926241e+13,6.361423e-04,2.263040e-07,1.969060e-03,4.112873e-07,3.180711e-04,1.131520e-07,1.969060e-03,4.112873e-07,1.041938e+03,0.000000e+00,-1.803356e+01,0.000000e+00
L-026705,6,0,2023/08/31 00:58:32,1022,YM_2/3_D1_E4-1_tech1,230807-T1-49,1-49,920,nL, ,H2O,0,2.903061e+01,1.604592e-03,5.239648e+16,1.128644e+14,6.338637e-04,2.507579e-07,1.968698e-03,4.595152e-07,3.169319e-04,1.253789e-07,1.968698e-03,4.595152e-07,1.034624e+03,0.000000e+00,-1.821402e+01,0.000000e+00
L-026705,7,0,2023/08/31 01:00:34,1023,YM_2/3_D1_E4-1_tech1,230807-T1-49,1-49,920,nL, ,H2O,0,2.903395e+01,1.477188e-03,5.216260e+16,8.599930e+13,6.346084e-04,2.201290e-07,1.968986e-03,5.331843e-07,3.173042e-04,1.100645e-07,1.968986e-03,5.331843e-07,1.037014e+03,0.000000e+00,-1.807041e+01,0.000000e+00
L-026705,8,0,2023/08/31 01:02:35,1024,YM_2/3_D1_E4-1_tech1,230807-T1-49,1-49,920,nL, ,H2O,0,2.903544e+01,1.263628e-03,5.259906e+16,1.375627e+14,6.339890e-04,1.605984e-07,1.969275e-03,2.793892e-07,3.169945e-04,8.029918e-08,1.969275e-03,2.793892e-07,1.035026e+03,0.000000e+00,-1.792610e+01,0.000000e+00
L-026706,1,-1,2023/08/31 01:04:36,1025,YF_2/3_D16_E4-1_tech2,230807-T1-14,1-14,920,nL, ,H2O,0,2.903346e+01,1.447856e-03,5.377251e+16,8.422835e+13,6.587300e-04,2.758299e-07,1.969213e-03,4.384702e-07,3.293650e-04,1.379149e-07,1.969213e-03,4.384702e-07,1.114442e+03,0.000000e+00,-1.795704e+01,0.000000e+00
L-026706,2,-1,2023/08/31 01:06:37,1026,YF_2/3_D16_E4-1_tech2,230807-T1-14,1-14,920,nL, ,H2O,0,2.902828e+01,1.336844e-03,5.269432e+16,9.759118e+13,6.684350e-04,2.597283e-07,1.969060e-03,3.108042e-07,3.342175e-04,1.298642e-07,1.969060e-03,3.108042e-07,1.145593e+03,0.000000e+00,-1.803369e+01,0.000000e+00
L-026706,3,0,2023/08/31 01:08:38,1027,YF_2/3_D16_E4-1_tech2,230807-T1-14,1-14,920,nL, ,H2O,0,2.902538e+01,1.564306e-03,5.292687e+16,9.165817e+13,6.734410e-04,2.004916e-07,1.969181e-03,4.360741e-07,3.367205e-04,1.002458e-07,1.969181e-03,4.360741e-07,1.161662e+03,0.000000e+00,-1.797312e+01,0.000000e+00
L-026706,4,0,2023/08/31 01:10:39,1028,YF_2/3_D16_E4-1_tech2,230807-T1-14,1-14,920,nL, ,H2O,0,2.902682e+01,1.429801e-03,5.284865e+16,1.240936e+14,6.748540e-04,2.122039e-07,1.968933e-03,3.193330e-07,3.374270e-04,1.061020e-07,1.968933e-03,3.193330e-07,1.166198e+03,0.000000e+00,-1.809692e+01,0.000000e+00
L-026706,5,0,2023/08/31 01:12:40,1029,YF_2/3_D16_E4-1_tech2,230807-T1-14,1-14,920,nL, ,H2O,0,2.902791e+01,1.619118e-03,5.268511e+16,1.103407e+14,6.768149e-04,2.230940e-07,1.968956e-03,5.581521e-07,3.384075e-04,1.115470e-07,1.968956e-03,5.581521e-07,1.172492e+03,0.000000e+00,-1.808552e+01,0.000000e+00
L-026706,6,0,2023/08/31 01:14:41,1030,YF_2/3_D16_E4-1_tech2,230807-T1-14,1-14,920,nL, ,H2O,0,2.902811e+01,1.449863e-03,5.273779e+16,1.012563e+14,6.771852e-04,2.055442e-07,1.968955e-03,3.703187e-07,3.385926e-04,1.027721e-07,1.968955e-03,3.703187e-07,1.173681e+03,0.000000e+00,-1.808582e+01,0.000000e+00
L-026706,7,0,2023/08/31 01:16:42,1031,YF_2/3_D16_E4-1_tech2,230807-T1-14,1-14,920,nL, ,H2O,0,2.902541e+01,1.430462e-03,5.292475e+16,8.405843e+13,6.774074e-04,2.215637e-07,1.968908e-03,3.131414e-07,3.387037e-04,1.107818e-07,1.968908e-03,3.131414e-07,1.174394e+03,0.000000e+00,-1.810910e+01,0.000000e+00
L-026706,8,0,2023/08/31 01:18:43,1032,YF_2/3_D16_E4-1_tech2,230807-T1-14,1-14,920,nL, ,H2O,0,2.902731e+01,1.398330e-03,5.285833e+16,1.077339e+14,6.781474e-04,2.097658e-07,1.968785e-03,4.046801e-07,3.390737e-04,1.048829e-07,1.968785e-03,4.046801e-07,1.176769e+03,0.000000e+00,-1.817077e+01,0.000000e+00
L-026707,1,-1,2023/08/31 01:20:44,1033,YM_2/3_D32_E3-1_tech2,230807-T2-17,2-17,920,nL, ,H2O,0,2.903373e+01,1.667490e-03,5.411975e+16,1.050765e+14,7.081044e-04,2.494123e-07,1.968450e-03,4.678416e-07,3.540522e-04,1.247061e-07,1.968450e-03,4.678416e-07,1.272927e+03,0.000000e+00,-1.833785e+01,0.000000e+00
L-026707,2,-1,2023/08/31 01:22:45,1034,YM_2/3_D32_E3-1_tech2,230807-T2-17,2-17,920,nL, ,H2O,0,2.903851e+01,1.484704e-03,5.430493e+16,1.086325e+14,7.200809e-04,1.898663e-07,1.968432e-03,4.724387e-07,3.600405e-04,9.493317e-08,1.968432e-03,4.724387e-07,1.311370e+03,0.000000e+00,-1.834674e+01,0.000000e+00
L-026707,3,0,2023/08/31 01:24:46,1035,YM_2/3_D32_E3-1_tech2,230807-T2-17,2-17,920,nL, ,H2O,0,2.903737e+01,1.474567e-03,5.409196e+16,1.046560e+14,7.268675e-04,2.792588e-07,1.969047e-03,3.429087e-07,3.634338e-04,1.396294e-07,1.969047e-03,3.429087e-07,1.333155e+03,0.000000e+00,-1.804021e+01,0.000000e+00
L-026707,4,0,2023/08/31 01:26:47,1036,YM_2/3_D32_E3-1_tech2,230807-T2-17,2-17,920,nL, ,H2O,0,2.903338e+01,1.638528e-03,5.355732e+16,1.493722e+14,7.282194e-04,2.892237e-07,1.968839e-03,3.265454e-07,3.641097e-04,1.446119e-07,1.968839e-03,3.265454e-07,1.337494e+03,0.000000e+00,-1.814366e+01,0.000000e+00
L-026707,5,0,2023/08/31 01:28:48,1037,YM_2/3_D32_E3-1_tech2,230807-T2-17,2-17,920,nL, ,H2O,0,2.902769e+01,1.602198e-03,5.271264e+16,7.708701e+13,7.312225e-04,2.644358e-07,1.969206e-03,5.800985e-07,3.656112e-04,1.322179e-07,1.969206e-03,5.800985e-07,1.347134e+03,0.000000e+00,-1.796081e+01,0.000000e+00
L-026707,6,0,2023/08/31 01:30:49,1038,YM_2/3_D32_E3-1_tech2,230807-T2-17,2-17,920,nL, ,H2O,0,2.902583e+01,1.550217e-03,5.100759e+16,7.503944e+14,7.258067e-04,7.572774e-07,1.967326e-03,4.979634e-07,3.629034e-04,3.786387e-07,1.967326e-03,4.979634e-07,1.329750e+03,0.000000e+00,-1.889822e+01,0.000000e+00
L-026707,7,0,2023/08/31 01:32:50,1039,YM_2/3_D32_E3-1_tech2,230807-T2-17,2-17,920,nL, ,H2O,0,2.902501e+01,1.396671e-03,5.303789e+16,1.153456e+14,7.328657e-04,2.487509e-07,1.969454e-03,4.141747e-07,3.664329e-04,1.243754e-07,1.969454e-03,4.141747e-07,1.352408e+03,0.000000e+00,-1.783718e+01,0.000000e+00
L-026707,8,0,2023/08/31 01:34:51,1040,YM_2/3_D32_E3-1_tech2,230807-T2-17,2-17,920,nL, ,H2O,0,2.902920e+01,1.805159e-03,5.303817e+16,1.023119e+14,7.330823e-04,2.732482e-07,1.968893e-03,3.581614e-07,3.665411e-04,1.366241e-07,1.968893e-03,3.581614e-07,1.353103e+03,0.000000e+00,-1.811683e+01,0.000000e+00
L-026708,1,-1,2023/08/31 01:36:51,1041,BlaJ-0140_D0_saline_tech3,230807-T4-3,4-3,920,nL, ,H2O,0,2.903442e+01,1.672250e-03,5.286859e+16,9.426501e+13,4.919017e-04,1.317815e-06,1.969600e-03,3.332572e-07,2.459509e-04,6.589074e-07,1.969600e-03,3.332572e-07,5.789435e+02,0.000000e+00,-1.776401e+01,0.000000e+00
L-026708,2,-1,2023/08/31 01:38:52,1042,BlaJ-0140_D0_saline_tech3,230807-T4-3,4-3,920,nL, ,H2O,0,2.903539e+01,1.608391e-03,5.309454e+16,1.056547e+14,3.876866e-04,1.127310e-06,1.970039e-03,3.865483e-07,1.938433e-04,5.636548e-07,1.970039e-03,3.865483e-07,2.444258e+02,0.000000e+00,-1.754527e+01,0.000000e+00
L-026708,3,0,2023/08/31 01:40:52,1043,BlaJ-0140_D0_saline_tech3,230807-T4-3,4-3,920,nL, ,H2O,0,2.903569e+01,1.515560e-03,5.304615e+16,9.147375e+13,3.397260e-04,9.253280e-07,1.970391e-03,4.439256e-07,1.698630e-04,4.626640e-07,1.970391e-03,4.439256e-07,9.047848e+01,0.000000e+00,-1.736981e+01,0.000000e+00
L-026708,4,0,2023/08/31 01:42:52,1044,BlaJ-0140_D0_saline_tech3,230807-T4-3,4-3,920,nL, ,H2O,0,2.903227e+01,1.427190e-03,5.181274e+16,1.290818e+14,3.147631e-04,7.194729e-07,1.970361e-03,3.026126e-07,1.573816e-04,3.597365e-07,1.970361e-03,3.026126e-07,1.035058e+01,0.000000e+00,-1.738481e+01,0.000000e+00
L-026708,5,0,2023/08/31 01:44:52,1045,BlaJ-0140_D0_saline_tech3,230807-T4-3,4-3,920,nL, ,H2O,0,2.903234e+01,1.578058e-03,5.249879e+16,1.069390e+14,3.024362e-04,4.863086e-07,1.970514e-03,3.196318e-07,1.512181e-04,2.431543e-07,1.970514e-03,3.196318e-07,-2.921720e+01,0.000000e+00,-1.730815e+01,0.000000e+00
L-026708,6,0,2023/08/31 01:46:52,1046,BlaJ-0140_D0_saline_tech3,230807-T4-3,4-3,920,nL, ,H2O,0,2.903150e+01,1.638324e-03,5.271251e+16,9.662279e+13,2.954942e-04,4.367513e-07,1.970557e-03,2.991290e-07,1.477471e-04,2.183757e-07,1.970557e-03,2.991290e-07,-5.150042e+01,0.000000e+00,-1.728674e+01,0.000000e+00
L-026708,7,0,2023/08/31 01:48:53,1047,BlaJ-0140_D0_saline_tech3,230807-T4-3,4-3,920,nL, ,H2O,0,2.903616e+01,1.714370e-03,5.208309e+16,7.169307e+13,2.914074e-04,3.340931e-07,1.970394e-03,3.823049e-07,1.457037e-04,1.670466e-07,1.970394e-03,3.823049e-07,-6.461827e+01,0.000000e+00,-1.736839e+01,0.000000e+00
L-026708,8,0,2023/08/31 01:50:54,1048,BlaJ-0140_D0_saline_tech3,230807-T4-3,4-3,920,nL, ,H2O,0,2.903794e+01,1.511190e-03,5.242892e+16,9.033440e+13,2.886871e-04,2.989135e-07,1.970290e-03,3.169315e-07,1.443435e-04,1.494568e-07,1.970290e-03,3.169315e-07,-7.335028e+01,0.000000e+00,-1.742016e+01,0.000000e+00
L-026709,1,-1,2023/08/31 01:52:55,1049,BlaJ-0173_D16_saline_tech1,230807-T3-10,3-10,920,nL, ,H2O,0,2.904133e+01,1.387939e-03,5.270025e+16,1.139189e+14,4.387918e-04,6.242112e-07,1.970539e-03,3.959575e-07,2.193959e-04,3.121056e-07,1.970539e-03,3.959575e-07,4.084671e+02,0.000000e+00,-1.729573e+01,0.000000e+00
L-026709,2,-1,2023/08/31 01:54:56,1050,BlaJ-0173_D16_saline_tech1,230807-T3-10,3-10,920,nL, ,H2O,0,2.904483e+01,1.327508e-03,5.255821e+16,9.606528e+13,5.034280e-04,5.741473e-07,1.970774e-03,3.726016e-07,2.517140e-04,2.870736e-07,1.970774e-03,3.726016e-07,6.159415e+02,0.000000e+00,-1.717876e+01,0.000000e+00
L-026709,3,0,2023/08/31 01:56:57,1051,BlaJ-0173_D16_saline_tech1,230807-T3-10,3-10,920,nL, ,H2O,0,2.904465e+01,1.551805e-03,4.741899e+16,1.066040e+15,5.227638e-04,7.112868e-07,1.968231e-03,3.419199e-07,2.613819e-04,3.556434e-07,1.968231e-03,3.419199e-07,6.780069e+02,0.000000e+00,-1.844706e+01,0.000000e+00
L-026709,4,0,2023/08/31 01:58:58,1052,BlaJ-0173_D16_saline_tech1,230807-T3-10,3-10,920,nL, ,H2O,0,2.904530e+01,1.742822e-03,5.324170e+16,1.106361e+14,5.502871e-04,3.591520e-07,1.971730e-03,3.612584e-07,2.751436e-04,1.795760e-07,1.971730e-03,3.612584e-07,7.663535e+02,0.000000e+00,-1.670219e+01,0.000000e+00
L-026709,5,0,2023/08/31 02:00:59,1053,BlaJ-0173_D16_saline_tech1,230807-T3-10,3-10,920,nL, ,H2O,0,2.905006e+01,1.583341e-03,5.297369e+16,1.002401e+14,5.570231e-04,3.366805e-07,1.971610e-03,2.789310e-07,2.785115e-04,1.683402e-07,1.971610e-03,2.789310e-07,7.879750e+02,0.000000e+00,-1.676178e+01,0.000000e+00
L-026709,6,0,2023/08/31 02:03:00,1054,BlaJ-0173_D16_saline_tech1,230807-T3-10,3-10,920,nL, ,H2O,0,2.905110e+01,1.660346e-03,4.789890e+16,1.045842e+15,5.516780e-04,4.513377e-07,1.968354e-03,4.953881e-07,2.758390e-04,2.256689e-07,1.968354e-03,4.953881e-07,7.708180e+02,0.000000e+00,-1.838572e+01,0.000000e+00
L-026709,7,0,2023/08/31 02:05:01,1055,BlaJ-0173_D16_saline_tech1,230807-T3-10,3-10,920,nL, ,H2O,0,2.905390e+01,1.510948e-03,5.348916e+16,8.636651e+13,5.646039e-04,2.229951e-07,1.972365e-03,4.403109e-07,2.823019e-04,1.114976e-07,1.972365e-03,4.403109e-07,8.123084e+02,0.000000e+00,-1.638521e+01,0.000000e+00
L-026709,8,0,2023/08/31 02:07:02,1056,BlaJ-0173_D16_saline_tech1,230807-T3-10,3-10,920,nL, ,H2O,0,2.905258e+01,1.415126e-03,5.286920e+16,8.772184e+13,5.641797e-04,2.040295e-07,1.971524e-03,4.215228e-07,2.820899e-04,1.020148e-07,1.971524e-03,4.215228e-07,8.109470e+02,0.000000e+00,-1.680459e+01,0.000000e+00
L-026710,1,-1,2023/08/31 02:09:04,1057,YM_2/3_D1_E4-1_tech3,230807-T1-51,1-51,920,nL, ,H2O,0,2.905050e+01,1.426728e-03,5.427049e+16,9.497024e+13,5.965102e-04,2.571551e-07,1.970056e-03,5.123694e-07,2.982551e-04,1.285775e-07,1.970056e-03,5.123694e-07,9.147236e+02,0.000000e+00,-1.753660e+01,0.000000e+00
L-026710,2,-1,2023/08/31 02:11:06,1058,YM_2/3_D1_E4-1_tech3,230807-T1-51,1-51,920,nL, ,H2O,0,2.904914e+01,1.484488e-03,5.381375e+16,1.236645e+14,6.100220e-04,3.328698e-07,1.969176e-03,4.590226e-07,3.050110e-04,1.664349e-07,1.969176e-03,4.590226e-07,9.580951e+02,0.000000e+00,-1.797587e+01,0.000000e+00
L-026710,3,0,2023/08/31 02:13:08,1059,YM_2/3_D1_E4-1_tech3,230807-T1-51,1-51,920,nL, ,H2O,0,2.904939e+01,1.393357e-03,5.327539e+16,8.058421e+13,6.185254e-04,2.207471e-07,1.969781e-03,4.504674e-07,3.092627e-04,1.103735e-07,1.969781e-03,4.504674e-07,9.853898e+02,0.000000e+00,-1.767406e+01,0.000000e+00
L-026710,4,0,2023/08/31 02:15:10,1060,YM_2/3_D1_E4-1_tech3,230807-T1-51,1-51,920,nL, ,H2O,0,2.904902e+01,1.385850e-03,5.286391e+16,1.179997e+14,6.212850e-04,2.374863e-07,1.969491e-03,3.716337e-07,3.106425e-04,1.187432e-07,1.969491e-03,3.716337e-07,9.942479e+02,0.000000e+00,-1.781878e+01,0.000000e+00
L-026710,5,0,2023/08/31 02:17:12,1061,YM_2/3_D1_E4-1_tech3,230807-T1-51,1-51,920,nL, ,H2O,0,2.905125e+01,1.428968e-03,5.258115e+16,1.148881e+14,6.223436e-04,2.516936e-07,1.969232e-03,5.025898e-07,3.111718e-04,1.258468e-07,1.969232e-03,5.025898e-07,9.976459e+02,0.000000e+00,-1.794764e+01,0.000000e+00
L-026710,6,0,2023/08/31 02:19:14,1062,YM_2/3_D1_E4-1_tech3,230807-T1-51,1-51,920,nL, ,H2O,0,2.905430e+01,1.679494e-03,5.283580e+16,1.309720e+14,6.235408e-04,3.173198e-07,1.969342e-03,4.717962e-07,3.117704e-04,1.586599e-07,1.969342e-03,4.717962e-07,1.001489e+03,0.000000e+00,-1.789262e+01,0.000000e+00
L-026710,7,0,2023/08/31 02:21:16,1063,YM_2/3_D1_E4-1_tech3,230807-T1-51,1-51,920,nL, ,H2O,0,2.905030e+01,1.515908e-03,5.195227e+16,5.864828e+14,6.209364e-04,5.214169e-07,1.968004e-03,4.375633e-07,3.104682e-04,2.607084e-07,1.968004e-03,4.375633e-07,9.931288e+02,0.000000e+00,-1.856031e+01,0.000000e+00
L-026710,8,0,2023/08/31 02:23:18,1064,YM_2/3_D1_E4-1_tech3,230807-T1-51,1-51,920,nL, ,H2O,0,2.904924e+01,1.546828e-03,5.282380e+16,1.239523e+14,6.252507e-04,2.174394e-07,1.969434e-03,4.130157e-07,3.126254e-04,1.087197e-07,1.969434e-03,4.130157e-07,1.006977e+03,0.000000e+00,-1.784684e+01,0.000000e+00
L-026711,1,-1,2023/08/31 02:25:19,1065,Curve_3_std_7,230807-T4-54,4-54,920,nL, ,H2O,0,2.905482e+01,1.677132e-03,5.394034e+16,9.742207e+13,8.358865e-04,1.192584e-06,1.969124e-03,4.178324e-07,4.179433e-04,5.962918e-07,1.969124e-03,4.178324e-07,1.683092e+03,0.000000e+00,-1.800180e+01,0.000000e+00
L-026711,2,-1,2023/08/31 02:27:20,1066,Curve_3_std_7,230807-T4-54,4-54,920,nL, ,H2O,0,2.906042e+01,1.801089e-03,4.856812e+16,1.082617e+15,9.026210e-04,1.938730e-06,1.965938e-03,4.445768e-07,4.513105e-04,9.693648e-07,1.965938e-03,4.445768e-07,1.897301e+03,0.000000e+00,-1.959045e+01,0.000000e+00
L-026711,3,0,2023/08/31 02:29:21,1067,Curve_3_std_7,230807-T4-54,4-54,920,nL, ,H2O,0,2.906503e+01,1.750257e-03,5.400983e+16,9.125056e+13,9.750771e-04,8.372328e-07,1.970687e-03,4.151185e-07,4.875385e-04,4.186164e-07,1.970687e-03,4.151185e-07,2.129876e+03,0.000000e+00,-1.722225e+01,0.000000e+00
L-026711,4,0,2023/08/31 02:31:22,1068,Curve_3_std_7,230807-T4-54,4-54,920,nL, ,H2O,0,2.906513e+01,1.412198e-03,4.943145e+16,1.067936e+15,9.747867e-04,1.263820e-06,1.967034e-03,3.808075e-07,4.873933e-04,6.319102e-07,1.967034e-03,3.808075e-07,2.128944e+03,0.000000e+00,-1.904389e+01,0.000000e+00
L-026711,5,0,2023/08/31 02:33:23,1069,Curve_3_std_7,230807-T4-54,4-54,920,nL, ,H2O,0,2.906580e+01,1.506376e-03,5.298939e+16,1.217401e+14,1.003200e-03,5.026392e-07,1.970269e-03,4.973285e-07,5.016000e-04,2.513196e-07,1.970269e-03,4.973285e-07,2.220148e+03,0.000000e+00,-1.743078e+01,0.000000e+00
L-026711,6,0,2023/08/31 02:35:24,1070,Curve_3_std_7,230807-T4-54,4-54,920,nL, ,H2O,0,2.906749e+01,1.434575e-03,5.338348e+16,1.055529e+14,1.005371e-03,3.621898e-07,1.969644e-03,5.137558e-07,5.026857e-04,1.810949e-07,1.969644e-03,5.137558e-07,2.227117e+03,0.000000e+00,-1.774214e+01,0.000000e+00
L-026711,7,0,2023/08/31 02:37:25,1071,Curve_3_std_7,230807-T4-54,4-54,920,nL, ,H2O,0,2.906868e+01,1.533403e-03,5.352105e+16,1.146771e+14,1.007834e-03,4.074344e-07,1.969461e-03,3.865111e-07,5.039172e-04,2.037172e-07,1.969461e-03,3.865111e-07,2.235023e+03,0.000000e+00,-1.783356e+01,0.000000e+00
L-026711,8,0,2023/08/31 02:39:26,1072,Curve_3_std_7,230807-T4-54,4-54,920,nL, ,H2O,0,2.906744e+01,1.546514e-03,5.218654e+16,5.206822e+14,1.002750e-03,6.991511e-07,1.967807e-03,4.578269e-07,5.013751e-04,3.495755e-07,1.967807e-03,4.578269e-07,2.218704e+03,0.000000e+00,-1.865840e+01,0.000000e+00
L-026712,1,-1,2023/08/31 02:41:27,1073,YF_2/3_D4_E3-1_tech2,230807-T1-35,1-35,920,nL, ,H2O,0,2.906203e+01,1.279410e-03,5.419162e+16,1.157789e+14,8.098470e-04,9.262962e-07,1.969621e-03,3.278902e-07,4.049235e-04,4.631481e-07,1.969621e-03,3.278902e-07,1.599508e+03,0.000000e+00,-1.775359e+01,0.000000e+00
L-026712,2,-1,2023/08/31 02:43:28,1074,YF_2/3_D4_E3-1_tech2,230807-T1-35,1-35,920,nL, ,H2O,0,2.905677e+01,1.324443e-03,5.423997e+16,1.014942e+14,7.228214e-04,6.771929e-07,1.969468e-03,4.504200e-07,3.614107e-04,3.385965e-07,1.969468e-03,4.504200e-07,1.320167e+03,0.000000e+00,-1.783000e+01,0.000000e+00
L-026712,3,0,2023/08/31 02:45:29,1075,YF_2/3_D4_E3-1_tech2,230807-T1-35,1-35,920,nL, ,H2O,0,2.905459e+01,1.254391e-03,5.421531e+16,9.792117e+13,6.834990e-04,5.290333e-07,1.969216e-03,3.469137e-07,3.417495e-04,2.645166e-07,1.969216e-03,3.469137e-07,1.193947e+03,0.000000e+00,-1.795588e+01,0.000000e+00
L-026712,4,0,2023/08/31 02:47:30,1076,YF_2/3_D4_E3-1_tech2,230807-T1-35,1-35,920,nL, ,H2O,0,2.905432e+01,1.634933e-03,5.338732e+16,1.359629e+14,6.632905e-04,4.631303e-07,1.968833e-03,4.080588e-07,3.316452e-04,2.315651e-07,1.968833e-03,4.080588e-07,1.129080e+03,0.000000e+00,-1.814651e+01,0.000000e+00
L-026712,5,0,2023/08/31 02:49:31,1077,YF_2/3_D4_E3-1_tech2,230807-T1-35,1-35,920,nL, ,H2O,0,2.905360e+01,1.503099e-03,5.285518e+16,7.329950e+14,6.515367e-04,1.440221e-06,1.968219e-03,5.108514e-07,3.257684e-04,7.201105e-07,1.968219e-03,5.108514e-07,1.091352e+03,0.000000e+00,-1.845312e+01,0.000000e+00
L-026712,6,0,2023/08/31 02:51:32,1078,YF_2/3_D4_E3-1_tech2,230807-T1-35,1-35,920,nL, ,H2O,0,2.905544e+01,1.566133e-03,5.167382e+16,8.716510e+13,6.497856e-04,2.921893e-07,1.969532e-03,2.952235e-07,3.248928e-04,1.460947e-07,1.969532e-03,2.952235e-07,1.085731e+03,0.000000e+00,-1.779805e+01,0.000000e+00
L-026712,7,0,2023/08/31 02:53:33,1079,YF_2/3_D4_E3-1_tech2,230807-T1-35,1-35,920,nL, ,H2O,0,2.905826e+01,1.481028e-03,5.264492e+16,1.058466e+14,6.462816e-04,3.085202e-07,1.969346e-03,4.310080e-07,3.231408e-04,1.542601e-07,1.969346e-03,4.310080e-07,1.074484e+03,0.000000e+00,-1.789071e+01,0.000000e+00
L-026712,8,0,2023/08/31 02:55:35,1080,YF_2/3_D4_E3-1_tech2,230807-T1-35,1-35,920,nL, ,H2O,0,2.905754e+01,1.424391e-03,5.257549e+16,9.243384e+13,6.456563e-04,2.823862e-07,1.969592e-03,6.352951e-07,3.228282e-04,1.411931e-07,1.969592e-03,6.352951e-07,1.072477e+03,0.000000e+00,-1.776835e+01,0.000000e+00
L-026713,1,-1,2023/08/31 02:57:36,1081,YM_2/3_D32_E4-1_tech3,230807-T2-15,2-15,920,nL, ,H2O,0,2.905886e+01,1.590433e-03,5.405580e+16,7.964143e+13,7.055518e-04,3.149027e-07,1.969323e-03,4.325045e-07,3.527759e-04,1.574513e-07,1.969323e-03,4.325045e-07,1.264734e+03,0.000000e+00,-1.790234e+01,0.000000e+00
L-026713,2,-1,2023/08/31 02:59:37,1082,YM_2/3_D32_E4-1_tech3,230807-T2-15,2-15,920,nL, ,H2O,0,2.906397e+01,1.618422e-03,5.429714e+16,1.127213e+14,7.299254e-04,3.430959e-07,1.968959e-03,4.476560e-07,3.649627e-04,1.715480e-07,1.968959e-03,4.476560e-07,1.342970e+03,0.000000e+00,-1.808385e+01,0.000000e+00
L-026713,3,0,2023/08/31 03:01:38,1083,YM_2/3_D32_E4-1_tech3,230807-T2-15,2-15,920,nL, ,H2O,0,2.906771e+01,1.556041e-03,5.419920e+16,9.960689e+13,7.401504e-04,2.806606e-07,1.968712e-03,3.641130e-07,3.700752e-04,1.403303e-07,1.968712e-03,3.641130e-07,1.375791e+03,0.000000e+00,-1.820693e+01,0.000000e+00
L-026713,4,0,2023/08/31 03:03:39,1084,YM_2/3_D32_E4-1_tech3,230807-T2-15,2-15,920,nL, ,H2O,0,2.906977e+01,1.425749e-03,5.397063e+16,1.369536e+14,7.476856e-04,2.754636e-07,1.969368e-03,3.380087e-07,3.738428e-04,1.377318e-07,1.969368e-03,3.380087e-07,1.399978e+03,0.000000e+00,-1.787995e+01,0.000000e+00
L-026713,5,0,2023/08/31 03:05:40,1085,YM_2/3_D32_E4-1_tech3,230807-T2-15,2-15,920,nL, ,H2O,0,2.906937e+01,1.494113e-03,5.344409e+16,1.068549e+14,7.498376e-04,2.315718e-07,1.969406e-03,2.145063e-07,3.749188e-04,1.157859e-07,1.969406e-03,2.145063e-07,1.406886e+03,0.000000e+00,-1.786088e+01,0.000000e+00
L-026713,6,0,2023/08/31 03:07:41,1086,YM_2/3_D32_E4-1_tech3,230807-T2-15,2-15,920,nL, ,H2O,0,2.906828e+01,1.616778e-03,5.332444e+16,9.591794e+13,7.510290e-04,1.900336e-07,1.969330e-03,3.377886e-07,3.755145e-04,9.501682e-08,1.969330e-03,3.377886e-07,1.410710e+03,0.000000e+00,-1.789863e+01,0.000000e+00
L-026713,7,0,2023/08/31 03:09:42,1087,YM_2/3_D32_E4-1_tech3,230807-T2-15,2-15,920,nL, ,H2O,0,2.906699e+01,1.455869e-03,5.201476e+16,9.521473e+13,7.513431e-04,1.677139e-07,1.969068e-03,3.367625e-07,3.756715e-04,8.385694e-08,1.969068e-03,3.367625e-07,1.411718e+03,0.000000e+00,-1.802944e+01,0.000000e+00
L-026713,8,0,2023/08/31 03:11:43,1088,YM_2/3_D32_E4-1_tech3,230807-T2-15,2-15,920,nL, ,H2O,0,2.907091e+01,1.484161e-03,5.263151e+16,9.480633e+13,7.502712e-04,3.014596e-07,1.968345e-03,2.814373e-07,3.751356e-04,1.507298e-07,1.968345e-03,2.814373e-07,1.408278e+03,0.000000e+00,-1.838993e+01,0.000000e+00
L-026714,1,-1,2023/08/31 03:13:44,1089,BlaJ-0139_D0_saline_tech3,230807-T3-54,3-54,920,nL, ,H2O,0,2.907635e+01,1.732018e-03,5.135006e+16,7.421587e+13,4.958527e-04,1.320362e-06,1.970109e-03,3.790878e-07,2.479264e-04,6.601812e-07,1.970109e-03,3.790878e-07,5.916257e+02,0.000000e+00,-1.751030e+01,0.000000e+00
L-026714,2,-1,2023/08/31 03:15:45,1090,BlaJ-0139_D0_saline_tech3,230807-T3-54,3-54,920,nL, ,H2O,0,2.907605e+01,1.455496e-03,5.177568e+16,9.268489e+13,3.887263e-04,1.155119e-06,1.970644e-03,2.757940e-07,1.943632e-04,5.775595e-07,1.970644e-03,2.757940e-07,2.477633e+02,0.000000e+00,-1.724378e+01,0.000000e+00
L-026714,3,0,2023/08/31 03:17:46,1091,BlaJ-0139_D0_saline_tech3,230807-T3-54,3-54,920,nL, ,H2O,0,2.907126e+01,1.499771e-03,5.188121e+16,1.015697e+14,3.399239e-04,8.027076e-07,1.970984e-03,3.683110e-07,1.699620e-04,4.013538e-07,1.970984e-03,3.683110e-07,9.111370e+01,0.000000e+00,-1.707419e+01,0.000000e+00
L-026714,4,0,2023/08/31 03:19:47,1092,BlaJ-0139_D0_saline_tech3,230807-T3-54,3-54,920,nL, ,H2O,0,2.907071e+01,1.539414e-03,5.183172e+16,1.065073e+14,3.159075e-04,6.351264e-07,1.970871e-03,3.901941e-07,1.579538e-04,3.175632e-07,1.970871e-03,3.901941e-07,1.402402e+01,0.000000e+00,-1.713028e+01,0.000000e+00
L-026714,5,0,2023/08/31 03:21:48,1093,BlaJ-0139_D0_saline_tech3,230807-T3-54,3-54,920,nL, ,H2O,0,2.907017e+01,1.662227e-03,5.132254e+16,6.402188e+13,3.028021e-04,5.412132e-07,1.970662e-03,3.975014e-07,1.514010e-04,2.706066e-07,1.970662e-03,3.975014e-07,-2.804292e+01,0.000000e+00,-1.723456e+01,0.000000e+00
L-026714,6,0,2023/08/31 03:23:49,1094,BlaJ-0139_D0_saline_tech3,230807-T3-54,3-54,920,nL, ,H2O,0,2.907778e+01,1.901541e-03,5.204375e+16,1.231367e+14,2.962198e-04,4.358119e-07,1.970646e-03,3.618514e-07,1.481099e-04,2.179060e-07,1.970646e-03,3.618514e-07,-4.917132e+01,0.000000e+00,-1.724249e+01,0.000000e+00
L-026714,7,0,2023/08/31 03:25:50,1095,BlaJ-0139_D0_saline_tech3,230807-T3-54,3-54,920,nL, ,H2O,0,2.908185e+01,1.672716e-03,5.263821e+16,1.658283e+14,2.922321e-04,3.755741e-07,1.970764e-03,4.476172e-07,1.461160e-04,1.877870e-07,1.970764e-03,4.476172e-07,-6.197121e+01,0.000000e+00,-1.718356e+01,0.000000e+00
L-026714,8,0,2023/08/31 03:27:51,1096,BlaJ-0139_D0_saline_tech3,230807-T3-54,3-54,920,nL, ,H2O,0,2.908451e+01,1.450374e-03,5.274081e+16,1.021966e+14,2.894475e-04,4.017874e-07,1.970889e-03,3.498399e-07,1.447237e-04,2.008937e-07,1.970889e-03,3.498399e-07,-7.090951e+01,0.000000e+00,-1.712117e+01,0.000000e+00
L-026715,1,-1,2023/08/31 03:29:52,1097,YF_2/3_D1_E4-1_tech3,230807-T1-09,1-9,920,nL, ,H2O,0,2.908454e+01,1.594814e-03,5.413670e+16,8.675591e+13,4.581164e-04,7.200088e-07,1.969939e-03,5.589338e-07,2.290582e-04,3.600044e-07,1.969939e-03,5.589338e-07,4.704967e+02,0.000000e+00,-1.759499e+01,0.000000e+00
L-026715,2,-1,2023/08/31 03:31:53,1098,YF_2/3_D1_E4-1_tech3,230807-T1-09,1-9,920,nL, ,H2O,0,2.908210e+01,1.496766e-03,5.372506e+16,1.107855e+14,5.303340e-04,6.079120e-07,1.969461e-03,4.295845e-07,2.651670e-04,3.039560e-07,1.969461e-03,4.295845e-07,7.023065e+02,0.000000e+00,-1.783328e+01,0.000000e+00
L-026715,3,0,2023/08/31 03:33:54,1099,YF_2/3_D1_E4-1_tech3,230807-T1-09,1-9,920,nL, ,H2O,0,2.907957e+01,1.844587e-03,5.360044e+16,1.298918e+14,5.621143e-04,4.581986e-07,1.969179e-03,4.146673e-07,2.810572e-04,2.290993e-07,1.969179e-03,4.146673e-07,8.043172e+02,0.000000e+00,-1.797397e+01,0.000000e+00
L-026715,4,0,2023/08/31 03:35:56,1100,YF_2/3_D1_E4-1_tech3,230807-T1-09,1-9,920,nL, ,H2O,0,2.908027e+01,1.703047e-03,5.365937e+16,1.004531e+14,5.776498e-04,3.512624e-07,1.969190e-03,3.548218e-07,2.888249e-04,1.756312e-07,1.969190e-03,3.548218e-07,8.541842e+02,0.000000e+00,-1.796875e+01,0.000000e+00
L-026715,5,0,2023/08/31 03:37:57,1101,YF_2/3_D1_E4-1_tech3,230807-T1-09,1-9,920,nL, ,H2O,0,2.908158e+01,1.662812e-03,5.161576e+16,4.204746e+14,5.825190e-04,3.030443e-07,1.968263e-03,4.183408e-07,2.912595e-04,1.515221e-07,1.968263e-03,4.183408e-07,8.698137e+02,0.000000e+00,-1.843100e+01,0.000000e+00
L-026715,6,0,2023/08/31 03:39:58,1102,YF_2/3_D1_E4-1_tech3,230807-T1-09,1-9,920,nL, ,H2O,0,2.907893e+01,1.339112e-03,5.323614e+16,1.186972e+14,5.921045e-04,2.766669e-07,1.969930e-03,5.509077e-07,2.960522e-04,1.383335e-07,1.969930e-03,5.509077e-07,9.005820e+02,0.000000e+00,-1.759939e+01,0.000000e+00
L-026715,7,0,2023/08/31 03:41:59,1103,YF_2/3_D1_E4-1_tech3,230807-T1-09,1-9,920,nL, ,H2O,0,2.907476e+01,1.426742e-03,5.288452e+16,1.132662e+14,5.926042e-04,2.173587e-07,1.969068e-03,3.969063e-07,2.963021e-04,1.086793e-07,1.969068e-03,3.969063e-07,9.021859e+02,0.000000e+00,-1.802931e+01,0.000000e+00
L-026715,8,0,2023/08/31 03:44:00,1104,YF_2/3_D1_E4-1_tech3,230807-T1-09,1-9,920,nL, ,H2O,0,2.907300e+01,1.529178e-03,5.147250e+16,6.197073e+14,5.906467e-04,6.323068e-07,1.968117e-03,5.765907e-07,2.953233e-04,3.161534e-07,1.968117e-03,5.765907e-07,8.959025e+02,0.000000e+00,-1.850356e+01,0.000000e+00
L-026716,1,-1,2023/08/31 03:46:01,1105,BlaJ-0172_D32_treatment_tech2,230807-T3-32,3-32,920,nL, ,H2O,0,2.907741e+01,1.706530e-03,5.292945e+16,1.201051e+14,6.118584e-04,2.470431e-07,1.970859e-03,3.755573e-07,3.059292e-04,1.235216e-07,1.970859e-03,3.755573e-07,9.639897e+02,0.000000e+00,-1.713641e+01,0.000000e+00
L-026716,2,-1,2023/08/31 03:48:02,1106,BlaJ-0172_D32_treatment_tech2,230807-T3-32,3-32,920,nL, ,H2O,0,2.908359e+01,1.667648e-03,5.207959e+16,1.173629e+14,6.182067e-04,1.969669e-07,1.970847e-03,3.452665e-07,3.091034e-04,9.848343e-08,1.970847e-03,3.452665e-07,9.843669e+02,0.000000e+00,-1.714222e+01,0.000000e+00
L-026716,3,0,2023/08/31 03:50:03,1107,BlaJ-0172_D32_treatment_tech2,230807-T3-32,3-32,920,nL, ,H2O,0,2.908774e+01,1.638879e-03,5.267976e+16,9.681274e+13,6.211467e-04,2.320515e-07,1.971169e-03,3.819792e-07,3.105734e-04,1.160258e-07,1.971169e-03,3.819792e-07,9.938039e+02,0.000000e+00,-1.698164e+01,0.000000e+00
L-026716,4,0,2023/08/31 03:52:04,1108,BlaJ-0172_D32_treatment_tech2,230807-T3-32,3-32,920,nL, ,H2O,0,2.909077e+01,1.693382e-03,5.287094e+16,1.046091e+14,6.230141e-04,2.970616e-07,1.971401e-03,4.655583e-07,3.115071e-04,1.485308e-07,1.971401e-03,4.655583e-07,9.997980e+02,0.000000e+00,-1.686617e+01,0.000000e+00
L-026716,5,0,2023/08/31 03:54:05,1109,BlaJ-0172_D32_treatment_tech2,230807-T3-32,3-32,920,nL, ,H2O,0,2.909112e+01,1.557103e-03,5.182543e+16,7.675013e+13,6.219050e-04,2.545980e-07,1.970704e-03,5.404232e-07,3.109525e-04,1.272990e-07,1.970704e-03,5.404232e-07,9.962378e+02,0.000000e+00,-1.721378e+01,0.000000e+00
L-026716,6,0,2023/08/31 03:56:06,1110,BlaJ-0172_D32_treatment_tech2,230807-T3-32,3-32,920,nL, ,H2O,0,2.909251e+01,1.692244e-03,5.241768e+16,7.198513e+13,6.245729e-04,1.772938e-07,1.971260e-03,4.165667e-07,3.122864e-04,8.864688e-08,1.971260e-03,4.165667e-07,1.004801e+03,0.000000e+00,-1.693654e+01,0.000000e+00
L-026716,7,0,2023/08/31 03:58:07,1111,BlaJ-0172_D32_treatment_tech2,230807-T3-32,3-32,920,nL, ,H2O,0,2.909737e+01,1.395004e-03,5.293609e+16,1.129995e+14,6.255204e-04,2.201395e-07,1.971368e-03,4.076269e-07,3.127602e-04,1.100698e-07,1.971368e-03,4.076269e-07,1.007843e+03,0.000000e+00,-1.688235e+01,0.000000e+00
L-026716,8,0,2023/08/31 04:00:08,1112,BlaJ-0172_D32_treatment_tech2,230807-T3-32,3-32,920,nL, ,H2O,0,2.909534e+01,1.391603e-03,5.274531e+16,1.112926e+14,6.256422e-04,2.531409e-07,1.971330e-03,5.455297e-07,3.128211e-04,1.265705e-07,1.971330e-03,5.455297e-07,1.008234e+03,0.000000e+00,-1.690141e+01,0.000000e+00
L-026717,1,-1,2023/08/31 04:02:09,1113,YM_2/3_D8_E4-1_tech1,230807-T2-25,2-25,920,nL, ,H2O,0,2.908970e+01,1.514773e-03,5.409838e+16,9.999903e+13,6.724083e-04,3.257033e-07,1.970049e-03,5.290059e-07,3.362042e-04,1.628516e-07,1.970049e-03,5.290059e-07,1.158347e+03,0.000000e+00,-1.754033e+01,0.000000e+00
L-026717,2,-1,2023/08/31 04:04:11,1114,YM_2/3_D8_E4-1_tech1,230807-T2-25,2-25,920,nL, ,H2O,0,2.908466e+01,8.086242e-04,5.411342e+16,1.509861e+14,6.915146e-04,3.448227e-07,1.969357e-03,4.237552e-07,3.457573e-04,1.724113e-07,1.969357e-03,4.237552e-07,1.219676e+03,0.000000e+00,-1.788550e+01,0.000000e+00
L-026717,3,0,2023/08/31 04:06:12,1115,YM_2/3_D8_E4-1_tech1,230807-T2-25,2-25,920,nL, ,H2O,0,2.908290e+01,1.194085e-03,5.398653e+16,1.224812e+14,7.018305e-04,2.792691e-07,1.969423e-03,4.318819e-07,3.509152e-04,1.396346e-07,1.969423e-03,4.318819e-07,1.252789e+03,0.000000e+00,-1.785268e+01,0.000000e+00
L-026717,4,0,2023/08/31 04:08:13,1116,YM_2/3_D8_E4-1_tech1,230807-T2-25,2-25,920,nL, ,H2O,0,2.908285e+01,1.358794e-03,5.371740e+16,8.184201e+13,7.060572e-04,3.265727e-07,1.969481e-03,4.751872e-07,3.530286e-04,1.632863e-07,1.969481e-03,4.751872e-07,1.266356e+03,0.000000e+00,-1.782350e+01,0.000000e+00
L-026717,5,0,2023/08/31 04:10:14,1117,YM_2/3_D8_E4-1_tech1,230807-T2-25,2-25,920,nL, ,H2O,0,2.908419e+01,1.582232e-03,5.306565e+16,3.323504e+14,7.049117e-04,4.319119e-07,1.968297e-03,5.511475e-07,3.524558e-04,2.159559e-07,1.968297e-03,5.511475e-07,1.262679e+03,0.000000e+00,-1.841422e+01,0.000000e+00
L-026717,6,0,2023/08/31 04:12:15,1118,YM_2/3_D8_E4-1_tech1,230807-T2-25,2-25,920,nL, ,H2O,0,2.908416e+01,1.663707e-03,4.732861e+16,9.318247e+14,7.004252e-04,7.536932e-07,1.966572e-03,4.080340e-07,3.502126e-04,3.768466e-07,1.966572e-03,4.080340e-07,1.248278e+03,0.000000e+00,-1.927422e+01,0.000000e+00
L-026717,7,0,2023/08/31 04:14:16,1119,YM_2/3_D8_E4-1_tech1,230807-T2-25,2-25,920,nL, ,H2O,0,2.908836e+01,1.892979e-03,5.181119e+16,9.035315e+13,7.138340e-04,2.981703e-07,1.970062e-03,4.612430e-07,3.569170e-04,1.490852e-07,1.970062e-03,4.612430e-07,1.291319e+03,0.000000e+00,-1.753391e+01,0.000000e+00
L-026717,8,0,2023/08/31 04:16:17,1120,YM_2/3_D8_E4-1_tech1,230807-T2-25,2-25,920,nL, ,H2O,0,2.908955e+01,1.712682e-03,5.249613e+16,1.023464e+14,7.122724e-04,2.479596e-07,1.969392e-03,3.694244e-07,3.561362e-04,1.239798e-07,1.969392e-03,3.694244e-07,1.286306e+03,0.000000e+00,-1.786787e+01,0.000000e+00
L-026718,1,-1,2023/08/31 04:18:18,1121,Curve_3_std_2,230807-T4-49,4-49,920,nL, ,H2O,0,2.909377e+01,1.561612e-03,5.309475e+16,1.067716e+14,4.982902e-04,1.237021e-06,1.969136e-03,3.377051e-07,2.491451e-04,6.185106e-07,1.969136e-03,3.377051e-07,5.994496e+02,0.000000e+00,-1.799565e+01,0.000000e+00
L-026718,2,-1,2023/08/31 04:20:19,1122,Curve_3_std_2,230807-T4-49,4-49,920,nL, ,H2O,0,2.909568e+01,1.570213e-03,5.406147e+16,9.414201e+13,4.109814e-04,9.629994e-07,1.969118e-03,3.468825e-07,2.054907e-04,4.814997e-07,1.969118e-03,3.468825e-07,3.191993e+02,0.000000e+00,-1.800476e+01,0.000000e+00
L-026718,3,0,2023/08/31 04:22:20,1123,Curve_3_std_2,230807-T4-49,4-49,920,nL, ,H2O,0,2.909683e+01,1.612426e-03,5.394976e+16,9.914241e+13,3.718314e-04,7.302425e-07,1.969491e-03,4.604569e-07,1.859157e-04,3.651213e-07,1.969491e-03,4.604569e-07,1.935326e+02,0.000000e+00,-1.781845e+01,0.000000e+00
L-026718,4,0,2023/08/31 04:24:21,1124,Curve_3_std_2,230807-T4-49,4-49,920,nL, ,H2O,0,2.909598e+01,1.448720e-03,5.358349e+16,1.366789e+14,3.526066e-04,5.777372e-07,1.969147e-03,4.412249e-07,1.763033e-04,2.888686e-07,1.969147e-03,4.412249e-07,1.318235e+02,0.000000e+00,-1.799022e+01,0.000000e+00
L-026718,5,0,2023/08/31 04:26:23,1125,Curve_3_std_2,230807-T4-49,4-49,920,nL, ,H2O,0,2.909064e+01,1.707070e-03,5.420992e+16,1.254148e+14,3.419521e-04,4.850084e-07,1.968275e-03,3.086389e-07,1.709760e-04,2.425042e-07,1.968275e-03,3.086389e-07,9.762379e+01,0.000000e+00,-1.842498e+01,0.000000e+00
L-026718,6,0,2023/08/31 04:28:24,1126,Curve_3_std_2,230807-T4-49,4-49,920,nL, ,H2O,0,2.908459e+01,1.377352e-03,5.391142e+16,6.807607e+13,3.379656e-04,2.577333e-07,1.969400e-03,3.729851e-07,1.689828e-04,1.288667e-07,1.969400e-03,3.729851e-07,8.482752e+01,0.000000e+00,-1.786390e+01,0.000000e+00
L-026718,7,0,2023/08/31 04:30:25,1127,Curve_3_std_2,230807-T4-49,4-49,920,nL, ,H2O,0,2.908220e+01,1.684346e-03,5.369580e+16,1.103432e+14,3.346904e-04,3.208928e-07,1.969424e-03,5.014796e-07,1.673452e-04,1.604464e-07,1.969424e-03,5.014796e-07,7.431476e+01,0.000000e+00,-1.785196e+01,0.000000e+00
L-026718,8,0,2023/08/31 04:32:26,1128,Curve_3_std_2,230807-T4-49,4-49,920,nL, ,H2O,0,2.908401e+01,1.899387e-03,5.385211e+16,9.972810e+13,3.326387e-04,2.711802e-07,1.969717e-03,5.639715e-07,1.663194e-04,1.355901e-07,1.969717e-03,5.639715e-07,6.772910e+01,0.000000e+00,-1.770609e+01,0.000000e+00
L-026719,1,-1,2023/08/31 04:34:28,1129,YF_2/3_D16_E4-1_tech3,230807-T1-15,1-15,920,nL, ,H2O,0,2.908858e+01,1.601051e-03,5.319004e+16,1.152995e+14,5.144476e-04,8.211480e-07,1.969077e-03,6.112822e-07,2.572238e-04,4.105740e-07,1.969077e-03,6.112822e-07,6.513130e+02,0.000000e+00,-1.802483e+01,0.000000e+00
L-026719,2,-1,2023/08/31 04:36:29,1130,YF_2/3_D16_E4-1_tech3,230807-T1-15,1-15,920,nL, ,H2O,0,2.909387e+01,1.806494e-03,5.392873e+16,1.302818e+14,5.897156e-04,6.715365e-07,1.969011e-03,4.140418e-07,2.948578e-04,3.357683e-07,1.969011e-03,4.140418e-07,8.929138e+02,0.000000e+00,-1.805785e+01,0.000000e+00
L-026719,3,0,2023/08/31 04:38:31,1131,YF_2/3_D16_E4-1_tech3,230807-T1-15,1-15,920,nL, ,H2O,0,2.909362e+01,1.469857e-03,5.410480e+16,9.405985e+13,6.238924e-04,5.596672e-07,1.969047e-03,3.492816e-07,3.119462e-04,2.798336e-07,1.969047e-03,3.492816e-07,1.002617e+03,0.000000e+00,-1.803990e+01,0.000000e+00
L-026719,4,0,2023/08/31 04:40:33,1132,YF_2/3_D16_E4-1_tech3,230807-T1-15,1-15,920,nL, ,H2O,0,2.908960e+01,1.280831e-03,5.399170e+16,1.098609e+14,6.396535e-04,4.129970e-07,1.969134e-03,4.671511e-07,3.198267e-04,2.064985e-07,1.969134e-03,4.671511e-07,1.053208e+03,0.000000e+00,-1.799662e+01,0.000000e+00
L-026719,5,0,2023/08/31 04:42:35,1133,YF_2/3_D16_E4-1_tech3,230807-T1-15,1-15,920,nL, ,H2O,0,2.908905e+01,1.667145e-03,5.409791e+16,1.023579e+14,6.470607e-04,3.031145e-07,1.968857e-03,4.125093e-07,3.235304e-04,1.515573e-07,1.968857e-03,4.125093e-07,1.076985e+03,0.000000e+00,-1.813465e+01,0.000000e+00
L-026719,6,0,2023/08/31 04:44:37,1134,YF_2/3_D16_E4-1_tech3,230807-T1-15,1-15,920,nL, ,H2O,0,2.908898e+01,1.691784e-03,5.406529e+16,1.018765e+14,6.527789e-04,2.544569e-07,1.969318e-03,3.221310e-07,3.263895e-04,1.272285e-07,1.969318e-03,3.221310e-07,1.095339e+03,0.000000e+00,-1.790497e+01,0.000000e+00
L-026719,7,0,2023/08/31 04:46:39,1135,YF_2/3_D16_E4-1_tech3,230807-T1-15,1-15,920,nL, ,H2O,0,2.908928e+01,1.465278e-03,5.332777e+16,1.582570e+14,6.546121e-04,2.464586e-07,1.969024e-03,3.765620e-07,3.273060e-04,1.232293e-07,1.969024e-03,3.765620e-07,1.101224e+03,0.000000e+00,-1.805133e+01,0.000000e+00
L-026719,8,0,2023/08/31 04:48:41,1136,YF_2/3_D16_E4-1_tech3,230807-T1-15,1-15,920,nL, ,H2O,0,2.909203e+01,1.569076e-03,5.342187e+16,1.130809e+14,6.568275e-04,2.300884e-07,1.969104e-03,4.589085e-07,3.284137e-04,1.150442e-07,1.969104e-03,4.589085e-07,1.108335e+03,0.000000e+00,-1.801178e+01,0.000000e+00
L-026720,1,-1,2023/08/31 04:50:42,1137,BlaJ-0176_D2_saline_tech1,230807-T2-52,2-52,920,nL, ,H2O,0,2.909181e+01,1.384384e-03,5.163672e+16,8.935856e+13,6.724302e-04,2.665355e-07,1.970265e-03,4.545377e-07,3.362151e-04,1.332677e-07,1.970265e-03,4.545377e-07,1.158418e+03,0.000000e+00,-1.743257e+01,0.000000e+00
L-026720,2,-1,2023/08/31 04:52:43,1138,BlaJ-0176_D2_saline_tech1,230807-T2-52,2-52,920,nL, ,H2O,0,2.909310e+01,1.729500e-03,5.141866e+16,1.142164e+14,6.809070e-04,3.451961e-07,1.971395e-03,6.095707e-07,3.404535e-04,1.725981e-07,1.971395e-03,6.095707e-07,1.185627e+03,0.000000e+00,-1.686886e+01,0.000000e+00
L-026720,3,0,2023/08/31 04:54:44,1139,BlaJ-0176_D2_saline_tech1,230807-T2-52,2-52,920,nL, ,H2O,0,2.909673e+01,1.764545e-03,5.185751e+16,1.161654e+14,6.842606e-04,2.960043e-07,1.971660e-03,3.095347e-07,3.421303e-04,1.480022e-07,1.971660e-03,3.095347e-07,1.196392e+03,0.000000e+00,-1.673676e+01,0.000000e+00
L-026720,4,0,2023/08/31 04:56:45,1140,BlaJ-0176_D2_saline_tech1,230807-T2-52,2-52,920,nL, ,H2O,0,2.909782e+01,1.789737e-03,5.101024e+16,1.216413e+15,6.795809e-04,2.130089e-06,1.969644e-03,6.652802e-07,3.397905e-04,1.065044e-06,1.969644e-03,6.652802e-07,1.181371e+03,0.000000e+00,-1.774201e+01,0.000000e+00
L-026720,5,0,2023/08/31 04:58:46,1141,BlaJ-0176_D2_saline_tech1,230807-T2-52,2-52,920,nL, ,H2O,0,2.909785e+01,1.388465e-03,5.101486e+16,2.354376e+14,6.858242e-04,3.351056e-07,1.971106e-03,5.256808e-07,3.429121e-04,1.675528e-07,1.971106e-03,5.256808e-07,1.201411e+03,0.000000e+00,-1.701333e+01,0.000000e+00
L-026720,6,0,2023/08/31 05:00:47,1142,BlaJ-0176_D2_saline_tech1,230807-T2-52,2-52,920,nL, ,H2O,0,2.909345e+01,1.566150e-03,4.960933e+16,9.577561e+13,6.897831e-04,3.211253e-07,1.972147e-03,3.700210e-07,3.448916e-04,1.605627e-07,1.972147e-03,3.700210e-07,1.214118e+03,0.000000e+00,-1.649376e+01,0.000000e+00
L-026720,7,0,2023/08/31 05:02:48,1143,BlaJ-0176_D2_saline_tech1,230807-T2-52,2-52,920,nL, ,H2O,0,2.908751e+01,1.655928e-03,4.984377e+16,9.667397e+13,6.886167e-04,2.330663e-07,1.971603e-03,4.971161e-07,3.443084e-04,1.165332e-07,1.971603e-03,4.971161e-07,1.210374e+03,0.000000e+00,-1.676540e+01,0.000000e+00
L-026720,8,0,2023/08/31 05:04:49,1144,BlaJ-0176_D2_saline_tech1,230807-T2-52,2-52,920,nL, ,H2O,0,2.908764e+01,1.638423e-03,4.964461e+16,1.189417e+14,6.888527e-04,2.241713e-07,1.971737e-03,4.149370e-07,3.444264e-04,1.120857e-07,1.971737e-03,4.149370e-07,1.211132e+03,0.000000e+00,-1.669828e+01,0.000000e+00
L-026721,1,-1,2023/08/31 05:06:50,1145,BlaJ-0161_D16_saline_tech3,230807-T2-42,2-42,920,nL, ,H2O,0,2.909392e+01,1.603701e-03,4.928021e+16,1.116200e+14,6.222347e-04,4.071853e-07,1.970603e-03,4.782032e-07,3.111173e-04,2.035926e-07,1.970603e-03,4.782032e-07,9.972961e+02,0.000000e+00,-1.726394e+01,0.000000e+00
L-026721,2,-1,2023/08/31 05:08:51,1146,BlaJ-0161_D16_saline_tech3,230807-T2-42,2-42,920,nL, ,H2O,0,2.910048e+01,1.711200e-03,4.978694e+16,1.041245e+14,5.959718e-04,3.529495e-07,1.970343e-03,4.562863e-07,2.979859e-04,1.764747e-07,1.970343e-03,4.562863e-07,9.129956e+02,0.000000e+00,-1.739383e+01,0.000000e+00
L-026721,3,0,2023/08/31 05:10:52,1147,BlaJ-0161_D16_saline_tech3,230807-T2-42,2-42,920,nL, ,H2O,0,2.909819e+01,1.533208e-03,4.964878e+16,1.092241e+14,5.845719e-04,3.603669e-07,1.969955e-03,4.511654e-07,2.922860e-04,1.801835e-07,1.969955e-03,4.511654e-07,8.764034e+02,0.000000e+00,-1.758705e+01,0.000000e+00
L-026721,4,0,2023/08/31 05:12:53,1148,BlaJ-0161_D16_saline_tech3,230807-T2-42,2-42,920,nL, ,H2O,0,2.909206e+01,1.462864e-03,5.019071e+16,9.964665e+13,5.794802e-04,2.498279e-07,1.970056e-03,3.896293e-07,2.897401e-04,1.249139e-07,1.970056e-03,3.896293e-07,8.600596e+02,0.000000e+00,-1.753670e+01,0.000000e+00
L-026721,5,0,2023/08/31 05:14:54,1149,BlaJ-0161_D16_saline_tech3,230807-T2-42,2-42,920,nL, ,H2O,0,2.908796e+01,1.625740e-03,5.036736e+16,9.260481e+13,5.755004e-04,2.471039e-07,1.969591e-03,4.539873e-07,2.877502e-04,1.235520e-07,1.969591e-03,4.539873e-07,8.472850e+02,0.000000e+00,-1.776883e+01,0.000000e+00
L-026721,6,0,2023/08/31 05:16:55,1150,BlaJ-0161_D16_saline_tech3,230807-T2-42,2-42,920,nL, ,H2O,0,2.908801e+01,1.539099e-03,5.204675e+16,1.023133e+14,5.760993e-04,2.916117e-07,1.970392e-03,4.030806e-07,2.880496e-04,1.458058e-07,1.970392e-03,4.030806e-07,8.492072e+02,0.000000e+00,-1.736935e+01,0.000000e+00
L-026721,7,0,2023/08/31 05:18:56,1151,BlaJ-0161_D16_saline_tech3,230807-T2-42,2-42,920,nL, ,H2O,0,2.908742e+01,1.537909e-03,5.151088e+16,1.087636e+14,5.746967e-04,2.642601e-07,1.970279e-03,4.627125e-07,2.873483e-04,1.321300e-07,1.970279e-03,4.627125e-07,8.447050e+02,0.000000e+00,-1.742544e+01,0.000000e+00
L-026721,8,0,2023/08/31 05:20:57,1152,BlaJ-0161_D16_saline_tech3,230807-T2-42,2-42,920,nL, ,H2O,0,2.909248e+01,1.610735e-03,5.191627e+16,1.073502e+14,5.741688e-04,1.922326e-07,1.970439e-03,3.897609e-07,2.870844e-04,9.611629e-08,1.970439e-03,3.897609e-07,8.430105e+02,0.000000e+00,-1.734577e+01,0.000000e+00
L-026722,1,-1,2023/08/31 05:22:58,1153,BlaJ-0171_D32_saline_tech2,230807-T3-29,3-29,920,nL, ,H2O,0,2.909320e+01,1.532585e-03,5.066575e+16,9.598117e+13,5.870210e-04,2.337765e-07,1.970955e-03,4.002671e-07,2.935105e-04,1.168882e-07,1.970955e-03,4.002671e-07,8.842645e+02,0.000000e+00,-1.708835e+01,0.000000e+00
L-026722,2,-1,2023/08/31 05:24:59,1154,BlaJ-0171_D32_saline_tech2,230807-T3-29,3-29,920,nL, ,H2O,0,2.909094e+01,1.462902e-03,5.161593e+16,1.123329e+14,5.922667e-04,2.451234e-07,1.971708e-03,3.587672e-07,2.961333e-04,1.225617e-07,1.971708e-03,3.587672e-07,9.011026e+02,0.000000e+00,-1.671286e+01,0.000000e+00
L-026722,3,0,2023/08/31 05:27:00,1155,BlaJ-0171_D32_saline_tech2,230807-T3-29,3-29,920,nL, ,H2O,0,2.909325e+01,1.453072e-03,5.173901e+16,1.394817e+14,5.943239e-04,2.366918e-07,1.971402e-03,3.609391e-07,2.971620e-04,1.183459e-07,1.971402e-03,3.609391e-07,9.077060e+02,0.000000e+00,-1.686532e+01,0.000000e+00
L-026722,4,0,2023/08/31 05:29:01,1156,BlaJ-0171_D32_saline_tech2,230807-T3-29,3-29,920,nL, ,H2O,0,2.909191e+01,1.529520e-03,4.134062e+16,1.384514e+15,5.832185e-04,5.098762e-07,1.967362e-03,5.368074e-07,2.916093e-04,2.549381e-07,1.967362e-03,5.368074e-07,8.720591e+02,0.000000e+00,-1.888014e+01,0.000000e+00
L-026722,5,0,2023/08/31 05:31:02,1157,BlaJ-0171_D32_saline_tech2,230807-T3-29,3-29,920,nL, ,H2O,0,2.909109e+01,1.725475e-03,5.310232e+16,1.202290e+14,6.011516e-04,2.305555e-07,1.973525e-03,3.317110e-07,3.005758e-04,1.152777e-07,1.973525e-03,3.317110e-07,9.296221e+02,0.000000e+00,-1.580684e+01,0.000000e+00
L-026722,6,0,2023/08/31 05:33:03,1158,BlaJ-0171_D32_saline_tech2,230807-T3-29,3-29,920,nL, ,H2O,0,2.908595e+01,1.393521e-03,5.124837e+16,9.235032e+13,5.982864e-04,2.302121e-07,1.972314e-03,5.415683e-07,2.991432e-04,1.151061e-07,1.972314e-03,5.415683e-07,9.204251e+02,0.000000e+00,-1.641049e+01,0.000000e+00
L-026722,7,0,2023/08/31 05:35:04,1159,BlaJ-0171_D32_saline_tech2,230807-T3-29,3-29,920,nL, ,H2O,0,2.908389e+01,1.370645e-03,5.210964e+16,7.635396e+13,5.973292e-04,1.867367e-07,1.971970e-03,4.535176e-07,2.986646e-04,9.336835e-08,1.971970e-03,4.535176e-07,9.173527e+02,0.000000e+00,-1.658244e+01,0.000000e+00
L-026722,8,0,2023/08/31 05:37:05,1160,BlaJ-0171_D32_saline_tech2,230807-T3-29,3-29,920,nL, ,H2O,0,2.908739e+01,1.735436e-03,5.138234e+16,8.205158e+13,5.973447e-04,2.927381e-07,1.971986e-03,3.514929e-07,2.986723e-04,1.463691e-07,1.971986e-03,3.514929e-07,9.174024e+02,0.000000e+00,-1.657410e+01,0.000000e+00
L-026723,1,-1,2023/08/31 05:39:06,1161,YM_2/3_D16_E3-1_tech2,230807-T2-5,2-5,920,nL, ,H2O,0,2.908893e+01,1.633067e-03,5.296276e+16,1.237340e+14,6.588080e-04,3.716308e-07,1.970165e-03,5.427551e-07,3.294040e-04,1.858154e-07,1.970165e-03,5.427551e-07,1.114692e+03,0.000000e+00,-1.748230e+01,0.000000e+00
L-026723,2,-1,2023/08/31 05:41:07,1162,YM_2/3_D16_E3-1_tech2,230807-T2-5,2-5,920,nL, ,H2O,0,2.908449e+01,1.296482e-03,5.254273e+16,9.418838e+13,6.841502e-04,3.155727e-07,1.969195e-03,3.424922e-07,3.420751e-04,1.577864e-07,1.969195e-03,3.424922e-07,1.196037e+03,0.000000e+00,-1.796617e+01,0.000000e+00
L-026723,3,0,2023/08/31 05:43:07,1163,YM_2/3_D16_E3-1_tech2,230807-T2-5,2-5,920,nL, ,H2O,0,2.908183e+01,1.675928e-03,5.363583e+16,1.248582e+14,6.954481e-04,2.850499e-07,1.969155e-03,3.815578e-07,3.477240e-04,1.425249e-07,1.969155e-03,3.815578e-07,1.232302e+03,0.000000e+00,-1.798600e+01,0.000000e+00
L-026723,4,0,2023/08/31 05:45:08,1164,YM_2/3_D16_E3-1_tech2,230807-T2-5,2-5,920,nL, ,H2O,0,2.908153e+01,1.753479e-03,4.931500e+16,1.060438e+15,6.906393e-04,7.748114e-07,1.966239e-03,4.586094e-07,3.453196e-04,3.874057e-07,1.966239e-03,4.586094e-07,1.216866e+03,0.000000e+00,-1.944028e+01,0.000000e+00
L-026723,5,0,2023/08/31 05:47:09,1165,YM_2/3_D16_E3-1_tech2,230807-T2-5,2-5,920,nL, ,H2O,0,2.908756e+01,2.046364e-03,5.380910e+16,9.412201e+13,7.063197e-04,2.596945e-07,1.970242e-03,2.779849e-07,3.531598e-04,1.298472e-07,1.970242e-03,2.779849e-07,1.267199e+03,0.000000e+00,-1.744398e+01,0.000000e+00
L-026723,6,0,2023/08/31 05:49:10,1166,YM_2/3_D16_E3-1_tech2,230807-T2-5,2-5,920,nL, ,H2O,0,2.909611e+01,1.820065e-03,5.359211e+16,8.104537e+13,7.059949e-04,2.776118e-07,1.969590e-03,4.271302e-07,3.529975e-04,1.388059e-07,1.969590e-03,4.271302e-07,1.266156e+03,0.000000e+00,-1.776898e+01,0.000000e+00
L-026723,7,0,2023/08/31 05:51:11,1167,YM_2/3_D16_E3-1_tech2,230807-T2-5,2-5,920,nL, ,H2O,0,2.910038e+01,1.553073e-03,5.275831e+16,8.274945e+13,7.052357e-04,2.476996e-07,1.968885e-03,2.453785e-07,3.526179e-04,1.238498e-07,1.968885e-03,2.453785e-07,1.263719e+03,0.000000e+00,-1.812071e+01,0.000000e+00
L-026723,8,0,2023/08/31 05:53:12,1168,YM_2/3_D16_E3-1_tech2,230807-T2-5,2-5,920,nL, ,H2O,0,2.909777e+01,1.534124e-03,5.325687e+16,1.182683e+14,7.065473e-04,2.563153e-07,1.969052e-03,3.824719e-07,3.532736e-04,1.281576e-07,1.969052e-03,3.824719e-07,1.267929e+03,0.000000e+00,-1.803760e+01,0.000000e+00
L-026724,1,-1,2023/08/31 05:55:13,1169,BlaJ-0176_D2_saline_tech2,230807-T2-53,2-53,920,nL, ,H2O,0,2.909419e+01,1.433053e-03,5.241405e+16,1.432847e+14,6.932001e-04,2.536695e-07,1.970931e-03,4.051671e-07,3.466001e-04,1.268347e-07,1.970931e-03,4.051671e-07,1.225086e+03,0.000000e+00,-1.710028e+01,0.000000e+00
L-026724,2,-1,2023/08/31 05:57:14,1170,BlaJ-0176_D2_saline_tech2,230807-T2-53,2-53,920,nL, ,H2O,0,2.908761e+01,1.295954e-03,5.240427e+16,1.086181e+14,6.877501e-04,1.982454e-07,1.971694e-03,4.757876e-07,3.438751e-04,9.912268e-08,1.971694e-03,4.757876e-07,1.207593e+03,0.000000e+00,-1.672005e+01,0.000000e+00
L-026724,3,0,2023/08/31 05:59:15,1171,BlaJ-0176_D2_saline_tech2,230807-T2-53,2-53,920,nL, ,H2O,0,2.908528e+01,1.650438e-03,5.236354e+16,1.150382e+14,6.851109e-04,2.395251e-07,1.972106e-03,5.091237e-07,3.425555e-04,1.197625e-07,1.972106e-03,5.091237e-07,1.199121e+03,0.000000e+00,-1.651454e+01,0.000000e+00
L-026724,4,0,2023/08/31 06:01:16,1172,BlaJ-0176_D2_saline_tech2,230807-T2-53,2-53,920,nL, ,H2O,0,2.908672e+01,1.724518e-03,5.114261e+16,1.065996e+14,6.816413e-04,2.164992e-07,1.971540e-03,3.796541e-07,3.408206e-04,1.082496e-07,1.971540e-03,3.796541e-07,1.187984e+03,0.000000e+00,-1.679677e+01,0.000000e+00
L-026724,5,0,2023/08/31 06:03:17,1173,BlaJ-0176_D2_saline_tech2,230807-T2-53,2-53,920,nL, ,H2O,0,2.908754e+01,1.585978e-03,5.231759e+16,9.054200e+13,6.842189e-04,2.865612e-07,1.972547e-03,5.411051e-07,3.421095e-04,1.432806e-07,1.972547e-03,5.411051e-07,1.196258e+03,0.000000e+00,-1.629432e+01,0.000000e+00
L-026724,6,0,2023/08/31 06:05:18,1174,BlaJ-0176_D2_saline_tech2,230807-T2-53,2-53,920,nL, ,H2O,0,2.908198e+01,1.359612e-03,5.268925e+16,8.155448e+13,6.836670e-04,1.948105e-07,1.972357e-03,3.327678e-07,3.418335e-04,9.740524e-08,1.972357e-03,3.327678e-07,1.194486e+03,0.000000e+00,-1.638930e+01,0.000000e+00
L-026724,7,0,2023/08/31 06:07:19,1175,BlaJ-0176_D2_saline_tech2,230807-T2-53,2-53,920,nL, ,H2O,0,2.907639e+01,1.288516e-03,5.275807e+16,1.112226e+14,6.834633e-04,2.728355e-07,1.972230e-03,5.029473e-07,3.417317e-04,1.364178e-07,1.972230e-03,5.029473e-07,1.193833e+03,0.000000e+00,-1.645278e+01,0.000000e+00
L-026724,8,0,2023/08/31 06:09:20,1176,BlaJ-0176_D2_saline_tech2,230807-T2-53,2-53,920,nL, ,H2O,0,2.907113e+01,1.445141e-03,5.200323e+16,9.638712e+13,6.831691e-04,2.058402e-07,1.972331e-03,4.937501e-07,3.415846e-04,1.029201e-07,1.972331e-03,4.937501e-07,1.192888e+03,0.000000e+00,-1.640205e+01,0.000000e+00
L-026725,1,-1,2023/08/31 06:11:21,1177,Curve_2_std_4,230807-T4-44,4-44,920,nL, ,H2O,0,2.907175e+01,1.791771e-03,5.269471e+16,1.129103e+14,5.424963e-04,6.752127e-07,1.970566e-03,4.482096e-07,2.712482e-04,3.376064e-07,1.970566e-03,4.482096e-07,7.413459e+02,0.000000e+00,-1.728254e+01,0.000000e+00
L-026725,2,-1,2023/08/31 06:13:22,1178,Curve_2_std_4,230807-T4-44,4-44,920,nL, ,H2O,0,2.906843e+01,1.831921e-03,5.228859e+16,1.141331e+14,4.823488e-04,6.930427e-07,1.969195e-03,4.307950e-07,2.411744e-04,3.465214e-07,1.969195e-03,4.307950e-07,5.482797e+02,0.000000e+00,-1.796625e+01,0.000000e+00
L-026725,3,0,2023/08/31 06:15:23,1179,Curve_2_std_4,230807-T4-44,4-44,920,nL, ,H2O,0,2.906756e+01,1.390900e-03,5.295438e+16,8.870672e+13,4.561599e-04,5.603258e-07,1.968763e-03,4.176257e-07,2.280799e-04,2.801629e-07,1.968763e-03,4.176257e-07,4.642167e+02,0.000000e+00,-1.818165e+01,0.000000e+00
L-026725,4,0,2023/08/31 06:17:24,1180,Curve_2_std_4,230807-T4-44,4-44,920,nL, ,H2O,0,2.906853e+01,1.506552e-03,5.343788e+16,1.156625e+14,4.454645e-04,4.573118e-07,1.969966e-03,5.788567e-07,2.227323e-04,2.286559e-07,1.969966e-03,5.788567e-07,4.298859e+02,0.000000e+00,-1.758161e+01,0.000000e+00
L-026725,5,0,2023/08/31 06:19:25,1181,Curve_2_std_4,230807-T4-44,4-44,920,nL, ,H2O,0,2.907128e+01,1.473816e-03,5.362262e+16,1.193695e+14,4.390139e-04,3.497953e-07,1.969530e-03,4.755396e-07,2.195069e-04,1.748977e-07,1.969530e-03,4.755396e-07,4.091801e+02,0.000000e+00,-1.779924e+01,0.000000e+00
L-026725,6,0,2023/08/31 06:21:26,1182,Curve_2_std_4,230807-T4-44,4-44,920,nL, ,H2O,0,2.907111e+01,1.432332e-03,5.336052e+16,1.048438e+14,4.354887e-04,2.371957e-07,1.969385e-03,3.944037e-07,2.177443e-04,1.185979e-07,1.969385e-03,3.944037e-07,3.978646e+02,0.000000e+00,-1.787121e+01,0.000000e+00
L-026725,7,0,2023/08/31 06:23:27,1183,Curve_2_std_4,230807-T4-44,4-44,920,nL, ,H2O,0,2.906836e+01,1.375799e-03,5.332450e+16,9.814804e+13,4.332283e-04,2.480813e-07,1.969324e-03,3.240178e-07,2.166141e-04,1.240406e-07,1.969324e-03,3.240178e-07,3.906089e+02,0.000000e+00,-1.790193e+01,0.000000e+00
L-026725,8,0,2023/08/31 06:25:28,1184,Curve_2_std_4,230807-T4-44,4-44,920,nL, ,H2O,0,2.906749e+01,1.205539e-03,5.326960e+16,9.995598e+13,4.319090e-04,2.619015e-07,1.969323e-03,3.968826e-07,2.159545e-04,1.309508e-07,1.969323e-03,3.968826e-07,3.863742e+02,0.000000e+00,-1.790222e+01,0.000000e+00
L-026726,1,-1,2023/08/31 06:27:29,1185,YM_2/3_D2_E4-1_tech1,230807-T2-7,2-7,920,nL, ,H2O,0,2.906848e+01,1.422398e-03,5.359294e+16,1.094206e+14,5.567305e-04,5.346074e-07,1.968775e-03,4.602312e-07,2.783652e-04,2.673037e-07,1.968775e-03,4.602312e-07,7.870358e+02,0.000000e+00,-1.817571e+01,0.000000e+00
L-026726,2,-1,2023/08/31 06:29:30,1186,YM_2/3_D2_E4-1_tech1,230807-T2-7,2-7,920,nL, ,H2O,0,2.906779e+01,1.328275e-03,5.224360e+16,1.194059e+14,6.128986e-04,5.169785e-07,1.969213e-03,3.746373e-07,3.064493e-04,2.584893e-07,1.969213e-03,3.746373e-07,9.673285e+02,0.000000e+00,-1.795722e+01,0.000000e+00
L-026726,3,0,2023/08/31 06:31:31,1187,YM_2/3_D2_E4-1_tech1,230807-T2-7,2-7,920,nL, ,H2O,0,2.906270e+01,1.625922e-03,5.276052e+16,8.624872e+13,6.356231e-04,4.394676e-07,1.969232e-03,3.214449e-07,3.178116e-04,2.197338e-07,1.969232e-03,3.214449e-07,1.040271e+03,0.000000e+00,-1.794760e+01,0.000000e+00
L-026726,4,0,2023/08/31 06:33:32,1188,YM_2/3_D2_E4-1_tech1,230807-T2-7,2-7,920,nL, ,H2O,0,2.905953e+01,1.442897e-03,5.258828e+16,1.259777e+14,6.441236e-04,2.745287e-07,1.968355e-03,4.142152e-07,3.220618e-04,1.372644e-07,1.968355e-03,4.142152e-07,1.067557e+03,0.000000e+00,-1.838509e+01,0.000000e+00
L-026726,5,0,2023/08/31 06:35:33,1189,YM_2/3_D2_E4-1_tech1,230807-T2-7,2-7,920,nL, ,H2O,0,2.905757e+01,1.569969e-03,5.282943e+16,8.509616e+13,6.526667e-04,3.793041e-07,1.969249e-03,4.049981e-07,3.263333e-04,1.896520e-07,1.969249e-03,4.049981e-07,1.094979e+03,0.000000e+00,-1.793902e+01,0.000000e+00
L-026726,6,0,2023/08/31 06:37:34,1190,YM_2/3_D2_E4-1_tech1,230807-T2-7,2-7,920,nL, ,H2O,0,2.905692e+01,1.480518e-03,5.271052e+16,8.476901e+13,6.561051e-04,2.361984e-07,1.969453e-03,3.916820e-07,3.280526e-04,1.180992e-07,1.969453e-03,3.916820e-07,1.106016e+03,0.000000e+00,-1.783760e+01,0.000000e+00
L-026726,7,0,2023/08/31 06:39:35,1191,YM_2/3_D2_E4-1_tech1,230807-T2-7,2-7,920,nL, ,H2O,0,2.905863e+01,1.404705e-03,5.225333e+16,1.188306e+14,6.575675e-04,2.558496e-07,1.969265e-03,3.328337e-07,3.287837e-04,1.279248e-07,1.969265e-03,3.328337e-07,1.110710e+03,0.000000e+00,-1.793131e+01,0.000000e+00
L-026726,8,0,2023/08/31 06:41:36,1192,YM_2/3_D2_E4-1_tech1,230807-T2-7,2-7,920,nL, ,H2O,0,2.905358e+01,1.318179e-03,5.060037e+16,8.601818e+13,6.571640e-04,2.009900e-07,1.968549e-03,3.328130e-07,3.285820e-04,1.004950e-07,1.968549e-03,3.328130e-07,1.109415e+03,0.000000e+00,-1.828837e+01,0.000000e+00
L-026727,1,-1,2023/08/31 06:43:36,1193,BlaJ-0180_D8_treatment_tech3,230807-T3-6,3-6,920,nL, ,H2O,0,2.905298e+01,1.508974e-03,5.163195e+16,9.680179e+13,5.877759e-04,4.089553e-07,1.971124e-03,4.396924e-07,2.938880e-04,2.044776e-07,1.971124e-03,4.396924e-07,8.866878e+02,0.000000e+00,-1.700396e+01,0.000000e+00
L-026727,2,-1,2023/08/31 06:45:37,1194,BlaJ-0180_D8_treatment_tech3,230807-T3-6,3-6,920,nL, ,H2O,0,2.905643e+01,1.609398e-03,5.244817e+16,1.029679e+14,5.580227e-04,4.205638e-07,1.972140e-03,4.641038e-07,2.790113e-04,2.102819e-07,1.972140e-03,4.641038e-07,7.911835e+02,0.000000e+00,-1.649755e+01,0.000000e+00
L-026727,3,0,2023/08/31 06:47:38,1195,BlaJ-0180_D8_treatment_tech3,230807-T3-6,3-6,920,nL, ,H2O,0,2.906017e+01,1.910495e-03,5.263798e+16,9.895032e+13,5.448446e-04,3.135536e-07,1.972454e-03,4.428841e-07,2.724223e-04,1.567768e-07,1.972454e-03,4.428841e-07,7.488834e+02,0.000000e+00,-1.634114e+01,0.000000e+00
L-026727,4,0,2023/08/31 06:49:39,1196,BlaJ-0180_D8_treatment_tech3,230807-T3-6,3-6,920,nL, ,H2O,0,2.906394e+01,1.669000e-03,5.261275e+16,1.215607e+14,5.382809e-04,2.661013e-07,1.972516e-03,3.735712e-07,2.691404e-04,1.330507e-07,1.972516e-03,3.735712e-07,7.278149e+02,0.000000e+00,-1.631004e+01,0.000000e+00
L-026727,5,0,2023/08/31 06:51:40,1197,BlaJ-0180_D8_treatment_tech3,230807-T3-6,3-6,920,nL, ,H2O,0,2.906111e+01,1.168539e-03,5.244389e+16,1.043847e+14,5.349591e-04,2.680255e-07,1.972838e-03,4.472776e-07,2.674796e-04,1.340127e-07,1.972838e-03,4.472776e-07,7.171524e+02,0.000000e+00,-1.614961e+01,0.000000e+00
L-026727,6,0,2023/08/31 06:53:41,1198,BlaJ-0180_D8_treatment_tech3,230807-T3-6,3-6,920,nL, ,H2O,0,2.906025e+01,1.536611e-03,5.264417e+16,1.115449e+14,5.331571e-04,2.211304e-07,1.972668e-03,5.089907e-07,2.665785e-04,1.105652e-07,1.972668e-03,5.089907e-07,7.113680e+02,0.000000e+00,-1.623436e+01,0.000000e+00
L-026727,7,0,2023/08/31 06:55:41,1199,BlaJ-0180_D8_treatment_tech3,230807-T3-6,3-6,920,nL, ,H2O,0,2.906082e+01,1.511740e-03,5.264844e+16,9.866109e+13,5.320468e-04,2.374098e-07,1.972861e-03,3.730563e-07,2.660234e-04,1.187049e-07,1.972861e-03,3.730563e-07,7.078044e+02,0.000000e+00,-1.613808e+01,0.000000e+00
L-026727,8,0,2023/08/31 06:57:42,1200,BlaJ-0180_D8_treatment_tech3,230807-T3-6,3-6,920,nL, ,H2O,0,2.906030e+01,1.306142e-03,5.272830e+16,1.225736e+14,5.298837e-04,1.912528e-07,1.972118e-03,5.053430e-07,2.649418e-04,9.562639e-08,1.972118e-03,5.053430e-07,7.008609e+02,0.000000e+00,-1.650861e+01,0.000000e+00
L-026728,1,-1,2023/08/31 06:59:44,1201,YF_2/3_D8_E3-1_tech1,230807-T1-40,1-40,920,nL, ,H2O,0,2.905665e+01,1.567525e-03,5.096574e+16,8.700480e+14,6.047747e-04,1.278259e-06,1.968922e-03,4.119566e-07,3.023873e-04,6.391295e-07,1.968922e-03,4.119566e-07,9.412517e+02,0.000000e+00,-1.810249e+01,0.000000e+00
L-026728,2,-1,2023/08/31 07:01:45,1202,YF_2/3_D8_E3-1_tech1,230807-T1-40,1-40,920,nL, ,H2O,0,2.905437e+01,1.269413e-03,5.427227e+16,1.029248e+14,6.534612e-04,4.154757e-07,1.970689e-03,4.239898e-07,3.267306e-04,2.077378e-07,1.970689e-03,4.239898e-07,1.097529e+03,0.000000e+00,-1.722122e+01,0.000000e+00
L-026728,3,0,2023/08/31 07:03:47,1203,YF_2/3_D8_E3-1_tech1,230807-T1-40,1-40,920,nL, ,H2O,0,2.905730e+01,1.510914e-03,5.381750e+16,1.081050e+14,6.677800e-04,2.787235e-07,1.969957e-03,4.570965e-07,3.338900e-04,1.393618e-07,1.969957e-03,4.570965e-07,1.143491e+03,0.000000e+00,-1.758633e+01,0.000000e+00
L-026728,4,0,2023/08/31 07:05:49,1204,YF_2/3_D8_E3-1_tech1,230807-T1-40,1-40,920,nL, ,H2O,0,2.906315e+01,1.518640e-03,5.340272e+16,9.136674e+13,6.731700e-04,3.239218e-07,1.969005e-03,3.611156e-07,3.365850e-04,1.619609e-07,1.969005e-03,3.611156e-07,1.160792e+03,0.000000e+00,-1.806088e+01,0.000000e+00
L-026728,5,0,2023/08/31 07:07:51,1205,YF_2/3_D8_E3-1_tech1,230807-T1-40,1-40,920,nL, ,H2O,0,2.906774e+01,1.748238e-03,5.311852e+16,1.308573e+14,6.782455e-04,2.859680e-07,1.969342e-03,4.711665e-07,3.391228e-04,1.429840e-07,1.969342e-03,4.711665e-07,1.177084e+03,0.000000e+00,-1.789260e+01,0.000000e+00
L-026728,6,0,2023/08/31 07:09:53,1206,YF_2/3_D8_E3-1_tech1,230807-T1-40,1-40,920,nL, ,H2O,0,2.906811e+01,1.731005e-03,5.187761e+16,6.993272e+13,6.802317e-04,3.186254e-07,1.969255e-03,5.680597e-07,3.401158e-04,1.593127e-07,1.969255e-03,5.680597e-07,1.183459e+03,0.000000e+00,-1.793638e+01,0.000000e+00
L-026728,7,0,2023/08/31 07:11:55,1207,YF_2/3_D8_E3-1_tech1,230807-T1-40,1-40,920,nL, ,H2O,0,2.907136e+01,1.441362e-03,5.258971e+16,1.104503e+14,6.807633e-04,2.898750e-07,1.968992e-03,3.819611e-07,3.403817e-04,1.449375e-07,1.968992e-03,3.819611e-07,1.185166e+03,0.000000e+00,-1.806758e+01,0.000000e+00
L-026728,8,0,2023/08/31 07:13:57,1208,YF_2/3_D8_E3-1_tech1,230807-T1-40,1-40,920,nL, ,H2O,0,2.907126e+01,1.529144e-03,5.267953e+16,1.239968e+14,6.821098e-04,3.086959e-07,1.969217e-03,4.973340e-07,3.410549e-04,1.543480e-07,1.969217e-03,4.973340e-07,1.189488e+03,0.000000e+00,-1.795517e+01,0.000000e+00
L-026729,1,-1,2023/08/31 07:15:58,1209,BlaJ-0161_D16_saline_tech2,230807-T2-41,2-41,920,nL, ,H2O,0,2.907520e+01,1.650649e-03,5.258735e+16,1.003902e+14,6.241492e-04,3.054113e-07,1.969935e-03,4.491163e-07,3.120746e-04,1.527057e-07,1.969935e-03,4.491163e-07,1.003441e+03,0.000000e+00,-1.759711e+01,0.000000e+00
L-026729,2,-1,2023/08/31 07:17:59,1210,BlaJ-0161_D16_saline_tech2,230807-T2-41,2-41,920,nL, ,H2O,0,2.908213e+01,1.751842e-03,5.205227e+16,9.506304e+13,5.992459e-04,2.786474e-07,1.970418e-03,4.313377e-07,2.996230e-04,1.393237e-07,1.970418e-03,4.313377e-07,9.235050e+02,0.000000e+00,-1.735605e+01,0.000000e+00
L-026729,3,0,2023/08/31 07:20:00,1211,BlaJ-0161_D16_saline_tech2,230807-T2-41,2-41,920,nL, ,H2O,0,2.908483e+01,1.259053e-03,5.097541e+16,6.929433e+13,5.873727e-04,2.973805e-07,1.970515e-03,4.297484e-07,2.936864e-04,1.486903e-07,1.970515e-03,4.297484e-07,8.853936e+02,0.000000e+00,-1.730804e+01,0.000000e+00
L-026729,4,0,2023/08/31 07:22:01,1212,BlaJ-0161_D16_saline_tech2,230807-T2-41,2-41,920,nL, ,H2O,0,2.908329e+01,1.350984e-03,5.202557e+16,8.112618e+13,5.823663e-04,2.093865e-07,1.970699e-03,3.452502e-07,2.911832e-04,1.046932e-07,1.970699e-03,3.452502e-07,8.693236e+02,0.000000e+00,-1.721599e+01,0.000000e+00
L-026729,5,0,2023/08/31 07:24:02,1213,BlaJ-0161_D16_saline_tech2,230807-T2-41,2-41,920,nL, ,H2O,0,2.907664e+01,1.351951e-03,5.113672e+16,1.170006e+14,5.795658e-04,2.140171e-07,1.970712e-03,3.378176e-07,2.897829e-04,1.070086e-07,1.970712e-03,3.378176e-07,8.603342e+02,0.000000e+00,-1.720975e+01,0.000000e+00
L-026729,6,0,2023/08/31 07:26:04,1214,BlaJ-0161_D16_saline_tech2,230807-T2-41,2-41,920,nL, ,H2O,0,2.907235e+01,1.404854e-03,5.079965e+16,1.140332e+14,5.778879e-04,2.320668e-07,1.970808e-03,4.753774e-07,2.889440e-04,1.160334e-07,1.970808e-03,4.753774e-07,8.549485e+02,0.000000e+00,-1.716170e+01,0.000000e+00
L-026729,7,0,2023/08/31 07:28:05,1215,BlaJ-0161_D16_saline_tech2,230807-T2-41,2-41,920,nL, ,H2O,0,2.907563e+01,1.439970e-03,5.142956e+16,7.835134e+13,5.770070e-04,1.551666e-07,1.970859e-03,3.934950e-07,2.885035e-04,7.758332e-08,1.970859e-03,3.934950e-07,8.521210e+02,0.000000e+00,-1.713643e+01,0.000000e+00
L-026729,8,0,2023/08/31 07:30:06,1216,BlaJ-0161_D16_saline_tech2,230807-T2-41,2-41,920,nL, ,H2O,0,2.907568e+01,1.236516e-03,5.241956e+16,9.571067e+13,5.769042e-04,2.499953e-07,1.970854e-03,4.901036e-07,2.884521e-04,1.249976e-07,1.970854e-03,4.901036e-07,8.517909e+02,0.000000e+00,-1.713871e+01,0.000000e+00
L-026730,1,-1,2023/08/31 07:32:07,1217,YM_2/3_D4_E3-1_tech1,230807-T2-22,2-22,920,nL, ,H2O,0,2.907116e+01,1.484585e-03,5.404750e+16,9.840591e+13,6.464703e-04,4.366372e-07,1.969931e-03,5.145098e-07,3.232351e-04,2.183186e-07,1.969931e-03,5.145098e-07,1.075089e+03,0.000000e+00,-1.759898e+01,0.000000e+00
L-026730,2,-1,2023/08/31 07:34:08,1218,YM_2/3_D4_E3-1_tech1,230807-T2-22,2-22,920,nL, ,H2O,0,2.906354e+01,1.537798e-03,5.388970e+16,9.403808e+13,6.740957e-04,2.898529e-07,1.968918e-03,3.330958e-07,3.370478e-04,1.449265e-07,1.968918e-03,3.330958e-07,1.163763e+03,0.000000e+00,-1.810417e+01,0.000000e+00
L-026730,3,0,2023/08/31 07:36:09,1219,YM_2/3_D4_E3-1_tech1,230807-T2-22,2-22,920,nL, ,H2O,0,2.905886e+01,1.477731e-03,5.408460e+16,1.003134e+14,6.899976e-04,3.461489e-07,1.969671e-03,4.373302e-07,3.449988e-04,1.730744e-07,1.969671e-03,4.373302e-07,1.214807e+03,0.000000e+00,-1.772901e+01,0.000000e+00
L-026730,4,0,2023/08/31 07:38:10,1220,YM_2/3_D4_E3-1_tech1,230807-T2-22,2-22,920,nL, ,H2O,0,2.906079e+01,1.585208e-03,4.853723e+16,1.164414e+15,6.835101e-04,8.370617e-07,1.966112e-03,3.540281e-07,3.417551e-04,4.185309e-07,1.966112e-03,3.540281e-07,1.193983e+03,0.000000e+00,-1.950378e+01,0.000000e+00
L-026730,5,0,2023/08/31 07:40:11,1221,YM_2/3_D4_E3-1_tech1,230807-T2-22,2-22,920,nL, ,H2O,0,2.906885e+01,1.552220e-03,5.424442e+16,7.744501e+13,7.021232e-04,3.018816e-07,1.970267e-03,4.535790e-07,3.510616e-04,1.509408e-07,1.970267e-03,4.535790e-07,1.253728e+03,0.000000e+00,-1.743132e+01,0.000000e+00
L-026730,6,0,2023/08/31 07:42:12,1222,YM_2/3_D4_E3-1_tech1,230807-T2-22,2-22,920,nL, ,H2O,0,2.907582e+01,1.643679e-03,5.395202e+16,1.027597e+14,7.004179e-04,2.288224e-07,1.969254e-03,3.799233e-07,3.502090e-04,1.144112e-07,1.969254e-03,3.799233e-07,1.248255e+03,0.000000e+00,-1.793664e+01,0.000000e+00
L-026730,7,0,2023/08/31 07:44:13,1223,YM_2/3_D4_E3-1_tech1,230807-T2-22,2-22,920,nL, ,H2O,0,2.907813e+01,1.475683e-03,5.372456e+16,9.318208e+13,7.021116e-04,2.662322e-07,1.969580e-03,3.546623e-07,3.510558e-04,1.331161e-07,1.969580e-03,3.546623e-07,1.253691e+03,0.000000e+00,-1.777408e+01,0.000000e+00
L-026730,8,0,2023/08/31 07:46:14,1224,YM_2/3_D4_E3-1_tech1,230807-T2-22,2-22,920,nL, ,H2O,0,2.907927e+01,1.408246e-03,5.356927e+16,1.018284e+14,7.006974e-04,2.210976e-07,1.969073e-03,2.852361e-07,3.503487e-04,1.105488e-07,1.969073e-03,2.852361e-07,1.249152e+03,0.000000e+00,-1.802705e+01,0.000000e+00
L-026731,1,-1,2023/08/31 07:48:16,1225,YM_2/3_D0_E3-1_tech2,230807-T1-47,1-47,920,nL, ,H2O,0,2.907654e+01,1.445075e-03,5.362820e+16,1.175772e+14,4.713001e-04,1.292166e-06,1.969550e-03,4.336269e-07,2.356500e-04,6.460829e-07,1.969550e-03,4.336269e-07,5.128148e+02,0.000000e+00,-1.778928e+01,0.000000e+00
L-026731,2,-1,2023/08/31 07:50:18,1226,YM_2/3_D0_E3-1_tech2,230807-T1-47,1-47,920,nL, ,H2O,0,2.907210e+01,1.252486e-03,5.402283e+16,1.191342e+14,3.751972e-04,9.021814e-07,1.969890e-03,4.332544e-07,1.875986e-04,4.510907e-07,1.969890e-03,4.332544e-07,2.043364e+02,0.000000e+00,-1.761959e+01,0.000000e+00
L-026731,3,0,2023/08/31 07:52:20,1227,YM_2/3_D0_E3-1_tech2,230807-T1-47,1-47,920,nL, ,H2O,0,2.906766e+01,1.380031e-03,5.398067e+16,9.282093e+13,3.310097e-04,7.536765e-07,1.969657e-03,5.367435e-07,1.655048e-04,3.768383e-07,1.969657e-03,5.367435e-07,6.249994e+01,0.000000e+00,-1.773565e+01,0.000000e+00
L-026731,4,0,2023/08/31 07:54:22,1228,YM_2/3_D0_E3-1_tech2,230807-T1-47,1-47,920,nL, ,H2O,0,2.907161e+01,1.465766e-03,5.381713e+16,8.539266e+13,3.100920e-04,6.402137e-07,1.969760e-03,4.601309e-07,1.550460e-04,3.201068e-07,1.969760e-03,4.601309e-07,-4.643076e+00,0.000000e+00,-1.768417e+01,0.000000e+00
L-026731,5,0,2023/08/31 07:56:24,1229,YM_2/3_D0_E3-1_tech2,230807-T1-47,1-47,920,nL, ,H2O,0,2.907173e+01,1.685599e-03,5.317144e+16,9.141948e+13,2.989488e-04,5.057173e-07,1.968903e-03,2.536756e-07,1.494744e-04,2.528587e-07,1.968903e-03,2.536756e-07,-4.041152e+01,0.000000e+00,-1.811177e+01,0.000000e+00
L-026731,6,0,2023/08/31 07:58:26,1230,YM_2/3_D0_E3-1_tech2,230807-T1-47,1-47,920,nL, ,H2O,0,2.906960e+01,1.525980e-03,5.303737e+16,8.364050e+13,2.936451e-04,4.457427e-07,1.969856e-03,4.292282e-07,1.468226e-04,2.228714e-07,1.969856e-03,4.292282e-07,-5.743560e+01,0.000000e+00,-1.763673e+01,0.000000e+00
L-026731,7,0,2023/08/31 08:00:28,1231,YM_2/3_D0_E3-1_tech2,230807-T1-47,1-47,920,nL, ,H2O,0,2.906466e+01,1.191568e-03,5.306323e+16,1.037237e+14,2.896482e-04,3.342169e-07,1.969406e-03,3.588979e-07,1.448241e-04,1.671084e-07,1.969406e-03,3.588979e-07,-7.026505e+01,0.000000e+00,-1.786108e+01,0.000000e+00
L-026731,8,0,2023/08/31 08:02:30,1232,YM_2/3_D0_E3-1_tech2,230807-T1-47,1-47,920,nL, ,H2O,0,2.906015e+01,1.486774e-03,4.486972e+16,1.225035e+15,2.842425e-04,4.235013e-07,1.966456e-03,3.812864e-07,1.421213e-04,2.117506e-07,1.966456e-03,3.812864e-07,-8.761670e+01,0.000000e+00,-1.933200e+01,0.000000e+00
L-026732,1,-1,2023/08/31 08:04:30,1233,Curve_3_std_5,230807-T4-52,4-52,920,nL, ,H2O,0,2.906136e+01,1.560827e-03,5.388765e+16,9.380259e+13,4.349169e-04,6.996647e-07,1.971311e-03,4.348852e-07,2.174585e-04,3.498323e-07,1.971311e-03,4.348852e-07,3.960294e+02,0.000000e+00,-1.691073e+01,0.000000e+00
L-026732,2,-1,2023/08/31 08:06:31,1234,Curve_3_std_5,230807-T4-52,4-52,920,nL, ,H2O,0,2.906426e+01,1.644855e-03,5.319328e+16,8.293716e+13,4.991189e-04,5.762119e-07,1.970193e-03,4.344804e-07,2.495594e-04,2.881059e-07,1.970193e-03,4.344804e-07,6.021097e+02,0.000000e+00,-1.746856e+01,0.000000e+00
L-026732,3,0,2023/08/31 08:08:32,1235,Curve_3_std_5,230807-T4-52,4-52,920,nL, ,H2O,0,2.906717e+01,1.440560e-03,5.301279e+16,1.036504e+14,5.289448e-04,4.620417e-07,1.969688e-03,3.014248e-07,2.644724e-04,2.310208e-07,1.969688e-03,3.014248e-07,6.978472e+02,0.000000e+00,-1.772028e+01,0.000000e+00
L-026732,4,0,2023/08/31 08:10:33,1236,Curve_3_std_5,230807-T4-52,4-52,920,nL, ,H2O,0,2.906955e+01,1.637950e-03,5.283679e+16,1.209818e+14,5.432602e-04,3.243852e-07,1.969509e-03,4.303748e-07,2.716301e-04,1.621926e-07,1.969509e-03,4.303748e-07,7.437978e+02,0.000000e+00,-1.780965e+01,0.000000e+00
L-026732,5,0,2023/08/31 08:12:34,1237,Curve_3_std_5,230807-T4-52,4-52,920,nL, ,H2O,0,2.906920e+01,1.335949e-03,5.271289e+16,1.116425e+14,5.507065e-04,3.102592e-07,1.969416e-03,3.152951e-07,2.753532e-04,1.551296e-07,1.969416e-03,3.152951e-07,7.676996e+02,0.000000e+00,-1.785605e+01,0.000000e+00
L-026732,6,0,2023/08/31 08:14:35,1238,Curve_3_std_5,230807-T4-52,4-52,920,nL, ,H2O,0,2.906481e+01,1.534424e-03,5.167614e+16,1.179201e+14,5.545940e-04,2.027656e-07,1.969187e-03,4.663003e-07,2.772970e-04,1.013828e-07,1.969187e-03,4.663003e-07,7.801780e+02,0.000000e+00,-1.797001e+01,0.000000e+00
L-026732,7,0,2023/08/31 08:16:35,1239,Curve_3_std_5,230807-T4-52,4-52,920,nL, ,H2O,0,2.906032e+01,1.313021e-03,5.258822e+16,1.052771e+14,5.569224e-04,1.998223e-07,1.969534e-03,4.190432e-07,2.784612e-04,9.991114e-08,1.969534e-03,4.190432e-07,7.876519e+02,0.000000e+00,-1.779694e+01,0.000000e+00
L-026732,8,0,2023/08/31 08:18:37,1240,Curve_3_std_5,230807-T4-52,4-52,920,nL, ,H2O,0,2.906163e+01,1.498142e-03,5.299080e+16,1.033080e+14,5.577548e-04,2.146737e-07,1.969217e-03,3.892160e-07,2.788774e-04,1.073369e-07,1.969217e-03,3.892160e-07,7.903236e+02,0.000000e+00,-1.795532e+01,0.000000e+00
L-026733,1,-1,2023/08/31 08:20:38,1241,YM_2/3_D4_E4-1_tech2,230807-T2-20,2-20,920,nL, ,H2O,0,2.906039e+01,1.534937e-03,5.405427e+16,1.007539e+14,6.358336e-04,5.939649e-07,1.969504e-03,3.770800e-07,3.179168e-04,2.969824e-07,1.969504e-03,3.770800e-07,1.040947e+03,0.000000e+00,-1.781191e+01,0.000000e+00
L-026733,2,-1,2023/08/31 08:22:39,1242,YM_2/3_D4_E4-1_tech2,230807-T2-20,2-20,920,nL, ,H2O,0,2.905737e+01,1.321299e-03,5.275635e+16,1.788159e+15,6.626277e-04,3.525340e-06,1.967567e-03,1.051719e-06,3.313138e-04,1.762670e-06,1.967567e-03,1.051719e-06,1.126953e+03,0.000000e+00,-1.877792e+01,0.000000e+00
L-026733,3,0,2023/08/31 08:24:39,1243,YM_2/3_D4_E4-1_tech2,230807-T2-20,2-20,920,nL, ,H2O,0,2.905115e+01,1.430257e-03,5.429647e+16,1.040388e+14,6.862810e-04,3.584352e-07,1.969925e-03,5.553349e-07,3.431405e-04,1.792176e-07,1.969925e-03,5.553349e-07,1.202877e+03,0.000000e+00,-1.760195e+01,0.000000e+00
L-026733,4,0,2023/08/31 08:26:41,1244,YM_2/3_D4_E4-1_tech2,230807-T2-20,2-20,920,nL, ,H2O,0,2.904783e+01,1.412291e-03,5.399952e+16,1.065686e+14,6.921330e-04,3.549129e-07,1.969688e-03,4.562472e-07,3.460665e-04,1.774564e-07,1.969688e-03,4.562472e-07,1.221661e+03,0.000000e+00,-1.772028e+01,0.000000e+00
L-026733,5,0,2023/08/31 08:28:42,1245,YM_2/3_D4_E4-1_tech2,230807-T2-20,2-20,920,nL, ,H2O,0,2.904882e+01,1.561237e-03,5.331075e+16,1.342367e+14,6.960315e-04,3.329301e-07,1.969528e-03,3.845523e-07,3.480158e-04,1.664650e-07,1.969528e-03,3.845523e-07,1.234175e+03,0.000000e+00,-1.779994e+01,0.000000e+00
L-026733,6,0,2023/08/31 08:30:43,1246,YM_2/3_D4_E4-1_tech2,230807-T2-20,2-20,920,nL, ,H2O,0,2.905467e+01,1.503734e-03,5.313925e+16,1.260386e+14,6.978961e-04,2.930024e-07,1.968940e-03,4.606912e-07,3.489480e-04,1.465012e-07,1.968940e-03,4.606912e-07,1.240160e+03,0.000000e+00,-1.809356e+01,0.000000e+00
L-026733,7,0,2023/08/31 08:32:44,1247,YM_2/3_D4_E4-1_tech2,230807-T2-20,2-20,920,nL, ,H2O,0,2.906181e+01,1.560359e-03,5.325458e+16,1.133315e+14,6.991149e-04,3.101336e-07,1.968919e-03,4.984838e-07,3.495575e-04,1.550668e-07,1.968919e-03,4.984838e-07,1.244072e+03,0.000000e+00,-1.810403e+01,0.000000e+00
L-026733,8,0,2023/08/31 08:34:44,1248,YM_2/3_D4_E4-1_tech2,230807-T2-20,2-20,920,nL, ,H2O,0,2.906399e+01,1.464619e-03,5.329707e+16,1.104126e+14,6.999237e-04,1.847187e-07,1.969075e-03,3.959625e-07,3.499619e-04,9.235936e-08,1.969075e-03,3.959625e-07,1.246668e+03,0.000000e+00,-1.802619e+01,0.000000e+00
L-026734,1,-1,2023/08/31 08:36:46,1249,BlaJ-0168_D32_saline_tech3,230807-T3-21,3-21,920,nL, ,H2O,0,2.906746e+01,1.394256e-03,5.308577e+16,8.884846e+13,6.592370e-04,3.020298e-07,1.969865e-03,4.182030e-07,3.296185e-04,1.510149e-07,1.969865e-03,4.182030e-07,1.116069e+03,0.000000e+00,-1.763183e+01,0.000000e+00
L-026734,2,-1,2023/08/31 08:38:47,1250,BlaJ-0168_D32_saline_tech3,230807-T3-21,3-21,920,nL, ,H2O,0,2.906593e+01,1.377070e-03,5.280700e+16,1.035205e+14,6.445326e-04,2.480983e-07,1.971069e-03,3.768248e-07,3.222663e-04,1.240491e-07,1.971069e-03,3.768248e-07,1.068870e+03,0.000000e+00,-1.703137e+01,0.000000e+00
L-026734,3,0,2023/08/31 08:40:48,1251,BlaJ-0168_D32_saline_tech3,230807-T3-21,3-21,920,nL, ,H2O,0,2.906144e+01,1.265039e-03,5.290357e+16,9.046553e+13,6.367918e-04,2.659096e-07,1.971137e-03,3.811157e-07,3.183959e-04,1.329548e-07,1.971137e-03,3.811157e-07,1.044023e+03,0.000000e+00,-1.699792e+01,0.000000e+00
L-026734,4,0,2023/08/31 08:42:49,1252,BlaJ-0168_D32_saline_tech3,230807-T3-21,3-21,920,nL, ,H2O,0,2.905487e+01,1.451564e-03,5.290125e+16,9.496547e+13,6.326197e-04,2.368300e-07,1.970980e-03,3.307522e-07,3.163099e-04,1.184150e-07,1.970980e-03,3.307522e-07,1.030631e+03,0.000000e+00,-1.707604e+01,0.000000e+00
L-026734,5,0,2023/08/31 08:44:49,1253,BlaJ-0168_D32_saline_tech3,230807-T3-21,3-21,920,nL, ,H2O,0,2.904961e+01,1.365456e-03,5.267109e+16,1.083593e+14,6.309048e-04,2.055546e-07,1.971260e-03,3.188700e-07,3.154524e-04,1.027773e-07,1.971260e-03,3.188700e-07,1.025126e+03,0.000000e+00,-1.693629e+01,0.000000e+00
L-026734,6,0,2023/08/31 08:46:51,1254,BlaJ-0168_D32_saline_tech3,230807-T3-21,3-21,920,nL, ,H2O,0,2.905048e+01,1.709382e-03,5.279454e+16,1.440518e+14,6.297905e-04,1.801087e-07,1.971197e-03,4.288204e-07,3.148953e-04,9.005433e-08,1.971197e-03,4.288204e-07,1.021549e+03,0.000000e+00,-1.696796e+01,0.000000e+00
L-026734,7,0,2023/08/31 08:48:52,1255,BlaJ-0168_D32_saline_tech3,230807-T3-21,3-21,920,nL, ,H2O,0,2.905097e+01,1.318516e-03,5.270547e+16,1.338895e+14,6.295234e-04,1.741751e-07,1.971252e-03,4.118526e-07,3.147617e-04,8.708754e-08,1.971252e-03,4.118526e-07,1.020692e+03,0.000000e+00,-1.694009e+01,0.000000e+00
L-026734,8,0,2023/08/31 08:50:53,1256,BlaJ-0168_D32_saline_tech3,230807-T3-21,3-21,920,nL, ,H2O,0,2.904738e+01,1.437729e-03,5.226833e+16,1.388790e+14,6.274278e-04,2.245519e-07,1.970647e-03,4.109329e-07,3.137139e-04,1.122759e-07,1.970647e-03,4.109329e-07,1.013965e+03,0.000000e+00,-1.724186e+01,0.000000e+00
L-026735,1,-1,2023/08/31 08:52:54,1257,YM_2/3_D32_E3-1_tech1,230807-T2-16,2-16,920,nL, ,H2O,0,2.904327e+01,1.341534e-03,5.345177e+16,1.108964e+14,6.884186e-04,3.666961e-07,1.969301e-03,4.483658e-07,3.442093e-04,1.833480e-07,1.969301e-03,4.483658e-07,1.209738e+03,0.000000e+00,-1.791326e+01,0.000000e+00
L-026735,2,-1,2023/08/31 08:54:55,1258,YM_2/3_D32_E3-1_tech1,230807-T2-16,2-16,920,nL, ,H2O,0,2.903804e+01,1.413120e-03,5.217676e+16,1.215843e+14,7.186142e-04,4.433370e-07,1.969787e-03,4.797582e-07,3.593071e-04,2.216685e-07,1.969787e-03,4.797582e-07,1.306663e+03,0.000000e+00,-1.767102e+01,0.000000e+00
L-026735,3,0,2023/08/31 08:56:56,1259,YM_2/3_D32_E3-1_tech1,230807-T2-16,2-16,920,nL, ,H2O,0,2.904116e+01,1.659008e-03,5.302885e+16,1.293151e+14,7.282698e-04,3.433235e-07,1.969111e-03,3.564730e-07,3.641349e-04,1.716618e-07,1.969111e-03,3.564730e-07,1.337656e+03,0.000000e+00,-1.800799e+01,0.000000e+00
L-026735,4,0,2023/08/31 08:58:56,1260,YM_2/3_D32_E3-1_tech1,230807-T2-16,2-16,920,nL, ,H2O,0,2.905060e+01,1.942840e-03,5.380981e+16,1.382484e+14,7.354131e-04,3.135654e-07,1.969149e-03,3.431125e-07,3.677065e-04,1.567827e-07,1.969149e-03,3.431125e-07,1.360585e+03,0.000000e+00,-1.798915e+01,0.000000e+00
L-026735,5,0,2023/08/31 09:00:58,1261,YM_2/3_D32_E3-1_tech1,230807-T2-16,2-16,920,nL, ,H2O,0,2.905449e+01,1.431687e-03,5.392343e+16,1.151960e+14,7.370253e-04,2.402987e-07,1.968814e-03,4.162688e-07,3.685127e-04,1.201494e-07,1.968814e-03,4.162688e-07,1.365760e+03,0.000000e+00,-1.815629e+01,0.000000e+00
L-026735,6,0,2023/08/31 09:02:59,1262,YM_2/3_D32_E3-1_tech1,230807-T2-16,2-16,920,nL, ,H2O,0,2.905630e+01,1.381545e-03,5.272172e+16,1.281773e+14,7.382451e-04,2.492615e-07,1.968989e-03,4.148082e-07,3.691226e-04,1.246307e-07,1.968989e-03,4.148082e-07,1.369675e+03,0.000000e+00,-1.806866e+01,0.000000e+00
L-026735,7,0,2023/08/31 09:05:00,1263,YM_2/3_D32_E3-1_tech1,230807-T2-16,2-16,920,nL, ,H2O,0,2.905105e+01,1.585321e-03,5.358808e+16,1.498395e+14,7.394586e-04,2.384743e-07,1.969463e-03,4.810823e-07,3.697293e-04,1.192372e-07,1.969463e-03,4.810823e-07,1.373570e+03,0.000000e+00,-1.783265e+01,0.000000e+00
L-026735,8,0,2023/08/31 09:07:01,1264,YM_2/3_D32_E3-1_tech1,230807-T2-16,2-16,920,nL, ,H2O,0,2.904676e+01,1.245550e-03,5.371409e+16,1.306231e+14,7.376615e-04,2.261808e-07,1.968706e-03,4.817148e-07,3.688308e-04,1.130904e-07,1.968706e-03,4.817148e-07,1.367802e+03,0.000000e+00,-1.820989e+01,0.000000e+00
L-026736,1,-1,2023/08/31 09:09:01,1265,BlaJ-0163_D16_treatment_tech3,230807-T3-9,3-9,920,nL, ,H2O,0,2.904027e+01,1.252799e-03,5.321434e+16,1.009007e+14,6.350399e-04,5.660296e-07,1.970631e-03,3.744284e-07,3.175200e-04,2.830148e-07,1.970631e-03,3.744284e-07,1.038399e+03,0.000000e+00,-1.725028e+01,0.000000e+00
L-026736,2,-1,2023/08/31 09:11:02,1266,BlaJ-0163_D16_treatment_tech3,230807-T3-9,3-9,920,nL, ,H2O,0,2.903467e+01,1.432071e-03,5.292249e+16,8.056234e+13,5.875696e-04,4.804785e-07,1.970422e-03,4.161712e-07,2.937848e-04,2.402393e-07,1.970422e-03,4.161712e-07,8.860255e+02,0.000000e+00,-1.735403e+01,0.000000e+00
L-026736,3,0,2023/08/31 09:13:03,1267,BlaJ-0163_D16_treatment_tech3,230807-T3-9,3-9,920,nL, ,H2O,0,2.903172e+01,1.413504e-03,5.289359e+16,1.172035e+14,5.672955e-04,3.946010e-07,1.971008e-03,3.422254e-07,2.836478e-04,1.973005e-07,1.971008e-03,3.422254e-07,8.209482e+02,0.000000e+00,-1.706221e+01,0.000000e+00
L-026736,4,0,2023/08/31 09:15:03,1268,BlaJ-0163_D16_treatment_tech3,230807-T3-9,3-9,920,nL, ,H2O,0,2.903091e+01,1.452712e-03,5.290571e+16,1.082846e+14,5.562719e-04,3.531951e-07,1.971064e-03,3.409687e-07,2.781359e-04,1.765976e-07,1.971064e-03,3.409687e-07,7.855638e+02,0.000000e+00,-1.703385e+01,0.000000e+00
L-026736,5,0,2023/08/31 09:17:04,1269,BlaJ-0163_D16_treatment_tech3,230807-T3-9,3-9,920,nL, ,H2O,0,2.902665e+01,1.336790e-03,5.287923e+16,1.097081e+14,5.509671e-04,3.726143e-07,1.970853e-03,4.383262e-07,2.754836e-04,1.863072e-07,1.970853e-03,4.383262e-07,7.685361e+02,0.000000e+00,-1.713932e+01,0.000000e+00
L-026736,6,0,2023/08/31 09:19:04,1270,BlaJ-0163_D16_treatment_tech3,230807-T3-9,3-9,920,nL, ,H2O,0,2.902353e+01,1.709454e-03,5.276737e+16,1.369223e+14,5.479945e-04,2.315307e-07,1.971070e-03,4.372879e-07,2.739972e-04,1.157653e-07,1.971070e-03,4.372879e-07,7.589943e+02,0.000000e+00,-1.703135e+01,0.000000e+00
L-026736,7,0,2023/08/31 09:21:04,1271,BlaJ-0163_D16_treatment_tech3,230807-T3-9,3-9,920,nL, ,H2O,0,2.902486e+01,1.629541e-03,5.269247e+16,8.632877e+13,5.458385e-04,2.189315e-07,1.970774e-03,3.412365e-07,2.729193e-04,1.094657e-07,1.970774e-03,3.412365e-07,7.520739e+02,0.000000e+00,-1.717861e+01,0.000000e+00
L-026736,8,0,2023/08/31 09:23:06,1272,BlaJ-0163_D16_treatment_tech3,230807-T3-9,3-9,920,nL, ,H2O,0,2.902452e+01,1.691954e-03,5.266639e+16,9.080300e+13,5.451273e-04,2.737511e-07,1.970750e-03,4.805756e-07,2.725637e-04,1.368755e-07,1.970750e-03,4.805756e-07,7.497910e+02,0.000000e+00,-1.719090e+01,0.000000e+00
L-026737,1,-1,2023/08/31 09:25:06,1273,BlaJ-0166_D4_treatment_tech2,230807-T3-41,3-41,920,nL, ,H2O,0,2.902350e+01,1.608806e-03,5.252220e+16,7.470460e+13,5.509882e-04,1.778880e-07,1.971093e-03,3.711952e-07,2.754941e-04,8.894399e-08,1.971093e-03,3.711952e-07,7.686037e+02,0.000000e+00,-1.701965e+01,0.000000e+00
L-026737,2,-1,2023/08/31 09:27:07,1274,BlaJ-0166_D4_treatment_tech2,230807-T3-41,3-41,920,nL, ,H2O,0,2.902212e+01,1.661639e-03,5.232061e+16,9.312356e+13,5.521795e-04,9.789021e-08,1.970906e-03,3.617849e-07,2.760897e-04,4.894511e-08,1.970906e-03,3.617849e-07,7.724276e+02,0.000000e+00,-1.711280e+01,0.000000e+00
L-026737,3,0,2023/08/31 09:29:09,1275,BlaJ-0166_D4_treatment_tech2,230807-T3-41,3-41,920,nL, ,H2O,0,2.901947e+01,1.612119e-03,5.236513e+16,1.034548e+14,5.545867e-04,2.302523e-07,1.971611e-03,3.570298e-07,2.772934e-04,1.151262e-07,1.971611e-03,3.570298e-07,7.801546e+02,0.000000e+00,-1.676130e+01,0.000000e+00
L-026737,4,0,2023/08/31 09:31:10,1276,BlaJ-0166_D4_treatment_tech2,230807-T3-41,3-41,920,nL, ,H2O,0,2.902286e+01,1.518033e-03,5.126081e+16,1.167414e+14,5.546804e-04,2.431483e-07,1.970964e-03,4.441405e-07,2.773402e-04,1.215741e-07,1.970964e-03,4.441405e-07,7.804553e+02,0.000000e+00,-1.708394e+01,0.000000e+00
L-026737,5,0,2023/08/31 09:33:10,1277,BlaJ-0166_D4_treatment_tech2,230807-T3-41,3-41,920,nL, ,H2O,0,2.902709e+01,1.472758e-03,5.172383e+16,9.888881e+13,5.550752e-04,2.423479e-07,1.970525e-03,4.145917e-07,2.775376e-04,1.211740e-07,1.970525e-03,4.145917e-07,7.817226e+02,0.000000e+00,-1.730270e+01,0.000000e+00
L-026737,6,0,2023/08/31 09:35:12,1278,BlaJ-0166_D4_treatment_tech2,230807-T3-41,3-41,920,nL, ,H2O,0,2.903036e+01,1.630819e-03,5.251775e+16,1.072450e+14,5.551930e-04,1.854428e-07,1.970625e-03,4.115079e-07,2.775965e-04,9.272142e-08,1.970625e-03,4.115079e-07,7.821008e+02,0.000000e+00,-1.725289e+01,0.000000e+00
L-026737,7,0,2023/08/31 09:37:13,1279,BlaJ-0166_D4_treatment_tech2,230807-T3-41,3-41,920,nL, ,H2O,0,2.902974e+01,1.305825e-03,5.277126e+16,1.241955e+14,5.548259e-04,2.448804e-07,1.971032e-03,3.538929e-07,2.774129e-04,1.224402e-07,1.971032e-03,3.538929e-07,7.809223e+02,0.000000e+00,-1.704984e+01,0.000000e+00
L-026737,8,0,2023/08/31 09:39:14,1280,BlaJ-0166_D4_treatment_tech2,230807-T3-41,3-41,920,nL, ,H2O,0,2.902675e+01,1.376335e-03,5.275195e+16,1.237439e+14,5.540855e-04,2.173963e-07,1.971126e-03,4.780481e-07,2.770427e-04,1.086982e-07,1.971126e-03,4.780481e-07,7.785456e+02,0.000000e+00,-1.700295e+01,0.000000e+00
L-026738,1,-1,2023/08/31 09:41:15,1281,BlaJ-0172_D32_treatment_tech3,230807-T3-33,3-33,920,nL, ,H2O,0,2.902432e+01,1.375824e-03,5.281117e+16,9.980795e+13,5.917465e-04,2.341002e-07,1.971072e-03,3.746676e-07,2.958733e-04,1.170501e-07,1.971072e-03,3.746676e-07,8.994329e+02,0.000000e+00,-1.703034e+01,0.000000e+00
L-026738,2,-1,2023/08/31 09:43:16,1282,BlaJ-0172_D32_treatment_tech3,230807-T3-33,3-33,920,nL, ,H2O,0,2.902516e+01,1.457805e-03,5.252734e+16,7.933278e+13,6.084121e-04,2.938981e-07,1.970894e-03,3.590155e-07,3.042061e-04,1.469490e-07,1.970894e-03,3.590155e-07,9.529275e+02,0.000000e+00,-1.711871e+01,0.000000e+00
L-026738,3,0,2023/08/31 09:45:16,1283,BlaJ-0172_D32_treatment_tech3,230807-T3-33,3-33,920,nL, ,H2O,0,2.903204e+01,1.743642e-03,4.964215e+16,9.486938e+14,6.087981e-04,8.430550e-07,1.968428e-03,3.942864e-07,3.043990e-04,4.215275e-07,1.968428e-03,3.942864e-07,9.541663e+02,0.000000e+00,-1.834869e+01,0.000000e+00
L-026738,4,0,2023/08/31 09:47:17,1284,BlaJ-0172_D32_treatment_tech3,230807-T3-33,3-33,920,nL, ,H2O,0,2.903960e+01,1.629256e-03,5.269549e+16,1.185226e+14,6.212098e-04,2.881203e-07,1.971361e-03,4.635091e-07,3.106049e-04,1.440601e-07,1.971361e-03,4.635091e-07,9.940063e+02,0.000000e+00,-1.688587e+01,0.000000e+00
L-026738,5,0,2023/08/31 09:49:19,1285,BlaJ-0172_D32_treatment_tech3,230807-T3-33,3-33,920,nL, ,H2O,0,2.904577e+01,1.488502e-03,5.286206e+16,1.176148e+14,6.222961e-04,2.313887e-07,1.970866e-03,2.841551e-07,3.111480e-04,1.156943e-07,1.970866e-03,2.841551e-07,9.974932e+02,0.000000e+00,-1.713302e+01,0.000000e+00
L-026738,6,0,2023/08/31 09:51:19,1286,BlaJ-0172_D32_treatment_tech3,230807-T3-33,3-33,920,nL, ,H2O,0,2.904931e+01,1.583165e-03,5.269722e+16,8.567934e+13,6.227937e-04,2.302451e-07,1.970796e-03,3.530868e-07,3.113968e-04,1.151226e-07,1.970796e-03,3.530868e-07,9.990905e+02,0.000000e+00,-1.716779e+01,0.000000e+00
L-026738,7,0,2023/08/31 09:53:21,1287,BlaJ-0172_D32_treatment_tech3,230807-T3-33,3-33,920,nL, ,H2O,0,2.905087e+01,1.352024e-03,5.285804e+16,1.357118e+14,6.228813e-04,2.540771e-07,1.971124e-03,4.256837e-07,3.114406e-04,1.270386e-07,1.971124e-03,4.256837e-07,9.993716e+02,0.000000e+00,-1.700395e+01,0.000000e+00
L-026738,8,0,2023/08/31 09:55:22,1288,BlaJ-0172_D32_treatment_tech3,230807-T3-33,3-33,920,nL, ,H2O,0,2.904926e+01,1.417839e-03,5.292252e+16,1.254960e+14,6.228632e-04,1.670313e-07,1.971393e-03,3.646997e-07,3.114316e-04,8.351565e-08,1.971393e-03,3.646997e-07,9.993136e+02,0.000000e+00,-1.686978e+01,0.000000e+00
L-026739,1,-1,2023/08/31 09:57:22,1289,Curve_2_std_2,230807-T4-42,4-42,920,nL, ,H2O,0,2.904426e+01,1.226548e-03,5.315406e+16,8.986998e+13,4.640959e-04,8.670345e-07,1.969830e-03,4.880482e-07,2.320480e-04,4.335172e-07,1.969830e-03,4.880482e-07,4.896904e+02,0.000000e+00,-1.764939e+01,0.000000e+00
L-026739,2,-1,2023/08/31 09:59:23,1290,Curve_2_std_2,230807-T4-42,4-42,920,nL, ,H2O,0,2.904171e+01,1.485215e-03,5.306230e+16,1.083916e+14,3.956405e-04,8.181908e-07,1.969648e-03,3.710959e-07,1.978203e-04,4.090954e-07,1.969648e-03,3.710959e-07,2.699570e+02,0.000000e+00,-1.774044e+01,0.000000e+00
L-026739,3,0,2023/08/31 10:01:25,1291,Curve_2_std_2,230807-T4-42,4-42,920,nL, ,H2O,0,2.904364e+01,1.321598e-03,5.297619e+16,9.718674e+13,3.640319e-04,6.237657e-07,1.968856e-03,4.351923e-07,1.820160e-04,3.118828e-07,1.968856e-03,4.351923e-07,1.684973e+02,0.000000e+00,-1.813526e+01,0.000000e+00
L-026739,4,0,2023/08/31 10:03:26,1292,Curve_2_std_2,230807-T4-42,4-42,920,nL, ,H2O,0,2.904701e+01,1.508589e-03,5.307211e+16,9.898175e+13,3.482470e-04,4.517407e-07,1.969281e-03,6.385925e-07,1.741235e-04,2.258704e-07,1.969281e-03,6.385925e-07,1.178298e+02,0.000000e+00,-1.792334e+01,0.000000e+00
L-026739,5,0,2023/08/31 10:05:26,1293,Curve_2_std_2,230807-T4-42,4-42,920,nL, ,H2O,0,2.904552e+01,1.018074e-03,5.264442e+16,8.374781e+13,3.399660e-04,3.642770e-07,1.969371e-03,4.438894e-07,1.699830e-04,1.821385e-07,1.969371e-03,4.438894e-07,9.124870e+01,0.000000e+00,-1.787836e+01,0.000000e+00
L-026739,6,0,2023/08/31 10:07:27,1294,Curve_2_std_2,230807-T4-42,4-42,920,nL, ,H2O,0,2.904039e+01,1.258640e-03,5.296372e+16,1.147500e+14,3.354532e-04,3.842329e-07,1.969406e-03,3.528037e-07,1.677266e-04,1.921164e-07,1.969406e-03,3.528037e-07,7.676307e+01,0.000000e+00,-1.786098e+01,0.000000e+00
L-026739,7,0,2023/08/31 10:09:28,1295,Curve_2_std_2,230807-T4-42,4-42,920,nL, ,H2O,0,2.903469e+01,1.374298e-03,5.298514e+16,8.874240e+13,3.329352e-04,3.033568e-07,1.969299e-03,2.753466e-07,1.664676e-04,1.516784e-07,1.969299e-03,2.753466e-07,6.868080e+01,0.000000e+00,-1.791436e+01,0.000000e+00
L-026739,8,0,2023/08/31 10:11:29,1296,Curve_2_std_2,230807-T4-42,4-42,920,nL, ,H2O,0,2.904005e+01,1.533424e-03,5.311191e+16,9.754777e+13,3.313621e-04,2.572826e-07,1.968814e-03,4.252595e-07,1.656811e-04,1.286413e-07,1.968814e-03,4.252595e-07,6.363128e+01,0.000000e+00,-1.815608e+01,0.000000e+00
L-026740,1,-1,2023/08/31 10:13:30,1297,BlaJ-0166_D4_treatment_tech1,230807-T3-40,3-40,920,nL, ,H2O,0,2.904631e+01,1.713385e-03,5.304330e+16,8.774269e+13,4.503604e-04,5.205869e-07,1.969817e-03,3.201858e-07,2.251802e-04,2.602935e-07,1.969817e-03,3.201858e-07,4.456009e+02,0.000000e+00,-1.765573e+01,0.000000e+00
L-026740,2,-1,2023/08/31 10:15:32,1298,BlaJ-0166_D4_treatment_tech1,230807-T3-40,3-40,920,nL, ,H2O,0,2.904941e+01,1.723013e-03,5.324651e+16,8.251337e+13,4.998515e-04,5.056606e-07,1.969449e-03,4.473723e-07,2.499258e-04,2.528303e-07,1.969449e-03,4.473723e-07,6.044613e+02,0.000000e+00,-1.783929e+01,0.000000e+00
L-026740,3,0,2023/08/31 10:17:32,1299,BlaJ-0166_D4_treatment_tech1,230807-T3-40,3-40,920,nL, ,H2O,0,2.904884e+01,1.482829e-03,5.334260e+16,1.062101e+14,5.266916e-04,3.134804e-07,1.970872e-03,4.522338e-07,2.633458e-04,1.567402e-07,1.970872e-03,4.522338e-07,6.906146e+02,0.000000e+00,-1.712992e+01,0.000000e+00
L-026740,4,0,2023/08/31 10:19:33,1300,BlaJ-0166_D4_treatment_tech1,230807-T3-40,3-40,920,nL, ,H2O,0,2.904557e+01,1.551127e-03,5.341379e+16,9.638247e+13,5.376599e-04,3.352652e-07,1.971152e-03,5.000724e-07,2.688299e-04,1.676326e-07,1.971152e-03,5.000724e-07,7.258216e+02,0.000000e+00,-1.699045e+01,0.000000e+00
L-026740,5,0,2023/08/31 10:21:35,1301,BlaJ-0166_D4_treatment_tech1,230807-T3-40,3-40,920,nL, ,H2O,0,2.904374e+01,1.243091e-03,5.309994e+16,1.013516e+14,5.433787e-04,2.125349e-07,1.970309e-03,2.960263e-07,2.716894e-04,1.062674e-07,1.970309e-03,2.960263e-07,7.441784e+02,0.000000e+00,-1.741043e+01,0.000000e+00
L-026740,6,0,2023/08/31 10:23:36,1302,BlaJ-0166_D4_treatment_tech1,230807-T3-40,3-40,920,nL, ,H2O,0,2.904795e+01,1.464507e-03,5.309332e+16,9.907495e+13,5.471799e-04,2.269537e-07,1.970498e-03,4.443437e-07,2.735900e-04,1.134768e-07,1.970498e-03,4.443437e-07,7.563797e+02,0.000000e+00,-1.731615e+01,0.000000e+00
L-026740,7,0,2023/08/31 10:25:36,1303,BlaJ-0166_D4_treatment_tech1,230807-T3-40,3-40,920,nL, ,H2O,0,2.905348e+01,1.697614e-03,5.315526e+16,1.129578e+14,5.487503e-04,1.992247e-07,1.970448e-03,3.866695e-07,2.743751e-04,9.961236e-08,1.970448e-03,3.866695e-07,7.614203e+02,0.000000e+00,-1.734146e+01,0.000000e+00
L-026740,8,0,2023/08/31 10:27:37,1304,BlaJ-0166_D4_treatment_tech1,230807-T3-40,3-40,920,nL, ,H2O,0,2.905878e+01,1.675118e-03,5.318679e+16,1.006200e+14,5.498422e-04,2.468262e-07,1.970435e-03,3.083082e-07,2.749211e-04,1.234131e-07,1.970435e-03,3.083082e-07,7.649252e+02,0.000000e+00,-1.734785e+01,0.000000e+00
L-026741,1,-1,2023/08/31 10:29:39,1305,YF_2/3_D2_E3-1_tech2,230807-T1-23,1-23,920,nL, ,H2O,0,2.906332e+01,1.628744e-03,5.015648e+16,1.032613e+15,5.837581e-04,1.023135e-06,1.966738e-03,4.373849e-07,2.918790e-04,5.115675e-07,1.966738e-03,4.373849e-07,8.737911e+02,0.000000e+00,-1.919160e+01,0.000000e+00
L-026741,2,-1,2023/08/31 10:31:41,1306,YF_2/3_D2_E3-1_tech2,230807-T1-23,1-23,920,nL, ,H2O,0,2.906585e+01,1.509873e-03,5.205393e+16,8.404747e+14,6.101689e-04,7.850358e-07,1.967646e-03,3.520707e-07,3.050844e-04,3.925179e-07,1.967646e-03,3.520707e-07,9.585664e+02,0.000000e+00,-1.873879e+01,0.000000e+00
L-026741,3,0,2023/08/31 10:33:41,1307,YF_2/3_D2_E3-1_tech2,230807-T1-23,1-23,920,nL, ,H2O,0,2.906997e+01,1.482957e-03,5.374226e+16,1.124810e+14,6.262413e-04,3.097459e-07,1.969601e-03,3.458883e-07,3.131207e-04,1.548730e-07,1.969601e-03,3.458883e-07,1.010157e+03,0.000000e+00,-1.776368e+01,0.000000e+00
L-026741,4,0,2023/08/31 10:35:43,1308,YF_2/3_D2_E3-1_tech2,230807-T1-23,1-23,920,nL, ,H2O,0,2.907468e+01,1.528865e-03,5.417928e+16,1.171511e+14,6.288893e-04,2.370962e-07,1.968670e-03,4.168780e-07,3.144446e-04,1.185481e-07,1.968670e-03,4.168780e-07,1.018657e+03,0.000000e+00,-1.822793e+01,0.000000e+00
L-026741,5,0,2023/08/31 10:37:45,1309,YF_2/3_D2_E3-1_tech2,230807-T1-23,1-23,920,nL, ,H2O,0,2.908282e+01,1.592034e-03,5.421815e+16,7.792215e+13,6.303818e-04,2.522780e-07,1.968554e-03,3.686101e-07,3.151909e-04,1.261390e-07,1.968554e-03,3.686101e-07,1.023447e+03,0.000000e+00,-1.828598e+01,0.000000e+00
L-026741,6,0,2023/08/31 10:39:46,1310,YF_2/3_D2_E3-1_tech2,230807-T1-23,1-23,920,nL, ,H2O,0,2.908764e+01,1.656287e-03,5.425593e+16,1.097319e+14,6.311395e-04,1.909627e-07,1.968608e-03,5.463364e-07,3.155698e-04,9.548134e-08,1.968608e-03,5.463364e-07,1.025880e+03,0.000000e+00,-1.825887e+01,0.000000e+00
L-026741,7,0,2023/08/31 10:41:47,1311,YF_2/3_D2_E3-1_tech2,230807-T1-23,1-23,920,nL, ,H2O,0,2.909002e+01,1.848602e-03,4.999411e+16,9.760269e+14,6.237336e-04,7.271510e-07,1.965835e-03,4.036609e-07,3.118668e-04,3.635755e-07,1.965835e-03,4.036609e-07,1.002107e+03,0.000000e+00,-1.964159e+01,0.000000e+00
L-026741,8,0,2023/08/31 10:43:49,1312,YF_2/3_D2_E3-1_tech2,230807-T1-23,1-23,920,nL, ,H2O,0,2.909253e+01,1.530749e-03,5.428360e+16,1.218897e+14,6.345166e-04,1.690535e-07,1.969543e-03,3.792846e-07,3.172583e-04,8.452673e-08,1.969543e-03,3.792846e-07,1.036719e+03,0.000000e+00,-1.779267e+01,0.000000e+00
L-026742,1,-1,2023/08/31 10:45:50,1313,YM_2/3_D16_E3-1_tech1,230807-T2-4,2-4,920,nL, ,H2O,0,2.909342e+01,1.372207e-03,5.502278e+16,1.086820e+14,6.705195e-04,2.764325e-07,1.969159e-03,4.933609e-07,3.352598e-04,1.382162e-07,1.969159e-03,4.933609e-07,1.152285e+03,0.000000e+00,-1.798394e+01,0.000000e+00
L-026742,2,-1,2023/08/31 10:47:50,1314,YM_2/3_D16_E3-1_tech1,230807-T2-4,2-4,920,nL, ,H2O,0,2.909064e+01,1.401158e-03,5.492140e+16,1.225780e+14,6.859655e-04,2.945134e-07,1.969309e-03,5.212614e-07,3.429828e-04,1.472567e-07,1.969309e-03,5.212614e-07,1.201864e+03,0.000000e+00,-1.790945e+01,0.000000e+00
L-026742,3,0,2023/08/31 10:49:51,1315,YM_2/3_D16_E3-1_tech1,230807-T2-4,2-4,920,nL, ,H2O,0,2.908488e+01,1.186648e-03,5.490192e+16,1.131771e+14,6.933221e-04,2.723999e-07,1.969307e-03,3.840403e-07,3.466610e-04,1.362000e-07,1.969307e-03,3.840403e-07,1.225478e+03,0.000000e+00,-1.791007e+01,0.000000e+00
L-026742,4,0,2023/08/31 10:51:52,1316,YM_2/3_D16_E3-1_tech1,230807-T2-4,2-4,920,nL, ,H2O,0,2.908089e+01,1.643162e-03,5.367236e+16,1.014471e+14,6.953208e-04,2.199360e-07,1.968642e-03,3.700076e-07,3.476604e-04,1.099680e-07,1.968642e-03,3.700076e-07,1.231894e+03,0.000000e+00,-1.824179e+01,0.000000e+00
L-026742,5,0,2023/08/31 10:53:54,1317,YM_2/3_D16_E3-1_tech1,230807-T2-4,2-4,920,nL, ,H2O,0,2.907833e+01,1.451453e-03,5.353649e+16,8.670778e+13,6.988519e-04,3.402791e-07,1.969143e-03,4.143734e-07,3.494259e-04,1.701396e-07,1.969143e-03,4.143734e-07,1.243228e+03,0.000000e+00,-1.799210e+01,0.000000e+00
L-026742,6,0,2023/08/31 10:55:54,1318,YM_2/3_D16_E3-1_tech1,230807-T2-4,2-4,920,nL, ,H2O,0,2.907910e+01,1.378017e-03,4.994498e+16,1.121984e+15,6.908530e-04,1.019502e-06,1.966480e-03,5.080033e-07,3.454265e-04,5.097511e-07,1.966480e-03,5.080033e-07,1.217552e+03,0.000000e+00,-1.932028e+01,0.000000e+00
L-026742,7,0,2023/08/31 10:57:55,1319,YM_2/3_D16_E3-1_tech1,230807-T2-4,2-4,920,nL, ,H2O,0,2.907746e+01,1.278730e-03,5.362426e+16,1.097737e+14,7.019124e-04,1.816333e-07,1.969614e-03,3.513109e-07,3.509562e-04,9.081664e-08,1.969614e-03,3.513109e-07,1.253052e+03,0.000000e+00,-1.775711e+01,0.000000e+00
L-026742,8,0,2023/08/31 10:59:57,1320,YM_2/3_D16_E3-1_tech1,230807-T2-4,2-4,920,nL, ,H2O,0,2.907461e+01,9.698804e-04,5.360250e+16,1.148660e+14,7.021843e-04,2.081014e-07,1.969314e-03,4.543448e-07,3.510921e-04,1.040507e-07,1.969314e-03,4.543448e-07,1.253924e+03,0.000000e+00,-1.790695e+01,0.000000e+00
L-026743,1,-1,2023/08/31 11:01:57,1321,YF_2/3_D0_E3-1_tech2,230807-T1-05,1-5,920,nL, ,H2O,0,2.907200e+01,1.309227e-03,5.361446e+16,1.047499e+14,4.770757e-04,1.238387e-06,1.969346e-03,4.946890e-07,2.385379e-04,6.191934e-07,1.969346e-03,4.946890e-07,5.313539e+02,0.000000e+00,-1.789071e+01,0.000000e+00
L-026743,2,-1,2023/08/31 11:03:58,1322,YF_2/3_D0_E3-1_tech2,230807-T1-05,1-5,920,nL, ,H2O,0,2.907205e+01,1.396972e-03,5.366883e+16,1.249932e+14,3.790171e-04,9.840477e-07,1.969315e-03,4.572658e-07,1.895085e-04,4.920239e-07,1.969315e-03,4.572658e-07,2.165978e+02,0.000000e+00,-1.790641e+01,0.000000e+00
L-026743,3,0,2023/08/31 11:05:59,1323,YF_2/3_D0_E3-1_tech2,230807-T1-05,1-5,920,nL, ,H2O,0,2.907436e+01,1.375244e-03,5.310542e+16,9.646357e+13,3.335917e-04,7.747500e-07,1.969153e-03,3.307584e-07,1.667958e-04,3.873750e-07,1.969153e-03,3.307584e-07,7.078797e+01,0.000000e+00,-1.798731e+01,0.000000e+00
L-026743,4,0,2023/08/31 11:08:00,1324,YF_2/3_D0_E3-1_tech2,230807-T1-05,1-5,920,nL, ,H2O,0,2.907615e+01,1.384789e-03,5.323036e+16,1.266516e+14,3.116433e-04,5.970403e-07,1.969340e-03,4.310974e-07,1.558216e-04,2.985202e-07,1.969340e-03,4.310974e-07,3.362318e-01,0.000000e+00,-1.789378e+01,0.000000e+00
L-026743,5,0,2023/08/31 11:10:01,1325,YF_2/3_D0_E3-1_tech2,230807-T1-05,1-5,920,nL, ,H2O,0,2.907195e+01,9.790210e-04,5.280676e+16,7.687884e+13,2.998463e-04,4.694456e-07,1.969228e-03,3.710289e-07,1.499231e-04,2.347228e-07,1.969228e-03,3.710289e-07,-3.753066e+01,0.000000e+00,-1.794953e+01,0.000000e+00
L-026743,6,0,2023/08/31 11:12:02,1326,YF_2/3_D0_E3-1_tech2,230807-T1-05,1-5,920,nL, ,H2O,0,2.906317e+01,1.306980e-03,5.287262e+16,8.894828e+13,2.936026e-04,4.127009e-07,1.969424e-03,3.445452e-07,1.468013e-04,2.063504e-07,1.969424e-03,3.445452e-07,-5.757221e+01,0.000000e+00,-1.785208e+01,0.000000e+00
L-026743,7,0,2023/08/31 11:14:03,1327,YF_2/3_D0_E3-1_tech2,230807-T1-05,1-5,920,nL, ,H2O,0,2.905677e+01,1.327382e-03,5.273610e+16,7.186704e+13,2.895033e-04,3.403806e-07,1.969257e-03,3.952009e-07,1.447516e-04,1.701903e-07,1.969257e-03,3.952009e-07,-7.073032e+01,0.000000e+00,-1.793533e+01,0.000000e+00
L-026743,8,0,2023/08/31 11:16:04,1328,YF_2/3_D0_E3-1_tech2,230807-T1-05,1-5,920,nL, ,H2O,0,2.905871e+01,1.494210e-03,5.286674e+16,1.011597e+14,2.864141e-04,3.303940e-07,1.968780e-03,3.807535e-07,1.432070e-04,1.651970e-07,1.968780e-03,3.807535e-07,-8.064639e+01,0.000000e+00,-1.817309e+01,0.000000e+00
L-026744,1,-1,2023/08/31 11:18:05,1329,YF_2/3_D0_E3-1_tech1,230807-T1-04,1-4,920,nL, ,H2O,0,2.906017e+01,1.427591e-03,5.295622e+16,9.858803e+13,2.854535e-04,2.300417e-07,1.969336e-03,4.112166e-07,1.427268e-04,1.150208e-07,1.969336e-03,4.112166e-07,-8.372954e+01,0.000000e+00,-1.789592e+01,0.000000e+00
L-026744,2,-1,2023/08/31 11:20:06,1330,YF_2/3_D0_E3-1_tech1,230807-T1-04,1-4,920,nL, ,H2O,0,2.906419e+01,1.517916e-03,5.375504e+16,9.147977e+13,2.842427e-04,2.705902e-07,1.969183e-03,5.081715e-07,1.421213e-04,1.352951e-07,1.969183e-03,5.081715e-07,-8.761632e+01,0.000000e+00,-1.797212e+01,0.000000e+00
L-026744,3,0,2023/08/31 11:22:07,1331,YF_2/3_D0_E3-1_tech1,230807-T1-04,1-4,920,nL, ,H2O,0,2.906511e+01,1.532702e-03,5.408144e+16,1.283660e+14,2.833434e-04,2.320592e-07,1.968871e-03,4.930430e-07,1.416717e-04,1.160296e-07,1.968871e-03,4.930430e-07,-9.050269e+01,0.000000e+00,-1.812796e+01,0.000000e+00
L-026744,4,0,2023/08/31 11:24:10,1332,YF_2/3_D0_E3-1_tech1,230807-T1-04,1-4,920,nL, ,H2O,0,2.906563e+01,1.473136e-03,5.406089e+16,1.176352e+14,2.827566e-04,1.674689e-07,1.969109e-03,5.474805e-07,1.413783e-04,8.373444e-08,1.969109e-03,5.474805e-07,-9.238639e+01,0.000000e+00,-1.800921e+01,0.000000e+00
L-026744,5,0,2023/08/31 11:26:10,1333,YF_2/3_D0_E3-1_tech1,230807-T1-04,1-4,920,nL, ,H2O,0,2.905950e+01,1.299378e-03,5.434359e+16,1.020308e+14,2.824229e-04,2.159162e-07,1.969598e-03,3.808391e-07,1.412114e-04,1.079581e-07,1.969598e-03,3.808391e-07,-9.345754e+01,0.000000e+00,-1.776532e+01,0.000000e+00
L-026744,6,0,2023/08/31 11:28:11,1334,YF_2/3_D0_E3-1_tech1,230807-T1-04,1-4,920,nL, ,H2O,0,2.905241e+01,1.315317e-03,5.408054e+16,9.496599e+13,2.822129e-04,2.182234e-07,1.969285e-03,6.203359e-07,1.411064e-04,1.091117e-07,1.969285e-03,6.203359e-07,-9.413171e+01,0.000000e+00,-1.792142e+01,0.000000e+00
L-026744,7,0,2023/08/31 11:30:12,1335,YF_2/3_D0_E3-1_tech1,230807-T1-04,1-4,920,nL, ,H2O,0,2.904683e+01,1.238756e-03,5.409706e+16,1.083278e+14,2.818342e-04,2.011288e-07,1.969411e-03,3.816458e-07,1.409171e-04,1.005644e-07,1.969411e-03,3.816458e-07,-9.534709e+01,0.000000e+00,-1.785826e+01,0.000000e+00
L-026744,8,0,2023/08/31 11:32:14,1336,YF_2/3_D0_E3-1_tech1,230807-T1-04,1-4,920,nL, ,H2O,0,2.904493e+01,1.321224e-03,5.412335e+16,1.020724e+14,2.816015e-04,1.840881e-07,1.969519e-03,4.123735e-07,1.408008e-04,9.204405e-08,1.969519e-03,4.123735e-07,-9.609410e+01,0.000000e+00,-1.780456e+01,0.000000e+00
L-026745,1,-1,2023/08/31 11:34:14,1337,YM_2/3_D1_E3-1_tech1,230807-T1-52,1-52,920,nL, ,H2O,0,2.903945e+01,1.221091e-03,5.470103e+16,7.642085e+13,4.462507e-04,8.369742e-07,1.969234e-03,2.879096e-07,2.231253e-04,4.184871e-07,1.969234e-03,2.879096e-07,4.324093e+02,0.000000e+00,-1.794678e+01,0.000000e+00
L-026745,2,-1,2023/08/31 11:36:15,1338,YM_2/3_D1_E3-1_tech1,230807-T1-52,1-52,920,nL, ,H2O,0,2.903197e+01,1.074519e-03,5.407654e+16,1.368925e+14,5.174686e-04,6.715565e-07,1.969287e-03,4.253645e-07,2.587343e-04,3.357783e-07,1.969287e-03,4.253645e-07,6.610100e+02,0.000000e+00,-1.792053e+01,0.000000e+00
L-026745,3,0,2023/08/31 11:38:17,1339,YM_2/3_D1_E3-1_tech1,230807-T1-52,1-52,920,nL, ,H2O,0,2.902335e+01,1.291498e-03,5.363035e+16,1.024416e+14,5.491113e-04,5.434879e-07,1.969151e-03,3.932699e-07,2.745557e-04,2.717439e-07,1.969151e-03,3.932699e-07,7.625793e+02,0.000000e+00,-1.798786e+01,0.000000e+00
L-026745,4,0,2023/08/31 11:40:18,1340,YM_2/3_D1_E3-1_tech1,230807-T1-52,1-52,920,nL, ,H2O,0,2.901553e+01,1.114447e-03,5.177576e+16,9.893616e+13,5.634239e-04,3.643100e-07,1.968643e-03,4.786512e-07,2.817120e-04,1.821550e-07,1.968643e-03,4.786512e-07,8.085208e+02,0.000000e+00,-1.824167e+01,0.000000e+00
L-026745,5,0,2023/08/31 11:42:18,1341,YM_2/3_D1_E3-1_tech1,230807-T1-52,1-52,920,nL, ,H2O,0,2.900996e+01,1.320592e-03,5.271272e+16,9.772329e+13,5.728884e-04,3.406592e-07,1.969321e-03,3.623401e-07,2.864442e-04,1.703296e-07,1.969321e-03,3.623401e-07,8.389008e+02,0.000000e+00,-1.790357e+01,0.000000e+00
L-026745,6,0,2023/08/31 11:44:19,1342,YM_2/3_D1_E3-1_tech1,230807-T1-52,1-52,920,nL, ,H2O,0,2.901123e+01,1.549335e-03,5.277177e+16,8.213635e+13,5.762964e-04,2.607923e-07,1.968882e-03,3.501551e-07,2.881482e-04,1.303961e-07,1.968882e-03,3.501551e-07,8.498400e+02,0.000000e+00,-1.812219e+01,0.000000e+00
L-026745,7,0,2023/08/31 11:46:22,1343,YM_2/3_D1_E3-1_tech1,230807-T1-52,1-52,920,nL, ,H2O,0,2.900878e+01,1.356939e-03,5.298246e+16,9.251315e+13,5.788960e-04,2.506623e-07,1.968926e-03,5.489595e-07,2.894480e-04,1.253311e-07,1.968926e-03,5.489595e-07,8.581843e+02,0.000000e+00,-1.810034e+01,0.000000e+00
L-026745,8,0,2023/08/31 11:48:22,1344,YM_2/3_D1_E3-1_tech1,230807-T1-52,1-52,920,nL, ,H2O,0,2.900586e+01,1.140764e-03,5.322595e+16,1.138888e+14,5.812140e-04,1.600786e-07,1.969217e-03,2.837630e-07,2.906070e-04,8.003931e-08,1.969217e-03,2.837630e-07,8.656249e+02,0.000000e+00,-1.795530e+01,0.000000e+00
L-026746,1,-1,2023/08/31 11:50:23,1345,Curve_3_std_4,230807-T4-51,4-51,920,nL, ,H2O,0,2.900126e+01,1.308620e-03,5.324675e+16,1.191001e+14,4.966463e-04,4.233300e-07,1.969209e-03,3.492962e-07,2.483232e-04,2.116650e-07,1.969209e-03,3.492962e-07,5.941731e+02,0.000000e+00,-1.795895e+01,0.000000e+00
L-026746,2,-1,2023/08/31 11:52:25,1346,Curve_3_std_4,230807-T4-51,4-51,920,nL, ,H2O,0,2.899043e+01,1.395643e-03,5.303005e+16,9.082018e+13,4.604183e-04,3.015468e-07,1.969618e-03,3.969574e-07,2.302092e-04,1.507734e-07,1.969618e-03,3.969574e-07,4.778857e+02,0.000000e+00,-1.775497e+01,0.000000e+00
L-026746,3,0,2023/08/31 11:54:25,1347,Curve_3_std_4,230807-T4-51,4-51,920,nL, ,H2O,0,2.898667e+01,1.146590e-03,5.293425e+16,1.254314e+14,4.436643e-04,3.315266e-07,1.969081e-03,2.738857e-07,2.218322e-04,1.657633e-07,1.969081e-03,2.738857e-07,4.241074e+02,0.000000e+00,-1.802296e+01,0.000000e+00
L-026746,4,0,2023/08/31 11:56:26,1348,Curve_3_std_4,230807-T4-51,4-51,920,nL, ,H2O,0,2.898934e+01,1.584942e-03,5.278011e+16,1.094432e+14,4.360419e-04,1.902512e-07,1.968841e-03,3.113437e-07,2.180210e-04,9.512561e-08,1.968841e-03,3.113437e-07,3.996404e+02,0.000000e+00,-1.814264e+01,0.000000e+00
L-026746,5,0,2023/08/31 11:58:27,1349,Curve_3_std_4,230807-T4-51,4-51,920,nL, ,H2O,0,2.899127e+01,1.337628e-03,5.244333e+16,7.471914e+13,4.317571e-04,2.588287e-07,1.968646e-03,3.816011e-07,2.158786e-04,1.294144e-07,1.968646e-03,3.816011e-07,3.858869e+02,0.000000e+00,-1.823985e+01,0.000000e+00
L-026746,6,0,2023/08/31 12:00:29,1350,Curve_3_std_4,230807-T4-51,4-51,920,nL, ,H2O,0,2.899189e+01,1.216036e-03,5.189521e+16,7.551914e+13,4.292171e-04,1.896171e-07,1.968589e-03,4.562566e-07,2.146086e-04,9.480855e-08,1.968589e-03,4.562566e-07,3.777338e+02,0.000000e+00,-1.826841e+01,0.000000e+00
L-026746,7,0,2023/08/31 12:02:29,1351,Curve_3_std_4,230807-T4-51,4-51,920,nL, ,H2O,0,2.899305e+01,1.570964e-03,5.225016e+16,1.344900e+14,4.278349e-04,1.344946e-07,1.968651e-03,4.692663e-07,2.139175e-04,6.724728e-08,1.968651e-03,4.692663e-07,3.732971e+02,0.000000e+00,-1.823721e+01,0.000000e+00
L-026746,8,0,2023/08/31 12:04:30,1352,Curve_3_std_4,230807-T4-51,4-51,920,nL, ,H2O,0,2.899050e+01,1.431769e-03,5.270555e+16,8.730502e+13,4.275068e-04,2.306712e-07,1.968947e-03,3.207501e-07,2.137534e-04,1.153356e-07,1.968947e-03,3.207501e-07,3.722439e+02,0.000000e+00,-1.808960e+01,0.000000e+00
L-026747,1,-1,2023/08/31 12:06:31,1353,BlaJ-0177_D2_treatment_tech3,230807-T2-33,2-33,920,nL, ,H2O,0,2.898875e+01,1.441453e-03,5.268905e+16,9.947609e+13,4.447787e-04,1.804282e-07,1.969495e-03,3.977429e-07,2.223893e-04,9.021410e-08,1.969495e-03,3.977429e-07,4.276843e+02,0.000000e+00,-1.781668e+01,0.000000e+00
L-026747,2,-1,2023/08/31 12:08:32,1354,BlaJ-0177_D2_treatment_tech3,230807-T2-33,2-33,920,nL, ,H2O,0,2.898818e+01,1.325535e-03,5.180939e+16,9.025378e+13,4.522234e-04,2.040871e-07,1.969588e-03,3.762078e-07,2.261117e-04,1.020435e-07,1.969588e-03,3.762078e-07,4.515810e+02,0.000000e+00,-1.777006e+01,0.000000e+00
L-026747,3,0,2023/08/31 12:10:33,1355,BlaJ-0177_D2_treatment_tech3,230807-T2-33,2-33,920,nL, ,H2O,0,2.898753e+01,1.211433e-03,5.232789e+16,9.722522e+13,4.558244e-04,1.755470e-07,1.969648e-03,4.187453e-07,2.279122e-04,8.777349e-08,1.969648e-03,4.187453e-07,4.631399e+02,0.000000e+00,-1.774036e+01,0.000000e+00
L-026747,4,0,2023/08/31 12:12:34,1356,BlaJ-0177_D2_treatment_tech3,230807-T2-33,2-33,920,nL, ,H2O,0,2.898758e+01,1.473765e-03,5.193453e+16,1.163003e+14,4.571393e-04,1.916143e-07,1.969829e-03,4.090840e-07,2.285697e-04,9.580717e-08,1.969829e-03,4.090840e-07,4.673606e+02,0.000000e+00,-1.765003e+01,0.000000e+00
L-026747,5,0,2023/08/31 12:14:35,1357,BlaJ-0177_D2_treatment_tech3,230807-T2-33,2-33,920,nL, ,H2O,0,2.898136e+01,1.239164e-03,5.254725e+16,6.978069e+13,4.578209e-04,1.841161e-07,1.969796e-03,3.559779e-07,2.289105e-04,9.205805e-08,1.969796e-03,3.559779e-07,4.695483e+02,0.000000e+00,-1.766633e+01,0.000000e+00
L-026747,6,0,2023/08/31 12:16:36,1358,BlaJ-0177_D2_treatment_tech3,230807-T2-33,2-33,920,nL, ,H2O,0,2.897851e+01,1.480641e-03,4.798507e+16,1.102379e+15,4.531334e-04,6.379594e-07,1.967078e-03,4.575808e-07,2.265667e-04,3.189797e-07,1.967078e-03,4.575808e-07,4.545021e+02,0.000000e+00,-1.902181e+01,0.000000e+00
L-026747,7,0,2023/08/31 12:18:37,1359,BlaJ-0177_D2_treatment_tech3,230807-T2-33,2-33,920,nL, ,H2O,0,2.897718e+01,1.464632e-03,5.248907e+16,1.099871e+14,4.588424e-04,1.788899e-07,1.969622e-03,4.864677e-07,2.294212e-04,8.944497e-08,1.969622e-03,4.864677e-07,4.728271e+02,0.000000e+00,-1.775302e+01,0.000000e+00
L-026747,8,0,2023/08/31 12:20:38,1360,BlaJ-0177_D2_treatment_tech3,230807-T2-33,2-33,920,nL, ,H2O,0,2.897125e+01,1.343352e-03,5.280977e+16,1.287120e+14,4.597754e-04,2.193914e-07,1.970428e-03,4.018849e-07,2.298877e-04,1.096957e-07,1.970428e-03,4.018849e-07,4.758220e+02,0.000000e+00,-1.735108e+01,0.000000e+00
L-026748,1,-1,2023/08/31 12:22:40,1361,YM_2/3_D1_E3-1_tech3,230807-T1-54,1-54,920,nL, ,H2O,0,2.896466e+01,1.247266e-03,5.408155e+16,1.020176e+14,5.248458e-04,4.216056e-07,1.969776e-03,3.362278e-07,2.624229e-04,2.108028e-07,1.969776e-03,3.362278e-07,6.846899e+02,0.000000e+00,-1.767631e+01,0.000000e+00
L-026748,2,-1,2023/08/31 12:24:42,1362,YM_2/3_D1_E3-1_tech3,230807-T1-54,1-54,920,nL, ,H2O,0,2.895762e+01,1.305461e-03,5.339457e+16,1.043382e+14,5.529668e-04,3.709608e-07,1.969354e-03,3.222060e-07,2.764834e-04,1.854804e-07,1.969354e-03,3.222060e-07,7.749550e+02,0.000000e+00,-1.788698e+01,0.000000e+00
L-026748,3,0,2023/08/31 12:26:43,1363,YM_2/3_D1_E3-1_tech3,230807-T1-54,1-54,920,nL, ,H2O,0,2.895735e+01,1.617730e-03,5.256710e+16,1.058807e+14,5.657882e-04,3.246448e-07,1.968480e-03,4.774584e-07,2.828941e-04,1.623224e-07,1.968480e-03,4.774584e-07,8.161099e+02,0.000000e+00,-1.832276e+01,0.000000e+00
L-026748,4,0,2023/08/31 12:28:44,1364,YM_2/3_D1_E3-1_tech3,230807-T1-54,1-54,920,nL, ,H2O,0,2.896296e+01,1.475352e-03,5.242267e+16,7.982768e+13,5.715154e-04,2.409006e-07,1.968332e-03,3.830104e-07,2.857577e-04,1.204503e-07,1.968332e-03,3.830104e-07,8.344935e+02,0.000000e+00,-1.839653e+01,0.000000e+00
L-026748,5,0,2023/08/31 12:30:46,1365,YM_2/3_D1_E3-1_tech3,230807-T1-54,1-54,920,nL, ,H2O,0,2.897014e+01,1.540000e-03,5.251127e+16,1.317390e+14,5.743568e-04,2.822513e-07,1.968198e-03,4.312193e-07,2.871784e-04,1.411257e-07,1.968198e-03,4.312193e-07,8.436142e+02,0.000000e+00,-1.846361e+01,0.000000e+00
L-026748,6,0,2023/08/31 12:32:47,1366,YM_2/3_D1_E3-1_tech3,230807-T1-54,1-54,920,nL, ,H2O,0,2.897113e+01,1.390447e-03,5.259658e+16,1.145510e+14,5.761221e-04,1.553311e-07,1.968492e-03,3.574660e-07,2.880610e-04,7.766554e-08,1.968492e-03,3.574660e-07,8.492803e+02,0.000000e+00,-1.831684e+01,0.000000e+00
L-026748,7,0,2023/08/31 12:34:48,1367,YM_2/3_D1_E3-1_tech3,230807-T1-54,1-54,920,nL, ,H2O,0,2.897140e+01,1.404797e-03,5.270574e+16,1.021653e+14,5.769215e-04,1.734378e-07,1.968427e-03,3.596796e-07,2.884608e-04,8.671892e-08,1.968427e-03,3.596796e-07,8.518465e+02,0.000000e+00,-1.834894e+01,0.000000e+00
L-026748,8,0,2023/08/31 12:36:49,1368,YM_2/3_D1_E3-1_tech3,230807-T1-54,1-54,920,nL, ,H2O,0,2.896799e+01,1.300303e-03,5.297673e+16,1.227585e+14,5.772844e-04,2.890165e-07,1.968686e-03,4.599566e-07,2.886422e-04,1.445082e-07,1.968686e-03,4.599566e-07,8.530113e+02,0.000000e+00,-1.821990e+01,0.000000e+00
L-026749,1,-1,2023/08/31 12:38:50,1369,YF_2/3_D4_E3-1_tech3,230807-T1-36,1-36,920,nL, ,H2O,0,2.896283e+01,1.305235e-03,5.392871e+16,8.800627e+13,6.150502e-04,2.852273e-07,1.968886e-03,3.791876e-07,3.075251e-04,1.426136e-07,1.968886e-03,3.791876e-07,9.742349e+02,0.000000e+00,-1.812024e+01,0.000000e+00
L-026749,2,-1,2023/08/31 12:40:51,1370,YF_2/3_D4_E3-1_tech3,230807-T1-36,1-36,920,nL, ,H2O,0,2.896219e+01,1.549194e-03,5.283745e+16,1.178287e+14,6.314924e-04,3.034104e-07,1.968388e-03,3.811777e-07,3.157462e-04,1.517052e-07,1.968388e-03,3.811777e-07,1.027012e+03,0.000000e+00,-1.836878e+01,0.000000e+00
L-026749,3,0,2023/08/31 12:42:52,1371,YF_2/3_D4_E3-1_tech3,230807-T1-36,1-36,920,nL, ,H2O,0,2.896170e+01,1.536705e-03,5.337117e+16,1.181918e+14,6.385605e-04,2.862279e-07,1.968459e-03,3.534081e-07,3.192803e-04,1.431140e-07,1.968459e-03,3.534081e-07,1.049700e+03,0.000000e+00,-1.833328e+01,0.000000e+00
L-026749,4,0,2023/08/31 12:44:53,1372,YF_2/3_D4_E3-1_tech3,230807-T1-36,1-36,920,nL, ,H2O,0,2.896031e+01,1.409781e-03,5.288833e+16,1.083349e+14,6.409672e-04,2.181229e-07,1.968511e-03,3.918192e-07,3.204836e-04,1.090614e-07,1.968511e-03,3.918192e-07,1.057425e+03,0.000000e+00,-1.830739e+01,0.000000e+00
L-026749,5,0,2023/08/31 12:46:54,1373,YF_2/3_D4_E3-1_tech3,230807-T1-36,1-36,920,nL, ,H2O,0,2.895560e+01,1.426306e-03,5.309938e+16,1.237089e+14,6.434077e-04,2.258494e-07,1.968986e-03,2.888633e-07,3.217038e-04,1.129247e-07,1.968986e-03,2.888633e-07,1.065259e+03,0.000000e+00,-1.807022e+01,0.000000e+00
L-026749,6,0,2023/08/31 12:48:55,1374,YF_2/3_D4_E3-1_tech3,230807-T1-36,1-36,920,nL, ,H2O,0,2.894990e+01,1.352326e-03,5.306898e+16,1.446867e+14,6.449630e-04,2.124265e-07,1.969318e-03,3.587680e-07,3.224815e-04,1.062132e-07,1.969318e-03,3.587680e-07,1.070251e+03,0.000000e+00,-1.790474e+01,0.000000e+00
L-026749,7,0,2023/08/31 12:50:57,1375,YF_2/3_D4_E3-1_tech3,230807-T1-36,1-36,920,nL, ,H2O,0,2.894373e+01,1.457257e-03,5.196461e+16,1.074009e+14,6.452438e-04,2.230807e-07,1.969203e-03,3.538723e-07,3.226219e-04,1.115403e-07,1.969203e-03,3.538723e-07,1.071152e+03,0.000000e+00,-1.796211e+01,0.000000e+00
L-026749,8,0,2023/08/31 12:52:59,1376,YF_2/3_D4_E3-1_tech3,230807-T1-36,1-36,920,nL, ,H2O,0,2.894033e+01,1.296797e-03,5.207980e+16,1.416285e+14,6.455338e-04,2.075615e-07,1.968908e-03,3.250391e-07,3.227669e-04,1.037808e-07,1.968908e-03,3.250391e-07,1.072084e+03,0.000000e+00,-1.810909e+01,0.000000e+00
L-026750,1,-1,2023/08/31 12:55:00,1377,BlaJ-0166_D4_treatment_tech3,230807-T3-42,3-42,920,nL, ,H2O,0,2.894018e+01,1.207171e-03,5.107911e+16,1.145324e+14,5.955745e-04,3.446812e-07,1.969070e-03,4.948811e-07,2.977872e-04,1.723406e-07,1.969070e-03,4.948811e-07,9.117203e+02,0.000000e+00,-1.802852e+01,0.000000e+00
L-026750,2,-1,2023/08/31 12:57:01,1378,BlaJ-0166_D4_treatment_tech3,230807-T3-42,3-42,920,nL, ,H2O,0,2.894119e+01,1.508853e-03,5.221415e+16,1.122650e+14,5.756543e-04,2.887054e-07,1.969280e-03,3.934049e-07,2.878272e-04,1.443527e-07,1.969280e-03,3.934049e-07,8.477789e+02,0.000000e+00,-1.792356e+01,0.000000e+00
L-026750,3,0,2023/08/31 12:59:02,1379,BlaJ-0166_D4_treatment_tech3,230807-T3-42,3-42,920,nL, ,H2O,0,2.894153e+01,1.524738e-03,5.258317e+16,8.739287e+13,5.663605e-04,2.361911e-07,1.969254e-03,4.177604e-07,2.831803e-04,1.180955e-07,1.969254e-03,4.177604e-07,8.179471e+02,0.000000e+00,-1.793677e+01,0.000000e+00
L-026750,4,0,2023/08/31 13:01:03,1380,BlaJ-0166_D4_treatment_tech3,230807-T3-42,3-42,920,nL, ,H2O,0,2.894126e+01,1.347816e-03,5.265442e+16,1.229598e+14,5.616538e-04,2.574633e-07,1.969515e-03,4.068977e-07,2.808269e-04,1.287316e-07,1.969515e-03,4.068977e-07,8.028390e+02,0.000000e+00,-1.780637e+01,0.000000e+00
L-026750,5,0,2023/08/31 13:03:04,1381,BlaJ-0166_D4_treatment_tech3,230807-T3-42,3-42,920,nL, ,H2O,0,2.894139e+01,1.567017e-03,5.271691e+16,1.354673e+14,5.594103e-04,2.015447e-07,1.969236e-03,3.277820e-07,2.797052e-04,1.007724e-07,1.969236e-03,3.277820e-07,7.956377e+02,0.000000e+00,-1.794553e+01,0.000000e+00
L-026750,6,0,2023/08/31 13:05:05,1382,BlaJ-0166_D4_treatment_tech3,230807-T3-42,3-42,920,nL, ,H2O,0,2.894065e+01,1.260770e-03,5.272361e+16,1.121461e+14,5.581562e-04,1.885824e-07,1.969644e-03,5.118902e-07,2.790781e-04,9.429120e-08,1.969644e-03,5.118902e-07,7.916122e+02,0.000000e+00,-1.774248e+01,0.000000e+00
L-026750,7,0,2023/08/31 13:07:06,1383,BlaJ-0166_D4_treatment_tech3,230807-T3-42,3-42,920,nL, ,H2O,0,2.893650e+01,1.396941e-03,5.165671e+16,7.798099e+13,5.568020e-04,1.732855e-07,1.969408e-03,5.084473e-07,2.784010e-04,8.664275e-08,1.969408e-03,5.084473e-07,7.872654e+02,0.000000e+00,-1.786014e+01,0.000000e+00
L-026750,8,0,2023/08/31 13:09:07,1384,BlaJ-0166_D4_treatment_tech3,230807-T3-42,3-42,920,nL, ,H2O,0,2.893320e+01,1.328457e-03,5.196760e+16,1.074453e+14,5.569663e-04,1.813829e-07,1.969785e-03,3.271604e-07,2.784831e-04,9.069144e-08,1.969785e-03,3.271604e-07,7.877927e+02,0.000000e+00,-1.767171e+01,0.000000e+00
L-026751,1,-1,2023/08/31 13:11:08,1385,BlaJ-0174_D16_treatment_tech2,230807-T3-14,3-14,920,nL, ,H2O,0,2.892967e+01,1.496763e-03,5.104127e+16,1.001300e+14,5.861486e-04,3.068066e-07,1.971136e-03,3.847775e-07,2.930743e-04,1.534033e-07,1.971136e-03,3.847775e-07,8.814644e+02,0.000000e+00,-1.699801e+01,0.000000e+00
L-026751,2,-1,2023/08/31 13:13:09,1386,BlaJ-0174_D16_treatment_tech2,230807-T3-14,3-14,920,nL, ,H2O,0,2.893372e+01,1.402342e-03,5.213738e+16,1.000144e+14,5.996653e-04,2.340575e-07,1.972431e-03,4.170628e-07,2.998327e-04,1.170287e-07,1.972431e-03,4.170628e-07,9.248513e+02,0.000000e+00,-1.635243e+01,0.000000e+00
L-026751,3,0,2023/08/31 13:15:10,1387,BlaJ-0174_D16_treatment_tech2,230807-T3-14,3-14,920,nL, ,H2O,0,2.893675e+01,1.470490e-03,5.229942e+16,9.162778e+13,6.046724e-04,1.920258e-07,1.972638e-03,4.420265e-07,3.023362e-04,9.601290e-08,1.972638e-03,4.420265e-07,9.409234e+02,0.000000e+00,-1.624923e+01,0.000000e+00
L-026751,4,0,2023/08/31 13:17:11,1388,BlaJ-0174_D16_treatment_tech2,230807-T3-14,3-14,920,nL, ,H2O,0,2.893387e+01,1.364432e-03,5.250826e+16,1.000294e+14,6.075931e-04,2.199584e-07,1.973126e-03,3.804175e-07,3.037966e-04,1.099792e-07,1.973126e-03,3.804175e-07,9.502986e+02,0.000000e+00,-1.600589e+01,0.000000e+00
L-026751,5,0,2023/08/31 13:19:12,1389,BlaJ-0174_D16_treatment_tech2,230807-T3-14,3-14,920,nL, ,H2O,0,2.892718e+01,1.141587e-03,5.206262e+16,1.114672e+14,6.087779e-04,2.522587e-07,1.973042e-03,4.563958e-07,3.043889e-04,1.261293e-07,1.973042e-03,4.563958e-07,9.541015e+02,0.000000e+00,-1.604771e+01,0.000000e+00
L-026751,6,0,2023/08/31 13:21:13,1390,BlaJ-0174_D16_treatment_tech2,230807-T3-14,3-14,920,nL, ,H2O,0,2.892827e+01,1.451291e-03,5.186602e+16,8.155354e+13,6.099528e-04,2.334517e-07,1.973065e-03,4.405941e-07,3.049764e-04,1.167259e-07,1.973065e-03,4.405941e-07,9.578729e+02,0.000000e+00,-1.603634e+01,0.000000e+00
L-026751,7,0,2023/08/31 13:23:14,1391,BlaJ-0174_D16_treatment_tech2,230807-T3-14,3-14,920,nL, ,H2O,0,2.893399e+01,1.601548e-03,5.220702e+16,1.042646e+14,6.097333e-04,2.308671e-07,1.972520e-03,4.934688e-07,3.048667e-04,1.154335e-07,1.972520e-03,4.934688e-07,9.571683e+02,0.000000e+00,-1.630809e+01,0.000000e+00
L-026751,8,0,2023/08/31 13:25:15,1392,BlaJ-0174_D16_treatment_tech2,230807-T3-14,3-14,920,nL, ,H2O,0,2.894235e+01,1.331432e-03,5.222798e+16,1.173105e+14,6.109306e-04,2.199660e-07,1.972654e-03,3.784976e-07,3.054653e-04,1.099830e-07,1.972654e-03,3.784976e-07,9.610114e+02,0.000000e+00,-1.624127e+01,0.000000e+00
L-026752,1,-1,2023/08/31 13:27:16,1393,YF_2/3_D32_E4-1_tech2,230807-T1-26,1-26,920,nL, ,H2O,0,2.894726e+01,1.373711e-03,5.354345e+16,1.306718e+14,6.464560e-04,3.843394e-07,1.970316e-03,3.328893e-07,3.232280e-04,1.921697e-07,1.970316e-03,3.328893e-07,1.075043e+03,0.000000e+00,-1.740717e+01,0.000000e+00
L-026752,2,-1,2023/08/31 13:29:17,1394,YF_2/3_D32_E4-1_tech2,230807-T1-26,1-26,920,nL, ,H2O,0,2.894684e+01,1.509392e-03,4.888630e+16,1.146375e+15,6.515031e-04,8.360163e-07,1.966525e-03,4.573289e-07,3.257516e-04,4.180081e-07,1.966525e-03,4.573289e-07,1.091244e+03,0.000000e+00,-1.929784e+01,0.000000e+00
L-026752,3,0,2023/08/31 13:31:18,1395,YF_2/3_D32_E4-1_tech2,230807-T1-26,1-26,920,nL, ,H2O,0,2.894195e+01,1.360335e-03,5.416107e+16,1.154465e+14,6.722491e-04,2.969145e-07,1.970301e-03,3.675515e-07,3.361245e-04,1.484572e-07,1.970301e-03,3.675515e-07,1.157836e+03,0.000000e+00,-1.741467e+01,0.000000e+00
L-026752,4,0,2023/08/31 13:33:19,1396,YF_2/3_D32_E4-1_tech2,230807-T1-26,1-26,920,nL, ,H2O,0,2.893468e+01,1.380348e-03,5.370845e+16,1.090012e+14,6.731682e-04,1.947837e-07,1.969410e-03,3.760277e-07,3.365841e-04,9.739185e-08,1.969410e-03,3.760277e-07,1.160787e+03,0.000000e+00,-1.785875e+01,0.000000e+00
L-026752,5,0,2023/08/31 13:35:20,1397,YF_2/3_D32_E4-1_tech2,230807-T1-26,1-26,920,nL, ,H2O,0,2.893268e+01,1.525369e-03,5.234670e+16,8.313673e+14,6.703613e-04,1.475462e-06,1.967580e-03,7.857971e-07,3.351807e-04,7.377311e-07,1.967580e-03,7.857971e-07,1.151777e+03,0.000000e+00,-1.877135e+01,0.000000e+00
L-026752,6,0,2023/08/31 13:37:21,1398,YF_2/3_D32_E4-1_tech2,230807-T1-26,1-26,920,nL, ,H2O,0,2.893317e+01,1.365968e-03,5.329284e+16,1.198310e+14,6.767047e-04,2.457536e-07,1.969172e-03,2.864598e-07,3.383523e-04,1.228768e-07,1.969172e-03,2.864598e-07,1.172138e+03,0.000000e+00,-1.797755e+01,0.000000e+00
L-026752,7,0,2023/08/31 13:39:22,1399,YF_2/3_D32_E4-1_tech2,230807-T1-26,1-26,920,nL, ,H2O,0,2.892901e+01,1.419577e-03,5.315076e+16,1.436963e+14,6.763277e-04,2.056435e-07,1.969130e-03,4.900250e-07,3.381638e-04,1.028218e-07,1.969130e-03,4.900250e-07,1.170928e+03,0.000000e+00,-1.799881e+01,0.000000e+00
L-026752,8,0,2023/08/31 13:41:23,1400,YF_2/3_D32_E4-1_tech2,230807-T1-26,1-26,920,nL, ,H2O,0,2.892102e+01,1.488965e-03,5.350246e+16,9.884666e+13,6.757149e-04,3.180576e-07,1.969107e-03,3.860933e-07,3.378575e-04,1.590288e-07,1.969107e-03,3.860933e-07,1.168961e+03,0.000000e+00,-1.800982e+01,0.000000e+00
L-026753,1,-1,2023/08/31 13:43:24,1401,Curve_1_std_5,230807-T4-38,4-38,920,nL, ,H2O,0,2.891526e+01,1.662023e-03,5.284001e+16,1.328804e+14,6.217720e-04,3.773311e-07,1.968973e-03,5.053275e-07,3.108860e-04,1.886655e-07,1.968973e-03,5.053275e-07,9.958111e+02,0.000000e+00,-1.807710e+01,0.000000e+00
L-026753,2,-1,2023/08/31 13:45:25,1402,Curve_1_std_5,230807-T4-38,4-38,920,nL, ,H2O,0,2.891678e+01,1.259052e-03,5.262329e+16,7.846029e+13,5.978625e-04,3.588861e-07,1.968588e-03,3.604851e-07,2.989312e-04,1.794430e-07,1.968588e-03,3.604851e-07,9.190644e+02,0.000000e+00,-1.826903e+01,0.000000e+00
L-026753,3,0,2023/08/31 13:47:26,1403,Curve_1_std_5,230807-T4-38,4-38,920,nL, ,H2O,0,2.892060e+01,1.380789e-03,5.272609e+16,9.314302e+13,5.879926e-04,2.500871e-07,1.969075e-03,4.697598e-07,2.939963e-04,1.250436e-07,1.969075e-03,4.697598e-07,8.873832e+02,0.000000e+00,-1.802585e+01,0.000000e+00
L-026753,4,0,2023/08/31 13:49:27,1404,Curve_1_std_5,230807-T4-38,4-38,920,nL, ,H2O,0,2.891782e+01,1.248441e-03,5.267875e+16,9.370859e+13,5.825285e-04,2.244155e-07,1.969143e-03,3.492813e-07,2.912642e-04,1.122078e-07,1.969143e-03,3.492813e-07,8.698442e+02,0.000000e+00,-1.799203e+01,0.000000e+00
L-026753,5,0,2023/08/31 13:51:28,1405,Curve_1_std_5,230807-T4-38,4-38,920,nL, ,H2O,0,2.891114e+01,1.453078e-03,5.273612e+16,1.397295e+14,5.793259e-04,2.358905e-07,1.969209e-03,4.588385e-07,2.896630e-04,1.179453e-07,1.969209e-03,4.588385e-07,8.595643e+02,0.000000e+00,-1.795939e+01,0.000000e+00
L-026753,6,0,2023/08/31 13:53:29,1406,Curve_1_std_5,230807-T4-38,4-38,920,nL, ,H2O,0,2.890302e+01,1.536989e-03,5.270426e+16,1.080708e+14,5.781244e-04,2.685229e-07,1.969148e-03,5.498213e-07,2.890622e-04,1.342615e-07,1.969148e-03,5.498213e-07,8.557075e+02,0.000000e+00,-1.798947e+01,0.000000e+00
L-026753,7,0,2023/08/31 13:55:30,1407,Curve_1_std_5,230807-T4-38,4-38,920,nL, ,H2O,0,2.890279e+01,1.423539e-03,5.255300e+16,1.036374e+14,5.773803e-04,2.319046e-07,1.969072e-03,2.873466e-07,2.886902e-04,1.159523e-07,1.969072e-03,2.873466e-07,8.533192e+02,0.000000e+00,-1.802751e+01,0.000000e+00
L-026753,8,0,2023/08/31 13:57:31,1408,Curve_1_std_5,230807-T4-38,4-38,920,nL, ,H2O,0,2.890444e+01,1.697330e-03,5.166843e+16,9.689650e+13,5.766250e-04,1.688804e-07,1.968857e-03,3.473420e-07,2.883125e-04,8.444018e-08,1.968857e-03,3.473420e-07,8.508947e+02,0.000000e+00,-1.813479e+01,0.000000e+00
L-026754,1,-1,2023/08/31 13:59:32,1409,BlaJ-0179_D2_saline_tech1,230807-T2-46,2-46,920,nL, ,H2O,0,2.890235e+01,1.491201e-03,5.061597e+16,6.545645e+14,5.682961e-04,6.145144e-07,1.968886e-03,4.280510e-07,2.841481e-04,3.072572e-07,1.968886e-03,4.280510e-07,8.241601e+02,0.000000e+00,-1.812020e+01,0.000000e+00
L-026754,2,-1,2023/08/31 14:01:33,1410,BlaJ-0179_D2_saline_tech1,230807-T2-46,2-46,920,nL, ,H2O,0,2.889396e+01,1.307387e-03,5.254878e+16,1.001677e+14,5.700454e-04,2.904925e-07,1.971064e-03,4.122879e-07,2.850227e-04,1.452462e-07,1.971064e-03,4.122879e-07,8.297749e+02,0.000000e+00,-1.703406e+01,0.000000e+00
L-026754,3,0,2023/08/31 14:03:34,1411,BlaJ-0179_D2_saline_tech1,230807-T2-46,2-46,920,nL, ,H2O,0,2.889238e+01,1.576923e-03,5.262819e+16,1.044089e+14,5.706308e-04,2.271293e-07,1.971822e-03,3.472994e-07,2.853154e-04,1.135646e-07,1.971822e-03,3.472994e-07,8.316540e+02,0.000000e+00,-1.665612e+01,0.000000e+00
L-026754,4,0,2023/08/31 14:05:35,1412,BlaJ-0179_D2_saline_tech1,230807-T2-46,2-46,920,nL, ,H2O,0,2.889356e+01,1.487680e-03,5.205974e+16,1.107461e+14,5.707101e-04,2.219045e-07,1.972166e-03,3.930591e-07,2.853550e-04,1.109522e-07,1.972166e-03,3.930591e-07,8.319085e+02,0.000000e+00,-1.648466e+01,0.000000e+00
L-026754,5,0,2023/08/31 14:07:36,1413,BlaJ-0179_D2_saline_tech1,230807-T2-46,2-46,920,nL, ,H2O,0,2.889194e+01,1.308188e-03,5.200001e+16,9.708740e+13,5.699872e-04,2.124690e-07,1.972118e-03,4.488017e-07,2.849936e-04,1.062345e-07,1.972118e-03,4.488017e-07,8.295883e+02,0.000000e+00,-1.650864e+01,0.000000e+00
L-026754,6,0,2023/08/31 14:09:38,1414,BlaJ-0179_D2_saline_tech1,230807-T2-46,2-46,920,nL, ,H2O,0,2.888584e+01,1.260778e-03,5.222956e+16,8.532089e+13,5.695039e-04,2.165042e-07,1.971911e-03,3.788465e-07,2.847519e-04,1.082521e-07,1.971911e-03,3.788465e-07,8.280368e+02,0.000000e+00,-1.661191e+01,0.000000e+00
L-026754,7,0,2023/08/31 14:11:39,1415,BlaJ-0179_D2_saline_tech1,230807-T2-46,2-46,920,nL, ,H2O,0,2.888775e+01,1.631206e-03,5.155397e+16,9.621150e+13,5.694106e-04,2.286645e-07,1.971633e-03,3.880227e-07,2.847053e-04,1.143323e-07,1.971633e-03,3.880227e-07,8.277375e+02,0.000000e+00,-1.675013e+01,0.000000e+00
L-026754,8,0,2023/08/31 14:13:40,1416,BlaJ-0179_D2_saline_tech1,230807-T2-46,2-46,920,nL, ,H2O,0,2.889201e+01,1.505310e-03,5.212135e+16,8.666446e+13,5.692466e-04,2.113702e-07,1.971599e-03,3.091197e-07,2.846233e-04,1.056851e-07,1.971599e-03,3.091197e-07,8.272109e+02,0.000000e+00,-1.676752e+01,0.000000e+00
L-026755,1,-1,2023/08/31 14:15:41,1417,YM_2/3_D32_E4-1_tech2,230807-T2-14,2-14,920,nL, ,H2O,0,2.889972e+01,1.711115e-03,5.359661e+16,1.043282e+14,6.682321e-04,6.102193e-07,1.969797e-03,3.924208e-07,3.341160e-04,3.051096e-07,1.969797e-03,3.924208e-07,1.144942e+03,0.000000e+00,-1.766604e+01,0.000000e+00
L-026755,2,-1,2023/08/31 14:17:41,1418,YM_2/3_D32_E4-1_tech2,230807-T2-14,2-14,920,nL, ,H2O,0,2.889949e+01,1.501351e-03,5.368130e+16,9.942700e+13,7.100179e-04,4.210449e-07,1.969415e-03,3.444725e-07,3.550089e-04,2.105224e-07,1.969415e-03,3.444725e-07,1.279069e+03,0.000000e+00,-1.785637e+01,0.000000e+00
L-026755,3,0,2023/08/31 14:19:42,1419,YM_2/3_D32_E4-1_tech2,230807-T2-14,2-14,920,nL, ,H2O,0,2.889228e+01,1.182432e-03,5.398324e+16,1.363855e+14,7.285428e-04,3.763547e-07,1.969283e-03,3.612906e-07,3.642714e-04,1.881773e-07,1.969283e-03,3.612906e-07,1.338532e+03,0.000000e+00,-1.792214e+01,0.000000e+00
L-026755,4,0,2023/08/31 14:21:43,1420,YM_2/3_D32_E4-1_tech2,230807-T2-14,2-14,920,nL, ,H2O,0,2.888202e+01,1.229570e-03,5.399603e+16,1.076078e+14,7.371946e-04,2.734032e-07,1.969118e-03,3.448939e-07,3.685973e-04,1.367016e-07,1.969118e-03,3.448939e-07,1.366303e+03,0.000000e+00,-1.800446e+01,0.000000e+00
L-026755,5,0,2023/08/31 14:23:44,1421,YM_2/3_D32_E4-1_tech2,230807-T2-14,2-14,920,nL, ,H2O,0,2.887855e+01,1.441159e-03,5.273477e+16,8.506049e+13,7.419132e-04,3.018971e-07,1.968968e-03,3.494535e-07,3.709566e-04,1.509486e-07,1.968968e-03,3.494535e-07,1.381449e+03,0.000000e+00,-1.807928e+01,0.000000e+00
L-026755,6,0,2023/08/31 14:25:45,1422,YM_2/3_D32_E4-1_tech2,230807-T2-14,2-14,920,nL, ,H2O,0,2.888119e+01,1.483854e-03,5.329610e+16,8.919705e+13,7.441504e-04,2.403101e-07,1.968506e-03,3.583800e-07,3.720752e-04,1.201550e-07,1.968506e-03,3.583800e-07,1.388631e+03,0.000000e+00,-1.830984e+01,0.000000e+00
L-026755,7,0,2023/08/31 14:27:45,1423,YM_2/3_D32_E4-1_tech2,230807-T2-14,2-14,920,nL, ,H2O,0,2.888170e+01,1.390022e-03,4.954702e+16,8.232599e+14,7.385064e-04,8.209315e-07,1.966757e-03,5.274154e-07,3.692532e-04,4.104658e-07,1.966757e-03,5.274154e-07,1.370514e+03,0.000000e+00,-1.918182e+01,0.000000e+00
L-026755,8,0,2023/08/31 14:29:46,1424,YM_2/3_D32_E4-1_tech2,230807-T2-14,2-14,920,nL, ,H2O,0,2.887727e+01,1.389992e-03,5.314819e+16,1.112741e+14,7.489790e-04,2.337263e-07,1.969441e-03,3.944046e-07,3.744895e-04,1.168632e-07,1.969441e-03,3.944046e-07,1.404130e+03,0.000000e+00,-1.784323e+01,0.000000e+00
L-026756,1,-1,2023/08/31 14:31:47,1425,BlaJ-0172_D32_treatment_tech1,230807-T3-31,3-31,920,nL, ,H2O,0,2.887273e+01,1.261370e-03,5.104891e+16,7.067652e+13,6.796374e-04,4.913350e-07,1.971312e-03,4.200825e-07,3.398187e-04,2.456675e-07,1.971312e-03,4.200825e-07,1.181552e+03,0.000000e+00,-1.691033e+01,0.000000e+00
L-026756,2,-1,2023/08/31 14:33:48,1426,BlaJ-0172_D32_treatment_tech1,230807-T3-31,3-31,920,nL, ,H2O,0,2.887356e+01,1.325588e-03,5.176950e+16,9.702789e+13,6.515193e-04,2.743026e-07,1.972175e-03,3.675906e-07,3.257596e-04,1.371513e-07,1.972175e-03,3.675906e-07,1.091296e+03,0.000000e+00,-1.647992e+01,0.000000e+00
L-026756,3,0,2023/08/31 14:35:49,1427,BlaJ-0172_D32_treatment_tech1,230807-T3-31,3-31,920,nL, ,H2O,0,2.887659e+01,1.578112e-03,5.226149e+16,1.038332e+14,6.382834e-04,2.978224e-07,1.972207e-03,3.567939e-07,3.191417e-04,1.489112e-07,1.972207e-03,3.567939e-07,1.048810e+03,0.000000e+00,-1.646427e+01,0.000000e+00
L-026756,4,0,2023/08/31 14:37:50,1428,BlaJ-0172_D32_treatment_tech1,230807-T3-31,3-31,920,nL, ,H2O,0,2.887590e+01,1.351991e-03,5.244689e+16,1.072535e+14,6.327560e-04,2.978377e-07,1.972787e-03,3.608789e-07,3.163780e-04,1.489189e-07,1.972787e-03,3.608789e-07,1.031068e+03,0.000000e+00,-1.617502e+01,0.000000e+00
L-026756,5,0,2023/08/31 14:39:51,1429,BlaJ-0172_D32_treatment_tech1,230807-T3-31,3-31,920,nL, ,H2O,0,2.886847e+01,1.377855e-03,4.860695e+16,9.139099e+14,6.221048e-04,6.458004e-07,1.970542e-03,4.734718e-07,3.110524e-04,3.229002e-07,1.970542e-03,4.734718e-07,9.968791e+02,0.000000e+00,-1.729464e+01,0.000000e+00
L-026756,6,0,2023/08/31 14:41:52,1430,BlaJ-0172_D32_treatment_tech1,230807-T3-31,3-31,920,nL, ,H2O,0,2.886373e+01,1.420940e-03,5.241004e+16,1.376716e+14,6.298078e-04,2.481041e-07,1.973871e-03,4.985585e-07,3.149039e-04,1.240520e-07,1.973871e-03,4.985585e-07,1.021605e+03,0.000000e+00,-1.563440e+01,0.000000e+00
L-026756,7,0,2023/08/31 14:43:53,1431,BlaJ-0172_D32_treatment_tech1,230807-T3-31,3-31,920,nL, ,H2O,0,2.886284e+01,1.268178e-03,5.235184e+16,1.338590e+14,6.279022e-04,2.734374e-07,1.973207e-03,4.339875e-07,3.139511e-04,1.367187e-07,1.973207e-03,4.339875e-07,1.015488e+03,0.000000e+00,-1.596532e+01,0.000000e+00
L-026756,8,0,2023/08/31 14:45:54,1432,BlaJ-0172_D32_treatment_tech1,230807-T3-31,3-31,920,nL, ,H2O,0,2.886252e+01,1.435523e-03,5.239551e+16,1.016162e+14,6.265971e-04,3.088063e-07,1.973184e-03,4.641242e-07,3.132985e-04,1.544031e-07,1.973184e-03,4.641242e-07,1.011299e+03,0.000000e+00,-1.597687e+01,0.000000e+00
L-026757,1,-1,2023/08/31 14:47:55,1433,BlaJ-0174_D16_treatment_tech3,230807-T3-15,3-15,920,nL, ,H2O,0,2.885852e+01,1.405651e-03,5.239674e+16,1.238699e+14,6.222361e-04,2.362087e-07,1.971226e-03,3.407564e-07,3.111181e-04,1.181043e-07,1.971226e-03,3.407564e-07,9.973007e+02,0.000000e+00,-1.695351e+01,0.000000e+00
L-026757,2,-1,2023/08/31 14:49:56,1434,BlaJ-0174_D16_treatment_tech3,230807-T3-15,3-15,920,nL, ,H2O,0,2.885866e+01,1.320477e-03,5.238486e+16,1.071605e+14,6.203930e-04,2.229436e-07,1.970210e-03,3.423020e-07,3.101965e-04,1.114718e-07,1.970210e-03,3.423020e-07,9.913845e+02,0.000000e+00,-1.745981e+01,0.000000e+00
L-026757,3,0,2023/08/31 14:51:57,1435,BlaJ-0174_D16_treatment_tech3,230807-T3-15,3-15,920,nL, ,H2O,0,2.886122e+01,1.393325e-03,5.237250e+16,8.636266e+13,6.195331e-04,2.442229e-07,1.969762e-03,3.612459e-07,3.097665e-04,1.221114e-07,1.969762e-03,3.612459e-07,9.886243e+02,0.000000e+00,-1.768318e+01,0.000000e+00
L-026757,4,0,2023/08/31 14:53:57,1436,BlaJ-0174_D16_treatment_tech3,230807-T3-15,3-15,920,nL, ,H2O,0,2.886547e+01,1.620474e-03,5.231022e+16,8.340329e+13,6.188735e-04,2.548745e-07,1.969653e-03,4.865365e-07,3.094367e-04,1.274372e-07,1.969653e-03,4.865365e-07,9.865071e+02,0.000000e+00,-1.773772e+01,0.000000e+00
L-026757,5,0,2023/08/31 14:55:58,1437,BlaJ-0174_D16_treatment_tech3,230807-T3-15,3-15,920,nL, ,H2O,0,2.886631e+01,1.475816e-03,5.119415e+16,1.069106e+14,6.185128e-04,2.206186e-07,1.969484e-03,3.643738e-07,3.092564e-04,1.103093e-07,1.969484e-03,3.643738e-07,9.853493e+02,0.000000e+00,-1.782187e+01,0.000000e+00
L-026757,6,0,2023/08/31 14:57:59,1438,BlaJ-0174_D16_treatment_tech3,230807-T3-15,3-15,920,nL, ,H2O,0,2.886478e+01,1.468803e-03,5.191396e+16,1.280219e+14,6.164350e-04,1.854855e-07,1.968732e-03,3.775755e-07,3.082175e-04,9.274273e-08,1.968732e-03,3.775755e-07,9.786799e+02,0.000000e+00,-1.819686e+01,0.000000e+00
L-026757,7,0,2023/08/31 15:00:00,1439,BlaJ-0174_D16_treatment_tech3,230807-T3-15,3-15,920,nL, ,H2O,0,2.886351e+01,1.004192e-03,5.224616e+16,9.823135e+13,6.190449e-04,2.070359e-07,1.970132e-03,5.904058e-07,3.095225e-04,1.035179e-07,1.970132e-03,5.904058e-07,9.870574e+02,0.000000e+00,-1.749910e+01,0.000000e+00
L-026757,8,0,2023/08/31 15:02:01,1440,BlaJ-0174_D16_treatment_tech3,230807-T3-15,3-15,920,nL, ,H2O,0,2.886260e+01,1.163231e-03,4.585739e+16,1.134148e+15,6.079352e-04,6.319569e-07,1.966633e-03,2.884629e-07,3.039676e-04,3.159784e-07,1.966633e-03,2.884629e-07,9.513967e+02,0.000000e+00,-1.924368e+01,0.000000e+00
L-026758,1,-1,2023/08/31 15:04:02,1441,BlaJ-0182_D8_saline_tech1,230807-T2-37,2-37,920,nL, ,H2O,0,2.886287e+01,1.455930e-03,5.304274e+16,8.884697e+13,6.188311e-04,1.935739e-07,1.971468e-03,5.108577e-07,3.094156e-04,9.678693e-08,1.971468e-03,5.108577e-07,9.863711e+02,0.000000e+00,-1.683242e+01,0.000000e+00
L-026758,2,-1,2023/08/31 15:06:04,1442,BlaJ-0182_D8_saline_tech1,230807-T2-37,2-37,920,nL, ,H2O,0,2.886990e+01,1.485421e-03,5.258111e+16,1.046346e+14,6.150403e-04,2.185155e-07,1.970899e-03,5.362887e-07,3.075202e-04,1.092577e-07,1.970899e-03,5.362887e-07,9.742032e+02,0.000000e+00,-1.711662e+01,0.000000e+00
L-026758,3,0,2023/08/31 15:08:05,1443,BlaJ-0182_D8_saline_tech1,230807-T2-37,2-37,920,nL, ,H2O,0,2.887383e+01,1.492451e-03,5.230077e+16,9.168333e+13,6.139174e-04,2.018269e-07,1.970734e-03,4.676852e-07,3.069587e-04,1.009135e-07,1.970734e-03,4.676852e-07,9.705987e+02,0.000000e+00,-1.719865e+01,0.000000e+00
L-026758,4,0,2023/08/31 15:10:07,1444,BlaJ-0182_D8_saline_tech1,230807-T2-37,2-37,920,nL, ,H2O,0,2.887715e+01,1.597126e-03,5.232099e+16,7.016931e+13,6.131751e-04,2.491346e-07,1.970559e-03,3.736735e-07,3.065875e-04,1.245673e-07,1.970559e-03,3.736735e-07,9.682160e+02,0.000000e+00,-1.728602e+01,0.000000e+00
L-026758,5,0,2023/08/31 15:12:08,1445,BlaJ-0182_D8_saline_tech1,230807-T2-37,2-37,920,nL, ,H2O,0,2.887609e+01,1.209722e-03,5.198028e+16,1.280405e+14,6.107323e-04,2.243257e-07,1.970016e-03,3.844010e-07,3.053661e-04,1.121628e-07,1.970016e-03,3.844010e-07,9.603749e+02,0.000000e+00,-1.755688e+01,0.000000e+00
L-026758,6,0,2023/08/31 15:14:09,1446,BlaJ-0182_D8_saline_tech1,230807-T2-37,2-37,920,nL, ,H2O,0,2.887332e+01,1.528706e-03,4.993534e+16,8.409936e+14,6.077081e-04,8.762857e-07,1.969071e-03,4.514230e-07,3.038540e-04,4.381428e-07,1.969071e-03,4.514230e-07,9.506675e+02,0.000000e+00,-1.802782e+01,0.000000e+00
L-026758,7,0,2023/08/31 15:16:11,1447,BlaJ-0182_D8_saline_tech1,230807-T2-37,2-37,920,nL, ,H2O,0,2.887243e+01,1.378764e-03,5.239999e+16,9.557276e+13,6.135333e-04,2.684903e-07,1.971182e-03,3.751152e-07,3.067667e-04,1.342452e-07,1.971182e-03,3.751152e-07,9.693659e+02,0.000000e+00,-1.697524e+01,0.000000e+00
L-026758,8,0,2023/08/31 15:18:13,1448,BlaJ-0182_D8_saline_tech1,230807-T2-37,2-37,920,nL, ,H2O,0,2.887528e+01,1.516553e-03,5.175562e+16,1.093658e+14,6.116261e-04,2.105644e-07,1.970266e-03,3.998591e-07,3.058131e-04,1.052822e-07,1.970266e-03,3.998591e-07,9.632439e+02,0.000000e+00,-1.743208e+01,0.000000e+00
L-026759,1,-1,2023/08/31 15:20:14,1449,YM_2/3_D2_E3-1_tech3,230807-T2-12,2-12,920,nL, ,H2O,0,2.887796e+01,1.451263e-03,5.252761e+16,8.625929e+13,6.385123e-04,2.676899e-07,1.969913e-03,4.202714e-07,3.192561e-04,1.338449e-07,1.969913e-03,4.202714e-07,1.049545e+03,0.000000e+00,-1.760816e+01,0.000000e+00
L-026759,2,-1,2023/08/31 15:22:15,1450,YM_2/3_D2_E3-1_tech3,230807-T2-12,2-12,920,nL, ,H2O,0,2.887818e+01,1.497759e-03,4.912573e+16,9.218523e+14,6.389549e-04,7.670071e-07,1.966974e-03,4.243903e-07,3.194774e-04,3.835036e-07,1.966974e-03,4.243903e-07,1.050966e+03,0.000000e+00,-1.907375e+01,0.000000e+00
L-026759,3,0,2023/08/31 15:24:16,1451,YM_2/3_D2_E3-1_tech3,230807-T2-12,2-12,920,nL, ,H2O,0,2.887666e+01,1.400526e-03,5.452752e+16,1.000304e+14,6.550830e-04,2.476815e-07,1.970858e-03,3.244157e-07,3.275415e-04,1.238407e-07,1.970858e-03,3.244157e-07,1.102735e+03,0.000000e+00,-1.713681e+01,0.000000e+00
L-026759,4,0,2023/08/31 15:26:17,1452,YM_2/3_D2_E3-1_tech3,230807-T2-12,2-12,920,nL, ,H2O,0,2.886884e+01,1.389461e-03,5.351689e+16,1.327336e+14,6.549365e-04,2.420373e-07,1.970412e-03,4.664579e-07,3.274683e-04,1.210186e-07,1.970412e-03,4.664579e-07,1.102265e+03,0.000000e+00,-1.735902e+01,0.000000e+00
L-026759,5,0,2023/08/31 15:28:18,1453,YM_2/3_D2_E3-1_tech3,230807-T2-12,2-12,920,nL, ,H2O,0,2.886513e+01,1.453766e-03,5.227102e+16,1.343200e+14,6.550852e-04,2.328668e-07,1.969909e-03,3.084611e-07,3.275426e-04,1.164334e-07,1.969909e-03,3.084611e-07,1.102742e+03,0.000000e+00,-1.761025e+01,0.000000e+00
L-026759,6,0,2023/08/31 15:30:19,1454,YM_2/3_D2_E3-1_tech3,230807-T2-12,2-12,920,nL, ,H2O,0,2.886567e+01,1.867020e-03,4.712654e+16,1.622213e+15,6.453809e-04,1.392425e-06,1.966726e-03,5.212558e-07,3.226905e-04,6.962123e-07,1.966726e-03,5.212558e-07,1.071593e+03,0.000000e+00,-1.919746e+01,0.000000e+00
L-026759,7,0,2023/08/31 15:32:20,1455,YM_2/3_D2_E3-1_tech3,230807-T2-12,2-12,920,nL, ,H2O,0,2.886970e+01,1.511146e-03,5.128162e+16,8.689447e+13,6.568231e-04,2.936728e-07,1.969855e-03,3.385472e-07,3.284116e-04,1.468364e-07,1.969855e-03,3.385472e-07,1.108321e+03,0.000000e+00,-1.763707e+01,0.000000e+00
L-026759,8,0,2023/08/31 15:34:21,1456,YM_2/3_D2_E3-1_tech3,230807-T2-12,2-12,920,nL, ,H2O,0,2.886982e+01,1.280927e-03,5.224737e+16,8.241396e+13,6.561981e-04,2.252994e-07,1.969740e-03,3.565394e-07,3.280990e-04,1.126497e-07,1.969740e-03,3.565394e-07,1.106314e+03,0.000000e+00,-1.769447e+01,0.000000e+00
L-026760,1,-1,2023/08/31 15:36:22,1457,Curve_1_std_7,230807-T4-40,4-40,920,nL, ,H2O,0,2.886297e+01,1.337587e-03,5.251077e+16,9.419929e+13,8.494921e-04,1.056949e-06,1.969841e-03,3.954936e-07,4.247461e-04,5.284744e-07,1.969841e-03,3.954936e-07,1.726764e+03,0.000000e+00,-1.764407e+01,0.000000e+00
L-026760,2,-1,2023/08/31 15:38:23,1458,Curve_1_std_7,230807-T4-40,4-40,920,nL, ,H2O,0,2.885948e+01,1.369168e-03,5.258182e+16,1.279821e+14,9.317757e-04,8.924399e-07,1.969292e-03,4.772236e-07,4.658879e-04,4.462199e-07,1.969292e-03,4.772236e-07,1.990884e+03,0.000000e+00,-1.791788e+01,0.000000e+00
L-026760,3,0,2023/08/31 15:40:24,1459,Curve_1_std_7,230807-T4-40,4-40,920,nL, ,H2O,0,2.886267e+01,1.326991e-03,5.251478e+16,1.235702e+14,9.732101e-04,8.166062e-07,1.969681e-03,4.274480e-07,4.866050e-04,4.083031e-07,1.969681e-03,4.274480e-07,2.123884e+03,0.000000e+00,-1.772404e+01,0.000000e+00
L-026760,4,0,2023/08/31 15:42:25,1460,Curve_1_std_7,230807-T4-40,4-40,920,nL, ,H2O,0,2.886675e+01,1.194842e-03,5.252353e+16,1.165580e+14,9.917215e-04,5.736445e-07,1.969712e-03,4.748088e-07,4.958608e-04,2.868222e-07,1.969712e-03,4.748088e-07,2.183303e+03,0.000000e+00,-1.770842e+01,0.000000e+00
L-026760,5,0,2023/08/31 15:44:26,1461,Curve_1_std_7,230807-T4-40,4-40,920,nL, ,H2O,0,2.886319e+01,1.399663e-03,5.095029e+16,1.185428e+14,1.000854e-03,4.398504e-07,1.969510e-03,2.459227e-07,5.004271e-04,2.199252e-07,1.969510e-03,2.459227e-07,2.212618e+03,0.000000e+00,-1.780896e+01,0.000000e+00
L-026760,6,0,2023/08/31 15:46:27,1462,Curve_1_std_7,230807-T4-40,4-40,920,nL, ,H2O,0,2.886606e+01,1.431583e-03,5.182801e+16,8.492800e+13,1.005866e-03,4.322301e-07,1.969332e-03,4.204861e-07,5.029331e-04,2.161151e-07,1.969332e-03,4.204861e-07,2.228706e+03,0.000000e+00,-1.789781e+01,0.000000e+00
L-026760,7,0,2023/08/31 15:48:28,1463,Curve_1_std_7,230807-T4-40,4-40,920,nL, ,H2O,0,2.886840e+01,1.067668e-03,5.053831e+16,8.146178e+14,1.000689e-03,1.245151e-06,1.967813e-03,5.885068e-07,5.003444e-04,6.225755e-07,1.967813e-03,5.885068e-07,2.212087e+03,0.000000e+00,-1.865515e+01,0.000000e+00
L-026760,8,0,2023/08/31 15:50:30,1464,Curve_1_std_7,230807-T4-40,4-40,920,nL, ,H2O,0,2.886609e+01,1.202437e-03,5.253539e+16,8.457097e+13,1.014012e-03,3.411371e-07,1.970361e-03,3.958614e-07,5.070059e-04,1.705685e-07,1.970361e-03,3.958614e-07,2.254852e+03,0.000000e+00,-1.738476e+01,0.000000e+00
L-026761,1,-1,2023/08/31 15:52:31,1465,YF_2/3_D1_E3-1_tech3,230807-T1-12,1-12,920,nL, ,H2O,0,2.886137e+01,1.176726e-03,5.274467e+16,9.587432e+13,7.799245e-04,1.111200e-06,1.969934e-03,3.867087e-07,3.899623e-04,5.555998e-07,1.969934e-03,3.867087e-07,1.503461e+03,0.000000e+00,-1.759747e+01,0.000000e+00
L-026761,2,-1,2023/08/31 15:54:33,1466,YF_2/3_D1_E3-1_tech3,230807-T1-12,1-12,920,nL, ,H2O,0,2.886402e+01,1.620491e-03,5.307218e+16,1.109219e+14,6.852400e-04,9.045952e-07,1.969828e-03,4.559072e-07,3.426200e-04,4.522976e-07,1.969828e-03,4.559072e-07,1.199536e+03,0.000000e+00,-1.765038e+01,0.000000e+00
L-026761,3,0,2023/08/31 15:56:35,1467,YF_2/3_D1_E3-1_tech3,230807-T1-12,1-12,920,nL, ,H2O,0,2.886759e+01,1.512170e-03,5.184369e+16,1.117360e+14,6.412538e-04,6.357852e-07,1.969722e-03,2.688541e-07,3.206269e-04,3.178926e-07,1.969722e-03,2.688541e-07,1.058345e+03,0.000000e+00,-1.770328e+01,0.000000e+00
L-026761,4,0,2023/08/31 15:58:36,1468,YF_2/3_D1_E3-1_tech3,230807-T1-12,1-12,920,nL, ,H2O,0,2.886788e+01,1.521085e-03,5.287165e+16,9.124848e+13,6.214546e-04,4.366352e-07,1.969824e-03,3.607877e-07,3.107273e-04,2.183176e-07,1.969824e-03,3.607877e-07,9.947923e+02,0.000000e+00,-1.765247e+01,0.000000e+00
L-026761,5,0,2023/08/31 16:00:38,1469,YF_2/3_D1_E3-1_tech3,230807-T1-12,1-12,920,nL, ,H2O,0,2.886550e+01,1.613926e-03,5.197315e+16,9.848345e+13,6.112669e-04,3.237067e-07,1.969618e-03,3.564273e-07,3.056334e-04,1.618533e-07,1.969618e-03,3.564273e-07,9.620909e+02,0.000000e+00,-1.775535e+01,0.000000e+00
L-026761,6,0,2023/08/31 16:02:40,1470,YF_2/3_D1_E3-1_tech3,230807-T1-12,1-12,920,nL, ,H2O,0,2.886923e+01,1.246379e-03,5.288032e+16,9.101677e+13,6.063354e-04,3.260261e-07,1.969666e-03,3.287547e-07,3.031677e-04,1.630130e-07,1.969666e-03,3.287547e-07,9.462613e+02,0.000000e+00,-1.773139e+01,0.000000e+00
L-026761,7,0,2023/08/31 16:04:42,1471,YF_2/3_D1_E3-1_tech3,230807-T1-12,1-12,920,nL, ,H2O,0,2.887491e+01,1.400822e-03,5.224285e+16,8.707854e+13,6.027134e-04,2.861347e-07,1.969455e-03,3.806484e-07,3.013567e-04,1.430673e-07,1.969455e-03,3.806484e-07,9.346352e+02,0.000000e+00,-1.783649e+01,0.000000e+00
L-026761,8,0,2023/08/31 16:06:44,1472,YF_2/3_D1_E3-1_tech3,230807-T1-12,1-12,920,nL, ,H2O,0,2.887356e+01,1.535206e-03,5.290287e+16,1.017145e+14,6.012766e-04,2.579200e-07,1.969795e-03,4.018011e-07,3.006383e-04,1.289600e-07,1.969795e-03,4.018011e-07,9.300233e+02,0.000000e+00,-1.766715e+01,0.000000e+00
L-026762,1,-1,2023/08/31 16:08:45,1473,BlaJ-0175_D8_treatment_tech1,230807-T3-1,3-1,920,nL, ,H2O,0,2.886746e+01,1.206515e-03,5.121181e+16,8.545089e+13,6.052043e-04,2.994060e-07,1.972006e-03,4.074408e-07,3.026021e-04,1.497030e-07,1.972006e-03,4.074408e-07,9.426307e+02,0.000000e+00,-1.656444e+01,0.000000e+00
L-026762,2,-1,2023/08/31 16:10:46,1474,BlaJ-0175_D8_treatment_tech1,230807-T3-1,3-1,920,nL, ,H2O,0,2.886471e+01,1.353204e-03,5.200221e+16,9.797070e+13,6.082796e-04,3.177073e-07,1.973384e-03,3.120961e-07,3.041398e-04,1.588536e-07,1.973384e-03,3.120961e-07,9.525020e+02,0.000000e+00,-1.587689e+01,0.000000e+00
L-026762,3,0,2023/08/31 16:12:47,1475,BlaJ-0175_D8_treatment_tech1,230807-T3-1,3-1,920,nL, ,H2O,0,2.886842e+01,1.567489e-03,5.044614e+16,2.802327e+14,6.062897e-04,4.445430e-07,1.972311e-03,5.058611e-07,3.031448e-04,2.222715e-07,1.972311e-03,5.058611e-07,9.461146e+02,0.000000e+00,-1.641199e+01,0.000000e+00
L-026762,4,0,2023/08/31 16:14:48,1476,BlaJ-0175_D8_treatment_tech1,230807-T3-1,3-1,920,nL, ,H2O,0,2.887250e+01,1.554515e-03,5.175022e+16,1.115819e+14,6.096559e-04,2.627270e-07,1.974198e-03,3.661703e-07,3.048279e-04,1.313635e-07,1.974198e-03,3.661703e-07,9.569198e+02,0.000000e+00,-1.547141e+01,0.000000e+00
L-026762,5,0,2023/08/31 16:16:49,1477,BlaJ-0175_D8_treatment_tech1,230807-T3-1,3-1,920,nL, ,H2O,0,2.886938e+01,1.314393e-03,5.228358e+16,9.192458e+13,6.091726e-04,2.412692e-07,1.974226e-03,4.072345e-07,3.045863e-04,1.206346e-07,1.974226e-03,4.072345e-07,9.553684e+02,0.000000e+00,-1.545735e+01,0.000000e+00
L-026762,6,0,2023/08/31 16:18:50,1478,BlaJ-0175_D8_treatment_tech1,230807-T3-1,3-1,920,nL, ,H2O,0,2.886864e+01,1.293836e-03,5.246543e+16,1.082105e+14,6.077340e-04,2.088490e-07,1.973496e-03,3.163761e-07,3.038670e-04,1.044245e-07,1.973496e-03,3.163761e-07,9.507507e+02,0.000000e+00,-1.582106e+01,0.000000e+00
L-026762,7,0,2023/08/31 16:20:51,1479,BlaJ-0175_D8_treatment_tech1,230807-T3-1,3-1,920,nL, ,H2O,0,2.887427e+01,1.317264e-03,5.246019e+16,9.610704e+13,6.094132e-04,2.113701e-07,1.973982e-03,4.162934e-07,3.047066e-04,1.056851e-07,1.973982e-03,4.162934e-07,9.561406e+02,0.000000e+00,-1.557867e+01,0.000000e+00
L-026762,8,0,2023/08/31 16:22:52,1480,BlaJ-0175_D8_treatment_tech1,230807-T3-1,3-1,920,nL, ,H2O,0,2.887735e+01,1.360247e-03,5.241293e+16,1.049913e+14,6.090506e-04,2.033836e-07,1.974172e-03,4.357010e-07,3.045253e-04,1.016918e-07,1.974172e-03,4.357010e-07,9.549770e+02,0.000000e+00,-1.548399e+01,0.000000e+00
L-026763,1,-1,2023/08/31 16:24:53,1481,BlaJ-0145_D0_treatment_tech1,230807-T3-49,3-49,920,nL, ,H2O,0,2.888160e+01,1.548860e-03,5.233439e+16,1.266980e+14,4.340322e-04,1.010166e-06,1.972971e-03,3.778845e-07,2.170161e-04,5.050832e-07,1.972971e-03,3.778845e-07,3.931894e+02,0.000000e+00,-1.608293e+01,0.000000e+00
L-026763,2,-1,2023/08/31 16:26:54,1482,BlaJ-0145_D0_treatment_tech1,230807-T3-49,3-49,920,nL, ,H2O,0,2.887993e+01,1.163395e-03,5.243900e+16,9.070897e+13,3.590878e-04,7.828712e-07,1.972418e-03,3.486921e-07,1.795439e-04,3.914356e-07,1.972418e-03,3.486921e-07,1.526273e+02,0.000000e+00,-1.635910e+01,0.000000e+00
L-026763,3,0,2023/08/31 16:28:55,1483,BlaJ-0145_D0_treatment_tech1,230807-T3-49,3-49,920,nL, ,H2O,0,2.887784e+01,1.340347e-03,5.255436e+16,9.697075e+13,3.237561e-04,6.776238e-07,1.971893e-03,3.529357e-07,1.618781e-04,3.388119e-07,1.971893e-03,3.529357e-07,3.921698e+01,0.000000e+00,-1.662067e+01,0.000000e+00
L-026763,4,0,2023/08/31 16:30:56,1484,BlaJ-0145_D0_treatment_tech1,230807-T3-49,3-49,920,nL, ,H2O,0,2.887900e+01,1.592502e-03,5.110260e+16,9.497390e+13,3.062573e-04,5.131459e-07,1.971746e-03,3.755321e-07,1.531286e-04,2.565729e-07,1.971746e-03,3.755321e-07,-1.695206e+01,0.000000e+00,-1.669394e+01,0.000000e+00
L-026763,5,0,2023/08/31 16:32:57,1485,BlaJ-0145_D0_treatment_tech1,230807-T3-49,3-49,920,nL, ,H2O,0,2.887649e+01,1.377873e-03,4.553778e+16,1.405197e+15,2.945357e-04,3.977765e-07,1.969303e-03,3.611172e-07,1.472679e-04,1.988882e-07,1.969303e-03,3.611172e-07,-5.457688e+01,0.000000e+00,-1.791220e+01,0.000000e+00
L-026763,6,0,2023/08/31 16:34:58,1486,BlaJ-0145_D0_treatment_tech1,230807-T3-49,3-49,920,nL, ,H2O,0,2.887277e+01,1.226226e-03,5.273207e+16,1.147986e+14,2.930802e-04,4.089715e-07,1.973030e-03,3.867698e-07,1.465401e-04,2.044858e-07,1.973030e-03,3.867698e-07,-5.924881e+01,0.000000e+00,-1.605384e+01,0.000000e+00
L-026763,7,0,2023/08/31 16:36:59,1487,BlaJ-0145_D0_treatment_tech1,230807-T3-49,3-49,920,nL, ,H2O,0,2.887302e+01,1.707512e-03,5.107803e+16,1.188178e+14,2.900142e-04,3.909428e-07,1.972176e-03,4.444723e-07,1.450071e-04,1.954714e-07,1.972176e-03,4.444723e-07,-6.909035e+01,0.000000e+00,-1.647971e+01,0.000000e+00
L-026763,8,0,2023/08/31 16:39:00,1488,BlaJ-0145_D0_treatment_tech1,230807-T3-49,3-49,920,nL, ,H2O,0,2.888072e+01,1.733054e-03,5.140960e+16,5.819873e+14,2.870023e-04,6.568465e-07,1.970925e-03,5.699960e-07,1.435011e-04,3.284232e-07,1.970925e-03,5.699960e-07,-7.875825e+01,0.000000e+00,-1.710361e+01,0.000000e+00
L-026764,1,-1,2023/08/31 16:41:01,1489,YM_2/3_D8_E3-1_tech1,230807-T2-28,2-28,920,nL, ,H2O,0,2.888608e+01,1.602308e-03,5.244700e+16,1.163818e+14,5.510337e-04,1.344370e-06,1.971154e-03,3.151618e-07,2.755168e-04,6.721849e-07,1.971154e-03,3.151618e-07,7.687497e+02,0.000000e+00,-1.698924e+01,0.000000e+00
L-026764,2,-1,2023/08/31 16:43:02,1490,YM_2/3_D8_E3-1_tech1,230807-T2-28,2-28,920,nL, ,H2O,0,2.888259e+01,1.181785e-03,5.355376e+16,1.228307e+14,6.568660e-04,1.004884e-06,1.970584e-03,4.630813e-07,3.284330e-04,5.024421e-07,1.970584e-03,4.630813e-07,1.108458e+03,0.000000e+00,-1.727335e+01,0.000000e+00
L-026764,3,0,2023/08/31 16:45:03,1491,YM_2/3_D8_E3-1_tech1,230807-T2-28,2-28,920,nL, ,H2O,0,2.888025e+01,1.367157e-03,5.374826e+16,1.275151e+14,7.060440e-04,6.739201e-07,1.970529e-03,3.642615e-07,3.530220e-04,3.369600e-07,1.970529e-03,3.642615e-07,1.266314e+03,0.000000e+00,-1.730089e+01,0.000000e+00
L-026764,4,0,2023/08/31 16:47:05,1492,YM_2/3_D8_E3-1_tech1,230807-T2-28,2-28,920,nL, ,H2O,0,2.888441e+01,1.746247e-03,5.375522e+16,1.091176e+14,7.284931e-04,4.877768e-07,1.970127e-03,3.883916e-07,3.642465e-04,2.438884e-07,1.970127e-03,3.883916e-07,1.338372e+03,0.000000e+00,-1.750139e+01,0.000000e+00
L-026764,5,0,2023/08/31 16:49:06,1493,YM_2/3_D8_E3-1_tech1,230807-T2-28,2-28,920,nL, ,H2O,0,2.889309e+01,1.873479e-03,5.218296e+16,5.113500e+14,7.346502e-04,4.078535e-07,1.968730e-03,4.300059e-07,3.673251e-04,2.039268e-07,1.968730e-03,4.300059e-07,1.358136e+03,0.000000e+00,-1.819821e+01,0.000000e+00
L-026764,6,0,2023/08/31 16:51:07,1494,YM_2/3_D8_E3-1_tech1,230807-T2-28,2-28,920,nL, ,H2O,0,2.889637e+01,1.266260e-03,5.300127e+16,8.540777e+13,7.472680e-04,3.688574e-07,1.970544e-03,4.240434e-07,3.736340e-04,1.844287e-07,1.970544e-03,4.240434e-07,1.398638e+03,0.000000e+00,-1.729340e+01,0.000000e+00
L-026764,7,0,2023/08/31 16:53:08,1495,YM_2/3_D8_E3-1_tech1,230807-T2-28,2-28,920,nL, ,H2O,0,2.889829e+01,1.409244e-03,5.162626e+16,1.177330e+14,7.494845e-04,4.083744e-07,1.970213e-03,4.184219e-07,3.747422e-04,2.041872e-07,1.970213e-03,4.184219e-07,1.405752e+03,0.000000e+00,-1.745855e+01,0.000000e+00
L-026764,8,0,2023/08/31 16:55:09,1496,YM_2/3_D8_E3-1_tech1,230807-T2-28,2-28,920,nL, ,H2O,0,2.889684e+01,1.511954e-03,5.212434e+16,1.096229e+14,7.500637e-04,2.687908e-07,1.969930e-03,3.083647e-07,3.750318e-04,1.343954e-07,1.969930e-03,3.083647e-07,1.407611e+03,0.000000e+00,-1.759968e+01,0.000000e+00
L-026765,1,-1,2023/08/31 16:57:10,1497,BlaJ-0162_D16_treatment_tech2,230807-T2-44,2-44,920,nL, ,H2O,0,2.889927e+01,1.388879e-03,5.068061e+16,7.744748e+13,6.612653e-04,4.689482e-07,1.971001e-03,3.565674e-07,3.306327e-04,2.344741e-07,1.971001e-03,3.565674e-07,1.122580e+03,0.000000e+00,-1.706540e+01,0.000000e+00
L-026765,2,-1,2023/08/31 16:59:11,1498,BlaJ-0162_D16_treatment_tech2,230807-T2-44,2-44,920,nL, ,H2O,0,2.890696e+01,1.582178e-03,5.178836e+16,1.049997e+14,6.253167e-04,4.162912e-07,1.971188e-03,5.141507e-07,3.126583e-04,2.081456e-07,1.971188e-03,5.141507e-07,1.007189e+03,0.000000e+00,-1.697202e+01,0.000000e+00
L-026765,3,0,2023/08/31 17:01:12,1499,BlaJ-0162_D16_treatment_tech2,230807-T2-44,2-44,920,nL, ,H2O,0,2.891092e+01,1.483972e-03,5.217219e+16,1.181905e+14,6.088426e-04,3.902240e-07,1.971541e-03,4.601748e-07,3.044213e-04,1.951120e-07,1.971541e-03,4.601748e-07,9.543093e+02,0.000000e+00,-1.679622e+01,0.000000e+00
L-026765,4,0,2023/08/31 17:03:13,1500,BlaJ-0162_D16_treatment_tech2,230807-T2-44,2-44,920,nL, ,H2O,0,2.891023e+01,1.521033e-03,5.155605e+16,1.238723e+14,6.002869e-04,2.318789e-07,1.971508e-03,4.177940e-07,3.001434e-04,1.159395e-07,1.971508e-03,4.177940e-07,9.268464e+02,0.000000e+00,-1.681283e+01,0.000000e+00
L-026765,5,0,2023/08/31 17:05:14,1501,BlaJ-0162_D16_treatment_tech2,230807-T2-44,2-44,920,nL, ,H2O,0,2.891107e+01,1.406334e-03,4.791735e+16,1.025129e+15,5.882021e-04,1.009514e-06,1.968538e-03,4.337048e-07,2.941011e-04,5.047569e-07,1.968538e-03,4.337048e-07,8.880559e+02,0.000000e+00,-1.829361e+01,0.000000e+00
L-026765,6,0,2023/08/31 17:07:15,1502,BlaJ-0162_D16_treatment_tech2,230807-T2-44,2-44,920,nL, ,H2O,0,2.891651e+01,1.622003e-03,5.170614e+16,1.293225e+14,5.949330e-04,2.183497e-07,1.971700e-03,4.991392e-07,2.974665e-04,1.091749e-07,1.971700e-03,4.991392e-07,9.096611e+02,0.000000e+00,-1.671705e+01,0.000000e+00
L-026765,7,0,2023/08/31 17:09:16,1503,BlaJ-0162_D16_treatment_tech2,230807-T2-44,2-44,920,nL, ,H2O,0,2.892292e+01,1.463948e-03,5.187325e+16,1.201471e+14,5.942359e-04,2.963389e-07,1.971884e-03,2.695780e-07,2.971180e-04,1.481695e-07,1.971884e-03,2.695780e-07,9.074236e+02,0.000000e+00,-1.662517e+01,0.000000e+00
L-026765,8,0,2023/08/31 17:11:17,1504,BlaJ-0162_D16_treatment_tech2,230807-T2-44,2-44,920,nL, ,H2O,0,2.892783e+01,1.420780e-03,5.200492e+16,1.103024e+14,5.934923e-04,2.898000e-07,1.971907e-03,4.683352e-07,2.967461e-04,1.449000e-07,1.971907e-03,4.683352e-07,9.050365e+02,0.000000e+00,-1.661367e+01,0.000000e+00
L-026766,1,-1,2023/08/31 17:13:18,1505,BlaJ-0174_D16_treatment_tech1,230807-T3-13,3-13,920,nL, ,H2O,0,2.892935e+01,1.523062e-03,5.166204e+16,9.229278e+13,6.081775e-04,2.453866e-07,1.971212e-03,4.496435e-07,3.040887e-04,1.226933e-07,1.971212e-03,4.496435e-07,9.521742e+02,0.000000e+00,-1.696013e+01,0.000000e+00
L-026766,2,-1,2023/08/31 17:15:19,1506,BlaJ-0174_D16_treatment_tech1,230807-T3-13,3-13,920,nL, ,H2O,0,2.893549e+01,1.665057e-03,5.103241e+16,1.005277e+14,6.146917e-04,2.058115e-07,1.971166e-03,3.204453e-07,3.073459e-04,1.029058e-07,1.971166e-03,3.204453e-07,9.730842e+02,0.000000e+00,-1.698343e+01,0.000000e+00
L-026766,3,0,2023/08/31 17:17:20,1507,BlaJ-0174_D16_treatment_tech1,230807-T3-13,3-13,920,nL, ,H2O,0,2.894008e+01,1.518296e-03,5.047352e+16,1.132095e+14,6.186182e-04,2.071907e-07,1.971832e-03,3.912843e-07,3.093091e-04,1.035954e-07,1.971832e-03,3.912843e-07,9.856878e+02,0.000000e+00,-1.665096e+01,0.000000e+00
L-026766,4,0,2023/08/31 17:19:21,1508,BlaJ-0174_D16_treatment_tech1,230807-T3-13,3-13,920,nL, ,H2O,0,2.893862e+01,1.243171e-03,5.211834e+16,9.416466e+13,6.192688e-04,2.330828e-07,1.971812e-03,2.804232e-07,3.096344e-04,1.165414e-07,1.971812e-03,2.804232e-07,9.877761e+02,0.000000e+00,-1.666118e+01,0.000000e+00
L-026766,5,0,2023/08/31 17:21:22,1509,BlaJ-0174_D16_treatment_tech1,230807-T3-13,3-13,920,nL, ,H2O,0,2.893236e+01,1.387066e-03,5.250811e+16,9.678409e+13,6.203397e-04,2.442842e-07,1.972009e-03,4.158377e-07,3.101699e-04,1.221421e-07,1.972009e-03,4.158377e-07,9.912136e+02,0.000000e+00,-1.656305e+01,0.000000e+00
L-026766,6,0,2023/08/31 17:23:23,1510,BlaJ-0174_D16_treatment_tech1,230807-T3-13,3-13,920,nL, ,H2O,0,2.893244e+01,1.435158e-03,5.242530e+16,9.908170e+13,6.205993e-04,2.375942e-07,1.972043e-03,5.470432e-07,3.102997e-04,1.187971e-07,1.972043e-03,5.470432e-07,9.920469e+02,0.000000e+00,-1.654576e+01,0.000000e+00
L-026766,7,0,2023/08/31 17:25:24,1511,BlaJ-0174_D16_treatment_tech1,230807-T3-13,3-13,920,nL, ,H2O,0,2.893788e+01,1.407255e-03,5.249294e+16,1.145637e+14,6.209629e-04,1.537750e-07,1.971972e-03,3.612909e-07,3.104815e-04,7.688748e-08,1.971972e-03,3.612909e-07,9.932140e+02,0.000000e+00,-1.658130e+01,0.000000e+00
L-026766,8,0,2023/08/31 17:27:25,1512,BlaJ-0174_D16_treatment_tech1,230807-T3-13,3-13,920,nL, ,H2O,0,2.894462e+01,1.204073e-03,5.266036e+16,1.096071e+14,6.211658e-04,1.790991e-07,1.972040e-03,4.075310e-07,3.105829e-04,8.954957e-08,1.972040e-03,4.075310e-07,9.938651e+02,0.000000e+00,-1.654743e+01,0.000000e+00
L-026767,1,-1,2023/08/31 17:29:26,1513,Curve_1_std_4,230807-T4-37,4-37,920,nL, ,H2O,0,2.894570e+01,1.287951e-03,5.183376e+16,1.119323e+14,5.157467e-04,6.051321e-07,1.971285e-03,3.578073e-07,2.578734e-04,3.025661e-07,1.971285e-03,3.578073e-07,6.554830e+02,0.000000e+00,-1.692380e+01,0.000000e+00
L-026767,2,-1,2023/08/31 17:31:27,1514,Curve_1_std_4,230807-T4-37,4-37,920,nL, ,H2O,0,2.894496e+01,1.563590e-03,5.251678e+16,1.004006e+14,4.719455e-04,4.447027e-07,1.971181e-03,4.328222e-07,2.359728e-04,2.223513e-07,1.971181e-03,4.328222e-07,5.148866e+02,0.000000e+00,-1.697574e+01,0.000000e+00
L-026767,3,0,2023/08/31 17:33:28,1515,Curve_1_std_4,230807-T4-37,4-37,920,nL, ,H2O,0,2.895000e+01,1.734826e-03,5.247192e+16,8.534044e+13,4.519216e-04,4.023806e-07,1.970960e-03,4.495155e-07,2.259608e-04,2.011903e-07,1.970960e-03,4.495155e-07,4.506124e+02,0.000000e+00,-1.708599e+01,0.000000e+00
L-026767,4,0,2023/08/31 17:35:29,1516,Curve_1_std_4,230807-T4-37,4-37,920,nL, ,H2O,0,2.895950e+01,1.747903e-03,5.261339e+16,1.180233e+14,4.420267e-04,3.128959e-07,1.970891e-03,4.654713e-07,2.210133e-04,1.564479e-07,1.970891e-03,4.654713e-07,4.188508e+02,0.000000e+00,-1.712017e+01,0.000000e+00
L-026767,5,0,2023/08/31 17:37:30,1517,Curve_1_std_4,230807-T4-37,4-37,920,nL, ,H2O,0,2.897054e+01,1.724780e-03,5.240193e+16,1.032905e+14,4.365682e-04,3.289140e-07,1.970628e-03,4.581586e-07,2.182841e-04,1.644570e-07,1.970628e-03,4.581586e-07,4.013297e+02,0.000000e+00,-1.725135e+01,0.000000e+00
L-026767,6,0,2023/08/31 17:39:31,1518,Curve_1_std_4,230807-T4-37,4-37,920,nL, ,H2O,0,2.897273e+01,1.446089e-03,5.150356e+16,8.666762e+13,4.338836e-04,2.747025e-07,1.971076e-03,3.392884e-07,2.169418e-04,1.373512e-07,1.971076e-03,3.392884e-07,3.927125e+02,0.000000e+00,-1.702792e+01,0.000000e+00
L-026767,7,0,2023/08/31 17:41:32,1519,Curve_1_std_4,230807-T4-37,4-37,920,nL, ,H2O,0,2.897222e+01,1.357046e-03,5.127490e+16,1.032071e+14,4.320286e-04,2.507712e-07,1.970905e-03,4.089481e-07,2.160143e-04,1.253856e-07,1.970905e-03,4.089481e-07,3.867583e+02,0.000000e+00,-1.711332e+01,0.000000e+00
L-026767,8,0,2023/08/31 17:43:33,1520,Curve_1_std_4,230807-T4-37,4-37,920,nL, ,H2O,0,2.896789e+01,1.413689e-03,5.139751e+16,1.276064e+14,4.307159e-04,2.331655e-07,1.971063e-03,4.369551e-07,2.153580e-04,1.165828e-07,1.971063e-03,4.369551e-07,3.825447e+02,0.000000e+00,-1.703459e+01,0.000000e+00
L-026768,1,-1,2023/08/31 17:45:34,1521,YM_2/3_D16_E4-1_tech1,230807-T2-1,2-1,920,nL, ,H2O,0,2.896987e+01,1.383504e-03,5.238553e+16,1.007480e+14,6.102967e-04,8.685845e-07,1.970940e-03,4.026774e-07,3.051483e-04,4.342922e-07,1.970940e-03,4.026774e-07,9.589767e+02,0.000000e+00,-1.709586e+01,0.000000e+00
L-026768,2,-1,2023/08/31 17:47:35,1522,YM_2/3_D16_E4-1_tech1,230807-T2-1,2-1,920,nL, ,H2O,0,2.897688e+01,1.347230e-03,5.230815e+16,8.976318e+13,6.839690e-04,7.609856e-07,1.970773e-03,4.312053e-07,3.419845e-04,3.804928e-07,1.970773e-03,4.312053e-07,1.195456e+03,0.000000e+00,-1.717936e+01,0.000000e+00
L-026768,3,0,2023/08/31 17:49:36,1523,YM_2/3_D16_E4-1_tech1,230807-T2-1,2-1,920,nL, ,H2O,0,2.898516e+01,1.777095e-03,5.099298e+16,1.144539e+14,7.155449e-04,6.146691e-07,1.970938e-03,3.114584e-07,3.577725e-04,3.073346e-07,1.970938e-03,3.114584e-07,1.296810e+03,0.000000e+00,-1.709696e+01,0.000000e+00
L-026768,4,0,2023/08/31 17:51:37,1524,YM_2/3_D16_E4-1_tech1,230807-T2-1,2-1,920,nL, ,H2O,0,2.898711e+01,1.378367e-03,5.140131e+16,1.221167e+14,7.301928e-04,4.380200e-07,1.970981e-03,4.201209e-07,3.650964e-04,2.190100e-07,1.970981e-03,4.201209e-07,1.343828e+03,0.000000e+00,-1.707571e+01,0.000000e+00
L-026768,5,0,2023/08/31 17:53:38,1525,YM_2/3_D16_E4-1_tech1,230807-T2-1,2-1,920,nL, ,H2O,0,2.898454e+01,1.269579e-03,5.073289e+16,8.795209e+13,7.371119e-04,4.425719e-07,1.970498e-03,4.009902e-07,3.685560e-04,2.212859e-07,1.970498e-03,4.009902e-07,1.366038e+03,0.000000e+00,-1.731645e+01,0.000000e+00
L-026768,6,0,2023/08/31 17:55:39,1526,YM_2/3_D16_E4-1_tech1,230807-T2-1,2-1,920,nL, ,H2O,0,2.898314e+01,1.432779e-03,5.091326e+16,1.039499e+14,7.419064e-04,3.271984e-07,1.970988e-03,3.956651e-07,3.709532e-04,1.635992e-07,1.970988e-03,3.956651e-07,1.381428e+03,0.000000e+00,-1.707214e+01,0.000000e+00
L-026768,7,0,2023/08/31 17:57:40,1527,YM_2/3_D16_E4-1_tech1,230807-T2-1,2-1,920,nL, ,H2O,0,2.898986e+01,1.456126e-03,5.046227e+16,8.830548e+13,7.443072e-04,3.510352e-07,1.971198e-03,4.547753e-07,3.721536e-04,1.755176e-07,1.971198e-03,4.547753e-07,1.389134e+03,0.000000e+00,-1.696709e+01,0.000000e+00
L-026768,8,0,2023/08/31 17:59:41,1528,YM_2/3_D16_E4-1_tech1,230807-T2-1,2-1,920,nL, ,H2O,0,2.899742e+01,1.659719e-03,5.004761e+16,1.257401e+14,7.455458e-04,3.130575e-07,1.970863e-03,4.373076e-07,3.727729e-04,1.565287e-07,1.970863e-03,4.373076e-07,1.393110e+03,0.000000e+00,-1.713439e+01,0.000000e+00
L-026769,1,-1,2023/08/31 18:01:42,1529,BlaJ-0179_D2_saline_tech3,230807-T2-48,2-48,920,nL, ,H2O,0,2.899812e+01,1.513989e-03,5.001795e+16,1.093594e+14,6.442326e-04,4.070182e-07,1.973524e-03,4.206943e-07,3.221163e-04,2.035091e-07,1.973524e-03,4.206943e-07,1.067907e+03,0.000000e+00,-1.580720e+01,0.000000e+00
L-026769,2,-1,2023/08/31 18:03:43,1530,BlaJ-0179_D2_saline_tech3,230807-T2-48,2-48,920,nL, ,H2O,0,2.899443e+01,1.448040e-03,5.105410e+16,1.063164e+14,6.040704e-04,4.165104e-07,1.974904e-03,4.665350e-07,3.020352e-04,2.082552e-07,1.974904e-03,4.665350e-07,9.389909e+02,0.000000e+00,-1.511933e+01,0.000000e+00
L-026769,3,0,2023/08/31 18:05:44,1531,BlaJ-0179_D2_saline_tech3,230807-T2-48,2-48,920,nL, ,H2O,0,2.899512e+01,1.577382e-03,5.091586e+16,8.173061e+13,5.866944e-04,3.877720e-07,1.974967e-03,3.185424e-07,2.933472e-04,1.938860e-07,1.974967e-03,3.185424e-07,8.832164e+02,0.000000e+00,-1.508780e+01,0.000000e+00
L-026769,4,0,2023/08/31 18:07:45,1532,BlaJ-0179_D2_saline_tech3,230807-T2-48,2-48,920,nL, ,H2O,0,2.900202e+01,1.321811e-03,5.078808e+16,8.499716e+13,5.782502e-04,2.815919e-07,1.975062e-03,5.751379e-07,2.891251e-04,1.407959e-07,1.975062e-03,5.751379e-07,8.561115e+02,0.000000e+00,-1.504011e+01,0.000000e+00
L-026769,5,0,2023/08/31 18:09:46,1533,BlaJ-0179_D2_saline_tech3,230807-T2-48,2-48,920,nL, ,H2O,0,2.900316e+01,1.291234e-03,5.081090e+16,9.653324e+13,5.739259e-04,2.075034e-07,1.975268e-03,4.387228e-07,2.869630e-04,1.037517e-07,1.975268e-03,4.387228e-07,8.422311e+02,0.000000e+00,-1.493779e+01,0.000000e+00
L-026769,6,0,2023/08/31 18:11:47,1534,BlaJ-0179_D2_saline_tech3,230807-T2-48,2-48,920,nL, ,H2O,0,2.900418e+01,1.255745e-03,4.999191e+16,1.096522e+14,5.712440e-04,2.402866e-07,1.975127e-03,4.080731e-07,2.856220e-04,1.201433e-07,1.975127e-03,4.080731e-07,8.336224e+02,0.000000e+00,-1.500808e+01,0.000000e+00
L-026769,7,0,2023/08/31 18:13:48,1535,BlaJ-0179_D2_saline_tech3,230807-T2-48,2-48,920,nL, ,H2O,0,2.900972e+01,1.505522e-03,5.028955e+16,1.127726e+14,5.707311e-04,1.939327e-07,1.975501e-03,4.572046e-07,2.853655e-04,9.696635e-08,1.975501e-03,4.572046e-07,8.319759e+02,0.000000e+00,-1.482118e+01,0.000000e+00
L-026769,8,0,2023/08/31 18:15:49,1536,BlaJ-0179_D2_saline_tech3,230807-T2-48,2-48,920,nL, ,H2O,0,2.901793e+01,1.604924e-03,5.068787e+16,1.427257e+14,5.670030e-04,4.179014e-07,1.974247e-03,4.711756e-07,2.835015e-04,2.089507e-07,1.974247e-03,4.711756e-07,8.200094e+02,0.000000e+00,-1.544675e+01,0.000000e+00
L-026770,1,-1,2023/08/31 18:17:50,1537,BlaJ-0167_D4_saline_tech3,230807-T3-45,3-45,920,nL, ,H2O,0,2.902023e+01,1.107654e-03,5.114141e+16,1.111130e+14,5.605909e-04,3.201938e-07,1.974108e-03,3.756026e-07,2.802955e-04,1.600969e-07,1.974108e-03,3.756026e-07,7.994274e+02,0.000000e+00,-1.551598e+01,0.000000e+00
L-026770,2,-1,2023/08/31 18:19:51,1538,BlaJ-0167_D4_saline_tech3,230807-T3-45,3-45,920,nL, ,H2O,0,2.902251e+01,1.425257e-03,5.228389e+16,9.300894e+13,5.555576e-04,2.158697e-07,1.973335e-03,4.435285e-07,2.777788e-04,1.079348e-07,1.973335e-03,4.435285e-07,7.832711e+02,0.000000e+00,-1.590161e+01,0.000000e+00
L-026770,3,0,2023/08/31 18:21:52,1539,BlaJ-0167_D4_saline_tech3,230807-T3-45,3-45,920,nL, ,H2O,0,2.902457e+01,1.593348e-03,5.169717e+16,8.984961e+13,5.528898e-04,2.052770e-07,1.972661e-03,5.448419e-07,2.764449e-04,1.026385e-07,1.972661e-03,5.448419e-07,7.747078e+02,0.000000e+00,-1.623757e+01,0.000000e+00
L-026770,4,0,2023/08/31 18:23:53,1540,BlaJ-0167_D4_saline_tech3,230807-T3-45,3-45,920,nL, ,H2O,0,2.902769e+01,1.407973e-03,5.175189e+16,8.597874e+13,5.524498e-04,2.332722e-07,1.972773e-03,3.688983e-07,2.762249e-04,1.166361e-07,1.972773e-03,3.688983e-07,7.732953e+02,0.000000e+00,-1.618158e+01,0.000000e+00
L-026770,5,0,2023/08/31 18:25:54,1541,BlaJ-0167_D4_saline_tech3,230807-T3-45,3-45,920,nL, ,H2O,0,2.902962e+01,1.365858e-03,5.236355e+16,1.066399e+14,5.514502e-04,2.880585e-07,1.972688e-03,4.048783e-07,2.757251e-04,1.440292e-07,1.972688e-03,4.048783e-07,7.700866e+02,0.000000e+00,-1.622412e+01,0.000000e+00
L-026770,6,0,2023/08/31 18:27:55,1542,BlaJ-0167_D4_saline_tech3,230807-T3-45,3-45,920,nL, ,H2O,0,2.902783e+01,1.363706e-03,5.146895e+16,8.874329e+13,5.492007e-04,2.451924e-07,1.971942e-03,2.774735e-07,2.746003e-04,1.225962e-07,1.971942e-03,2.774735e-07,7.628660e+02,0.000000e+00,-1.659627e+01,0.000000e+00
L-026770,7,0,2023/08/31 18:29:56,1543,BlaJ-0167_D4_saline_tech3,230807-T3-45,3-45,920,nL, ,H2O,0,2.902944e+01,1.207651e-03,5.221333e+16,1.071723e+14,5.516957e-04,2.080414e-07,1.973223e-03,3.939108e-07,2.758478e-04,1.040207e-07,1.973223e-03,3.939108e-07,7.708747e+02,0.000000e+00,-1.595761e+01,0.000000e+00
L-026770,8,0,2023/08/31 18:31:57,1544,BlaJ-0167_D4_saline_tech3,230807-T3-45,3-45,920,nL, ,H2O,0,2.903559e+01,1.586347e-03,5.154845e+16,8.591783e+13,5.513017e-04,2.176323e-07,1.972875e-03,4.973782e-07,2.756508e-04,1.088161e-07,1.972875e-03,4.973782e-07,7.696100e+02,0.000000e+00,-1.613075e+01,0.000000e+00
L-026771,1,-1,2023/08/31 18:33:58,1545,Curve_3_std_6,230807-T4-53,4-53,920,nL, ,H2O,0,2.903977e+01,1.423301e-03,5.210201e+16,7.777581e+13,6.428345e-04,5.454546e-07,1.971947e-03,3.833562e-07,3.214172e-04,2.727273e-07,1.971947e-03,3.833562e-07,1.063419e+03,0.000000e+00,-1.659377e+01,0.000000e+00
L-026771,2,-1,2023/08/31 18:35:59,1546,Curve_3_std_6,230807-T4-53,4-53,920,nL, ,H2O,0,2.904054e+01,1.496012e-03,5.174212e+16,1.133577e+14,6.847712e-04,4.862889e-07,1.972435e-03,3.971599e-07,3.423856e-04,2.431444e-07,1.972435e-03,3.971599e-07,1.198031e+03,0.000000e+00,-1.635047e+01,0.000000e+00
L-026771,3,0,2023/08/31 18:38:00,1547,Curve_3_std_6,230807-T4-53,4-53,920,nL, ,H2O,0,2.903692e+01,1.425472e-03,5.224840e+16,8.017290e+13,7.026101e-04,3.943780e-07,1.972627e-03,3.523371e-07,3.513050e-04,1.971890e-07,1.972627e-03,3.523371e-07,1.255291e+03,0.000000e+00,-1.625454e+01,0.000000e+00
L-026771,4,0,2023/08/31 18:40:01,1548,Curve_3_std_6,230807-T4-53,4-53,920,nL, ,H2O,0,2.903559e+01,1.378308e-03,4.677001e+16,1.024182e+15,7.000728e-04,6.803717e-07,1.969740e-03,4.094311e-07,3.500364e-04,3.401859e-07,1.969740e-03,4.094311e-07,1.247147e+03,0.000000e+00,-1.769419e+01,0.000000e+00
L-026771,5,0,2023/08/31 18:42:02,1549,Curve_3_std_6,230807-T4-53,4-53,920,nL, ,H2O,0,2.903811e+01,1.531291e-03,5.268630e+16,1.196325e+14,7.183085e-04,2.970587e-07,1.973279e-03,4.429747e-07,3.591543e-04,1.485294e-07,1.973279e-03,4.429747e-07,1.305681e+03,0.000000e+00,-1.592924e+01,0.000000e+00
L-026771,6,0,2023/08/31 18:44:03,1550,Curve_3_std_6,230807-T4-53,4-53,920,nL, ,H2O,0,2.903955e+01,1.184992e-03,5.195430e+16,1.107553e+14,7.196819e-04,2.845682e-07,1.972961e-03,3.427458e-07,3.598410e-04,1.422841e-07,1.972961e-03,3.427458e-07,1.310090e+03,0.000000e+00,-1.608806e+01,0.000000e+00
L-026771,7,0,2023/08/31 18:46:04,1551,Curve_3_std_6,230807-T4-53,4-53,920,nL, ,H2O,0,2.903398e+01,1.251867e-03,5.233479e+16,1.117875e+14,7.190276e-04,2.684227e-07,1.972508e-03,4.050025e-07,3.595138e-04,1.342114e-07,1.972508e-03,4.050025e-07,1.307989e+03,0.000000e+00,-1.631394e+01,0.000000e+00
L-026771,8,0,2023/08/31 18:48:05,1552,Curve_3_std_6,230807-T4-53,4-53,920,nL, ,H2O,0,2.903388e+01,1.423494e-03,5.195906e+16,1.151293e+14,7.206682e-04,1.964638e-07,1.972729e-03,4.514789e-07,3.603341e-04,9.823189e-08,1.972729e-03,4.514789e-07,1.313256e+03,0.000000e+00,-1.620378e+01,0.000000e+00
L-026772,1,-1,2023/08/31 18:50:06,1553,Curve_2_std_1,230807-T4-41,4-41,920,nL, ,H2O,0,2.903851e+01,1.350510e-03,5.287798e+16,1.022344e+14,4.830949e-04,1.125318e-06,1.972754e-03,4.356846e-07,2.415475e-04,5.626590e-07,1.972754e-03,4.356846e-07,5.506748e+02,0.000000e+00,-1.619131e+01,0.000000e+00
L-026772,2,-1,2023/08/31 18:52:07,1554,Curve_2_std_1,230807-T4-41,4-41,920,nL, ,H2O,0,2.904475e+01,1.720202e-03,5.162887e+16,4.394206e+14,3.799773e-04,8.012569e-07,1.971191e-03,4.629730e-07,1.899886e-04,4.006284e-07,1.971191e-03,4.629730e-07,2.196799e+02,0.000000e+00,-1.697058e+01,0.000000e+00
L-026772,3,0,2023/08/31 18:54:08,1555,Curve_2_std_1,230807-T4-41,4-41,920,nL, ,H2O,0,2.904661e+01,1.541474e-03,5.281870e+16,8.313687e+13,3.337894e-04,8.350885e-07,1.973037e-03,3.336838e-07,1.668947e-04,4.175443e-07,1.973037e-03,3.336838e-07,7.142245e+01,0.000000e+00,-1.605002e+01,0.000000e+00
L-026772,4,0,2023/08/31 18:56:09,1556,Curve_2_std_1,230807-T4-41,4-41,920,nL, ,H2O,0,2.904857e+01,1.207238e-03,5.234922e+16,9.353427e+13,3.110395e-04,6.273896e-07,1.972858e-03,4.366921e-07,1.555198e-04,3.136948e-07,1.972858e-03,4.366921e-07,-1.601685e+00,0.000000e+00,-1.613926e+01,0.000000e+00
L-026772,5,0,2023/08/31 18:58:10,1557,Curve_2_std_1,230807-T4-41,4-41,920,nL, ,H2O,0,2.904676e+01,1.491492e-03,5.235554e+16,1.071662e+14,2.997329e-04,4.994334e-07,1.972903e-03,4.351456e-07,1.498664e-04,2.497167e-07,1.972903e-03,4.351456e-07,-3.789469e+01,0.000000e+00,-1.611720e+01,0.000000e+00
L-026772,6,0,2023/08/31 19:00:11,1558,Curve_2_std_1,230807-T4-41,4-41,920,nL, ,H2O,0,2.904733e+01,1.425094e-03,5.278075e+16,1.113756e+14,2.933468e-04,4.036432e-07,1.972974e-03,3.513618e-07,1.466734e-04,2.018216e-07,1.972974e-03,3.513618e-07,-5.839330e+01,0.000000e+00,-1.608140e+01,0.000000e+00
L-026772,7,0,2023/08/31 19:02:12,1559,Curve_2_std_1,230807-T4-41,4-41,920,nL, ,H2O,0,2.905194e+01,1.692859e-03,5.199746e+16,1.008987e+14,2.894885e-04,3.844665e-07,1.972915e-03,4.486802e-07,1.447443e-04,1.922332e-07,1.972915e-03,4.486802e-07,-7.077767e+01,0.000000e+00,-1.611111e+01,0.000000e+00
L-026772,8,0,2023/08/31 19:04:13,1560,Curve_2_std_1,230807-T4-41,4-41,920,nL, ,H2O,0,2.905732e+01,1.589051e-03,4.521884e+16,1.149634e+15,2.838548e-04,4.214035e-07,1.970075e-03,3.569310e-07,1.419274e-04,2.107018e-07,1.970075e-03,3.569310e-07,-8.886136e+01,0.000000e+00,-1.752715e+01,0.000000e+00
L-026773,1,-1,2023/08/31 19:06:14,1561,Curve_2_std_5,230807-T4-45,4-45,920,nL, ,H2O,0,2.905685e+01,1.188278e-03,5.187834e+16,1.341095e+14,4.448459e-04,6.317787e-07,1.973990e-03,4.737653e-07,2.224229e-04,3.158893e-07,1.973990e-03,4.737653e-07,4.279002e+02,0.000000e+00,-1.557508e+01,0.000000e+00
L-026773,2,-1,2023/08/31 19:08:15,1562,Curve_2_std_5,230807-T4-45,4-45,920,nL, ,H2O,0,2.905422e+01,1.386348e-03,5.153957e+16,1.222140e+14,5.107319e-04,4.949761e-07,1.973185e-03,4.259502e-07,2.553659e-04,2.474881e-07,1.973185e-03,4.259502e-07,6.393859e+02,0.000000e+00,-1.597615e+01,0.000000e+00
L-026773,3,0,2023/08/31 19:10:16,1563,Curve_2_std_5,230807-T4-45,4-45,920,nL, ,H2O,0,2.906010e+01,1.592969e-03,5.274800e+16,1.084915e+14,5.388039e-04,3.526077e-07,1.972864e-03,5.226179e-07,2.694020e-04,1.763039e-07,1.972864e-03,5.226179e-07,7.294937e+02,0.000000e+00,-1.613665e+01,0.000000e+00
L-026773,4,0,2023/08/31 19:12:17,1564,Curve_2_std_5,230807-T4-45,4-45,920,nL, ,H2O,0,2.905968e+01,1.421257e-03,5.299229e+16,1.086552e+14,5.533933e-04,3.423012e-07,1.973121e-03,3.647214e-07,2.766966e-04,1.711506e-07,1.973121e-03,3.647214e-07,7.763237e+02,0.000000e+00,-1.600812e+01,0.000000e+00
L-026773,5,0,2023/08/31 19:14:18,1565,Curve_2_std_5,230807-T4-45,4-45,920,nL, ,H2O,0,2.905883e+01,1.533483e-03,5.271564e+16,1.095551e+14,5.605459e-04,3.122755e-07,1.972877e-03,3.630030e-07,2.802730e-04,1.561378e-07,1.972877e-03,3.630030e-07,7.992828e+02,0.000000e+00,-1.613001e+01,0.000000e+00
L-026773,6,0,2023/08/31 19:16:19,1566,Curve_2_std_5,230807-T4-45,4-45,920,nL, ,H2O,0,2.905457e+01,9.189957e-04,5.215226e+16,8.318469e+13,5.641931e-04,2.479542e-07,1.972579e-03,4.523450e-07,2.820966e-04,1.239771e-07,1.972579e-03,4.523450e-07,8.109900e+02,0.000000e+00,-1.627850e+01,0.000000e+00
L-026773,7,0,2023/08/31 19:18:20,1567,Curve_2_std_5,230807-T4-45,4-45,920,nL, ,H2O,0,2.905489e+01,1.519870e-03,5.165727e+16,1.040686e+14,5.662488e-04,2.195373e-07,1.972915e-03,3.374698e-07,2.831244e-04,1.097687e-07,1.972915e-03,3.374698e-07,8.175885e+02,0.000000e+00,-1.611094e+01,0.000000e+00
L-026773,8,0,2023/08/31 19:20:21,1568,Curve_2_std_5,230807-T4-45,4-45,920,nL, ,H2O,0,2.905722e+01,1.566390e-03,5.255812e+16,1.203351e+14,5.675574e-04,1.858232e-07,1.972770e-03,4.618501e-07,2.837787e-04,9.291159e-08,1.972770e-03,4.618501e-07,8.217890e+02,0.000000e+00,-1.618308e+01,0.000000e+00
L-026774,1,-1,2023/08/31 19:22:22,1569,Curve_1_std_2,230807-T4-35,4-35,920,nL, ,H2O,0,2.906089e+01,1.452747e-03,5.274912e+16,8.471564e+13,4.358870e-04,7.141466e-07,1.972807e-03,3.332526e-07,2.179435e-04,3.570733e-07,1.972807e-03,3.332526e-07,3.991433e+02,0.000000e+00,-1.616468e+01,0.000000e+00
L-026774,2,-1,2023/08/31 19:24:22,1570,Curve_1_std_2,230807-T4-35,4-35,920,nL, ,H2O,0,2.906109e+01,1.423835e-03,5.281174e+16,1.071932e+14,3.805230e-04,5.639781e-07,1.973152e-03,3.994840e-07,1.902615e-04,2.819891e-07,1.973152e-03,3.994840e-07,2.214316e+02,0.000000e+00,-1.599280e+01,0.000000e+00
L-026774,3,0,2023/08/31 19:26:23,1571,Curve_1_std_2,230807-T4-35,4-35,920,nL, ,H2O,0,2.906166e+01,1.510986e-03,4.749924e+16,1.120955e+15,3.522533e-04,2.536445e-07,1.969914e-03,4.315779e-07,1.761266e-04,1.268223e-07,1.969914e-03,4.315779e-07,1.306893e+02,0.000000e+00,-1.760776e+01,0.000000e+00
L-026774,4,0,2023/08/31 19:28:24,1572,Curve_1_std_2,230807-T4-35,4-35,920,nL, ,H2O,0,2.906712e+01,1.687773e-03,4.699487e+16,9.437568e+14,3.398952e-04,2.645991e-07,1.971481e-03,4.878847e-07,1.699476e-04,1.322996e-07,1.971481e-03,4.878847e-07,9.102137e+01,0.000000e+00,-1.682626e+01,0.000000e+00
L-026774,5,0,2023/08/31 19:30:25,1573,Curve_1_std_2,230807-T4-35,4-35,920,nL, ,H2O,0,2.907312e+01,1.359835e-03,5.207052e+16,8.578410e+13,3.365781e-04,2.571230e-07,1.974524e-03,4.755023e-07,1.682890e-04,1.285615e-07,1.974524e-03,4.755023e-07,8.037395e+01,0.000000e+00,-1.530848e+01,0.000000e+00
L-026774,6,0,2023/08/31 19:32:26,1574,Curve_1_std_2,230807-T4-35,4-35,920,nL, ,H2O,0,2.907508e+01,1.478249e-03,5.173217e+16,8.757655e+13,3.323463e-04,2.859259e-07,1.973458e-03,4.789852e-07,1.661731e-04,1.429629e-07,1.973458e-03,4.789852e-07,6.679028e+01,0.000000e+00,-1.584010e+01,0.000000e+00
L-026774,7,0,2023/08/31 19:34:27,1575,Curve_1_std_2,230807-T4-35,4-35,920,nL, ,H2O,0,2.907426e+01,1.613899e-03,5.267871e+16,8.116745e+13,3.302889e-04,2.724694e-07,1.973240e-03,4.530194e-07,1.651445e-04,1.362347e-07,1.973240e-03,4.530194e-07,6.018647e+01,0.000000e+00,-1.594917e+01,0.000000e+00
L-026774,8,0,2023/08/31 19:36:28,1576,Curve_1_std_2,230807-T4-35,4-35,920,nL, ,H2O,0,2.907190e+01,1.487388e-03,5.299338e+16,1.043395e+14,3.290889e-04,1.943208e-07,1.973279e-03,4.827307e-07,1.645445e-04,9.716038e-08,1.973279e-03,4.827307e-07,5.633462e+01,0.000000e+00,-1.592968e+01,0.000000e+00
L-026775,1,-1,2023/08/31 19:38:29,1577,Curve_2_std_7,230807-T4-47,4-47,920,nL, ,H2O,0,2.907362e+01,1.611501e-03,5.225248e+16,1.145182e+14,7.017374e-04,1.959604e-06,1.973132e-03,4.946672e-07,3.508687e-04,9.798020e-07,1.973132e-03,4.946672e-07,1.252490e+03,0.000000e+00,-1.600271e+01,0.000000e+00
L-026775,2,-1,2023/08/31 19:40:30,1578,Curve_2_std_7,230807-T4-47,4-47,920,nL, ,H2O,0,2.907756e+01,1.392635e-03,5.270309e+16,1.162929e+14,8.593179e-04,1.597616e-06,1.972778e-03,4.256258e-07,4.296589e-04,7.988082e-07,1.972778e-03,4.256258e-07,1.758304e+03,0.000000e+00,-1.617939e+01,0.000000e+00
L-026775,3,0,2023/08/31 19:42:31,1579,Curve_2_std_7,230807-T4-47,4-47,920,nL, ,H2O,0,2.907555e+01,1.494755e-03,5.282434e+16,1.112132e+14,9.318369e-04,1.186697e-06,1.972720e-03,3.883384e-07,4.659184e-04,5.933485e-07,1.972720e-03,3.883384e-07,1.991081e+03,0.000000e+00,-1.620811e+01,0.000000e+00
L-026775,4,0,2023/08/31 19:44:32,1580,Curve_2_std_7,230807-T4-47,4-47,920,nL, ,H2O,0,2.907193e+01,1.246859e-03,5.202733e+16,7.438979e+13,9.689229e-04,9.319261e-07,1.972839e-03,4.204193e-07,4.844614e-04,4.659630e-07,1.972839e-03,4.204193e-07,2.110122e+03,0.000000e+00,-1.614895e+01,0.000000e+00
L-026775,5,0,2023/08/31 19:46:33,1581,Curve_2_std_7,230807-T4-47,4-47,920,nL, ,H2O,0,2.907153e+01,1.280163e-03,5.132864e+16,2.254330e+14,9.821577e-04,3.769383e-07,1.971966e-03,4.573928e-07,4.910788e-04,1.884692e-07,1.971966e-03,4.573928e-07,2.152604e+03,0.000000e+00,-1.658437e+01,0.000000e+00
L-026775,6,0,2023/08/31 19:48:34,1582,Curve_2_std_7,230807-T4-47,4-47,920,nL, ,H2O,0,2.906992e+01,1.330317e-03,5.244251e+16,9.271001e+13,9.984195e-04,6.232469e-07,1.973224e-03,3.751914e-07,4.992098e-04,3.116234e-07,1.973224e-03,3.751914e-07,2.204803e+03,0.000000e+00,-1.595682e+01,0.000000e+00
L-026775,7,0,2023/08/31 19:50:35,1583,Curve_2_std_7,230807-T4-47,4-47,920,nL, ,H2O,0,2.906826e+01,1.260973e-03,5.270086e+16,9.647373e+13,1.003321e-03,4.987996e-07,1.972806e-03,4.173503e-07,5.016604e-04,2.493998e-07,1.972806e-03,4.173503e-07,2.220535e+03,0.000000e+00,-1.616543e+01,0.000000e+00
L-026775,8,0,2023/08/31 19:52:36,1584,Curve_2_std_7,230807-T4-47,4-47,920,nL, ,H2O,0,2.906387e+01,1.228351e-03,5.185979e+16,8.307389e+13,1.005945e-03,4.778426e-07,1.972807e-03,3.463649e-07,5.029724e-04,2.389213e-07,1.972807e-03,3.463649e-07,2.228958e+03,0.000000e+00,-1.616500e+01,0.000000e+00
L-026776,1,-1,2023/08/31 19:54:37,1585,Curve_1_std_1,230807-T4-34,4-34,920,nL, ,H2O,0,2.906565e+01,1.409907e-03,5.295378e+16,9.536498e+13,6.121649e-04,1.876459e-06,1.972829e-03,3.936821e-07,3.060825e-04,9.382297e-07,1.972829e-03,3.936821e-07,9.649734e+02,0.000000e+00,-1.615406e+01,0.000000e+00
L-026776,2,-1,2023/08/31 19:56:38,1586,Curve_1_std_1,230807-T4-34,4-34,920,nL, ,H2O,0,2.906917e+01,1.476632e-03,5.310750e+16,1.242395e+14,4.429153e-04,1.505157e-06,1.973090e-03,3.308825e-07,2.214576e-04,7.525786e-07,1.973090e-03,3.308825e-07,4.217031e+02,0.000000e+00,-1.602360e+01,0.000000e+00
L-026776,3,0,2023/08/31 19:58:39,1587,Curve_1_std_1,230807-T4-34,4-34,920,nL, ,H2O,0,2.906927e+01,1.450052e-03,5.315298e+16,1.290678e+14,3.668641e-04,1.124510e-06,1.973330e-03,3.750188e-07,1.834321e-04,5.622549e-07,1.973330e-03,3.750188e-07,1.775883e+02,0.000000e+00,-1.590399e+01,0.000000e+00
L-026776,4,0,2023/08/31 20:00:40,1588,Curve_1_std_1,230807-T4-34,4-34,920,nL, ,H2O,0,2.906786e+01,1.612056e-03,5.291395e+16,7.734353e+13,3.298481e-04,7.698730e-07,1.973232e-03,3.579651e-07,1.649240e-04,3.849365e-07,1.973232e-03,3.579651e-07,5.877137e+01,0.000000e+00,-1.595273e+01,0.000000e+00
L-026776,5,0,2023/08/31 20:02:40,1589,Curve_1_std_1,230807-T4-34,4-34,920,nL, ,H2O,0,2.907024e+01,1.401555e-03,5.254975e+16,1.240914e+14,3.103389e-04,7.419378e-07,1.973166e-03,3.912656e-07,1.551694e-04,3.709689e-07,1.973166e-03,3.912656e-07,-3.850755e+00,0.000000e+00,-1.598581e+01,0.000000e+00
L-026776,6,0,2023/08/31 20:04:41,1590,Curve_1_std_1,230807-T4-34,4-34,920,nL, ,H2O,0,2.907565e+01,1.620953e-03,5.278166e+16,1.233726e+14,3.001790e-04,4.659249e-07,1.973132e-03,5.771691e-07,1.500895e-04,2.329625e-07,1.973132e-03,5.771691e-07,-3.646261e+01,0.000000e+00,-1.600265e+01,0.000000e+00
L-026776,7,0,2023/08/31 20:06:42,1591,Curve_1_std_1,230807-T4-34,4-34,920,nL, ,H2O,0,2.907888e+01,1.538701e-03,5.203413e+16,1.117268e+14,2.938350e-04,4.266712e-07,1.973053e-03,3.671417e-07,1.469175e-04,2.133356e-07,1.973053e-03,3.671417e-07,-5.682598e+01,0.000000e+00,-1.604234e+01,0.000000e+00
L-026776,8,0,2023/08/31 20:08:43,1592,Curve_1_std_1,230807-T4-34,4-34,920,nL, ,H2O,0,2.907841e+01,1.284915e-03,5.256556e+16,1.226656e+14,2.900640e-04,4.013024e-07,1.973003e-03,3.555137e-07,1.450320e-04,2.006512e-07,1.973003e-03,3.555137e-07,-6.893064e+01,0.000000e+00,-1.606714e+01,0.000000e+00
L-026777,1,-1,2023/08/31 20:10:44,1593,Curve_3_std_1,230807-T4-48,4-48,920,nL, ,H2O,0,2.907429e+01,1.167762e-03,5.405001e+16,1.079943e+14,2.879510e-04,3.640470e-07,1.973180e-03,4.687152e-07,1.439755e-04,1.820235e-07,1.973180e-03,4.687152e-07,-7.571286e+01,0.000000e+00,-1.597884e+01,0.000000e+00
L-026777,2,-1,2023/08/31 20:12:45,1594,Curve_3_std_1,230807-T4-48,4-48,920,nL, ,H2O,0,2.907295e+01,1.329229e-03,5.316952e+16,1.389757e+14,2.856899e-04,3.226858e-07,1.972581e-03,4.104112e-07,1.428450e-04,1.613429e-07,1.972581e-03,4.104112e-07,-8.297072e+01,0.000000e+00,-1.627762e+01,0.000000e+00
L-026777,3,0,2023/08/31 20:14:46,1595,Curve_3_std_1,230807-T4-48,4-48,920,nL, ,H2O,0,2.907764e+01,1.707784e-03,5.407729e+16,1.149932e+14,2.849318e-04,2.481209e-07,1.973576e-03,4.025320e-07,1.424659e-04,1.240605e-07,1.973576e-03,4.025320e-07,-8.540420e+01,0.000000e+00,-1.578116e+01,0.000000e+00
L-026777,4,0,2023/08/31 20:16:47,1596,Curve_3_std_1,230807-T4-48,4-48,920,nL, ,H2O,0,2.908302e+01,1.537781e-03,5.408352e+16,1.454598e+14,2.839690e-04,2.818693e-07,1.973184e-03,3.655513e-07,1.419845e-04,1.409347e-07,1.973184e-03,3.655513e-07,-8.849481e+01,0.000000e+00,-1.597708e+01,0.000000e+00
L-026777,5,0,2023/08/31 20:18:48,1597,Curve_3_std_1,230807-T4-48,4-48,920,nL, ,H2O,0,2.908104e+01,1.422914e-03,5.381508e+16,1.065041e+14,2.834423e-04,2.642607e-07,1.973566e-03,4.991822e-07,1.417212e-04,1.321303e-07,1.973566e-03,4.991822e-07,-9.018536e+01,0.000000e+00,-1.578634e+01,0.000000e+00
L-026777,6,0,2023/08/31 20:20:49,1598,Curve_3_std_1,230807-T4-48,4-48,920,nL, ,H2O,0,2.907741e+01,1.323199e-03,5.374940e+16,1.182649e+14,2.829126e-04,2.554348e-07,1.973298e-03,5.173558e-07,1.414563e-04,1.277174e-07,1.973298e-03,5.173558e-07,-9.188565e+01,0.000000e+00,-1.591985e+01,0.000000e+00
L-026777,7,0,2023/08/31 20:22:50,1599,Curve_3_std_1,230807-T4-48,4-48,920,nL, ,H2O,0,2.907501e+01,1.168639e-03,5.348770e+16,1.193698e+14,2.825060e-04,2.139142e-07,1.973286e-03,3.057703e-07,1.412530e-04,1.069571e-07,1.973286e-03,3.057703e-07,-9.319067e+01,0.000000e+00,-1.592620e+01,0.000000e+00
L-026777,8,0,2023/08/31 20:24:51,1600,Curve_3_std_1,230807-T4-48,4-48,920,nL, ,H2O,0,2.907952e+01,1.453960e-03,5.295545e+16,8.434320e+13,2.820011e-04,1.920127e-07,1.973239e-03,3.881656e-07,1.410005e-04,9.600635e-08,1.973239e-03,3.881656e-07,-9.481151e+01,0.000000e+00,-1.594964e+01,0.000000e+00
L-026778,1,-1,2023/08/31 20:26:52,1601,Curve_3_std_3,230807-T4-50,4-50,920,nL, ,H2O,0,2.908642e+01,1.551981e-03,4.834785e+16,1.160123e+15,3.143251e-04,9.117506e-07,1.969940e-03,2.865676e-07,1.571626e-04,4.558753e-07,1.969940e-03,2.865676e-07,8.944666e+00,0.000000e+00,-1.759450e+01,0.000000e+00
L-026778,2,-1,2023/08/31 20:28:53,1602,Curve_3_std_3,230807-T4-50,4-50,920,nL, ,H2O,0,2.908707e+01,1.264999e-03,5.439322e+16,9.351457e+13,3.424119e-04,2.471710e-07,1.974473e-03,2.758511e-07,1.712059e-04,1.235855e-07,1.974473e-03,2.758511e-07,9.909965e+01,0.000000e+00,-1.533414e+01,0.000000e+00
L-026778,3,0,2023/08/31 20:30:54,1603,Curve_3_std_3,230807-T4-50,4-50,920,nL, ,H2O,0,2.908416e+01,1.463508e-03,5.418663e+16,7.180044e+13,3.486742e-04,2.358843e-07,1.973627e-03,4.614186e-07,1.743371e-04,1.179422e-07,1.973627e-03,4.614186e-07,1.192009e+02,0.000000e+00,-1.575573e+01,0.000000e+00
L-026778,4,0,2023/08/31 20:32:55,1604,Curve_3_std_3,230807-T4-50,4-50,920,nL, ,H2O,0,2.908635e+01,1.446869e-03,5.435569e+16,8.973536e+13,3.517768e-04,1.600697e-07,1.973458e-03,3.080428e-07,1.758884e-04,8.003487e-08,1.973458e-03,3.080428e-07,1.291599e+02,0.000000e+00,-1.583998e+01,0.000000e+00
L-026778,5,0,2023/08/31 20:34:55,1605,Curve_3_std_3,230807-T4-50,4-50,920,nL, ,H2O,0,2.909603e+01,1.532739e-03,5.404130e+16,9.598523e+13,3.528405e-04,2.320848e-07,1.972841e-03,4.601773e-07,1.764203e-04,1.160424e-07,1.972841e-03,4.601773e-07,1.325743e+02,0.000000e+00,-1.614785e+01,0.000000e+00
L-026778,6,0,2023/08/31 20:36:55,1606,Curve_3_std_3,230807-T4-50,4-50,920,nL, ,H2O,0,2.910254e+01,1.620446e-03,4.881322e+16,1.136393e+15,3.495611e-04,4.797045e-07,1.970362e-03,3.406158e-07,1.747806e-04,2.398522e-07,1.970362e-03,3.406158e-07,1.220478e+02,0.000000e+00,-1.738423e+01,0.000000e+00
L-026778,7,0,2023/08/31 20:38:56,1607,Curve_3_std_3,230807-T4-50,4-50,920,nL, ,H2O,0,2.910508e+01,1.257626e-03,5.441648e+16,9.854742e+13,3.557498e-04,2.517528e-07,1.974015e-03,3.369059e-07,1.778749e-04,1.258764e-07,1.974015e-03,3.369059e-07,1.419126e+02,0.000000e+00,-1.556265e+01,0.000000e+00
L-026778,8,0,2023/08/31 20:40:57,1608,Curve_3_std_3,230807-T4-50,4-50,920,nL, ,H2O,0,2.910127e+01,1.381100e-03,5.425153e+16,9.719189e+13,3.556974e-04,1.227404e-07,1.973478e-03,2.900017e-07,1.778487e-04,6.137020e-08,1.973478e-03,2.900017e-07,1.417445e+02,0.000000e+00,-1.583010e+01,0.000000e+00
L-026779,1,-1,2023/08/31 20:42:58,1609,Curve_2_std_3,230807-T4-43,4-43,920,nL, ,H2O,0,2.909941e+01,1.343313e-03,5.463965e+16,7.418955e+13,3.547518e-04,2.033148e-07,1.972512e-03,3.501875e-07,1.773759e-04,1.016574e-07,1.972512e-03,3.501875e-07,1.387093e+02,0.000000e+00,-1.631214e+01,0.000000e+00
L-026779,2,-1,2023/08/31 20:44:59,1610,Curve_2_std_3,230807-T4-43,4-43,920,nL, ,H2O,0,2.910229e+01,1.552048e-03,5.470811e+16,1.090898e+14,3.561969e-04,2.391394e-07,1.973656e-03,4.535454e-07,1.780985e-04,1.195697e-07,1.973656e-03,4.535454e-07,1.433479e+02,0.000000e+00,-1.574151e+01,0.000000e+00
L-026779,3,0,2023/08/31 20:47:00,1611,Curve_2_std_3,230807-T4-43,4-43,920,nL, ,H2O,0,2.910796e+01,1.469919e-03,5.449339e+16,1.243875e+14,3.563572e-04,2.038043e-07,1.973399e-03,4.386558e-07,1.781786e-04,1.019022e-07,1.973399e-03,4.386558e-07,1.438623e+02,0.000000e+00,-1.586972e+01,0.000000e+00
L-026779,4,0,2023/08/31 20:49:01,1612,Curve_2_std_3,230807-T4-43,4-43,920,nL, ,H2O,0,2.910684e+01,1.404153e-03,5.436528e+16,1.058611e+14,3.563646e-04,2.178288e-07,1.973066e-03,4.321938e-07,1.781823e-04,1.089144e-07,1.973066e-03,4.321938e-07,1.438862e+02,0.000000e+00,-1.603548e+01,0.000000e+00
L-026779,5,0,2023/08/31 20:51:02,1613,Curve_2_std_3,230807-T4-43,4-43,920,nL, ,H2O,0,2.910257e+01,1.331277e-03,5.345490e+16,6.303291e+14,3.545366e-04,5.212186e-07,1.971681e-03,5.850682e-07,1.772683e-04,2.606093e-07,1.971681e-03,5.850682e-07,1.380184e+02,0.000000e+00,-1.672635e+01,0.000000e+00
L-026779,6,0,2023/08/31 20:53:03,1614,Curve_2_std_3,230807-T4-43,4-43,920,nL, ,H2O,0,2.909812e+01,1.434323e-03,5.398493e+16,7.722538e+13,3.568280e-04,1.878513e-07,1.973245e-03,4.436843e-07,1.784140e-04,9.392565e-08,1.973245e-03,4.436843e-07,1.453737e+02,0.000000e+00,-1.594630e+01,0.000000e+00
L-026779,7,0,2023/08/31 20:55:03,1615,Curve_2_std_3,230807-T4-43,4-43,920,nL, ,H2O,0,2.910117e+01,1.639808e-03,5.411765e+16,1.141250e+14,3.563585e-04,1.615571e-07,1.973597e-03,5.124966e-07,1.781792e-04,8.077853e-08,1.973597e-03,5.124966e-07,1.438666e+02,0.000000e+00,-1.577100e+01,0.000000e+00
L-026779,8,0,2023/08/31 20:57:05,1616,Curve_2_std_3,230807-T4-43,4-43,920,nL, ,H2O,0,2.911009e+01,1.603798e-03,5.349273e+16,9.100761e+13,3.561289e-04,2.087785e-07,1.973160e-03,5.286745e-07,1.780644e-04,1.043892e-07,1.973160e-03,5.286745e-07,1.431295e+02,0.000000e+00,-1.598871e+01,0.000000e+00
L-026780,1,-1,2023/08/31 20:59:06,1617,Curve_2_std_6,230807-T4-46,4-46,920,nL, ,H2O,0,2.911628e+01,1.522320e-03,4.631201e+16,1.267561e+15,5.179869e-04,3.625516e-06,1.969592e-03,4.206919e-07,2.589934e-04,1.812758e-06,1.969592e-03,4.206919e-07,6.626736e+02,0.000000e+00,-1.776827e+01,0.000000e+00
L-026780,2,-1,2023/08/31 21:01:07,1618,Curve_2_std_6,230807-T4-46,4-46,920,nL, ,H2O,0,2.911802e+01,1.253245e-03,5.310416e+16,1.327386e+14,6.452766e-04,9.642068e-07,1.974149e-03,3.977066e-07,3.226383e-04,4.821034e-07,1.974149e-03,3.977066e-07,1.071258e+03,0.000000e+00,-1.549560e+01,0.000000e+00
L-026780,3,0,2023/08/31 21:03:08,1619,Curve_2_std_6,230807-T4-46,4-46,920,nL, ,H2O,0,2.911636e+01,1.623456e-03,5.278547e+16,8.859826e+13,6.789081e-04,6.186859e-07,1.973085e-03,3.759867e-07,3.394540e-04,3.093430e-07,1.973085e-03,3.759867e-07,1.179211e+03,0.000000e+00,-1.602644e+01,0.000000e+00
L-026780,4,0,2023/08/31 21:05:09,1620,Curve_2_std_6,230807-T4-46,4-46,920,nL, ,H2O,0,2.911596e+01,1.396790e-03,5.223975e+16,1.459545e+14,6.953804e-04,5.109178e-07,1.972703e-03,4.112768e-07,3.476902e-04,2.554589e-07,1.972703e-03,4.112768e-07,1.232085e+03,0.000000e+00,-1.621652e+01,0.000000e+00
L-026780,5,0,2023/08/31 21:07:10,1621,Curve_2_std_6,230807-T4-46,4-46,920,nL, ,H2O,0,2.911840e+01,1.745536e-03,4.738902e+16,1.118714e+15,6.933475e-04,7.113502e-07,1.970039e-03,3.818852e-07,3.466737e-04,3.556751e-07,1.970039e-03,3.818852e-07,1.225559e+03,0.000000e+00,-1.754517e+01,0.000000e+00
L-026780,6,0,2023/08/31 21:09:11,1622,Curve_2_std_6,230807-T4-46,4-46,920,nL, ,H2O,0,2.912225e+01,1.288880e-03,5.257602e+16,9.376812e+13,7.145052e-04,4.536247e-07,1.973589e-03,2.962715e-07,3.572526e-04,2.268124e-07,1.973589e-03,2.962715e-07,1.293473e+03,0.000000e+00,-1.577483e+01,0.000000e+00
L-026780,7,0,2023/08/31 21:11:12,1623,Curve_2_std_6,230807-T4-46,4-46,920,nL, ,H2O,0,2.912175e+01,1.328550e-03,5.216268e+16,1.218008e+14,7.149754e-04,3.516465e-07,1.972744e-03,4.351243e-07,3.574877e-04,1.758232e-07,1.972744e-03,4.351243e-07,1.294982e+03,0.000000e+00,-1.619646e+01,0.000000e+00
L-026780,8,0,2023/08/31 21:13:13,1624,Curve_2_std_6,230807-T4-46,4-46,920,nL, ,H2O,0,2.911499e+01,1.659804e-03,4.812261e+16,1.057240e+15,7.058156e-04,6.632637e-07,1.969720e-03,3.282020e-07,3.529078e-04,3.316319e-07,1.969720e-03,3.282020e-07,1.265580e+03,0.000000e+00,-1.770437e+01,0.000000e+00
L-026781,1,-1,2023/08/31 21:15:14,1625,Curve_1_std_3,230807-T4-36,4-36,920,nL, ,H2O,0,2.911338e+01,1.677453e-03,5.311854e+16,1.494145e+14,5.241672e-04,9.642969e-07,1.973717e-03,4.328677e-07,2.620836e-04,4.821484e-07,1.973717e-03,4.328677e-07,6.825117e+02,0.000000e+00,-1.571083e+01,0.000000e+00
L-026781,2,-1,2023/08/31 21:17:15,1626,Curve_1_std_3,230807-T4-36,4-36,920,nL, ,H2O,0,2.911827e+01,1.753271e-03,4.930996e+16,8.674859e+14,4.405707e-04,4.024806e-07,1.970819e-03,4.969610e-07,2.202854e-04,2.012403e-07,1.970819e-03,4.969610e-07,4.141774e+02,0.000000e+00,-1.715628e+01,0.000000e+00
L-026781,3,0,2023/08/31 21:19:16,1627,Curve_1_std_3,230807-T4-36,4-36,920,nL, ,H2O,0,2.912402e+01,1.771687e-03,4.675325e+16,1.151856e+15,3.997463e-04,2.134822e-07,1.971027e-03,3.643154e-07,1.998731e-04,1.067411e-07,1.971027e-03,3.643154e-07,2.831360e+02,0.000000e+00,-1.705240e+01,0.000000e+00
L-026781,4,0,2023/08/31 21:21:17,1628,Curve_1_std_3,230807-T4-36,4-36,920,nL, ,H2O,0,2.912262e+01,1.433910e-03,5.367246e+16,9.905249e+13,3.814314e-04,4.302968e-07,1.974631e-03,4.462055e-07,1.907157e-04,2.151484e-07,1.974631e-03,4.462055e-07,2.243476e+02,0.000000e+00,-1.525508e+01,0.000000e+00
L-026781,5,0,2023/08/31 21:23:18,1629,Curve_1_std_3,230807-T4-36,4-36,920,nL, ,H2O,0,2.911681e+01,1.454062e-03,5.311091e+16,1.175649e+14,3.716905e-04,3.763779e-07,1.973500e-03,3.162678e-07,1.858452e-04,1.881889e-07,1.973500e-03,3.162678e-07,1.930804e+02,0.000000e+00,-1.581918e+01,0.000000e+00
L-026781,6,0,2023/08/31 21:25:19,1630,Curve_1_std_3,230807-T4-36,4-36,920,nL, ,H2O,0,2.911656e+01,1.606220e-03,5.292329e+16,1.189741e+14,3.648275e-04,3.324551e-07,1.972263e-03,3.557637e-07,1.824138e-04,1.662276e-07,1.972263e-03,3.557637e-07,1.710511e+02,0.000000e+00,-1.643604e+01,0.000000e+00
L-026781,7,0,2023/08/31 21:27:20,1631,Curve_1_std_3,230807-T4-36,4-36,920,nL, ,H2O,0,2.912277e+01,1.896025e-03,4.976464e+16,8.442300e+14,3.601116e-04,5.080052e-07,1.971283e-03,4.319610e-07,1.800558e-04,2.540026e-07,1.971283e-03,4.319610e-07,1.559135e+02,0.000000e+00,-1.692482e+01,0.000000e+00
L-026781,8,0,2023/08/31 21:29:21,1632,Curve_1_std_3,230807-T4-36,4-36,920,nL, ,H2O,0,2.912974e+01,1.630965e-03,5.229663e+16,7.784243e+13,3.618590e-04,2.430798e-07,1.973989e-03,5.040149e-07,1.809295e-04,1.215399e-07,1.973989e-03,5.040149e-07,1.615225e+02,0.000000e+00,-1.557533e+01,0.000000e+00
L-026782,1,-1,2023/08/31 21:31:22,1633,Curve_1_std_6,230807-T4-39,4-39,920,nL, ,H2O,0,2.913222e+01,1.540925e-03,5.288707e+16,9.993137e+13,5.578841e-04,9.998133e-07,1.972884e-03,3.884690e-07,2.789421e-04,4.999066e-07,1.972884e-03,3.884690e-07,7.907388e+02,0.000000e+00,-1.612648e+01,0.000000e+00
L-026782,2,-1,2023/08/31 21:33:23,1634,Curve_1_std_6,230807-T4-39,4-39,920,nL, ,H2O,0,2.913001e+01,1.314578e-03,5.318493e+16,1.001581e+14,6.431419e-04,8.134371e-07,1.972610e-03,4.073070e-07,3.215709e-04,4.067185e-07,1.972610e-03,4.073070e-07,1.064406e+03,0.000000e+00,-1.626288e+01,0.000000e+00
L-026782,3,0,2023/08/31 21:35:24,1635,Curve_1_std_6,230807-T4-39,4-39,920,nL, ,H2O,0,2.912695e+01,1.202413e-03,5.293464e+16,1.224169e+14,6.824834e-04,6.882791e-07,1.972215e-03,3.727325e-07,3.412417e-04,3.441396e-07,1.972215e-03,3.727325e-07,1.190687e+03,0.000000e+00,-1.646007e+01,0.000000e+00
L-026782,4,0,2023/08/31 21:37:25,1636,Curve_1_std_6,230807-T4-39,4-39,920,nL, ,H2O,0,2.912499e+01,1.524684e-03,5.290224e+16,1.315584e+14,7.006680e-04,4.815235e-07,1.972272e-03,4.698337e-07,3.503340e-04,2.407617e-07,1.972272e-03,4.698337e-07,1.249057e+03,0.000000e+00,-1.643171e+01,0.000000e+00
L-026782,5,0,2023/08/31 21:39:26,1637,Curve_1_std_6,230807-T4-39,4-39,920,nL, ,H2O,0,2.912919e+01,1.471621e-03,5.214611e+16,6.233385e+13,7.110901e-04,3.594179e-07,1.972637e-03,6.182210e-07,3.555451e-04,1.797090e-07,1.972637e-03,6.182210e-07,1.282511e+03,0.000000e+00,-1.624970e+01,0.000000e+00
L-026782,6,0,2023/08/31 21:41:27,1638,Curve_1_std_6,230807-T4-39,4-39,920,nL, ,H2O,0,2.913633e+01,1.621993e-03,5.261568e+16,7.455547e+13,7.167794e-04,3.637880e-07,1.972699e-03,4.183824e-07,3.583897e-04,1.818940e-07,1.972699e-03,4.183824e-07,1.300773e+03,0.000000e+00,-1.621888e+01,0.000000e+00
L-026782,7,0,2023/08/31 21:43:28,1639,Curve_1_std_6,230807-T4-39,4-39,920,nL, ,H2O,0,2.913728e+01,1.530832e-03,4.994641e+16,7.585964e+14,7.119381e-04,7.007081e-07,1.970225e-03,4.097594e-07,3.559690e-04,3.503540e-07,1.970225e-03,4.097594e-07,1.285233e+03,0.000000e+00,-1.745244e+01,0.000000e+00
L-026782,8,0,2023/08/31 21:45:29,1640,Curve_1_std_6,230807-T4-39,4-39,920,nL, ,H2O,0,2.913548e+01,1.501350e-03,5.168721e+16,8.281273e+13,7.240887e-04,2.051635e-07,1.972874e-03,3.642587e-07,3.620444e-04,1.025817e-07,1.972874e-03,3.642587e-07,1.324235e+03,0.000000e+00,-1.613136e+01,0.000000e+00
L-026783,1,-1,2023/08/31 21:47:30,1641,Curve_3_std_7,230807-T4-54,4-54,920,nL, ,H2O,0,2.913431e+01,1.515164e-03,5.135045e+16,1.326228e+15,8.728924e-04,5.968660e-06,1.970970e-03,7.832569e-07,4.364462e-04,2.984330e-06,1.970970e-03,7.832569e-07,1.801876e+03,0.000000e+00,-1.708093e+01,0.000000e+00
L-026783,2,-1,2023/08/31 21:49:31,1642,Curve_3_std_7,230807-T4-54,4-54,920,nL, ,H2O,0,2.914016e+01,1.742463e-03,5.341691e+16,8.461845e+13,9.500945e-04,9.518124e-07,1.973320e-03,3.693390e-07,4.750472e-04,4.759062e-07,1.973320e-03,3.693390e-07,2.049685e+03,0.000000e+00,-1.590909e+01,0.000000e+00
L-026783,3,0,2023/08/31 21:51:32,1643,Curve_3_std_7,230807-T4-54,4-54,920,nL, ,H2O,0,2.914746e+01,1.596527e-03,5.348925e+16,1.444528e+14,9.785606e-04,7.544374e-07,1.973097e-03,3.798661e-07,4.892803e-04,3.772187e-07,1.973097e-03,3.798661e-07,2.141058e+03,0.000000e+00,-1.602025e+01,0.000000e+00
L-026783,4,0,2023/08/31 21:53:33,1644,Curve_3_std_7,230807-T4-54,4-54,920,nL, ,H2O,0,2.915029e+01,1.245435e-03,5.154084e+16,6.558973e+14,9.853654e-04,1.225315e-06,1.971014e-03,6.020470e-07,4.926827e-04,6.126575e-07,1.971014e-03,6.020470e-07,2.162901e+03,0.000000e+00,-1.705925e+01,0.000000e+00
L-026783,5,0,2023/08/31 21:55:34,1645,Curve_3_std_7,230807-T4-54,4-54,920,nL, ,H2O,0,2.915144e+01,1.360990e-03,5.156767e+16,1.388027e+14,9.993554e-04,2.821191e-07,1.972182e-03,4.416747e-07,4.996777e-04,1.410596e-07,1.972182e-03,4.416747e-07,2.207807e+03,0.000000e+00,-1.647632e+01,0.000000e+00
L-026783,6,0,2023/08/31 21:57:35,1646,Curve_3_std_7,230807-T4-54,4-54,920,nL, ,H2O,0,2.914795e+01,1.301116e-03,5.230694e+16,8.318310e+13,1.006982e-03,6.972598e-07,1.972727e-03,5.560678e-07,5.034912e-04,3.486299e-07,1.972727e-03,5.560678e-07,2.232289e+03,0.000000e+00,-1.620471e+01,0.000000e+00
L-026783,7,0,2023/08/31 21:59:36,1647,Curve_3_std_7,230807-T4-54,4-54,920,nL, ,H2O,0,2.914977e+01,1.400777e-03,5.322217e+16,1.034294e+14,1.008141e-03,3.464727e-07,1.972657e-03,5.451256e-07,5.040703e-04,1.732363e-07,1.972657e-03,5.451256e-07,2.236006e+03,0.000000e+00,-1.623990e+01,0.000000e+00
L-026783,8,0,2023/08/31 22:01:37,1648,Curve_3_std_7,230807-T4-54,4-54,920,nL, ,H2O,0,2.914875e+01,1.568861e-03,5.014753e+16,8.423714e+14,9.984054e-04,9.465077e-07,1.970164e-03,5.750541e-07,4.992027e-04,4.732538e-07,1.970164e-03,5.750541e-07,2.204758e+03,0.000000e+00,-1.748288e+01,0.000000e+00
L-026784,1,-1,2023/08/31 22:03:38,1649,Curve_3_std_2,230807-T4-49,4-49,920,nL, ,H2O,0,2.914753e+01,1.333997e-03,5.409815e+16,1.289110e+14,6.407251e-04,1.672768e-06,1.973297e-03,4.510677e-07,3.203625e-04,8.363839e-07,1.973297e-03,4.510677e-07,1.056648e+03,0.000000e+00,-1.592064e+01,0.000000e+00
L-026784,2,-1,2023/08/31 22:05:38,1650,Curve_3_std_2,230807-T4-49,4-49,920,nL, ,H2O,0,2.914820e+01,1.157397e-03,5.358427e+16,8.386932e+13,4.791187e-04,1.600362e-06,1.972415e-03,4.779633e-07,2.395593e-04,8.001811e-07,1.972415e-03,4.779633e-07,5.379116e+02,0.000000e+00,-1.636049e+01,0.000000e+00
L-026784,3,0,2023/08/31 22:07:40,1651,Curve_3_std_2,230807-T4-49,4-49,920,nL, ,H2O,0,2.915251e+01,1.637521e-03,5.061283e+16,8.623643e+14,4.071927e-04,3.630149e-07,1.970908e-03,4.874906e-07,2.035964e-04,1.815074e-07,1.970908e-03,4.874906e-07,3.070381e+02,0.000000e+00,-1.711191e+01,0.000000e+00
L-026784,4,0,2023/08/31 22:09:41,1652,Curve_3_std_2,230807-T4-49,4-49,920,nL, ,H2O,0,2.915473e+01,1.290699e-03,4.804130e+16,1.233043e+15,3.711089e-04,4.176372e-07,1.970173e-03,5.343882e-07,1.855545e-04,2.088186e-07,1.970173e-03,5.343882e-07,1.912136e+02,0.000000e+00,-1.747840e+01,0.000000e+00
L-026784,5,0,2023/08/31 22:11:42,1653,Curve_3_std_2,230807-T4-49,4-49,920,nL, ,H2O,0,2.915251e+01,1.279026e-03,5.373854e+16,1.063195e+14,3.549729e-04,6.431896e-07,1.973851e-03,3.552514e-07,1.774865e-04,3.215948e-07,1.973851e-03,3.552514e-07,1.394191e+02,0.000000e+00,-1.564442e+01,0.000000e+00
L-026784,6,0,2023/08/31 22:13:43,1654,Curve_3_std_2,230807-T4-49,4-49,920,nL, ,H2O,0,2.914989e+01,1.332056e-03,5.384222e+16,1.372251e+14,3.451451e-04,5.509150e-07,1.972869e-03,4.357186e-07,1.725725e-04,2.754575e-07,1.972869e-03,4.357186e-07,1.078728e+02,0.000000e+00,-1.613371e+01,0.000000e+00
L-026784,7,0,2023/08/31 22:15:43,1655,Curve_3_std_2,230807-T4-49,4-49,920,nL, ,H2O,0,2.915211e+01,1.675504e-03,5.426361e+16,1.124122e+14,3.397073e-04,3.905193e-07,1.973333e-03,4.470920e-07,1.698537e-04,1.952597e-07,1.973333e-03,4.470920e-07,9.041844e+01,0.000000e+00,-1.590250e+01,0.000000e+00
L-026784,8,0,2023/08/31 22:17:45,1656,Curve_3_std_2,230807-T4-49,4-49,920,nL, ,H2O,0,2.916001e+01,1.441029e-03,4.928453e+16,1.062018e+15,3.329012e-04,5.325077e-07,1.970292e-03,4.297459e-07,1.664506e-04,2.662538e-07,1.970292e-03,4.297459e-07,6.857169e+01,0.000000e+00,-1.741910e+01,0.000000e+00
